<favourites>
	<favourite name="Movies OnDemand" thumb="http://www.userlogos.org/files/logos/Hiromacu/MoviesOnDemand.png">ActivateWindow(10025,&quot;plugin://plugin.video.ccloudtv/?iconimage=C%3a%5ckodi%5cportable_data%5caddons%5cplugin.video.ccloudtv%5cresources%2ficons%2f%2fondemandmovies.png&amp;mode=59&amp;name=%5bCOLOR%20royalblue%5d%5bB%5dOn%20Demand%20Movies%5b%2fB%5d%5b%2fCOLOR%5d&amp;url=ondemandmovies&amp;sf_options=fanart%3Dspecial%3A%2F%2Fhome%2Faddons%5Cplugin.video.ccloudtv%5Cfanart.jpg%26_options_sf&quot;,return)</favourite>
	<favourite name="SKY Movies" thumb="http://a4.mzstatic.com/eu/r30/Purple69/v4/0c/5e/ce/0c5ecedd-0610-c751-9a04-2d44be098c45/icon175x175.jpeg">ActivateWindow(10025,&quot;plugin://plugin.video.origin2/?action=channels&quot;,return)</favourite>
	<favourite name="TBS Movies" thumb="http://googledrive.com/host/0B-bY5h-uWEgZQVJQZ0lzUTdBeFE/icons/networks/ustvod/tbs.png">ActivateWindow(10025,&quot;plugin://plugin.video.ustvvod/?mode=%22tbs%22&amp;name=%22--TBS%20Movies%22&amp;sitemode=%22episodes%22&amp;url=%22Movie%23http%3a%2f%2fwww.tbs.com%2fmobile%2fipad%2ffeeds%2fmovies.jsp%22&quot;,return)</favourite>
	<favourite name="TNT Movies" thumb="http://googledrive.com/host/0B-bY5h-uWEgZQVJQZ0lzUTdBeFE/icons/networks/ustvod/tnt.png">ActivateWindow(10025,&quot;plugin://plugin.video.ustvvod/?fanart=%22C%3a%5ckodi2%5cportable_data%5caddons%5cplugin.video.ustvvod%5cfanart.jpg%22&amp;mode=%22tnt%22&amp;name=%22--TNT%20Movies%22&amp;sitemode=%22episodes%22&amp;thumb=%22C%3a%5cUsers%5cUser%5cAppData%5cRoaming%5cKodi%5caddons%5cplugin.video.ustvvod%5cresources%5cimages%5ctnt.png%22&amp;url=%22Movie%23http%3a%2f%2fwww.tntdrama.com%2fmobile%2fipad%2ffeeds%2fmovies.jsp%22&amp;sf_options=fanart%3DC%3A%5Ckodi2%5Cportable_data%5Caddons%5Cplugin.video.ustvvod%5Cfanart.jpg%26desc%3DStation%3A+TNT%0A%0A%26_options_sf&quot;,return)</favourite>
	<favourite name="Random Movies" thumb="http://s6.postimg.org/a5093vy5d/1_blank_new.png">ActivateWindow(10025,&quot;plugin://plugin.video.zeus/?description&amp;iconimage=http%3a%2f%2fs6.postimg.org%2fa5093vy5d%2f1_blank_new.png&amp;mode=59&amp;name=%5bCOLOR%20white%5dLUCKY%20DIP%5b%2fCOLOR%5d&amp;url=hd%2bfilms%2b1080p%2benglish&amp;sf_options=fanart%3Dhttp%3A%2F%2Fs6.postimg.org%2Fa5093vy5d%2F1_blank_new.png%26_options_sf&quot;,return)</favourite>
</favourites>