<favourites>
	<favourite name="FOX Sports" thumb="https://yt3.ggpht.com/-lhe59KulWgc/AAAAAAAAAAI/AAAAAAAAAAA/yU4gxEbTiA4/s240-c-k-no/photo.jpg">ActivateWindow(10025,&quot;plugin://plugin.video.youtube/channel/UCwNqHDsnBCKT-olwJwIFyfg/&quot;,return)</favourite>
	  <favourite name="NBC Sports" thumb="https://yt3.ggpht.com/-J6arfAp49fY/AAAAAAAAAAI/AAAAAAAAAAA/D16Ykx0FqfQ/s240-c-k-no/photo.jpg">ActivateWindow(10025,&quot;plugin://plugin.video.youtube/channel/UCqZQlzSHbVJrwrn5XvzrzcA/&quot;,return)</favourite>
	
  
	<favourite name="NFL" thumb="https://yt3.ggpht.com/-zudkglYavTs/AAAAAAAAAAI/AAAAAAAAAAA/Y1YmoFuTz4U/s240-c-k-no/photo.jpg">ActivateWindow(10025,&quot;plugin://plugin.video.youtube/channel/UCDVYQ4Zhbm3S2dlz7P1GBDg/&quot;,return)</favourite>
	<favourite name="MLB" thumb="https://yt3.ggpht.com/-cXAzzpKrBQk/AAAAAAAAAAI/AAAAAAAAAAA/MaprkNIV-MY/s240-c-k-no/photo.jpg">ActivateWindow(10025,&quot;plugin://plugin.video.youtube/channel/UCoLrcjPV5PbUrUyXq5mjc_A/&quot;,return)</favourite>
	<favourite name="NHL" thumb="https://yt3.ggpht.com/-FQVi29epjis/AAAAAAAAAAI/AAAAAAAAAAA/P2CB1cyLKFc/s240-c-k-no/photo.jpg">ActivateWindow(10025,&quot;plugin://plugin.video.youtube/channel/UCqFMzb-4AUf6WAIbl132QKA/&quot;,return)</favourite>
	<favourite name="UFC" thumb="https://yt3.ggpht.com/-QeD1gcM_f7k/AAAAAAAAAAI/AAAAAAAAAAA/RrU6oF2FBU0/s240-c-k-no/photo.jpg">ActivateWindow(10025,&quot;plugin://plugin.video.youtube/channel/UCvgfXK4nTYKudb0rFR6noLA/&quot;,return)</favourite>
	<favourite name="UFC ON FOX" thumb="https://yt3.ggpht.com/-lj8-zSzRk4E/AAAAAAAAAAI/AAAAAAAAAAA/7PEm8PTojB8/s240-c-k-no/photo.jpg">ActivateWindow(10025,&quot;plugin://plugin.video.youtube/channel/UCv_s-FKXBwsq1zy4GCR3Ycw/&quot;,return)</favourite>
	<favourite name="WWE" thumb="https://yt3.ggpht.com/-5PUl_QbabAQ/AAAAAAAAAAI/AAAAAAAAAAA/MbgCFPQeJrQ/s240-c-k-no/photo.jpg">ActivateWindow(10025,&quot;plugin://plugin.video.youtube/channel/UCJ5v_MCY6GNUBTO8-D3XoAg/&quot;,return)</favourite>
	<favourite name="Braille Skateboarding" thumb="https://yt3.ggpht.com/-QkqvzArFkYs/AAAAAAAAAAI/AAAAAAAAAAA/qw97foQDUbQ/s240-c-k-no/photo.jpg">ActivateWindow(10025,&quot;plugin://plugin.video.youtube/channel/UC9PgszLOAWhQC6orYejcJlw/&quot;,return)</favourite>
	<favourite name="GoPro" thumb="https://yt3.ggpht.com/-sp0YiR_yyR0/AAAAAAAAAAI/AAAAAAAAAAA/kXU4u1ny2T4/s240-c-k-no/photo.jpg">ActivateWindow(10025,&quot;plugin://plugin.video.youtube/channel/UCqhnX4jA0A5paNd1v-zEysw/&quot;,return)</favourite>
	<favourite name="World Surf League" thumb="https://yt3.ggpht.com/-L_f9lPc3tI4/AAAAAAAAAAI/AAAAAAAAAAA/qvztrVzug0Y/s240-c-k-no/photo.jpg">ActivateWindow(10025,&quot;plugin://plugin.video.youtube/channel/UChuLeaTGRcfzo0UjL-2qSbQ/&quot;,return)</favourite>
	  <favourite name="ESPN Radio" thumb="https://yt3.ggpht.com/-7FCJ1IaIMlA/AAAAAAAAAAI/AAAAAAAAAAA/qsJmjETw1BA/s240-c-k-no/photo.jpg">ActivateWindow(10025,&quot;plugin://plugin.video.youtube/channel/UCmSuvkUDpkjB_9KXFTSvNMw/&quot;,return)</favourite>
    <favourite name="ESPN FIRST TAKE" thumb="https://yt3.ggpht.com/-kMQAhs9fO6E/AAAAAAAAAAI/AAAAAAAAAAA/Rki4NOPfK5I/s240-c-k-no/photo.jpg">ActivateWindow(10025,&quot;plugin://plugin.video.youtube/channel/UCO0myD2uvUv0DRYbtctRINA/&quot;,return)</favourite>
	
	<favourite name="Sports" thumb="DefaultFolder.png">ActivateWindow(10025,&quot;plugin://plugin.video.youtube/special/browse_channels/?guide_id=GCU3BvcnRz/&quot;,return)</favourite>
</favourites>