<favourites>
	<favourite name="NOVA" thumb="http://image.pbs.org/contentchannels/42/TDVVeeJfPQazqZcojhWkQ.jpg">ActivateWindow(10025,&quot;plugin://plugin.video.thinktv/?mode=GC&amp;name=NOVA&amp;url=nova%7chttp%3a%2f%2fimage.pbs.org%2fcontentchannels%2f42%2fTDVVeeJfPQazqZcojhWkQ.jpg%7chttp%3a%2f%2fimage.pbs.org%2fcontentchannels%2f42%2fTDVVeeJfPQazqZcojhWkQ.jpg&amp;sf_options=fanart%3Dhttp%3A%2F%2Fimage.pbs.org%2Fcontentchannels%2F42%2FTDVVeeJfPQazqZcojhWkQ.jpg%26desc%3DNOVA+brings+you+stories+from+the+frontlines+of+science+and+engineering%2C+answering+the+big+questions+of+today+and+tomorrow%2C+from+how+our+ancestors+lived%2C+to+whether+parallel+universes+exist%2C+to+how+technology+will+transform+our+lives.+Visit+the+official+website+to+watch+full-length+documentaries%2C+or+explore+our+world+through+short-form+video%2C+on+our+digital+publication+NOVA+Next%2C+and+on+social+media.%26_options_sf&quot;,return)</favourite>
	<favourite name="Nature" thumb="http://image.pbs.org/contentchannels/39/AHPdzGz39tKOQyqVp6WQg.jpg">ActivateWindow(10025,&quot;plugin://plugin.video.thinktv/?mode=GC&amp;name=Nature&amp;url=nature%7chttp%3a%2f%2fimage.pbs.org%2fcontentchannels%2f39%2fAHPdzGz39tKOQyqVp6WQg.jpg%7chttp%3a%2f%2fimage.pbs.org%2fcontentchannels%2f39%2fAHPdzGz39tKOQyqVp6WQg.jpg&amp;sf_options=fanart%3Dhttp%3A%2F%2Fimage.pbs.org%2Fcontentchannels%2F39%2FAHPdzGz39tKOQyqVp6WQg.jpg%26desc%3DFor+more+than+a+quarter-century%2C+NATURE+has+brought+the+beauty+and+wonder+of+the+natural+world+into+American+homes%2C+becoming+in+the+process+the+benchmark+of+natural+history+programs+on+television.+Watch+Wednesdays%2C++8%2F7c.%26_options_sf&quot;,return)</favourite>
	<favourite name="Time Team America" thumb="http://image.pbs.org/contentchannels/51/01PUvdZoCtX70TgCLAMB7g.jpg">ActivateWindow(10025,&quot;plugin://plugin.video.thinktv/?mode=GE&amp;name=Episodes%20(9)&amp;url=time-team-america%7cepisodes%7c1&amp;sf_options=fanart%3Dhttp%3A%2F%2Fimage.pbs.org%2Fcontentchannels%2F51%2F01PUvdZoCtX70TgCLAMB7g.jpg%26_options_sf&quot;,return)</favourite>
	<favourite name="American Experince" thumb="http://image.pbs.org/contentchannels/144/SvOnrJuCkEmlxcSAwFlHBg.jpg">ActivateWindow(10025,&quot;plugin://plugin.video.thinktv/?mode=GE&amp;name=Episodes%20(23)&amp;url=american-experience%7cepisodes%7c1&amp;sf_options=fanart%3Dhttp%3A%2F%2Fimage.pbs.org%2Fcontentchannels%2F144%2FSvOnrJuCkEmlxcSAwFlHBg.jpg%26_options_sf&quot;,return)</favourite>
	<favourite name="History Detectives" thumb="http://image.pbs.org/contentchannels/23/GXnUJ35EMKJFOlLBbkXug.jpg">ActivateWindow(10025,&quot;plugin://plugin.video.thinktv/?mode=GE&amp;name=Episodes%20(60)&amp;url=history-detectives%7cepisodes%7c1&amp;sf_options=fanart%3Dhttp%3A%2F%2Fimage.pbs.org%2Fcontentchannels%2F23%2FGXnUJ35EMKJFOlLBbkXug.jpg%26_options_sf&quot;,return)</favourite>
</favourites>