<favourites>
	<favourite name="JukBox" thumb="http://googledrive.com/host/0B-bY5h-uWEgZQVJQZ0lzUTdBeFE/icons/test2/musicvid.png">ActivateWindow(10501,&quot;plugin://plugin.video.vevo_tv/?mode=customMain&amp;shuffled=false&amp;url=default&quot;)</favourite>
	<favourite name="Search Artist" thumb="http://googledrive.com/host/0B-bY5h-uWEgZQVJQZ0lzUTdBeFE/icons/test2/search_user.png">ActivateWindow(10025,&quot;plugin://plugin.video.vevo/?mode=searchArtists&amp;page=1&amp;url&quot;,return)</favourite>
	<favourite name="Browse Artists" thumb="http://googledrive.com/host/0B-bY5h-uWEgZQVJQZ0lzUTdBeFE/icons/test2/artist.png">ActivateWindow(10025,&quot;plugin://plugin.video.vevo/?mode=rootArtists&amp;page=1&amp;url=http%3a%2f%2fapi.vevo.com%2fmobile%2fv1%2fartist%2flist.json&quot;,return)</favourite>
	<favourite name="Browse Videos" thumb="http://googledrive.com/host/0B-bY5h-uWEgZQVJQZ0lzUTdBeFE/icons/music_folder.png">ActivateWindow(10025,&quot;plugin://plugin.video.vevo/?mode=rootVideos&amp;page=1&amp;url=http%3a%2f%2fapi.vevo.com%2fmobile%2fv1%2fvideo%2flist.json&quot;,return)</favourite>
	<favourite name="Favorite Artists" thumb="http://googledrive.com/host/0B-bY5h-uWEgZQVJQZ0lzUTdBeFE/icons/fav.png">ActivateWindow(10025,&quot;plugin://plugin.video.vevo/?mode=favArtists&amp;page=1&amp;url&quot;,return)</favourite>
	<favourite name="Premieres" thumb="http://googledrive.com/host/0B-bY5h-uWEgZQVJQZ0lzUTdBeFE/icons/new.png">ActivateWindow(10025,&quot;plugin://plugin.video.vevo/?mode=listVideos&amp;page=1&amp;url=http%3a%2f%2fapi.vevo.com%2fmobile%2fv1%2fvideo%2flist.json%3fispremiere%3dtrue&quot;,return)</favourite>
	<favourite name="Featured" thumb="http://googledrive.com/host/0B-bY5h-uWEgZQVJQZ0lzUTdBeFE/icons/voted.png">ActivateWindow(10025,&quot;plugin://plugin.video.vevo/?mode=listFeatured&amp;page=1&amp;url=http%3a%2f%2fapi.vevo.com%2fmobile%2fv2%2ffeatured%2fcarousel.json%3f&quot;,return)</favourite>
	<favourite name="Staff Picks" thumb="http://googledrive.com/host/0B-bY5h-uWEgZQVJQZ0lzUTdBeFE/icons/voted.png">ActivateWindow(10025,&quot;plugin://plugin.video.vevo/?mode=listPlaylists&amp;page=1&amp;url=http%3a%2f%2fapi.vevo.com%2fmobile%2fv3%2ffeatured%2fTopPlaylists.json%3f&quot;,return)</favourite>
	<favourite name="VEVO TV (Shows)" thumb="special://home/addons\plugin.video.vevo\icon.png">ActivateWindow(10025,&quot;plugin://plugin.video.vevo/?mode=rootShows&amp;page=1&amp;url=http%3a%2f%2fapi.vevo.com%2fmobile%2fv1%2fshow%2flist.json%3f&quot;,return)</favourite>
	<favourite name="VEVO TV (US: Hits)" thumb="special://home/addons\plugin.video.vevo_tv\icon.png">PlayMedia(&quot;plugin://plugin.video.vevo_tv/?url=TIVEVSTRUS00&amp;mode=playOfficial&amp;sf_options=winID%3D10501%26_options_sf&quot;,return)</favourite>
	<favourite name="VEVO TV (US: Flow)" thumb="special://home/addons\plugin.video.vevo_tv\icon.png">PlayMedia(&quot;plugin://plugin.video.vevo_tv/?url=TIVEVSTRUS01&amp;mode=playOfficial&amp;sf_options=winID%3D10501%26_options_sf&quot;,return)</favourite>
	<favourite name="VEVO TV (US: Nashville)" thumb="special://home/addons\plugin.video.vevo_tv\icon.png">PlayMedia(&quot;plugin://plugin.video.vevo_tv/?url=TIVEVSTRUS02&amp;mode=playOfficial&amp;sf_options=winID%3D10501%26_options_sf&quot;,return)</favourite>
</favourites>