<favourites>
	<favourite name="Collection" thumb="C:\Users\Owner\AppData\Roaming\Kodi\addons\script.exodus.artwork\resources\media\exodus\trakt.png">ActivateWindow(10025,&quot;plugin://plugin.video.origin2/?action=movies&amp;url=traktcollection&quot;,return)</favourite>
	<favourite name="Watchlist" thumb="C:\Users\Owner\AppData\Roaming\Kodi\addons\script.exodus.artwork\resources\media\exodus\trakt.png">ActivateWindow(10025,&quot;plugin://plugin.video.origin2/?action=movies&amp;url=traktwatchlist&quot;,return)</favourite>
	<favourite name="Movie Lists" thumb="C:\Users\Owner\AppData\Roaming\Kodi\addons\script.exodus.artwork\resources\media\exodus\userlists.png">ActivateWindow(10025,&quot;plugin://plugin.video.origin2/?action=movieUserlists&quot;,return)</favourite>
	<favourite name="History" thumb="C:\Users\Owner\AppData\Roaming\Kodi\addons\script.exodus.artwork\resources\media\exodus\trakt.png">ActivateWindow(10025,&quot;plugin://plugin.video.origin2/?action=movies&amp;url=trakthistory&quot;,return)</favourite>
	<favourite name="" thumb="">ActivateWindow(10025,&quot;plugin://plugin.video&quot;,return)</favourite>
	<favourite name="[B]Login[/B]" thumb="DefaultTVShows.png">ActivateWindow(10025,&quot;plugin://plugin.video.origin2/?action=authTrakt&quot;,return)</favourite>
		<favourite name="" thumb="">ActivateWindow(10025,&quot;plugin://plugin.video&quot;,return)</favourite>
	<favourite name="My TV" thumb="https://pbs.twimg.com/profile_images/549808982244601856/_g2w72Ea_200x200.png">ActivateWindow(10025,&quot;plugin://plugin.program.super.favourites/?label=My TV&amp;mode=400&amp;folder=TV%20shows%2FMy%20TV&amp;sf_options=fanart%3Dspecial%3A%2F%2Fhome%2Faddons%5Cplugin.program.super.favourites%5Cfanart.jpg%26_options_sf&quot;,return)</favourite>
</favourites>