<favourites>
	<favourite name="[COLOR azure]Movies[/COLOR]" thumb="http://images2.h5p.net/apps/media-video/257550/w80-257550.jpg">ActivateWindow(10025,&quot;videodb://movies/&amp;sf_options=&quot;,return)</favourite>
	<favourite name="[COLOR azure]TV Shows[/COLOR]" thumb="http://www2.psd100.com/ppp/2013/10/0501/Flat-TV-icon-1005060127.png">ActivateWindow(10025,&quot;videodb://tvshows/&amp;sf_options=&quot;,return)</favourite>
	<favourite name="[COLOR azure]Programs[/COLOR]" thumb="http://icons.iconarchive.com/icons/royalflushxx/systematrix/128/Program-icon.png">ActivateWindow(10001,&amp;sf_options=&quot;addons://sources/executable/&amp;sf_options=&quot;,return)</favourite>
	<favourite name="FileManager" thumb="http://cdn.marketplaceimages.windowsphone.com/v8/images/db3447ac-6b2b-42d5-8381-4ffc9bc759b5?imageType=ws_icon_large">ActivateWindow(FileManager)</favourite>
	<favourite name="Settings" thumb="https://lh4.ggpht.com/lQ3HQcoNO7KAuMSiTD_FmU6CsKFTBn7P_qaY5WXJfnjvVQg7AF_hx9g3JkW-vWfE9DQ=w300">ActivateWindow(Settings)</favourite>
	<favourite name="System Info" thumb="http://findicons.com/files/icons/734/phuzion/128/info.png">ActivateWindow(systeminfo)</favourite>
	<favourite name="Weather" thumb="">ActivateWindow(weather)</favourite>
</favourites>