<favourites>
	<favourite name="All Channels" thumb="http://metalkettle.co/UKTurk18022016/thumbs/new/Uk%20turk%20thumbnails%20sports.jpg">ActivateWindow(10025,&quot;plugin://plugin.video.ukturk/?description&amp;iconimage=http%3a%2f%2fmetalkettle.co%2fUKTurk18022016%2fthumbs%2fnew%2fUk%2520turk%2520thumbnails%2520sports.jpg&amp;mode=1&amp;name=Sports&amp;url=http%3a%2f%2fmetalkettle.co%2fUKTurk18022016%2fSportsList.txt&amp;sf_options=fanart%3Dspecial%3A%2F%2Fhome%2Faddons%5Cplugin.video.ukturk%5Cfanart.jpg%26_options_sf&quot;,return)</favourite>
	<favourite name="Fox Sports 1" thumb="https://encrypted-tbn1.gstatic.com/images?q=tbn:ANd9GcQ1alhV6Ih2i5WJGagQl0JC2vUS91OFtSB2LtQYoVYh9qegjBmP">PlayMedia(&quot;plugin://plugin.video.ukturk/?url=http%3A%2F%2Fmetalkettle.co%2FUKTurk18022016%2FSportsList.txt&amp;mode=5&amp;name=Fox+Sports+1+U.S+%28Shows+Various+Football+%26+Sports%29&amp;iconimage=https%3A%2F%2Fencrypted-tbn1.gstatic.com%2Fimages%3Fq%3Dtbn%3AANd9GcQ1alhV6Ih2i5WJGagQl0JC2vUS91OFtSB2LtQYoVYh9qegjBmP&amp;description=BL&amp;amp&amp;sf_options=winID%3D10025%26_options_sf&quot;)</favourite>
	<favourite name="Fox Sports 2" thumb="http://www.foxsports.com/etc/designs/fsdigital/foxsports/styles/tv-listings/common/logo/fs2/fs2_db_56x40.png">PlayMedia(&quot;plugin://plugin.video.ukturk/?url=http%3A%2F%2Fmetalkettle.co%2FUKTurk18022016%2FSportsList.txt&amp;mode=5&amp;name=Fox+Sports+2+U.S+%28Shows+Various+Football+%26+Sports%29&amp;iconimage=http%3A%2F%2Fwww.foxsports.com%2Fetc%2Fdesigns%2Ffsdigital%2Ffoxsports%2Fstyles%2Ftv-listings%2Fcommon%2Flogo%2Ffs2%2Ffs2_db_56x40.png&amp;description=BL&amp;sf_options=winID%3D10025%26_options_sf&quot;)</favourite>
	<favourite name="ESPN U.S" thumb="http://metalkettle.co/logos/logos1/ESPN%20USA.png">PlayMedia(&quot;plugin://plugin.video.ukturk/?url=http%3A%2F%2Fmetalkettle.co%2FUKTurk18022016%2FSportsList.txt&amp;mode=5&amp;name=ESPN+U.S&amp;iconimage=http%3A%2F%2Fmetalkettle.co%2Flogos%2Flogos1%2FESPN%2520USA.png&amp;description=BL&amp;sf_options=fanart%3Dspecial%3A%2F%2Fhome%2Faddons%5Cplugin.video.ukturk%5Cfanart.jpg%26winID%3D10025%26_options_sf&quot;)</favourite>
	<favourite name="Sky Sports 1" thumb="http://metalkettle.co/logos/logos2/DSAT/Glossy/TV/Sky%20Sports%201.png">PlayMedia(&quot;plugin://plugin.video.ukturk/?url=http%3A%2F%2Fmetalkettle.co%2FUKTurk18022016%2FSportsList.txt&amp;mode=5&amp;name=Sky+Sports+1&amp;iconimage=http%3A%2F%2Fmetalkettle.co%2Flogos%2Flogos2%2FDSAT%2FGlossy%2FTV%2FSky%2520Sports%25201.png&amp;description=BL&amp;sf_options=fanart%3Dspecial%3A%2F%2Fhome%2Faddons%5Cplugin.video.ukturk%5Cfanart.jpg%26winID%3D10025%26desc%3DBL%26_options_sf&quot;)</favourite>
	<favourite name="Sky Sports 2" thumb="http://metalkettle.co/logos/logos2/DSAT/Glossy/TV/Sky%20Sports%202.png">PlayMedia(&quot;plugin://plugin.video.ukturk/?url=http%3A%2F%2Fmetalkettle.co%2FUKTurk18022016%2FSportsList.txt&amp;mode=5&amp;name=Sky+Sports+2&amp;iconimage=http%3A%2F%2Fmetalkettle.co%2Flogos%2Flogos2%2FDSAT%2FGlossy%2FTV%2FSky%2520Sports%25202.png&amp;description=BL&amp;sf_options=fanart%3Dspecial%3A%2F%2Fhome%2Faddons%5Cplugin.video.ukturk%5Cfanart.jpg%26winID%3D10025%26desc%3DBL%26_options_sf&quot;)</favourite>
	<favourite name="Sky Sports 3" thumb="http://metalkettle.co/logos/logos2/DSAT/Glossy/TV/Sky%20Sports%203.png">PlayMedia(&quot;plugin://plugin.video.ukturk/?url=http%3A%2F%2Fmetalkettle.co%2FUKTurk18022016%2FSportsList.txt&amp;mode=5&amp;name=Sky+Sports+3&amp;iconimage=http%3A%2F%2Fmetalkettle.co%2Flogos%2Flogos2%2FDSAT%2FGlossy%2FTV%2FSky%2520Sports%25203.png&amp;description=BL&amp;sf_options=fanart%3Dspecial%3A%2F%2Fhome%2Faddons%5Cplugin.video.ukturk%5Cfanart.jpg%26winID%3D10025%26desc%3DBL%26_options_sf&quot;)</favourite>
	<favourite name="Sky Sports 4" thumb="http://metalkettle.co/logos/logos2/DSAT/Glossy/TV/Sky%20Sports%204.png">PlayMedia(&quot;plugin://plugin.video.ukturk/?url=http%3A%2F%2Fmetalkettle.co%2FUKTurk18022016%2FSportsList.txt&amp;mode=5&amp;name=Sky+Sports+4&amp;iconimage=http%3A%2F%2Fmetalkettle.co%2Flogos%2Flogos2%2FDSAT%2FGlossy%2FTV%2FSky%2520Sports%25204.png&amp;description=BL&amp;sf_options=fanart%3Dspecial%3A%2F%2Fhome%2Faddons%5Cplugin.video.ukturk%5Cfanart.jpg%26winID%3D10025%26desc%3DBL%26_options_sf&quot;)</favourite>
	<favourite name="Sky Sports 5" thumb="https://encrypted-tbn0.gstatic.com/images?q=tbn:ANd9GcRPzZKUP57MYvseLTCQezRB5H379rj17bR25oJIjRZBLV4snn6eeA">PlayMedia(&quot;plugin://plugin.video.ukturk/?url=http%3A%2F%2Fmetalkettle.co%2FUKTurk18022016%2FSportsList.txt&amp;mode=5&amp;name=Sky+Sports+5&amp;iconimage=https%3A%2F%2Fencrypted-tbn0.gstatic.com%2Fimages%3Fq%3Dtbn%3AANd9GcRPzZKUP57MYvseLTCQezRB5H379rj17bR25oJIjRZBLV4snn6eeA&amp;description=BL&amp;sf_options=fanart%3Dspecial%3A%2F%2Fhome%2Faddons%5Cplugin.video.ukturk%5Cfanart.jpg%26winID%3D10025%26desc%3DBL%26_options_sf&quot;)</favourite>
	<favourite name="Sky Sports F1" thumb="http://metalkettle.co/logos/logos2/DSAT/Glossy/TV/Sky%20Sports%20F1.png">PlayMedia(&quot;plugin://plugin.video.ukturk/?url=http%3A%2F%2Fmetalkettle.co%2FUKTurk18022016%2FSportsList.txt&amp;mode=5&amp;name=Sky+Sports+F1&amp;iconimage=http%3A%2F%2Fmetalkettle.co%2Flogos%2Flogos2%2FDSAT%2FGlossy%2FTV%2FSky%2520Sports%2520F1.png&amp;description=BL&amp;sf_options=fanart%3Dspecial%3A%2F%2Fhome%2Faddons%5Cplugin.video.ukturk%5Cfanart.jpg%26winID%3D10025%26desc%3DBL%26_options_sf&quot;)</favourite>
	<favourite name="Sky Sports News" thumb="http://metalkettle.co/logos/logos2/DSAT/Glossy/TV/Sky%20Spts%20News.png">PlayMedia(&quot;plugin://plugin.video.ukturk/?url=http%3A%2F%2Fmetalkettle.co%2FUKTurk18022016%2FSportsList.txt&amp;mode=5&amp;name=Sky+Sports+News&amp;iconimage=http%3A%2F%2Fmetalkettle.co%2Flogos%2Flogos2%2FDSAT%2FGlossy%2FTV%2FSky%2520Spts%2520News.png&amp;description=BL&amp;sf_options=fanart%3Dspecial%3A%2F%2Fhome%2Faddons%5Cplugin.video.ukturk%5Cfanart.jpg%26winID%3D10025%26desc%3DBL%26_options_sf&quot;)</favourite>
	<favourite name="BT Sport 1" thumb="http://metalkettle.co/logos/logos1/BT%20Sport%201.png">PlayMedia(&quot;plugin://plugin.video.ukturk/?url=http%3A%2F%2Fmetalkettle.co%2FUKTurk18022016%2FSportsList.txt&amp;mode=5&amp;name=BT+Sport+1&amp;iconimage=http%3A%2F%2Fmetalkettle.co%2Flogos%2Flogos1%2FBT%2520Sport%25201.png&amp;description=BL&amp;sf_options=fanart%3Dspecial%3A%2F%2Fhome%2Faddons%5Cplugin.video.ukturk%5Cfanart.jpg%26winID%3D10025%26desc%3DBL%26_options_sf&quot;)</favourite>
	<favourite name="BT Sport 2" thumb="http://metalkettle.co/logos/logos1/BT%20Sport%202.png">PlayMedia(&quot;plugin://plugin.video.ukturk/?url=http%3A%2F%2Fmetalkettle.co%2FUKTurk18022016%2FSportsList.txt&amp;mode=5&amp;name=BT+Sport+2&amp;iconimage=http%3A%2F%2Fmetalkettle.co%2Flogos%2Flogos1%2FBT%2520Sport%25202.png&amp;description=BL&amp;sf_options=fanart%3Dspecial%3A%2F%2Fhome%2Faddons%5Cplugin.video.ukturk%5Cfanart.jpg%26winID%3D10025%26desc%3DBL%26_options_sf&quot;)</favourite>
	<favourite name="BT Sport Europe" thumb="https://img01.bt.co.uk/products/lib/img/packages/tv/btsporteuro.png">PlayMedia(&quot;plugin://plugin.video.ukturk/?url=http%3A%2F%2Fmetalkettle.co%2FUKTurk18022016%2FSportsList.txt&amp;mode=5&amp;name=BT+Sport+Europe&amp;iconimage=https%3A%2F%2Fimg01.bt.co.uk%2Fproducts%2Flib%2Fimg%2Fpackages%2Ftv%2Fbtsporteuro.png&amp;description=BL&amp;sf_options=fanart%3Dspecial%3A%2F%2Fhome%2Faddons%5Cplugin.video.ukturk%5Cfanart.jpg%26winID%3D10025%26desc%3DBL%26_options_sf&quot;)</favourite>
	<favourite name="BT ESPN" thumb="https://img01.bt.co.uk/products/lib/img/packages/tv/btsportespn.png">PlayMedia(&quot;plugin://plugin.video.ukturk/?url=http%3A%2F%2Fmetalkettle.co%2FUKTurk18022016%2FSportsList.txt&amp;mode=5&amp;name=BT+ESPN&amp;iconimage=https%3A%2F%2Fimg01.bt.co.uk%2Fproducts%2Flib%2Fimg%2Fpackages%2Ftv%2Fbtsportespn.png&amp;description=BL&amp;sf_options=fanart%3Dspecial%3A%2F%2Fhome%2Faddons%5Cplugin.video.ukturk%5Cfanart.jpg%26winID%3D10025%26desc%3DBL%26_options_sf&quot;)</favourite>
	<favourite name="Box Nation" thumb="http://www.martinmurrayboxing.co.uk/wp-content/uploads/2014/06/boxnation-logo.jpg">PlayMedia(&quot;plugin://plugin.video.ukturk/?url=http%3A%2F%2Fmetalkettle.co%2FUKTurk18022016%2FSportsList.txt&amp;mode=5&amp;name=Box+Nation&amp;iconimage=http%3A%2F%2Fwww.martinmurrayboxing.co.uk%2Fwp-content%2Fuploads%2F2014%2F06%2Fboxnation-logo.jpg&amp;description=BL&amp;sf_options=fanart%3Dspecial%3A%2F%2Fhome%2Faddons%5Cplugin.video.ukturk%5Cfanart.jpg%26winID%3D10025%26desc%3DBL%26_options_sf&quot;)</favourite>
	<favourite name="Sportsnet One" thumb="https://encrypted-tbn1.gstatic.com/images?q=tbn:ANd9GcThVeDZFUVuBqL0SlvXBiRiHdTcqm9Gy4dXVUoavzvsIOqemqcc">PlayMedia(&quot;plugin://plugin.video.ukturk/?url=http%3A%2F%2Fmetalkettle.co%2FUKTurk18022016%2FSportsList.txt&amp;mode=5&amp;name=Sportsnet+One+%28Shows+Premier+League+%26+Various+Sports%29&amp;iconimage=https%3A%2F%2Fencrypted-tbn1.gstatic.com%2Fimages%3Fq%3Dtbn%3AANd9GcThVeDZFUVuBqL0SlvXBiRiHdTcqm9Gy4dXVUoavzvsIOqemqcc&amp;description=BL&amp;sf_options=fanart%3Dspecial%3A%2F%2Fhome%2Faddons%5Cplugin.video.ukturk%5Cfanart.jpg%26winID%3D10025%26desc%3DBL%26_options_sf&quot;)</favourite>
	<favourite name="Sportsnet World " thumb="http://www.liveonlinetv247.info/images/sportsnetworld.png">PlayMedia(&quot;plugin://plugin.video.ukturk/?url=http%3A%2F%2Fmetalkettle.co%2FUKTurk18022016%2FSportsList.txt&amp;mode=5&amp;name=Sportsnet+World+&amp;iconimage=http%3A%2F%2Fwww.liveonlinetv247.info%2Fimages%2Fsportsnetworld.png&amp;description=BL&amp;sf_options=fanart%3Dspecial%3A%2F%2Fhome%2Faddons%5Cplugin.video.ukturk%5Cfanart.jpg%26winID%3D10025%26desc%3DBL%26_options_sf&quot;)</favourite>
	<favourite name="Sportsnet Ontario" thumb="http://metalkettle.co/logos/logos1/Sportsnet%20Ontario.png">PlayMedia(&quot;plugin://plugin.video.ukturk/?url=http%3A%2F%2Fmetalkettle.co%2FUKTurk18022016%2FSportsList.txt&amp;mode=5&amp;name=Sportsnet+Ontario+%28Shows+Premier+League+%26+Various+Sports%29&amp;iconimage=http%3A%2F%2Fmetalkettle.co%2Flogos%2Flogos1%2FSportsnet%2520Ontario.png&amp;description=BL&amp;sf_options=fanart%3Dspecial%3A%2F%2Fhome%2Faddons%5Cplugin.video.ukturk%5Cfanart.jpg%26winID%3D10025%26desc%3DBL%26_options_sf&quot;)</favourite>
	<favourite name="TSN 1" thumb="http://tgo-tv.com/images/tv/tsn1.jpg">PlayMedia(&quot;plugin://plugin.video.ukturk/?url=http%3A%2F%2Fmetalkettle.co%2FUKTurk18022016%2FSportsList.txt&amp;mode=5&amp;name=TSN+1+%28Shows+Premier+League+%26+Various+Sports%29&amp;iconimage=http%3A%2F%2Ftgo-tv.com%2Fimages%2Ftv%2Ftsn1.jpg&amp;description=BL&amp;sf_options=fanart%3Dspecial%3A%2F%2Fhome%2Faddons%5Cplugin.video.ukturk%5Cfanart.jpg%26winID%3D10025%26desc%3DBL%26_options_sf&quot;)</favourite>
	<favourite name="TSN 2" thumb="http://tgo-tv.com/images/tv/tsn2.jpg">PlayMedia(&quot;plugin://plugin.video.ukturk/?url=http%3A%2F%2Fmetalkettle.co%2FUKTurk18022016%2FSportsList.txt&amp;mode=5&amp;name=TSN+2+%28Shows+Premier+League+%26+Various+Sports%29&amp;iconimage=http%3A%2F%2Ftgo-tv.com%2Fimages%2Ftv%2Ftsn2.jpg&amp;description=BL&amp;sf_options=fanart%3Dspecial%3A%2F%2Fhome%2Faddons%5Cplugin.video.ukturk%5Cfanart.jpg%26winID%3D10025%26desc%3DBL%26_options_sf&quot;)</favourite>
</favourites>