<favourites>
<favourite name="adBlock Browser *" thumb="">PlayMedia(&quot;plugin://plugin.video.water/?url=http%3A%2F%2Fdl3.apk-dl.com%2Froot%2Fapk%2F2016%2F2%2F2%2Forg.adblockplus.browser_2016020220.apk&amp;mode=3&amp;name=adBlockBrowser&amp;description=Install AdBlock Browser&amp;sf_options=winID%3D10025%26_options_sf&quot;)</favourite>
<favourite name="Chrome Browser *" thumb="">PlayMedia(&quot;plugin://plugin.video.water/?url=http%3A%2F%2Fdl3.apk-dl.com%2Froot%2Fapk%2F2016%2F4%2F27%2Fcom.android.chrome_266108900.apk&amp;mode=3&amp;name=chrome&amp;description=Install Chrome Browser&amp;sf_options=winID%3D10025%26_options_sf&quot;)</favourite>
<favourite name="Star WarFare *" thumb="">PlayMedia(&quot;plugin://plugin.video.water/?url=http%3A%2F%2Fdl3.apk-dl.com%2Froot%2Fapk%2F2016%2F6%2F1%2Fcom.ifreyr.sw2_15.apk&amp;mode=3&amp;name=Star WarFare&amp;description=Star WarFare&amp;sf_options=winID%3D10025%26_options_sf&quot;)</favourite>
<favourite name="BadLand *" thumb="">PlayMedia(&quot;plugin://plugin.video.water/?url=http%3A%2F%2Fdl3.apk-dl.com%2Froot%2Fapk%2F2015%2F12%2F19%2Fcom.frogmind.badland_217207.apk&amp;mode=3&amp;name=BadLand&amp;description=BadLand&amp;sf_options=winID%3D10025%26_options_sf&quot;)</favourite>

<favourite name="MetalGear Solid 5" thumb="">PlayMedia(&quot;plugin://plugin.video.water/?url=http%3A%2F%2Fdl1.revdownload.com%2Fdl1%2F2015%2F1501%2FMETAL_GEAR_SOLID_V_GZ_v1.0.3_Revdl.com.apk&amp;mode=3&amp;name=MetalGear5&amp;description=Metal Gear Solid 5&amp;sf_options=winID%3D10025%26_options_sf&quot;)</favourite>

<favourite name="Neon Shadow *" thumb="">PlayMedia(&quot;plugin://plugin.video.water/?url=http%3A%2F%2Fdl3.apk-dl.com%2Froot%2Fapk%2F2016%2F1%2F29%2Fcom.crescentmoongames.neonshadow_138.apk&amp;mode=3&amp;name=NeonShadow&amp;description=NeonShadow&amp;sf_options=winID%3D10025%26_options_sf&quot;)</favourite>
</favourites>