<favourites>
	<favourite name="Boxing Streams" thumb="DefaultFolder.png">ActivateWindow(10025,&quot;plugin://plugin.video.prosport/&amp;?mode=topics&amp;next_url&amp;url=Boxingstreams&quot;,return)</favourite>
	<favourite name="MMA Streams" thumb="DefaultFolder.png">ActivateWindow(10025,&quot;plugin://plugin.video.prosport/&amp;?mode=topics&amp;next_url&amp;url=MMAstreams&quot;,return)</favourite>
	<favourite name="[B]VT SPORTS[/B]" thumb="http://s5.postimg.org/4vavhx43r/Online_Sports_isn_t_it_Fun.jpg">ActivateWindow(10025,&quot;plugin://plugin.video.VidTime/?icon=http%3a%2f%2fs5.postimg.org%2f4vavhx43r%2fOnline_Sports_isn_t_it_Fun.jpg&amp;mode=VT%20SPORTS&amp;sf_options=fanart%3Dspecial%3A%2F%2Fhome%2Faddons%5Cplugin.video.VidTime%5Cfanart.jpg%26_options_sf&quot;,return)</favourite>
	<favourite name="DimSports" thumb="special://home/addons\plugin.video.castaway\resources/media/icons/fighting.png">ActivateWindow(10025,&quot;plugin://plugin.video.castaway/?mode=open_sport_cat&amp;site=dimsport&amp;url=http%3a%2f%2fidimsports.eu%2fboxing-wwe-ufc.html&quot;,return)</favourite>
	<favourite name="[COLOR blue]FOX Sports 1[/COLOR]" thumb="http://2.bp.blogspot.com/-eGdimZ-T92c/UhObgpLOcnI/AAAAAAAAPgY/_gyeOCi0Wvg/s400/fox.jpeg">PlayMedia(&quot;http://ooyalahd2-f.akamaihd.net/i/eslax17_delivery@349499/master.m3u8?sf_options=winID%3D10025%26_options_sf&quot;)</favourite>
	<favourite name="[COLOR blue]BT Sport 2 - UKTV[/COLOR]" thumb="https://app.uktvnow.net/images/channel_imgs/160116115549bt2.jpg|User-Agent=Dalvik/2.1.0 (Linux; U; Android 5.1.1; SM-G920F Build/LMY47X)">PlayMedia(&quot;plugin://plugin.video.wateriptv/?url=url&amp;mode=1002&amp;name=Bt+sports+2&amp;sf_options=winID%3D10025%26_options_sf&quot;)</favourite>
	<favourite name="[COLOR blue]BT Sport 2 - Turk[/COLOR]" thumb="http://metalkettle.co/logos/logos1/BT%20Sport%202.png">PlayMedia(&quot;plugin://plugin.video.ukturk/?url=http%3A%2F%2Fmetalkettle.co%2FUKTurk18022016%2FSportsList.txt&amp;mode=5&amp;name=BT+Sport+2&amp;iconimage=http%3A%2F%2Fmetalkettle.co%2Flogos%2Flogos1%2FBT%2520Sport%25202.png&amp;description=BL&amp;sf_options=fanart%3Dspecial%3A%2F%2Fhome%2Faddons%5Cplugin.video.ukturk%5Cfanart.jpg%26winID%3D10025%26desc%3DBL%26_options_sf&quot;)</favourite>
	<favourite name="[COLOR blue]BT Sport 2 - mama[/COLOR]" thumb="special://home/addons\plugin.video.SportsDevil\resources\images\channels/bt_sport_2.png">ActivateWindow(10025,&quot;plugin://plugin.video.SportsDevil/?item=title.tmp%3dBT%2bSport%2b2%26catcher%3dstreams%26title%3dBT%2bSport%2b2%26url%3dhttp%253A%252F%252Fmamahd.com%252Fwatch-bt-sport-2-live-stream-1.html%26videoTitle%3dBT%2bSport%2b2%26director%3dmamahd.com%26genre%3dTV%26referer%3dhttp%253A%252F%252Fmamahd.com%26definedIn%3dtv%252Fmamahd.com.cfg%26icon.tmp%3dhttp%253A%252F%252Fmamahd.com%252Fimages%252Fchannels%252Fbt.png%26type%3drss%26icon%3dC%253A%255Ckodi%255Cportable_data%255Caddons%255Cplugin.video.SportsDevil%255Cresources%255Cimages%255Cchannels%252Fbt_sport_2.png&amp;mode=1&quot;,return)</favourite>
	<favourite name="[COLOR blue]BT Sport 2 - VT[/COLOR]" thumb="http://s5.postimg.org/4vavhx43r/Online_Sports_isn_t_it_Fun.jpg">PlayMedia(&quot;plugin://plugin.video.VidTime/?url=http%3A%2F%2Fwww.ibrod.tv%2Fbtsports2.html&amp;icon=http%3A%2F%2Fs5.postimg.org%2F4vavhx43r%2FOnline_Sports_isn_t_it_Fun.jpg&amp;mode=UKSPORT&amp;name=BT+SPORTS+2+&amp;sf_options=winID%3D10025%26_options_sf&quot;)</favourite>
</favourites>