<favourites>
	<favourite name="Trending Movies" thumb="http://media.reeoo.com/MovieQuest-icon.png!icon180">ActivateWindow(10025,&quot;plugin://plugin.video.origin2/?action=movies&amp;url=trending&quot;,return)</favourite>
	<favourite name="Hot Movies" thumb="http://www.fonixfutoklub.hu/images/img0024.png">ActivateWindow(10025,&quot;plugin://plugin.video.phstreams/?action=directory&amp;url=http%3a%2f%2fvalhalla.offshorepastebin.com%2fHot.xml&quot;,return)</favourite>
	<favourite name="1 Click Play" thumb="">ActivateWindow(10025,&quot;plugin://plugin.video.VidTime/?icon=http%3a%2f%2fs30.postimg.org%2f4c8auwuep%2ficon.png&amp;mode=NMR&quot;,return)</favourite>
	<favourite name="1 Click Play (2)" thumb="special://home/addons\plugin.video.mdimperialstreams\resources\art\NEW_RELEASE_MOVIES.png">ActivateWindow(10025,&quot;plugin://plugin.video.mdimperialstreams/?description&amp;iconimage=C%3a%5ckodi%5cportable_data%5caddons%5cplugin.video.mdimperialstreams%5cresources%5cart%5cNEW_RELEASE_MOVIES.png&amp;mode=3&amp;name=%5bB%5d%5bCOLOR%20white%5dNew%20Release%20Movies%5b%2fCOLOR%5d%5b%2fB%5d&amp;url=http%3a%2f%2fimoviemax.se%2fmovies%2f&quot;,return)</favourite>
	<favourite name="" thumb="">PlayMedia(&quot;plugin://plugin.video.none?sf_options=winID%3D10025%26_options_sf&quot;,return)</favourite>
	<favourite name="More..." thumb="">ActivateWindow(10025,&quot;plugin://plugin.program.super.favourites/?sf_options=&amp;mode=400&amp;path=special%3A%2F%2Fhome%2Faddons%2Fscript.supafav%2FSuper%20Favourites/Movies%2FRecently Added%5CMore&amp;sf_options=&quot;,return)</favourite>
</favourites>