<favourites>
	<favourite name="Motorsport" thumb="special://home/addons\plugin.video.castaway\resources/media/icons/f1.png">ActivateWindow(10025,&quot;plugin://plugin.video.castaway/?mode=open_sport_cat&amp;site=dimsport&amp;url=http%3a%2f%2fidimsports.eu%2fmotosport.html&quot;,return)</favourite>
	<favourite name="Racing (2)" thumb="special://home/addons\plugin.video.castaway\resources/media/icons/racing.png">ActivateWindow(10025,&quot;plugin://plugin.video.castaway/?mode=open_sport_cat&amp;site=livetv&amp;url=http%3a%2f%2fxliveru.sx%2fen%2fallupcomingsports%2f7%2f&quot;,return)</favourite>
	<favourite name="Motorsport" thumb="special://home/addons\plugin.video.castaway\resources/media/icons/f1.png">ActivateWindow(10025,&quot;plugin://plugin.video.castaway/?mode=open_sport_cat&amp;site=stream2watch&amp;url=http%3a%2f%2fwww.stream2watch.co%2fsports%2fmotor&quot;,return)</favourite>
	<favourite name="Racing" thumb="special://home/addons\plugin.video.castaway\resources/media/icons/horse_racing.png">ActivateWindow(10025,&quot;plugin://plugin.video.castaway/?mode=open_sport_cat&amp;site=vipbox&amp;url=http%3a%2f%2fwww.vipleague.me%2fsports%2fhorse-racing.html&quot;,return)</favourite>
	<favourite name="Formula 1" thumb="special://home/addons\plugin.video.castaway\resources/media/icons/f1.png">ActivateWindow(10025,&quot;plugin://plugin.video.castaway/?mode=open_sport_cat&amp;site=vipbox&amp;url=http%3a%2f%2fwww.vipleague.me%2fsports%2fformula-1.html&quot;,return)</favourite>
	<favourite name="Moto GP" thumb="special://home/addons\plugin.video.castaway\resources/media/icons/f1.png">ActivateWindow(10025,&quot;plugin://plugin.video.castaway/?mode=open_sport_cat&amp;site=vipbox&amp;url=http%3a%2f%2fwww.vipleague.me%2fsports%2fmoto-gp.html&quot;,return)</favourite>
	<favourite name="Nascar" thumb="special://home/addons\plugin.video.castaway\resources/media/icons/f1.png">ActivateWindow(10025,&quot;plugin://plugin.video.castaway/?mode=open_sport_cat&amp;site=vipbox&amp;url=http%3a%2f%2fwww.vipleague.me%2fsports%2fmotorsports.html&quot;,return)</favourite>
	<favourite name="Cycling" thumb="special://home/addons\plugin.video.castaway\resources/media/icons/cycling.png">ActivateWindow(10025,&quot;plugin://plugin.video.castaway/?mode=open_sport_cat&amp;site=vipbox&amp;url=http%3a%2f%2fwww.vipleague.me%2fsports%2fcycling.html&quot;,return)</favourite>
</favourites>