<favourites>
	<favourite name="[COLOR blue]Popular[/COLOR]" thumb="https://raw.githubusercontent.com/tknorris/tknorris-beta-repo/master/plugin.video.1channel/icon.png">ActivateWindow(10025,&quot;plugin://plugin.program.super.favourites/?label=Popular&amp;mode=400&amp;path=special%3A%2F%2Fhome%2Faddons%2Fscript.supafav%2FSuper%20Favourites%2FMore%2FPopular%20Addons%5CPopular&amp;sf_options=fanart%3Dspecial%3A%2F%2Fhome%2Faddons%5Cplugin.video.1channel%5Cfanart.jpg%26_options_sf&quot;)</favourite>
	<favourite name="[COLOR chartreuse]Movies[/COLOR]" thumb="http://www.iconarchive.com/download/i65014/toma4025/rumax/folder-movies.ico">ActivateWindow(10025,&quot;plugin://plugin.program.super.favourites/?label=[COLOR blue]Movies[/COLOR]&amp;mode=400&amp;path=special%3A%2F%2Fhome%2Faddons%2Fscript.supafav%2FSuper%20Favourites%2FMore%2FPopular%20Addons%5CMovies&amp;sf_options=fanart%3DNULL%26_options_sf&quot;)</favourite>
	<favourite name="[COLOR chartreuse]TV[/COLOR]" thumb="http://icongal.com/gallery/download/329277/256/png">ActivateWindow(10025,&quot;plugin://plugin.program.super.favourites/?label=[COLOR blue]Movies[/COLOR]&amp;mode=400&amp;path=special%3A%2F%2Fhome%2Faddons%2Fscript.supafav%2FSuper%20Favourites%2FMore%2FPopular%20Addons%5CTV&amp;sf_options=fanart%3DNULL%26_options_sf&quot;)</favourite>
	<favourite name="[COLOR chartreuse]IPTV[/COLOR]" thumb="http://findicons.com/files/icons/316/hyperion/512/3d_tv.png">ActivateWindow(10025,&quot;plugin://plugin.program.super.favourites/?label=[COLOR blue]IPTV[/COLOR]&amp;mode=400&amp;path=special%3A%2F%2Fhome%2Faddons%2Fscript.supafav%2FSuper%20Favourites%2FMore%2FPopular%20Addons%5CIPTV&amp;sf_options=fanart%3DNULL%26_options_sf&quot;)</favourite>
</favourites>