<favourites>
	<favourite name="New Albums" thumb="http://www.theloungesound.ca/wp-content/uploads/2013/06/new_music.gif_480_480_0_64000_0_1_0.gif">ActivateWindow(10501,&quot;plugin://plugin.audio.mp3streams/?iconimage=C%3a%5ckodi%5cportable_data%5caddons%5cplugin.audio.mp3streams%5cart%2fnewalbums.jpg&amp;list=new%20albums%3c%3ehttp%3a%2f%2fmusicmp3.ru%2fnew_albums.html%3c%3eC%3a%5ckodi%5cportable_data%5caddons%5cplugin.audio.mp3streams%5cart%2fnewalbums.jpg&amp;mode=12&amp;name=New%20Albums&amp;type&amp;url=http%3a%2f%2fmusicmp3.ru%2fnew_albums.html&quot;,return)</favourite>
	<favourite name="Top Albums" thumb="http://vrairapfrancais.fr/wp-content/uploads/2015/11/top-albums.jpg">ActivateWindow(10501,&quot;plugin://plugin.audio.mp3streams/?iconimage=C%3a%5ckodi%5cportable_data%5caddons%5cplugin.audio.mp3streams%5cart%2ftopalbums.jpg&amp;list=top%20albums%3c%3ehttp%3a%2f%2fmusicmp3.ru%2fgenres.html%3c%3eC%3a%5ckodi%5cportable_data%5caddons%5cplugin.audio.mp3streams%5cart%2ftopalbums.jpg&amp;mode=12&amp;name=Top%20Albums&amp;type&amp;url=http%3a%2f%2fmusicmp3.ru%2fgenres.html&quot;,return)</favourite>
	<favourite name="Artists" thumb="http://icons.iconarchive.com/icons/icons-land/vista-people/128/Occupations-Guitarist-Male-Light-icon.png">ActivateWindow(10501,&quot;plugin://plugin.audio.mp3streams/?iconimage=C%3a%5ckodi%5cportable_data%5caddons%5cplugin.audio.mp3streams%5cart%2fartists.jpg&amp;list=artists%3c%3ehttp%3a%2f%2fmusicmp3.ru%2fartists.html%3c%3eC%3a%5ckodi%5cportable_data%5caddons%5cplugin.audio.mp3streams%5cart%2fartists.jpg&amp;mode=21&amp;name=Artists&amp;type&amp;url=http%3a%2f%2fmusicmp3.ru%2fartists.html&quot;,return)</favourite>
	<favourite name="Radio" thumb="https://lh5.ggpht.com/T2CRrdn38OemfMd5TZWwjI21oPms5epKfjenrK6jvZ4gCFw7YeipKbMwo5XbK7HhWA">ActivateWindow(10501,&quot;plugin://plugin.audio.jango/&quot;,return)</favourite>
	<favourite name="VEVO" thumb="http://www.androvid.de/images/icon/VEVO.png">ActivateWindow(10025,&quot;plugin://plugin.video.myvevo?sf_options=fanart%3Dspecial%3A%2F%2Fhome%2Faddons%5Cplugin.video.myvevo%5Cfanart.jpg%26desc%3DWatch+music+videos%2C+artist+videos%2C+and+original+shows+on+VEVO+and+VEVO+TV%26_options_sf&quot;,return)</favourite>
	<favourite name="SoundCloud" thumb="http://googledrive.com/host/0B-bY5h-uWEgZQVJQZ0lzUTdBeFE/icons/apps/soundcloud.jpg">ActivateWindow(10025,&quot;plugin://plugin.program.super.favourites/?label=SoundCloud&amp;mode=400&amp;folder=more%2FMusic%2FSoundCloud&amp;sf_options=fanart%3DC%3A%5Ckodi%5Caddons%5Cplugin.program.super.favourites%5Cfanart.jpg%26_options_sf&quot;)</favourite>
	<favourite name="[COLOR black]Audio[/COLOR]" thumb="http://googledrive.com/host/0B-bY5h-uWEgZQVJQZ0lzUTdBeFE/icons/apps/broadcastify.jpg">ActivateWindow(10025,&quot;plugin://plugin.program.super.favourites/?sf_options=&amp;mode=400&amp;path=special%3A%2F%2Fhome%2Faddons%2Fscript.supafav%2FSuper%20Favourites/More%2FMusic%5CAudio&amp;sf_options=fanart%3DNULL%26_options_sf&amp;sf_options=&quot;)</favourite>
	<favourite name="[COLOR black]BETA[/COLOR]" thumb="special://home/addons\plugin.audio.hypem_com\icon.png">ActivateWindow(10025,&quot;plugin://plugin.program.super.favourites/?sf_options=&amp;mode=400&amp;path=special%3A%2F%2Fhome%2Faddons%2Fscript.supafav%2FSuper%20Favourites/more%5CMusic%5CBETA&amp;sf_options=fanart%3DNULL%26_options_sf&amp;sf_options=&quot;)</favourite>
</favourites>