<favourites>
	<favourite name="NASA" thumb="http://googledrive.com/host/0B-bY5h-uWEgZQVJQZ0lzUTdBeFE/icons/apps/nasa.jpg">ActivateWindow(10025,&quot;plugin://plugin.video.nasa/&quot;)</favourite>
	<favourite name="ESO" thumb="http://googledrive.com/host/0B-bY5h-uWEgZQVJQZ0lzUTdBeFE/icons/apps/eos.jpg">ActivateWindow(10025,&quot;plugin://plugin.video.eso/&quot;)</favourite>
	<favourite name="ESA" thumb="http://googledrive.com/host/0B-bY5h-uWEgZQVJQZ0lzUTdBeFE/icons/apps/esa.png">ActivateWindow(10025,&quot;plugin://plugin.video.esa/&quot;)</favourite>
	<favourite name="Space Telescope" thumb="special://home/addons\plugin.video.spacetelescope\icon.png">ActivateWindow(10025,&quot;plugin://plugin.video.spacetelescope/&quot;,return)</favourite>
	<favourite name="TED Space" thumb="">ActivateWindow(10025,&quot;plugin://plugin.video.ted.talks/?mode=topicVids&amp;topic=space&quot;,return)</favourite>
	<favourite name="Space" thumb="special://home/addons\plugin.video.science.friday\icon.png">ActivateWindow(10025,&quot;plugin://plugin.video.science.friday/?action=ContentLister&amp;type=video-list&amp;url=%2ftopics%2fspace.html%23page%2fbytopic%2f1&amp;sf_options=fanart%3Dspecial%3A%2F%2Fhome%2Faddons%5Cplugin.video.science.friday%5Cfanart.jpg%26_options_sf&quot;,return)</favourite>
	<favourite name="Science and Space News" thumb="special://home/addons\plugin.video.wsj\icon.png">ActivateWindow(10025,&quot;plugin://plugin.video.wsj/?fanart=C%3a%5ckodi2%5cportable_data%5caddons%5cplugin.video.wsj%5cfanart.jpg&amp;mode=GS&amp;name=Science%20and%20Space&amp;url=http%3a%2f%2fwww.wsj.com%2fvideo%2fsubject%2fscience-and-space&quot;,return)</favourite>
</favourites>