<favourites>
	<favourite name="Pro Sport" thumb="special://home/addons\plugin.video.prosport\icon.png">ActivateWindow(10025,&quot;plugin://plugin.video.prosport/&quot;,return)</favourite>
	<favourite name="SportsDevil" thumb="http://icons.iconarchive.com/icons/pixelpirate/futurama/128/Robot-Devil-icon.png">ActivateWindow(10025,&quot;plugin://plugin.video.SportsDevil&quot;)</favourite>
	<favourite name="Sportie" thumb="">ActivateWindow(10025,&quot;plugin://plugin.video.sportie/&quot;,return)</favourite>
	<favourite name="Bob Sports" thumb="http://norestrictions.club/norestrictions.club/blue/icons/Bob/Sports.jpg">ActivateWindow(10025,&quot;plugin://plugin.video.bob/?action=directory&amp;content=0&amp;url=http%3a%2f%2f217.182.69.114%2f%7ebob%2fnorestrictions.club%2ftastreams%2flibatinten.xml&quot;,return)</favourite>
	<favourite name="Phoenix Sports" thumb="http://phoenixtv.offshorepastebin.com/art/main/DRAGONsports.jpg">ActivateWindow(10025,&quot;plugin://plugin.video.phstreams/?action=directory&amp;url=http%3a%2f%2fphoenixtv.offshorepastebin.com%2ftv%2fevents.xml&quot;,return)</favourite>
	
	<favourite name="[COLOR blue]CHANNELS[/COLOR]" thumb="">ActivateWindow(10025,&quot;plugin://plugin.video.&quot;,return)</favourite>
	 <favourite name="Sports Swiftstreamz" thumb="http://swiftstreamz.com/SwiftStream/images/thumbs/7208_47712_SPORTS.jpg|User-Agent=Dalvik/2.1.0 (Linux; U; Android 6.0.1; SM-T810 Build/MMB29K)&amp;Host=swiftstreamz.com&amp;Accept-Encoding=gzip&amp;Connection=Keep-Alive">ActivateWindow(10025,&quot;plugin://plugin.video.gobble/?iconimage=http%3a%2f%2fswiftstreamz.com%2fSwiftStream%2fimages%2fthumbs%2f7208_47712_SPORTS.jpg%7cUser-Agent%3dDalvik%2f2.1.0%20(Linux%3b%20U%3b%20Android%206.0.1%3b%20SM-T810%20Build%2fMMB29K)%26Host%3dswiftstreamz.com%26Accept-Encoding%3dgzip%26Connection%3dKeep-Alive&amp;mode=1&amp;name=SPORTS%20TV&amp;url=http%3a%2f%2fswiftstreamz.com%2fSwiftStream%2fapi.php%3fcat_id%3d36&quot;,return)</favourite>
<favourite name="UKTurk" thumb="http://metalkettle.co/UKTurk18022016/thumbs/new/Uk%20turk%20thumbnails%20sports.jpg">ActivateWindow(10025,&quot;plugin://plugin.video.ukturk/?description&amp;mode=1&amp;name=Sports&amp;url=http%3A%2F%2Fukturk.offshorepastebin.com%2FUKTurk%2FSportsList.txt&amp;sf_options=&quot;,return)</favourite>   
   <--! favourite name="Sports TVone1" thumb="C:\kodi\portable_data\addons\plugin.video.SportsDevil\resources\images\folder.png">ActivateWindow(10025,&quot;plugin://plugin.video.SportsDevil/?item=title%3dSports%26url%3dhttp%253A%252F%252Fwww.tvone1.tv%26cfg%3dtvone1.tv.cfg%2540Streams%2540Sports%26definedIn%3dtvone1.tv.cfg%26director%3dtvone1.tv%26genre%3dLive%2bTV%26type%3drss&amp;mode=1&quot;,return)</favourite>
	<favourite name="ZemTV Sports" thumb="DefaultFolder.png">ActivateWindow(10025,&quot;plugin://plugin.video.ZemTV-shani/?mode=13&amp;name=Sports&amp;url=Live&amp;sf_options=&quot;,return)</favourite>
	
	<favourite name="[COLOR blue]onDemand[/COLOR]" thumb="">ActivateWindow(10025,&quot;plugin://plugin.video.&quot;,return)</favourite>
	<favourite name="PD Sports" thumb="http://projectd.offshorepastebin.com/images/pdsportbaseball.png">ActivateWindow(10025,&quot;plugin://plugin.video.phstreams/?action=directory&amp;content=0&amp;url=http%3A%2F%2Fprojectd.offshorepastebin.com%2Fpdsports%2Fprojectd.xml&quot;,return)</favourite>
	<favourite name="Phoniex Sports Replays" thumb="http://phoenixtv.offshorepastebin.com/art/tv/phoenixsportsreplays.png">ActivateWindow(10025,&quot;plugin://plugin.video.phstreams/?action=directory&amp;content=0&amp;url=http%3a%2f%2fphoenixtv.offshorepastebin.com%2ftv%2fReplays.xml&quot;,return)</favourite>
	
	<favourite name="[COLOR blue]UNSORTED[/COLOR]" thumb="">ActivateWindow(10025,&quot;plugin://plugin.video.&quot;,return)</favourite>
		<favourite name="Sports Demon" thumb="http://phoenixtv.offshorepastebin.com/art/tv/sportsdemon.jpg">ActivateWindow(10025,&quot;plugin://plugin.video.phstreams/?action=directory&amp;content=0&amp;url=http%3a%2f%2fphoenixtv.offshorepastebin.com%2ftv%2fWizHD.xml&quot;,return)</favourite>
    
    <favourite name="Zodiac" thumb="http://zodiac.offshorepastebin.com/icons/zodiac2017.png">ActivateWindow(10025,&quot;plugin://plugin.video.phstreams/?action=directory&amp;content=0&amp;url=http%3a%2f%2fzodiac.offshorepastebin.com%2fxmls%2fZsports.xml&quot;,return)</favourite>
	
	
	<favourite name="DC Sports" thumb="special://home/addons\plugin.video.DCSports\icon.png">ActivateWindow(10025,&quot;plugin://plugin.video.DCSports/&quot;,return)</favourite>
	<favourite name="NJM-Soccer" thumb="special://home/addons\plugin.video.NJMSoccer\icon.png">ActivateWindow(10025,&quot;plugin://plugin.video.NJMSoccer/&quot;,return)</favourite>
	
	
	<favourite name="PAC12" thumb="http://x.pac-12.com/profiles/pac12/modules/features/pac12_standings/images/pac12.png">ActivateWindow(10025,&quot;plugin://plugin.program.super.favourites/?label=[COLOR azure]College Sports[/COLOR]&amp;mode=400&amp;folder=Sports%5CCollege%20Sports&amp;sf_options=fanart%3DNULL%26_options_sf&quot;,return)</favourite>
	    <favourite name="Big South Sports" thumb="C:\Kodi\portable_data\addons\plugin.video.bigsouth\icon.png">ActivateWindow(10025,&quot;plugin://plugin.video.bigsouth/&quot;,return)</favourite>
	            
	    <favourite name="Boxing Streams (Reddit)" thumb="C:\Kodi\portable_data\addons\plugin.video.sportie\icon.png">ActivateWindow(10025,&quot;plugin://plugin.video.sportie/?fanart=C%3a%5cKodi%5cportable_data%5caddons%5cplugin.video.sportie%5cfanart.jpg&amp;iconimage=C%3a%5cKodi%5cportable_data%5caddons%5cplugin.video.sportie%5cicon.png&amp;mode=319&amp;name=Boxing%20Streams%20(Reddit)&amp;url=https%3a%2f%2fwww.reddit.com%2fr%2fBoxingStreams%2f&quot;,return)</favourite>
    <favourite name="Basketball Streams (Reddit)" thumb="C:\Kodi\portable_data\addons\plugin.video.sportie\icon.png">ActivateWindow(10025,&quot;plugin://plugin.video.sportie/?fanart=C%3a%5cKodi%5cportable_data%5caddons%5cplugin.video.sportie%5cfanart.jpg&amp;iconimage=C%3a%5cKodi%5cportable_data%5caddons%5cplugin.video.sportie%5cicon.png&amp;mode=319&amp;name=Basketball%20Streams%20(Reddit)&amp;url=https%3a%2f%2fwww.reddit.com%2fr%2fbasketballlivestreams%2f&quot;,return)</favourite>
    <favourite name="MLB Streams (Reddit)" thumb="C:\Kodi\portable_data\addons\plugin.video.sportie\icon.png">ActivateWindow(10025,&quot;plugin://plugin.video.sportie/?fanart=C%3a%5cKodi%5cportable_data%5caddons%5cplugin.video.sportie%5cfanart.jpg&amp;iconimage=C%3a%5cKodi%5cportable_data%5caddons%5cplugin.video.sportie%5cicon.png&amp;mode=319&amp;name=MLB%20Streams%20(Reddit)&amp;url=https%3a%2f%2fwww.reddit.com%2fr%2fmlbstreams%2f&quot;,return)</favourite>
    <favourite name="MMA Streams (Reddit)" thumb="C:\Kodi\portable_data\addons\plugin.video.sportie\icon.png">ActivateWindow(10025,&quot;plugin://plugin.video.sportie/?fanart=C%3a%5cKodi%5cportable_data%5caddons%5cplugin.video.sportie%5cfanart.jpg&amp;iconimage=C%3a%5cKodi%5cportable_data%5caddons%5cplugin.video.sportie%5cicon.png&amp;mode=319&amp;name=MMA%20Streams%20(Reddit)&amp;url=https%3a%2f%2fwww.reddit.com%2fr%2fmmastreams%2f&quot;,return)</favourite>
    <favourite name="NBA Streams (Reddit)" thumb="C:\Kodi\portable_data\addons\plugin.video.sportie\icon.png">ActivateWindow(10025,&quot;plugin://plugin.video.sportie/?fanart=C%3a%5cKodi%5cportable_data%5caddons%5cplugin.video.sportie%5cfanart.jpg&amp;iconimage=C%3a%5cKodi%5cportable_data%5caddons%5cplugin.video.sportie%5cicon.png&amp;mode=319&amp;name=NBA%20Streams%20(Reddit)&amp;url=https%3a%2f%2fwww.reddit.com%2fr%2fnbastreams%2f&quot;,return)</favourite>
    <favourite name="WWE Streams (Reddit)" thumb="C:\Kodi\portable_data\addons\plugin.video.sportie\icon.png">ActivateWindow(10025,&quot;plugin://plugin.video.sportie/?fanart=C%3a%5cKodi%5cportable_data%5caddons%5cplugin.video.sportie%5cfanart.jpg&amp;iconimage=C%3a%5cKodi%5cportable_data%5caddons%5cplugin.video.sportie%5cicon.png&amp;mode=319&amp;name=WWE%20Streams%20(Reddit)&amp;url=https%3a%2f%2fwww.reddit.com%2fr%2fWWEstreams%2f&quot;,return)</favourite>

</favourites>