<favourites>
	<favourite name="livefootballvideo.com (highlights)" thumb="special://home/addons\plugin.video.castaway/resources/media/livefootballvideo.png">ActivateWindow(10025,&quot;plugin://plugin.video.castaway/?category=football&amp;mode=open_demand_sport&amp;site=livefootballvideo&amp;sf_options=fanart%3Dspecial%3A%2F%2Fhome%2Faddons%5Cplugin.video.castaway%2Ffanart.jpg%26_options_sf&quot;,return)</favourite>
	<favourite name="Highlights" thumb="DefaultFolder.png">ActivateWindow(10025,&quot;plugin://plugin.video.footballreplays/?iconimage&amp;mode=5&amp;name=Highlights&amp;page=1&amp;url=url&quot;,return)</favourite>
	<favourite name="Highlights" thumb="special://home/addons\plugin.video.football.today\resources/art/videos_highlights.png">ActivateWindow(10025,&quot;plugin://plugin.video.football.today/?action=videos_highlights&amp;sf_options=fanart%3Dspecial%3A%2F%2Fhome%2Faddons%5Cplugin.video.football.today%5Cfanart.jpg%26desc%3DFootball+on+demand%26_options_sf&quot;,return)</favourite>
	<favourite name="Highlights" thumb="special://home/addons\plugin.video.thebeautifulgame\icon.png">ActivateWindow(10025,&quot;plugin://plugin.video.thebeautifulgame/?description&amp;iconimage=C%3a%2fkodi%2fportable_data%2faddons%2fplugin.video.thebeautifulgame%2ficon.png&amp;list&amp;mode=10&amp;name=Highlights&amp;url=url&amp;sf_options=fanart%3Dspecial%3A%2F%2Fhome%2Faddons%5Cplugin.video.thebeautifulgame%5Cart%5Cfanart.jpg%26_options_sf&quot;,return)</favourite>
</favourites>