<favourites>
	<favourite name="[COLOR blue]123Movies[/COLOR]" thumb="special://home/addons\plugin.video.md123movies\icon.png">ActivateWindow(10025,&quot;plugin://plugin.video.md123movies/?description&amp;iconimage=C%3a%5ckodi%5cportable_data%5caddons%5cplugin.video.md123movies%5cicon.png&amp;mode=1&amp;name=%5bB%5d%5bCOLOR%20white%5dLatest%5b%2fCOLOR%5d%5b%2fB%5d&amp;url=http%3a%2f%2f123movies.to%2f%2fmovie%2ffilter%2fall%2flatest%2fall%2fall%2fall&amp;sf_options=fanart%3Dspecial%3A%2F%2Fhome%2Faddons%5Cplugin.video.md123movies%5Cfanart.jpg%26_options_sf&quot;,return)</favourite>
	<favourite name="[COLOR blue]HuluBox[/COLOR]" thumb="special://home/addons\plugin.video.hulubox\icon.png">10025_:_10025_:_10025_:_10025_:_10025_:_10025_:_10025_:_ActivateWindow(10025,&quot;plugin://plugin.video.hulubox/?description&amp;iconimage=C%3a%5ckodi%5cportable_data%5caddons%5cplugin.video.hulubox%5cicon.png&amp;mode=1&amp;name=Recently%20Added&amp;url=http%3a%2f%2fwww.hulubox.com%2fcategory%2fall%2f&amp;sf_options=fanart%3Dspecial%3A%2F%2Fhome%2Faddons%5Cplugin.video.hulubox%5Cfanart.jpg%26_options_sf&quot;,return)</favourite>
	<favourite name="[COLOR blue]LatestDude[/COLOR]" thumb="special://home/addons\plugin.video.lmER/icons/lm.png">10025_:_10025_:_10025_:_10025_:_10025_:_10025_:_10025_:_ActivateWindow(10025,&quot;plugin://plugin.video.lmER/?mode=GetTitles&amp;numOfPages=1&amp;section=ALL&amp;startPage=1&amp;url=http%3a%2f%2flatestdude.com%2f%2fcategory%2fenglish%2f&amp;sf_options=fanart%3Dhttp%3A%2F%2Fwww.htbackdrops.org%2Fv2%2Falbums%2Fuserpics%2F10097%2Forig_oefg_kino_im_kesselhaus.jpg%26_options_sf&quot;,return)</favourite>
	<favourite name="PubFilm" thumb="special://home/addons\plugin.video.mdpubfilm\icon.png">ActivateWindow(10025,&quot;plugin://plugin.video.mdpubfilm/?description&amp;iconimage=C%3a%5ckodi%5cportable_data%5caddons%5cplugin.video.mdpubfilm%5cicon.png&amp;mode=1&amp;name=%5bB%5d%5bCOLOR%20white%5dMovies%5b%2fCOLOR%5d%5b%2fB%5d&amp;url=http%3a%2f%2fpubfilm.com%2ftag%2fmovies&amp;sf_options=fanart%3Dspecial%3A%2F%2Fhome%2Faddons%5Cplugin.video.mdpubfilm%5Cfanart.jpg%26_options_sf&quot;,return)</favourite>
	<favourite name="FilmDictator" thumb="special://home/addons\plugin.video.filmdictator\icon.png">10025_:_10025_:_10025_:_10025_:_10025_:_10025_:_10025_:_ActivateWindow(10025,&quot;plugin://plugin.video.filmdictator/?description&amp;mode=1&amp;name=Recently%20Added&amp;url=http%3a%2f%2ffilmdictator.com%2f%3ffiltre%3ddate%26cat%3d0&amp;sf_options=fanart%3Dspecial%3A%2F%2Fhome%2Faddons%5Cplugin.video.filmdictator%5Cfanart.jpg%26_options_sf&quot;,return)</favourite>
	<favourite name="" thumb="">10025_:_10025_:_10025_:_10025_:_10025_:_10025_:_10025_:_PlayMedia(&quot;plugin://plugin.video.none?sf_options=winID%3D10025%26_options_sf&quot;,return)</favourite>
	<favourite name="[COLOR blue]Movie Night[/COLOR]" thumb="special://home/addons\plugin.video.movienight\icon.png">10025_:_10025_:_10025_:_10025_:_10025_:_10025_:_10025_:_ActivateWindow(10025,&quot;plugin://plugin.video.movienight/?description&amp;mode=1&amp;name=New%20Releases&amp;url=http%3a%2f%2fmovienight.ws%2f&amp;sf_options=fanart%3Dspecial%3A%2F%2Fhome%2Faddons%5Cplugin.video.movienight%5Cfanart.jpg%26_options_sf&quot;,return)</favourite>
	<favourite name="9Movies" thumb="special://home/addons\plugin.video.md9movies\icon.png">ActivateWindow(10025,&quot;plugin://plugin.video.md9movies/?description&amp;iconimage=C%3a%5ckodi%5cportable_data%5caddons%5cplugin.video.md9movies%5cicon.png&amp;mode=1&amp;name=%5bB%5d%5bCOLOR%20white%5dLatest%5b%2fCOLOR%5d%5b%2fB%5d&amp;url=http%3a%2f%2f9movies.to%2f%2ffilter%3fsort%3dpost_date%26type%255B%255D%3dmovie&amp;sf_options=fanart%3Dspecial%3A%2F%2Fhome%2Faddons%5Cplugin.video.md9movies%5Cfanart.jpg%26_options_sf&quot;,return)</favourite>
	<favourite name="XMovies8" thumb="special://home/addons\plugin.video.xmovies8\icon.png">ActivateWindow(10025,&quot;plugin://plugin.video.xmovies8/?description&amp;iconimage=C%3a%5ckodi%5cportable_data%5caddons%5cplugin.video.xmovies8%5cicon.png&amp;mode=1&amp;name=New%20Movies&amp;url=http%3a%2f%2fxmovies8.tv%2fnew%2fpage%2f1&amp;sf_options=fanart%3Dspecial%3A%2F%2Fhome%2Faddons%5Cplugin.video.xmovies8%5Cfanart.jpg%26_options_sf&quot;,return)</favourite>
	<favourite name="ViewMovies" thumb="special://home/addons\plugin.video.viewmovies\icon.png">10025_:_10025_:_10025_:_10025_:_10025_:_10025_:_10025_:_ActivateWindow(10025,&quot;plugin://plugin.video.viewmovies/?description&amp;mode=1&amp;name=Recently%20Added%20Movies&amp;url=http%3a%2f%2fwww.viewmovies.is%2fcategory%2fmovies%2f%3ffiltre%3ddate&amp;sf_options=fanart%3Dspecial%3A%2F%2Fhome%2Faddons%5Cplugin.video.viewmovies%5Cfanart.jpg%26_options_sf&quot;,return)</favourite>
	<favourite name="" thumb="">10025_:_10025_:_10025_:_10025_:_10025_:_10025_:_10025_:_PlayMedia(&quot;plugin://plugin.video.none?sf_options=winID%3D10025%26_options_sf&quot;,return)</favourite>
	<favourite name="PrimeWire" thumb="art\themes\Classic\featured.jpg">10025_:_10025_:_10025_:_10025_:_10025_:_10025_:_10025_:_ActivateWindow(10025,&quot;plugin://plugin.video.1channel/?mode=GetFilteredResults&amp;section=movie&amp;sort=featured&amp;sf_options=&quot;,return)</favourite>
	<favourite name="Newly Added" thumb="http://s3.postimg.org/58uxtll6r/New_Releases.jpg">ActivateWindow(10025,&quot;plugin://plugin.video.phstreams/?action=ndmode&amp;audio=0&amp;content=0&amp;fanart=http%3a%2f%2fimg05.deviantart.net%2f6db8%2fi%2f2013%2f337%2fb%2ff%2fuprising_of_the_mockingjay_by_sikundoto-d6wm4rz.jpg&amp;image=http%3a%2f%2fs3.postimg.org%2f58uxtll6r%2fNew_Releases.jpg&amp;name=New%20Releases&amp;playable=false&amp;tvshow=0&amp;url=http%3a%2f%2fgibraltar.watchkodi.com%2fMovies%2fLatestRelease.xml&amp;sf_options=fanart%3Dhttp%3A%2F%2Fimg05.deviantart.net%2F6db8%2Fi%2F2013%2F337%2Fb%2Ff%2Fuprising_of_the_mockingjay_by_sikundoto-d6wm4rz.jpg%26desc%3DDiscover+Great+Streaming+Playlists%21%26_options_sf&quot;,return)</favourite>
	<favourite name="New Movies" thumb="">ActivateWindow(10025,&quot;plugin://plugin.video.ukturk/?description&amp;iconimage=http%3a%2f%2fmetalkettle.co%2fUKTurk2%2fmovies%2fthumbs%2fUk%2520turk%2520thumbnails%2520new%2520movies.jpg&amp;mode=1&amp;name=New%20Movies&amp;url=http%3a%2f%2fmetalkettle.co%2fUKTurk2%2fmovies%2fNew%20Movies.txt&amp;sf_options=fanart%3Dspecial%3A%2F%2Fhome%2Faddons%5Cplugin.video.ukturk%5Cfanart.jpg%26_options_sf&quot;,return)</favourite>
</favourites>