<favourites>
	<favourite name="Live Games - StreamHunter" thumb="special://home/addons\plugin.video.SportsDevil\resources\images\lshunter_tv.png">ActivateWindow(10025,&quot;plugin://plugin.video.SportsDevil/?item=title%3dNFL%26url%3dhttp%253A%252F%252Fwww.batmanstream.com%252Fnfl-live-streaming-video-2016-2.html%26cfg%3dlshunter-new.cfg%2540Events%26definedIn%3dlivesports%252Flshunter-new.cfg%26director%3dLSHunter.tv%26genre%3dLive%2bSports%26type%3drss%26icon%3dC%253A%255Ckodi%255Cportable_data%255Caddons%255Cplugin.video.SportsDevil%255Cresources%255Cimages%255Clshunter_tv.png&amp;mode=1&quot;,return)</favourite>
	<favourite name="Live Games - B-Streams" thumb="special://home/addons\plugin.video.SportsDevil\resources\images\sports/American Football.png">ActivateWindow(10025,&quot;plugin://plugin.video.SportsDevil/?item=title%3dBundesliga-Streams.net%26url%3dlivesports%252Fbundesliga-streams.net.cfg%26definedIn%3dlivesports.cfg%26director%3dbundesliga-streams.net%26genre%3dLive%2bSports%26type%3drss%26icon%3dC%253A%255Ckodi%255Cportable_data%255Caddons%255Cplugin.video.SportsDevil%255Cresources%255Cimages%255Cbundesligastream.png&amp;mode=1&quot;,return)</favourite>
	<favourite name="LiveGames - DimSports" thumb="special://home/addons\plugin.video.SportsDevil\resources\images\sports/American Football.png">ActivateWindow(10025,&quot;plugin://plugin.video.SportsDevil/?item=title%3dAmerican%2bFootball%26url%3dhttp%253A%252F%252Fwww.idimsports.eu%252Famerican-football.html%26cfg%3ddimsports.eu.links.cfg%26definedIn%3dlivesports%252Fdimsports.eu.cfg%26director%3ddimsports.eu%26genre%3dLive%2bSports%26type%3drss%26icon%3dC%253A%255Ckodi%255Cportable_data%255Caddons%255Cplugin.video.SportsDevil%255Cresources%255Cimages%255Csports%252FAmerican%2bFootball.png&amp;mode=1&quot;,return)</favourite>
	<favourite name="Live Games - VipBox" thumb="special://home/addons\plugin.video.SportsDevil\resources\images\sports/American Football.png">ActivateWindow(10025,&quot;plugin://plugin.video.SportsDevil/?item=title%3dAmerican%2bFootball%26url%3dhttp%253A%252F%252Fwww.vipbox.nu%252Fsports%252Famerican-football.html%26cfg%3dvipbox.tv.events.cfg%26definedIn%3dlivesports%252Fvipbox.tv.cfg%26director%3dVipBox.tv%26genre%3dLive%2bSports%26type%3drss%26icon%3dC%253A%255Ckodi%255Cportable_data%255Caddons%255Cplugin.video.SportsDevil%255Cresources%255Cimages%255Csports%252FAmerican%2bFootball.png&amp;mode=1&quot;,return)</favourite>
	<favourite name="Live Events" thumb="http://icons.iconarchive.com/icons/joker-design/3d-sports/128/sailing-ship-icon.png">ActivateWindow(10025,&quot;plugin://plugin.program.super.favourites/?label=Live Events&amp;mode=400&amp;folder=Sports%2FLive%20Events&amp;sf_options=fanart%3DC%3A%5Ckodi%5Caddons%5Cplugin.program.super.favourites%5Cfanart.jpg%26_options_sf&quot;)</favourite>
</favourites>