<favourites>
	<favourite name="[COLOR white]fitness[/COLOR]" thumb="http://kodistream.info/MainLogos/dantheman.png">ActivateWindow(10025,&quot;plugin://plugin.video.RobinHood-PPL-List/?fanart=http%3a%2f%2fkodistream.info%2fMainLogos%2fmain%2520background.jpg&amp;mode=1&amp;name=%5bCOLOR%20white%5dfitness%5b%2fCOLOR%5d&amp;url=http%3a%2f%2fdantheman.kodistream.info%2fdantheman%2ffitness.xml&amp;sf_options=fanart%3Dhttp%3A%2F%2Fkodistream.info%2FMainLogos%2Fmain%2520background.jpg%26_options_sf&quot;,return)</favourite>
	<favourite name="[COLOR white][B]FITNESS[/B][/COLOR]" thumb="http://s6.postimg.org/446p16jz5/Befit.png">ActivateWindow(10025,&quot;plugin://plugin.video.zeus/?description&amp;iconimage=http%3a%2f%2fs6.postimg.org%2f446p16jz5%2fBefit.png&amp;mode=6&amp;name=%5bCOLOR%20white%5d%5bB%5dFITNESS%5b%2fB%5d%5b%2fCOLOR%5d&amp;url=Z1E02NwS&amp;sf_options=fanart%3Dhttp%3A%2F%2Fs6.postimg.org%2F446p16jz5%2FBefit.png%26_options_sf&quot;,return)</favourite>
	<favourite name="[COLOR red][COLOR white]FITNESS[COLOR red] [COLOR lime][/COLOR][/COLOR]" thumb="http://i1295.photobucket.com/albums/b636/beatbox8501/FITNESS_zpsef9go3z1.png">ActivateWindow(10025,&quot;plugin://plugin.video.streamengine/?date&amp;description&amp;iconimage=http%3a%2f%2fi1295.photobucket.com%2falbums%2fb636%2fbeatbox8501%2fFITNESS_zpsef9go3z1.png&amp;mode=1&amp;name=%5bCOLOR%20red%5d%5bCOLOR%20white%5dFITNESS%5bCOLOR%20red%5d%20%5bCOLOR%20lime%5d%5b%2fCOLOR%5d%5b%2fCOLOR%5d&amp;page&amp;play&amp;url=https%3a%2f%2fpastebin.com%2fraw.php%3fi%3dqTYGkdxm&amp;sf_options=fanart%3Dhttp%3A%2F%2Fi1295.photobucket.com%2Falbums%2Fb636%2Fbeatbox8501%2Fwallpaper_zpsopwvguho.jpg%26_options_sf&quot;,return)</favourite>
	<favourite name="[COLOR hotpink]Yoga[/COLOR]" thumb="http://s6.postimg.org/erfecqr41/Yoga.png">ActivateWindow(10025,&quot;plugin://plugin.video.phstreams/?action=ndmode&amp;audio=0&amp;content=0&amp;fanart=http%3a%2f%2fimg0.cfstatic.com%2fwallpapers%2f072d58c7d05eb35908aee59f60589cd1_large.jpeg&amp;image=http%3a%2f%2fs6.postimg.org%2ferfecqr41%2fYoga.png&amp;name=%5bCOLOR%20hotpink%5dYoga%5b%2fCOLOR%5d&amp;playable=false&amp;tvshow=0&amp;url=http%3a%2f%2fhonolulu.watchkodi.com%2fFitness%2fYoga.xml&amp;sf_options=fanart%3Dhttp%3A%2F%2Fimg0.cfstatic.com%2Fwallpapers%2F072d58c7d05eb35908aee59f60589cd1_large.jpeg%26desc%3DDiscover+Great+Streaming+Playlists%21%26_options_sf&quot;,return)</favourite>
	<favourite name="[COLOR hotpink]Strength[/COLOR]" thumb="http://s6.postimg.org/nxxp00wch/Strength.png">ActivateWindow(10025,&quot;plugin://plugin.video.phstreams/?action=ndmode&amp;audio=0&amp;content=0&amp;fanart=http%3a%2f%2fimg0.cfstatic.com%2fwallpapers%2f072d58c7d05eb35908aee59f60589cd1_large.jpeg&amp;image=http%3a%2f%2fs6.postimg.org%2fnxxp00wch%2fStrength.png&amp;name=%5bCOLOR%20hotpink%5dStrength%5b%2fCOLOR%5d&amp;playable=false&amp;tvshow=0&amp;url=http%3a%2f%2fhonolulu.watchkodi.com%2fFitness%2fStrength.xml&amp;sf_options=fanart%3Dhttp%3A%2F%2Fimg0.cfstatic.com%2Fwallpapers%2F072d58c7d05eb35908aee59f60589cd1_large.jpeg%26desc%3DDiscover+Great+Streaming+Playlists%21%26_options_sf&quot;,return)</favourite>
	<favourite name="[COLOR hotpink]Sculpt[/COLOR]" thumb="http://s6.postimg.org/fr5p8g69t/Sculpt.png">ActivateWindow(10025,&quot;plugin://plugin.video.phstreams/?action=ndmode&amp;audio=0&amp;content=0&amp;fanart=http%3a%2f%2fimg0.cfstatic.com%2fwallpapers%2f072d58c7d05eb35908aee59f60589cd1_large.jpeg&amp;image=http%3a%2f%2fs6.postimg.org%2ffr5p8g69t%2fSculpt.png&amp;name=%5bCOLOR%20hotpink%5dSculpt%5b%2fCOLOR%5d&amp;playable=false&amp;tvshow=0&amp;url=http%3a%2f%2fhonolulu.watchkodi.com%2fFitness%2fSculpt.xml&amp;sf_options=fanart%3Dhttp%3A%2F%2Fimg0.cfstatic.com%2Fwallpapers%2F072d58c7d05eb35908aee59f60589cd1_large.jpeg%26desc%3DDiscover+Great+Streaming+Playlists%21%26_options_sf&quot;,return)</favourite>
	<favourite name="[COLOR hotpink]Dance[/COLOR]" thumb="http://s6.postimg.org/ojmnw4rep/Dance.png">ActivateWindow(10025,&quot;plugin://plugin.video.phstreams/?action=ndmode&amp;audio=0&amp;content=0&amp;fanart=http%3a%2f%2fimg0.cfstatic.com%2fwallpapers%2f072d58c7d05eb35908aee59f60589cd1_large.jpeg&amp;image=http%3a%2f%2fs6.postimg.org%2fojmnw4rep%2fDance.png&amp;name=%5bCOLOR%20hotpink%5dDance%5b%2fCOLOR%5d&amp;playable=false&amp;tvshow=0&amp;url=http%3a%2f%2fhonolulu.watchkodi.com%2fFitness%2fDance.xml&amp;sf_options=fanart%3Dhttp%3A%2F%2Fimg0.cfstatic.com%2Fwallpapers%2F072d58c7d05eb35908aee59f60589cd1_large.jpeg%26desc%3DDiscover+Great+Streaming+Playlists%21%26_options_sf&quot;,return)</favourite>
	<favourite name="[COLOR hotpink]Insanity[/COLOR]" thumb="http://s6.postimg.org/btifj1jgh/Insanity.png">ActivateWindow(10025,&quot;plugin://plugin.video.phstreams/?action=ndmode&amp;audio=0&amp;content=0&amp;fanart=http%3a%2f%2fimg0.cfstatic.com%2fwallpapers%2f072d58c7d05eb35908aee59f60589cd1_large.jpeg&amp;image=http%3a%2f%2fs6.postimg.org%2fbtifj1jgh%2fInsanity.png&amp;name=%5bCOLOR%20hotpink%5dInsanity%5b%2fCOLOR%5d&amp;playable=false&amp;tvshow=0&amp;url=http%3a%2f%2fhonolulu.watchkodi.com%2fFitness%2fInsanity.xml&amp;sf_options=fanart%3Dhttp%3A%2F%2Fimg0.cfstatic.com%2Fwallpapers%2F072d58c7d05eb35908aee59f60589cd1_large.jpeg%26desc%3DDiscover+Great+Streaming+Playlists%21%26_options_sf&quot;,return)</favourite>
	<favourite name="[COLOR hotpink]Cardio[/COLOR]" thumb="http://s6.postimg.org/i4nmzgkox/Cardio.png">ActivateWindow(10025,&quot;plugin://plugin.video.phstreams/?action=ndmode&amp;audio=0&amp;content=0&amp;fanart=http%3a%2f%2fimg0.cfstatic.com%2fwallpapers%2f072d58c7d05eb35908aee59f60589cd1_large.jpeg&amp;image=http%3a%2f%2fs6.postimg.org%2fi4nmzgkox%2fCardio.png&amp;name=%5bCOLOR%20hotpink%5dCardio%5b%2fCOLOR%5d&amp;playable=false&amp;tvshow=0&amp;url=http%3a%2f%2fhonolulu.watchkodi.com%2fFitness%2fCardio.xml&amp;sf_options=fanart%3Dhttp%3A%2F%2Fimg0.cfstatic.com%2Fwallpapers%2F072d58c7d05eb35908aee59f60589cd1_large.jpeg%26desc%3DDiscover+Great+Streaming+Playlists%21%26_options_sf&quot;,return)</favourite>
	<favourite name="[COLOR aqua]Yoga[/COLOR]" thumb="http://s21.postimg.org/c4ke1f1br/5487402.jpg">ActivateWindow(10025,&quot;plugin://plugin.video.dijentertainments/?description&amp;mode=1&amp;name=%5bCOLOR%20aqua%5dYoga%5b%2fCOLOR%5d&amp;url=https%3a%2f%2fraw.github.com%2fdjjohnnyb15%2fdij-entertainments%2fmaster%2fDirectory%2fMovies%2ffitness%2fYoga.xml&amp;sf_options=fanart%3Dhttp%3A%2F%2Fs9.postimg.org%2Fncev1rcbj%2Ffitness_word_motivation.jpg%26_options_sf&quot;,return)</favourite>
	<favourite name="[COLOR aqua]Shaun T Insanity[/COLOR]" thumb="http://s10.postimg.org/p8dqbiqjt/cover.jpg">ActivateWindow(10025,&quot;plugin://plugin.video.dijentertainments/?description&amp;mode=1&amp;name=%5bCOLOR%20aqua%5dShaun%20T%20Insanity%5b%2fCOLOR%5d&amp;url=https%3a%2f%2fraw.github.com%2fdjjohnnyb15%2fdij-entertainments%2fmaster%2fDirectory%2fMovies%2ffitness%2fInsanity.xml&amp;sf_options=fanart%3Dhttp%3A%2F%2Fs9.postimg.org%2Fncev1rcbj%2Ffitness_word_motivation.jpg%26_options_sf&quot;,return)</favourite>
	<favourite name="Youtube Workouts" thumb="http://shadowcrew.info/twins/Logos/yt-workout_thumb.jpg">ActivateWindow(10025,&quot;plugin://plugin.video.RobinHood-PPL-List/?fanart=http%3a%2f%2fshadowcrew.info%2ftwins%2fLogos%2fFitness_fanart.jpg&amp;mode=1&amp;name=Youtube%20Workouts&amp;url=http%3a%2f%2fshadowcrew.info%2ftwins%2fFitness%2fYoutube_workouts.xml&amp;sf_options=fanart%3Dhttp%3A%2F%2Fshadowcrew.info%2Ftwins%2FLogos%2FFitness_fanart.jpg%26_options_sf&quot;,return)</favourite>
	<favourite name="KIANA TOM Workout" thumb="http://lmclients.com/kiana/images/Kiana%20Tom%20Download%203.jpg">ActivateWindow(10025,&quot;plugin://plugin.video.phstreams/?action=ndmode&amp;audio=0&amp;content=0&amp;fanart=http%3a%2f%2fimg0.ndsstatic.com%2fwallpapers%2fc68592a4fe5ad5ef984b45243fd6f3f4_large.jpeg&amp;image=http%3a%2f%2flmclients.com%2fkiana%2fimages%2fKiana%2520Tom%2520Download%25203.jpg&amp;name=KIANA%20TOM%20Workout&amp;playable=false&amp;tvshow=0&amp;url=http%3a%2f%2fgibraltar.watchkodi.com%2ffitness%2fKIANA.xml&amp;sf_options=fanart%3Dhttp%3A%2F%2Fimg0.ndsstatic.com%2Fwallpapers%2Fc68592a4fe5ad5ef984b45243fd6f3f4_large.jpeg%26desc%3DDiscover+Great+Streaming+Playlists%21%26_options_sf&quot;,return)</favourite>
	<favourite name="ARNOLD SCHWARZENEGGER BLUEPRINT VIDEOS" thumb="http://www.bodybuilding.com/fun/images/2014/arnold-schwarzenegger-blueprint-trainer.jpg">ActivateWindow(10025,&quot;plugin://plugin.video.phstreams/?action=ndmode&amp;audio=0&amp;content=0&amp;fanart=http%3a%2f%2fimg0.ndsstatic.com%2fwallpapers%2fc68592a4fe5ad5ef984b45243fd6f3f4_large.jpeg&amp;image=http%3a%2f%2fwww.bodybuilding.com%2ffun%2fimages%2f2014%2farnold-schwarzenegger-blueprint-trainer.jpg&amp;name=ARNOLD%20SCHWARZENEGGER%20BLUEPRINT%20VIDEOS&amp;playable=false&amp;tvshow=0&amp;url=http%3a%2f%2fgibraltar.watchkodi.com%2ffitness%2farnold.xml&amp;sf_options=fanart%3Dhttp%3A%2F%2Fimg0.ndsstatic.com%2Fwallpapers%2Fc68592a4fe5ad5ef984b45243fd6f3f4_large.jpeg%26desc%3DDiscover+Great+Streaming+Playlists%21%26_options_sf&quot;,return)</favourite>
	<favourite name="Buti Fitness Workout" thumb="http://www.dirtyandthirty.com/wp-content/uploads/2013/01/buti-1.jpg">ActivateWindow(10025,&quot;plugin://plugin.video.phstreams/?action=ndmode&amp;audio=0&amp;content=0&amp;fanart=http%3a%2f%2fimg0.ndsstatic.com%2fwallpapers%2fc68592a4fe5ad5ef984b45243fd6f3f4_large.jpeg&amp;image=http%3a%2f%2fwww.dirtyandthirty.com%2fwp-content%2fuploads%2f2013%2f01%2fbuti-1.jpg&amp;name=Buti%20Fitness%20Workout&amp;playable=false&amp;tvshow=0&amp;url=http%3a%2f%2fgibraltar.watchkodi.com%2ffitness%2fbuti.xml&amp;sf_options=fanart%3Dhttp%3A%2F%2Fimg0.ndsstatic.com%2Fwallpapers%2Fc68592a4fe5ad5ef984b45243fd6f3f4_large.jpeg%26desc%3DDiscover+Great+Streaming+Playlists%21%26_options_sf&quot;,return)</favourite>
	<favourite name="KettleWorx Workout" thumb="http://www.kettleworx.com/images/products_banner.jpg">ActivateWindow(10025,&quot;plugin://plugin.video.phstreams/?action=ndmode&amp;audio=0&amp;content=0&amp;fanart=http%3a%2f%2fimg0.ndsstatic.com%2fwallpapers%2fc68592a4fe5ad5ef984b45243fd6f3f4_large.jpeg&amp;image=http%3a%2f%2fwww.kettleworx.com%2fimages%2fproducts_banner.jpg&amp;name=KettleWorx%20Workout&amp;playable=false&amp;tvshow=0&amp;url=http%3a%2f%2fgibraltar.watchkodi.com%2ffitness%2fkettle.xml&amp;sf_options=fanart%3Dhttp%3A%2F%2Fimg0.ndsstatic.com%2Fwallpapers%2Fc68592a4fe5ad5ef984b45243fd6f3f4_large.jpeg%26desc%3DDiscover+Great+Streaming+Playlists%21%26_options_sf&quot;,return)</favourite>
	<favourite name="INSANITY" thumb="http://static.tumblr.com/6d8bf8f8331ce86095b06911c7cbcb40/q4vyzqp/GUCn40sqe/tumblr_static_3hnjth0qmtog480080cg8w48g.jpg">ActivateWindow(10025,&quot;plugin://plugin.video.phstreams/?action=ndmode&amp;audio=0&amp;content=0&amp;fanart=http%3a%2f%2fimg0.ndsstatic.com%2fwallpapers%2fc68592a4fe5ad5ef984b45243fd6f3f4_large.jpeg&amp;image=http%3a%2f%2fstatic.tumblr.com%2f6d8bf8f8331ce86095b06911c7cbcb40%2fq4vyzqp%2fGUCn40sqe%2ftumblr_static_3hnjth0qmtog480080cg8w48g.jpg&amp;name=INSANITY&amp;playable=false&amp;tvshow=0&amp;url=http%3a%2f%2fgibraltar.watchkodi.com%2ffitness%2finsanity.xml&amp;sf_options=fanart%3Dhttp%3A%2F%2Fimg0.ndsstatic.com%2Fwallpapers%2Fc68592a4fe5ad5ef984b45243fd6f3f4_large.jpeg%26desc%3DDiscover+Great+Streaming+Playlists%21%26_options_sf&quot;,return)</favourite>
	<favourite name="BILLY BANKS" thumb="http://www.titletrakk.com/Images/movies-dvds/tae-bo-ultimate-300.jpg">ActivateWindow(10025,&quot;plugin://plugin.video.phstreams/?action=ndmode&amp;audio=0&amp;content=0&amp;fanart=http%3a%2f%2fimg0.ndsstatic.com%2fwallpapers%2fc68592a4fe5ad5ef984b45243fd6f3f4_large.jpeg&amp;image=http%3a%2f%2fwww.titletrakk.com%2fImages%2fmovies-dvds%2ftae-bo-ultimate-300.jpg&amp;name=BILLY%20BANKS&amp;playable=false&amp;tvshow=0&amp;url=http%3a%2f%2fgibraltar.watchkodi.com%2ffitness%2fbillybanks.xml&amp;sf_options=fanart%3Dhttp%3A%2F%2Fimg0.ndsstatic.com%2Fwallpapers%2Fc68592a4fe5ad5ef984b45243fd6f3f4_large.jpeg%26desc%3DDiscover+Great+Streaming+Playlists%21%26_options_sf&quot;,return)</favourite>
	<favourite name="Shaun T&apos;s FOCUS T25 Workout" thumb="http://groups.teamintegrity.ca/wp-content/uploads/2014/04/T25.jpg">ActivateWindow(10025,&quot;plugin://plugin.video.phstreams/?action=ndmode&amp;audio=0&amp;content=0&amp;fanart=http%3a%2f%2fimg0.ndsstatic.com%2fwallpapers%2fc68592a4fe5ad5ef984b45243fd6f3f4_large.jpeg&amp;image=http%3a%2f%2fgroups.teamintegrity.ca%2fwp-content%2fuploads%2f2014%2f04%2fT25.jpg&amp;name=Shaun%20T%27s%20FOCUS%20T25%20Workout&amp;playable=false&amp;tvshow=0&amp;url=http%3a%2f%2fgibraltar.watchkodi.com%2ffitness%2ffocus25.xml&amp;sf_options=fanart%3Dhttp%3A%2F%2Fimg0.ndsstatic.com%2Fwallpapers%2Fc68592a4fe5ad5ef984b45243fd6f3f4_large.jpeg%26desc%3DDiscover+Great+Streaming+Playlists%21%26_options_sf&quot;,return)</favourite>
	<favourite name="Scottish Ballet &amp; Fitness" thumb="https://pbs.twimg.com/profile_images/2035410981/3499857_300_400x400.jpg">ActivateWindow(10025,&quot;plugin://plugin.video.phstreams/?action=ndmode&amp;audio=0&amp;content=0&amp;fanart=http%3a%2f%2fimg0.ndsstatic.com%2fwallpapers%2fc68592a4fe5ad5ef984b45243fd6f3f4_large.jpeg&amp;image=https%3a%2f%2fpbs.twimg.com%2fprofile_images%2f2035410981%2f3499857_300_400x400.jpg&amp;name=Scottish%20Ballet%20%26%20Fitness&amp;playable=false&amp;tvshow=0&amp;url=http%3a%2f%2fgibraltar.watchkodi.com%2ffitness%2fscottish.xml&amp;sf_options=fanart%3Dhttp%3A%2F%2Fimg0.ndsstatic.com%2Fwallpapers%2Fc68592a4fe5ad5ef984b45243fd6f3f4_large.jpeg%26desc%3DDiscover+Great+Streaming+Playlists%21%26_options_sf&quot;,return)</favourite>
	<favourite name="Total Body Sculpt" thumb="http://cdn3.volusion.com/bawkl.wuacb/v/vspfiles/photos/TBS-FUNC-2.jpg">ActivateWindow(10025,&quot;plugin://plugin.video.phstreams/?action=ndmode&amp;audio=0&amp;content=0&amp;fanart=http%3a%2f%2fimg0.ndsstatic.com%2fwallpapers%2fc68592a4fe5ad5ef984b45243fd6f3f4_large.jpeg&amp;image=http%3a%2f%2fcdn3.volusion.com%2fbawkl.wuacb%2fv%2fvspfiles%2fphotos%2fTBS-FUNC-2.jpg&amp;name=Total%20Body%20Sculpt&amp;playable=false&amp;tvshow=0&amp;url=http%3a%2f%2fgibraltar.watchkodi.com%2ffitness%2fbodysculpt.xml&amp;sf_options=fanart%3Dhttp%3A%2F%2Fimg0.ndsstatic.com%2Fwallpapers%2Fc68592a4fe5ad5ef984b45243fd6f3f4_large.jpeg%26desc%3DDiscover+Great+Streaming+Playlists%21%26_options_sf&quot;,return)</favourite>
</favourites>