<favourites>
	<favourite name="CBSNews.com" thumb="http://addonscriptorde-beta-repo.googlecode.com/svn/trunk/plugin.video.cbsnews_com/icon.png">ActivateWindow(10025,&quot;plugin://plugin.video.cbsnews_com?sf_options=fanart%3Dhttp%3A%2F%2Faddonscriptorde-beta-repo.googlecode.com%2Fsvn%2Ftrunk%2Fplugin.video.cbsnews_com%2Ffanart.jpg%26winID%3D10025%26desc%3DVarious+news+and+shows+%2860+Minutes%2C+48+Hours%2C+...%29%26_options_sf&quot;,return)</favourite>
	<favourite name="CBSN OnDemand" thumb="http://buysmarttvbox.com/wp-content/uploads/2015/01/cbsn_news_live2.jpg">ActivateWindow(10025,&quot;plugin://plugin.video.cbsn?sf_options=fanart%3Dspecial%3A%2F%2Fhome%2Faddons%5Cplugin.video.cbsn%5Cfanart.jpg%26desc%3DCBSN+News+Live.+CBSN+News+video+feed+with+upto+1080+resolution.%26_options_sf&quot;,return)</favourite>
	<favourite name="MSNBC OnDemand" thumb="special://home/addons\plugin.video.ustvvod\resources\images\msnbc.png">ActivateWindow(10025,&quot;plugin://plugin.video.ustvvod/?fanart=%22C%3a%5ckodi%5cportable_data%5caddons%5cplugin.video.ustvvod%5cfanart.jpg%22&amp;mode=%22msnbc%22&amp;name=%22MSNBC%22&amp;sitemode=%22rootlist%22&amp;thumb=%22C%3a%5ckodi%5cportable_data%5caddons%5cplugin.video.ustvvod%5cresources%5cimages%5cmsnbc.png%22&amp;url=%22%22&quot;)</favourite>
	<favourite name="FOX News OnDemand" thumb="https://yt3.ggpht.com/-hWfA4bcw9-0/AAAAAAAAAAI/AAAAAAAAAAA/vIRaFanM9JE/s240-c-k-no/photo.jpg">PlayMedia(&quot;plugin://plugin.video.youtube/user/foxnewschannel/&quot;,isdir)?sf_options=winID%3D10025%26_options_sf&quot;)</favourite>
	<favourite name="Democracy Now!" thumb="https://lh6.ggpht.com/vXEuZkQFDSNZgY2G478AQ-XyXxMI1l98PDSIZUkD1wY-HBGSb6vMAap7wKr2pCfaUg=w300">ActivateWindow(10025,&quot;plugin://plugin.video.democracynow?sf_options=fanart%3Dspecial%3A%2F%2Fhome%2Faddons%5Cplugin.video.democracynow%5Cfanart.jpg%26desc%3DDemocracy+Now%21+is+a+syndicated+program+of+news%2C+analysis%2C+and+opinion+aired+by+more+than+700+radio+and+television%2C+satellite+and+cable+TV+networks+in+North+America.+Democracy+Now%21+serves+as+the+flagship+program+for+the+Pacifica+Radio+network.%26_options_sf&quot;,return)</favourite>
	<favourite name="Dateline" thumb="">ActivateWindow(10025,&quot;plugin://plugin.video.wnbc/&amp;sf_options=?mode=GS&amp;url=%2fdata%2fnode%2f209511%2fvideo_carousel&quot;,return)</favourite>
</favourites>