<favourites>
	<favourite name="Cable Channels" thumb="http://magicdroidtv.com/wp-content/uploads/2013/10/more_channels_free_-tv_Streaming-TV_cable-TV.png">RunScript(&quot;script.tvguidetecbox.cable&quot;,return)</favourite>
	<favourite name="Movies" thumb="http://www.corusent.com/wp-content/uploads/2015/07/logos_tv_paytv_moviecentral.png">RunScript(&quot;script.tvguidetecbox.movies&quot;)</favourite>
	<favourite name="Kids" thumb="http://a5.mzstatic.com/us/r30/Purple/v4/ef/00/66/ef0066b8-ddce-b486-39f7-916baa7d1c1c/icon175x175.png">RunScript(&quot;script.tvguidetecbox.kids&quot;)</favourite>
	<favourite name="News" thumb="http://www.tunisvista.com/journaux/journaux-online.gif">RunScript(&quot;script.tvguidetecbox.news&quot;)</favourite>
	<favourite name="Sports" thumb="http://googledrive.com/host/0B-bY5h-uWEgZQVJQZ0lzUTdBeFE/icons/sports/sports1.png">RunScript(&quot;script.tvguidetecbox.sports&quot;)</favourite>
	<favourite name="" thumb="">PlayMedia(&quot;plugin://plugin.video.none?sf_options=winID%3D10025%26_options_sf&quot;)</favourite>
	<favourite name="All Channels" thumb="http://noobsandnerds.com/addons/cache/Addons/plugin.video.stalker/icon.png">ActivateWindow(10025,&quot;plugin://plugin.video.i4atv/?genre_id=%2a&amp;genre_name=All&amp;mode=channels&amp;portal=%7b%22name%22%3a%20%22%5bCOLOR%20red%5dLive%20I4ATV%5b%2fCOLOR%5d%22%2c%20%22parental%22%3a%20%22false%22%2c%20%22url%22%3a%20%22http%3a%2f%2fmw1.iptv66.tv%22%2c%20%22mac%22%3a%20%2200%3a1A%3a78%3a03%3a03%3a03%22%2c%20%22serial%22%3a%20%7b%22custom%22%3a%20false%7d%2c%20%22password%22%3a%20%22inside4android%22%7d&quot;,return)</favourite>
	<favourite name="" thumb="">PlayMedia(&quot;plugin://plugin.video.none?sf_options=winID%3D10025%26_options_sf&quot;)</favourite>
	<favourite name="UK Channels" thumb="http://granlundkompetanse.no/wp-content/uploads/united_kingdom.png">ActivateWindow(10025,&quot;plugin://plugin.video.israelive/?description&amp;displayname=Favourites&amp;iconimage=http%3a%2f%2fcdn3.tnwcdn.com%2ffiles%2f2010%2f07%2fbright_yellow_star.png&amp;mode=16&amp;name=%5bCOLOR%20green%5d%5bB%5d%5bFavourites%5d%5b%2fB%5d%5b%2fCOLOR%5d&amp;url=favorites&amp;sf_options=fanart%3Dhttp%3A%2F%2F3.bp.blogspot.com%2F-vVfHI8TbKA4%2FUBAbrrZay0I%2FAAAAAAAABRM%2FdPFgXAnF8Sg%2Fs1600%2Fretro-tv-icon.jpg%26_options_sf&quot;,return)</favourite>
	<favourite name="UK TV Guide" thumb="http://cdn.tvguide.co.uk/_ui/images/tvguide_logo_102x74.png">RunScript(&quot;script.ftvguide?sf_options=fanart%3dspecial%3a%2f%2fhome%2faddons%5cscript.ftvguide%5cfanart.jpg%26desc%3dtftv+guide+allows+you+to+combine+some+of+your+favourite+live+tv+plugins+for+use+with+a+fully+working+epg%26_options_sf&quot;)</favourite>
</favourites>