<favourites>
	<favourite name="[COLOR blue]Live Games[/COLOR]" thumb="DefaultFolder.png">ActivateWindow(10025,&quot;plugin://plugin.video.prosport/?away&amp;home&amp;mode=nhl&amp;url&amp;sf_options=&quot;,return)</favourite>
	<favourite name="[COLOR azure]Highlights[/COLOR]" thumb="special://home/addons\plugin.video.nhlondemand\resources/art/videos_highlights.png">ActivateWindow(10025,&quot;plugin://plugin.video.nhlondemand/?action=pages_highlights&amp;sf_options=fanart%3Dspecial%3A%2F%2Fhome%2Faddons%5Cplugin.video.nhlondemand%5Cfanart.jpg%26desc%3DNHL+on+demand%26_options_sf&quot;,return)</favourite>
	<favourite name="NHL Replay" thumb="special://home/addons\plugin.video.nhlondemand\icon.png">ActivateWindow(10025,&quot;plugin://plugin.video.nhlondemand?sf_options=fanart%3Dspecial%3A%2F%2Fhome%2Faddons%5Cplugin.video.nhlondemand%5Cfanart.jpg%26desc%3DVisit+TVADDONS.ag+for+support%26_options_sf&quot;,return)</favourite>
	<favourite name="" thumb="">PlayMedia(&quot;plugin://plugin.video.none?sf_options=winID%3D10025%26_options_sf&quot;,return)</favourite>
	<favourite name="NHL Network" thumb="http://megaicons.net/static/img/icons_sizes/6/58/256/nhl-icon.png">PlayMedia(&quot;http://208.92.36.158/ipad/live/nba_ipad_1240.m3u8?sf_options=winID%3D10025%26_options_sf&quot;)</favourite>
</favourites>