<favourites>
	<favourite name="Kodi 16.1" thumb="">PlayMedia(&quot;plugin://plugin.video.water/?url=http%3A%2F%2Fmirrors.kodi.tv%2Freleases%2Fandroid%2Farm%2Fkodi-16.1-Jarvis-armeabi-v7a.apk&amp;mode=3&amp;name=Kodi_161&amp;description=Install Kodi 16.1&amp;sf_options=winID%3D10025%26_options_sf&quot;)</favourite>
	<favourite name="SPMC 16.3" thumb="">PlayMedia(&quot;plugin://plugin.video.water/?url=https%3A%2F%2Fgithub.com%2Fkoying%2FSPMC%2Freleases%2Fdownload%2F16.3.0-spmc%2FSPMC-armeabi-v7a_16.3.0.apk&amp;mode=3&amp;name=SPMC_163&amp;description=Install SPMC 16.3&amp;sf_options=winID%3D10025%26_options_sf&quot;)</favourite>
	<favourite name="adBlock Browser" thumb="">PlayMedia(&quot;plugin://plugin.video.water/?url=http%3A%2F%2Fwebservices.aptoide.com%2Fapkinstall%2Fapk%3Fuid%3D18579639%26store%3Dwatertv&amp;mode=3&amp;name=adBlockBrowser&amp;description=Install adBlock Browser?sf_options=winID%3D10025%26_options_sf&quot;)</favourite>
	<favourite name="Amazon Underground" thumb="">PlayMedia(&quot;plugin://plugin.video.water/?url=https%3A%2F%2Famazonadsi-a.akamaihd.net%2Fpublic%2Fsnuffy%2Fus_stable%2Fdefault%2Fus%2FAmazon_App.apk&amp;mode=3&amp;name=amazonUnderground&amp;description=Amazon Underground&amp;sf_options=winID%3D10025%26_options_sf&quot;)</favourite>
	<favourite name="Aptoide" thumb="">PlayMedia(&quot;plugin://plugin.video.water/?url=http://pool.apk.aptoide.com/1/aptoide-7.apk&amp;mode=3&amp;name=Aptoide&amp;description=Install Aptoide&amp;sf_options=winID%3D10025%26_options_sf&quot;)</favourite>
	<favourite name="Aptoide Lite" thumb="">PlayMedia(&quot;plugin://plugin.video.water/?url=http://pool.apk.aptoide.com/1/aptoidelitev-1.0.1.apk&amp;mode=3&amp;name=Aptoide Lite&amp;description=Install Aptoide Lite&amp;sf_options=winID%3D10025%26_options_sf&quot;)</favourite>
	<favourite name="AptoideTV" thumb="">PlayMedia(&quot;plugin://plugin.video.water/?url=http%3A%2F%2Fpool.apk.aptoide.com%2F1%2FAptoideTV-2.0.0.apk&amp;name=AptoideTV&amp;description=Install AptoideTV&amp;sf_options=winID%3D10025%26_options_sf&quot;)</favourite>
	<favourite name="MFTInstaller" thumb="">PlayMedia(&quot;plugin://plugin.video.water/?url=http%3A%2F%2Fwww.mtlfreetv.com%2Fapks%2FMFTInstaller.apk&amp;mode=3&amp;name=MFTInstaller&amp;description=Install MFTInstaller&amp;sf_options=winID%3D10025%26_options_sf&quot;)</favourite>
	<favourite name="Mobdro" thumb="">PlayMedia(&quot;plugin://plugin.video.water/?url=https%3A%2F%2Fupdates.mobdro.com%2Fdownloads%2Fmobdro.apk&amp;mode=3&amp;name=Mobdro&amp;description=Install Mobdro&amp;sf_options=winID%3D10025%26_options_sf&quot;)</favourite>
	<favourite name="TeamViewerQS" thumb="">PlayMedia(&quot;plugin://plugin.video.water/?url=http%3A%2F%2Fdownload.teamviewer.com%2Fdownload%2FTeamViewerQS.apk&amp;mode=3&amp;name=TeamViewerQS&amp;description=Install TeamViewerQS&amp;sf_options=winID%3D10025%26_options_sf&quot;)</favourite>
	<favourite name="XBMCLauncher" thumb="">PlayMedia(&quot;plugin://plugin.video.water/?url=http%3A%2F%2Fdl3.apk-dl.com%2Froot%2Fapk%2F2016%2F3%2F22%2Fse.blunden.xbmclauncher_16.apk%3Ff%3DXBMC%2520Launcher_2.5_apk-dl.com.apk&amp;mode=3&amp;name=XBMCLauncher&amp;description=XBMCLauncher&amp;sf_options=winID%3D10025%26_options_sf&quot;)</favourite>
	<favourite name="Total Commander" thumb="">PlayMedia(&quot;plugin://plugin.video.water/?url=http%3A%2F%2Fghisler.com%2Ftcandroid2.apk&amp;mode=3&amp;name=TotalCommander&amp;description=Total Commander&amp;sf_options=winID%3D10025%26_options_sf&quot;)</favourite>
	<favourite name="MouseToggle (FTV ONLY)" thumb="">PlayMedia(&quot;plugin://plugin.video.water/?url=http://0246.apk.aptoide.com/riceaptoide/com-fluxii-android-mousetoggleforfiretv-101-10032252-49d57ea1e54c2f65215594225b04f1c0.apk&amp;mode=3&amp;name=FTVmouse&amp;description=Mouse Toggle FTV&amp;sf_options=winID%3D10025%26_options_sf&quot;)</favourite>
</favourites>