<favourites>
	<favourite name="Songza" thumb="http://googledrive.com/host/0B-bY5h-uWEgZQVJQZ0lzUTdBeFE/icons/apps/songza.png">ActivateWindow(10501,&quot;plugin://plugin.audio.songza/&quot;)</favourite>
	<favourite name="Jango" thumb="special://home/addons\plugin.audio.jango\icon.png">ActivateWindow(10501,&quot;plugin://plugin.audio.jango/&quot;,return)</favourite>
	<favourite name="Pandora" thumb="special://home/addons\script.audio.pandora\icon.png">RunScript(&quot;script.audio.pandora&quot;)</favourite>
	<favourite name="RadioTunes" thumb="special://home/addons\plugin.audio.radiotunes.com\icon.png">ActivateWindow(10501,&quot;plugin://plugin.audio.radiotunes.com/&quot;,return)</favourite>
	<favourite name="Spotify Playlists" thumb="DefaultMusicVideos.png">ActivateWindow(10501,&quot;plugin://plugin.video.spotitube/?limit&amp;mode=spotifyMain&amp;type&amp;url&quot;,return)</favourite>
	<favourite name="NPR (National Public Radio)" thumb="special://home/addons\plugin.audio.npr\icon.png">ActivateWindow(10501,&quot;plugin://plugin.audio.npr/&quot;,return)</favourite>
	<favourite name="JazzRadio" thumb="special://home/addons\plugin.audio.jazzradio.com\icon.png">ActivateWindow(10501,&quot;plugin://plugin.audio.jazzradio.com/&quot;,return)</favourite>
	<favourite name="SoundCloud" thumb="special://home/addons\plugin.audio.soundcloud\icon.png">ActivateWindow(10501,&quot;plugin://plugin.audio.soundcloud/&quot;,return)</favourite>
	<favourite name="VEVO" thumb="C:\Users\Owner\AppData\Roaming\Kodi\addons\plugin.video.myvevo\icon.png">ActivateWindow(10025,&quot;plugin://plugin.video.myvevo/&quot;,return)</favourite>
	<favourite name="VEVO" thumb="C:\Users\Owner\AppData\Roaming\Kodi\addons\plugin.video.vevo\icon.png">ActivateWindow(10025,&quot;plugin://plugin.video.vevo/?content_type=video&quot;,return)</favourite>
	<favourite name="YouTube" thumb="C:\Users\Owner\AppData\Roaming\Kodi\addons\plugin.video.youtube\icon.png">ActivateWindow(10025,&quot;plugin://plugin.video.youtube/&quot;,return)</favourite>
	<favourite name="NPR Music Videos" thumb="C:\Users\Owner\AppData\Roaming\Kodi\addons\plugin.video.npr\icon.png">ActivateWindow(10025,&quot;plugin://plugin.video.npr/&quot;,return)</favourite>
	<favourite name="Radio" thumb="special://home/addons\plugin.audio.radio_de\icon.png">ActivateWindow(10501,&quot;plugin://plugin.audio.radio_de/&quot;,return)</favourite>
</favourites>