<favourites>
	<favourite name="Crackle Movies" thumb="http://voozy.tv/img/crackle-logo.png">ActivateWindow(10025,&quot;plugin://plugin.video.ustvvod/?fanart=%22C%3a%5ckodi24%5cportable_data%5caddons%5cplugin.video.ustvvod%5cfanart.jpg%22&amp;mode=%22crackle%22&amp;name=%22--Crackle%20Movies%22&amp;sitemode=%22episodes_movies%22&amp;thumb=%22C%3a%5ckodi24%5cportable_data%5caddons%5cplugin.video.ustvvod%5cresources%5cimages%5ccrackle.png%22&amp;url=%22http%3a%2f%2fapi.crackle.com%2fService.svc%2fbrowse%2fmovies%2fall%2fall%2falpha%2fus%3fformat%3djson%22&amp;sf_options=fanart%3Dspecial%3A%2F%2Fhome%2Faddons%5Cplugin.video.ustvvod%5Cfanart.jpg%26_options_sf&quot;)</favourite>
	<favourite name="Movies" thumb="special://home/addons\plugin.video.sundance\icon.png">ActivateWindow(10025,&quot;plugin://plugin.video.sundance/?mode=GC&amp;name=Movies&amp;url=http%3a%2f%2fwww.sundance.tv%2fwatch-now%2fmovies%2f&amp;sf_options=fanart%3Dspecial%3A%2F%2Fhome%2Faddons%5Cplugin.video.sundance%5Cfanart.jpg%26_options_sf&quot;,return)</favourite>
	<favourite name="Hallmark Channel" thumb="C:\Users\Owner\AppData\Roaming\Kodi\addons\plugin.video.hallmark\icon.png">ActivateWindow(10025,&quot;plugin://plugin.video.hallmark/&quot;,return)</favourite>
	<favourite name="TCM" thumb="http://4.bp.blogspot.com/-xd-Xvmo1lws/ThZEUKLn-PI/AAAAAAAAF5Q/AFnFgT6L96k/s1600/TCM-logo-for%2Bblog.gif">ActivateWindow(10025,&quot;plugin://plugin.video.ustvvod/?fanart=%22C%3a%5ckodi%5cportable_data%5caddons%5cplugin.video.ustvvod%5cfanart.jpg%22&amp;mode=%22tcm%22&amp;name=%22--TCM%20Movies%22&amp;sitemode=%22episodes%22&amp;thumb=%22C%3a%5ckodi%5cportable_data%5caddons%5cplugin.video.ustvvod%5cresources%5cimages%5ctcm.png%22&amp;url=%22Movie%23http%3a%2f%2fapi.tcm.com%2f%2ftcmws%2fv1%2fvod%2ftablet%2fcatalog%2forderBy%2ftitle.jsonp%22&quot;,return)</favourite>
	<favourite name="Movies" thumb="special://home/addons\plugin.video.YouTube_Vault\icon.png">ActivateWindow(10025,&quot;plugin://plugin.video.YouTube_Vault/?mode=10&amp;name=Movies&amp;url=url&amp;sf_options=fanart%3Dspecial%3A%2F%2Fhome%2Faddons%5Cplugin.video.YouTube_Vault%5Cfanart.jpg%26_options_sf&quot;,return)</favourite>
	<favourite name="Popcornflix" thumb="C:\Users\Owner\AppData\Roaming\Kodi\addons\plugin.video.popcornflix\icon.png">ActivateWindow(10025,&quot;plugin://plugin.video.popcornflix/&quot;,return)</favourite>
	<favourite name="Snagfilms" thumb="C:\Users\Owner\AppData\Roaming\Kodi\addons\plugin.video.snagfilms\icon.png">ActivateWindow(10025,&quot;plugin://plugin.video.snagfilms/&quot;,return)</favourite>
	<favourite name="[COLOR crimson]tubitv[/COLOR]" thumb="C:\Users\Owner\AppData\Roaming\Kodi\addons\plugin.video.tubitv\icon.png">ActivateWindow(10025,&quot;plugin://plugin.video.tubitv/&quot;,return)</favourite>
</favourites>