<favourites>
	<favourite name="MetalKettle" thumb="special://home/addons\repository.metalkettle\icon.png">ActivateWindow(10040,&quot;addons://repository.metalkettle/?sf_options=desc%3DDownload+and+install+addons+from+MetalKettle%26_options_sf&quot;,return)</favourite>
	<favourite name="lambda" thumb="special://home/addons\repository.lambda\icon.png">ActivateWindow(10040,&quot;addons://repository.lambda/?sf_options=desc%3DDownload+and+install+add-ons+from+lambda+repository.%26_options_sf&quot;,return)</favourite>
	<favourite name="TVADDONS.ag" thumb="special://home/addons\repository.xbmchub\icon.png">ActivateWindow(10040,&quot;addons://repository.xbmchub/?sf_options=desc%3DThe+Best+Third+Party+Addons+for+Kodi%2C+Brought+to+you+by+TVADDONS.ag%26_options_sf&quot;,return)</favourite>
	<favourite name="spoyser" thumb="special://home/addons\repository.spoyser\icon.png">ActivateWindow(10040,&quot;addons://repository.spoyser/?sf_options=desc%3DInstall+XBMC+add-ons+from+spoysers+official+repository%26_options_sf&quot;,return)</favourite>
	<favourite name="ColdKeys" thumb="special://home/addons\repository.coldkeys\icon.png">ActivateWindow(10040,&quot;addons://repository.coldkeys/?sf_options=desc%3DDownload+and+install+addons+from+the+Coldkeys+Repository%26_options_sf&quot;,return)</favourite>
	<favourite name="EntertainmentRepo" thumb="special://home/addons\repository.entertainmentrepo\icon.png">ActivateWindow(10040,&quot;addons://repository.entertainmentrepobackup/?sf_options=desc%3DDownload+and+install+addons+by+%40MrEntertainRepo+for+more+info+on+these+addons+and+repo+please+go+to+www.entertainmentrepo.com%26_options_sf&quot;,return)</favourite>
	<favourite name="XunityTalk" thumb="special://home/addons\repository.xunitytalk\icon.png">ActivateWindow(10040,&quot;addons://repository.xunitytalk/?sf_options=desc%3DThe+Best+Third+Party+Addons+for+XBMC%2C+.%5BCOLOR+blue%5DX%5B%2FCOLOR%5Dunity%5BCOLOR+blue%5DT%5B%2FCOLOR%5Dalk%26_options_sf&quot;,return)</favourite>
	<favourite name="Mucky Duck" thumb="special://home/addons\repository.mdrepo\icon.png">ActivateWindow(10040,&quot;addons://repository.mdrepo/?sf_options=desc%3DDownload+And+Install+Addons+Developed+By+Mucky+Duck+And+Various+Other+Developers%26_options_sf&quot;,return)</favourite>
	<favourite name="podgod" thumb="special://home/addons\repository.podgod\icon.png">ActivateWindow(10040,&quot;addons://repository.podgod/?sf_options=desc%3DDownload+and+install+addons+from+podgod%21%26_options_sf&quot;,return)</favourite>
	<favourite name="natko1412" thumb="special://home/addons\repository.natko1412\icon.png">ActivateWindow(10040,&quot;addons://repo.natko1412/?sf_options=desc%3DDownload+and+install+addons+by+natko1412.+For+support+visit+XBMC+thread+on+forum.hr%26_options_sf&quot;,return)</favourite>
	<favourite name="tknorris" thumb="special://home/addons\repository.tknorris.beta\icon.png">ActivateWindow(10040,&quot;addons://repository.tknorris.beta/?sf_options=desc%3DBeta+testing+only%21%21%21%0ADO+NOT+INSTALL+UNLESS+YOU+WISH+TO+PARTICIPATE+IN+BETA+TESTING%0A%0AAddons+Included++++++++%09%0A++++-+1Channel+%28Beta%29%0A++++-+1Channel+Thempak%0A++++-+SALTS+%28Beta%29%0A++++-+SALTS+Themepak%0A++++-+Trakt+%28Beta%29%0A++++-+Trakt+List+Manager+%28Alpha%29%26_options_sf&quot;,return)</favourite>
</favourites>