<favourites>
	<favourite name="2015 HD movies" thumb="http://i.imgur.com/tgiZgd3.png">ActivateWindow(10025,&quot;plugin://plugin.video.phstreams/?action=ndmode&amp;audio=0&amp;content=0&amp;fanart=http%3a%2f%2fi.imgur.com%2fW7qRvEq.png&amp;image=http%3a%2f%2fi.imgur.com%2ftgiZgd3.png&amp;name=2015%20HD%20movies&amp;playable=false&amp;tvshow=0&amp;url=http%3a%2f%2ftuzla.watchkodi.com%2f2015%2520HD.xml&amp;sf_options=fanart%3Dhttp%3A%2F%2Fi.imgur.com%2FW7qRvEq.png%26desc%3DDiscover+Great+Streaming+Playlists%21%26_options_sf&quot;,return)</favourite>
	<favourite name="New Releases" thumb="special://home/addons\plugin.video.movienight\icon.png">ActivateWindow(10025,&quot;plugin://plugin.video.movienight/?description&amp;mode=1&amp;name=New%20Releases&amp;url=http%3a%2f%2fmovienight.ws%2f&amp;sf_options=fanart%3Dspecial%3A%2F%2Fhome%2Faddons%5Cplugin.video.movienight%5Cfanart.jpg%26_options_sf&quot;,return)</favourite>
	<favourite name="HD Movies" thumb="special://home/addons\plugin.video.moviexk\icon.png">ActivateWindow(10025,&quot;plugin://plugin.video.moviexk/?description&amp;mode=1&amp;name=HD%20Movies&amp;url=http%3a%2f%2fwww.moviexk.net%2fmovies-hd%2f&amp;sf_options=fanart%3Dspecial%3A%2F%2Fhome%2Faddons%5Cplugin.video.moviexk%5Cfanart.jpg%26_options_sf&quot;,return)</favourite>
	<favourite name="[COLOR deeppink]Recently Added[/COLOR]" thumb="special://home/addons\plugin.video.filmdictator\icon.png">ActivateWindow(10025,&quot;plugin://plugin.video.filmdictator/?description&amp;mode=1&amp;name=Recently%20Added&amp;url=http%3a%2f%2ffilmdictator.com%2f%3ffiltre%3ddate%26cat%3d0&amp;sf_options=fanart%3Dspecial%3A%2F%2Fhome%2Faddons%5Cplugin.video.filmdictator%5Cfanart.jpg%26_options_sf&quot;,return)</favourite>
	<favourite name="[COLOR blue]Latest Movies added [/COLOR]&gt;&gt;" thumb="special://home/addons\plugin.video.moviesxl/icons/newmovies.png">&gt;&quot; thumb=&quot;special://home/addons\plugin.video.moviesxl/icons/newmovies.png&quot;&gt;&gt;&quot; thumb=&quot;special://home/addons\plugin.video.moviesxl/icons/newmovies.png&quot;&gt;&gt;&quot; thumb=&quot;special://home/addons\plugin.video.moviesxl/icons/newmovies.png&quot;&gt;&gt;&quot; thumb=&quot;special://home/addons\plugin.video.moviesxl/icons/newmovies.png&quot;&gt;&gt;&quot; thumb=&quot;special://home/addons\plugin.video.moviesxl/icons/newmovies.png&quot;&gt;&gt;&quot; thumb=&quot;special://home/addons\plugin.video.moviesxl/icons/newmovies.png&quot;&gt;&gt;&quot; thumb=&quot;special://home/addons\plugin.video.moviesxl/icons/newmovies.png&quot;&gt;&gt;&quot; thumb=&quot;special://home/addons\plugin.video.moviesxl/icons/newmovies.png&quot;&gt;&gt;&quot; thumb=&quot;special://home/addons\plugin.video.moviesxl/icons/newmovies.png&quot;&gt;&gt;&quot; thumb=&quot;special://home/addons\plugin.video.moviesxl/icons/newmovies.png&quot;&gt;&gt;&quot; thumb=&quot;special://home/addons\plugin.video.moviesxl/icons/newmovies.png&quot;&gt;&gt;&quot; thumb=&quot;special://home/addons\plugin.video.moviesxl/icons/newmovies.png&quot;&gt;&gt;&quot; thumb=&quot;special://home/addons\plugin.video.moviesxl/icons/newmovies.png&quot;&gt;&gt;&quot; thumb=&quot;special://home/addons\plugin.video.moviesxl/icons/newmovies.png&quot;&gt;&gt;&quot; thumb=&quot;special://home/addons\plugin.video.moviesxl/icons/newmovies.png&quot;&gt;&gt;&quot; thumb=&quot;special://home/addons\plugin.video.moviesxl/icons/newmovies.png&quot;&gt;&gt;&quot; thumb=&quot;special://home/addons\plugin.video.moviesxl/icons/newmovies.png&quot;&gt;&gt;&quot; thumb=&quot;special://home/addons\plugin.video.moviesxl/icons/newmovies.png&quot;&gt;&gt;&quot; thumb=&quot;special://home/addons\plugin.video.moviesxl/icons/newmovies.png&quot;&gt;ActivateWindow(10025,&quot;plugin://plugin.video.moviesxl/?mode=GetTitles&amp;numOfPages=1&amp;section=ALL&amp;startPage=1&amp;url=http%3a%2f%2fwww.moviexk.net%2f%2fnew-movies&amp;sf_options=fanart%3Dhttp%3A%2F%2Fwww.htbackdrops.org%2Fv2%2Falbums%2Fuserpics%2F10097%2Forig_oefg_kino_im_kesselhaus.jpg%26_options_sf&quot;,return)</favourite>
	<favourite name="[COLOR blue]Latest Movies added [/COLOR]&gt;&gt;" thumb="special://home/addons\plugin.video.onlinehdmovies/icons/newmovies.png">&gt;&quot; thumb=&quot;special://home/addons\plugin.video.onlinehdmovies/icons/newmovies.png&quot;&gt;&gt;&quot; thumb=&quot;special://home/addons\plugin.video.onlinehdmovies/icons/newmovies.png&quot;&gt;&gt;&quot; thumb=&quot;special://home/addons\plugin.video.onlinehdmovies/icons/newmovies.png&quot;&gt;&gt;&quot; thumb=&quot;special://home/addons\plugin.video.onlinehdmovies/icons/newmovies.png&quot;&gt;&gt;&quot; thumb=&quot;special://home/addons\plugin.video.onlinehdmovies/icons/newmovies.png&quot;&gt;&gt;&quot; thumb=&quot;special://home/addons\plugin.video.onlinehdmovies/icons/newmovies.png&quot;&gt;&gt;&quot; thumb=&quot;special://home/addons\plugin.video.onlinehdmovies/icons/newmovies.png&quot;&gt;&gt;&quot; thumb=&quot;special://home/addons\plugin.video.onlinehdmovies/icons/newmovies.png&quot;&gt;&gt;&quot; thumb=&quot;special://home/addons\plugin.video.onlinehdmovies/icons/newmovies.png&quot;&gt;&gt;&quot; thumb=&quot;special://home/addons\plugin.video.onlinehdmovies/icons/newmovies.png&quot;&gt;&gt;&quot; thumb=&quot;special://home/addons\plugin.video.onlinehdmovies/icons/newmovies.png&quot;&gt;&gt;&quot; thumb=&quot;special://home/addons\plugin.video.onlinehdmovies/icons/newmovies.png&quot;&gt;&gt;&quot; thumb=&quot;special://home/addons\plugin.video.onlinehdmovies/icons/newmovies.png&quot;&gt;&gt;&quot; thumb=&quot;special://home/addons\plugin.video.onlinehdmovies/icons/newmovies.png&quot;&gt;&gt;&quot; thumb=&quot;special://home/addons\plugin.video.onlinehdmovies/icons/newmovies.png&quot;&gt;&gt;&quot; thumb=&quot;special://home/addons\plugin.video.onlinehdmovies/icons/newmovies.png&quot;&gt;&gt;&quot; thumb=&quot;special://home/addons\plugin.video.onlinehdmovies/icons/newmovies.png&quot;&gt;&gt;&quot; thumb=&quot;special://home/addons\plugin.video.onlinehdmovies/icons/newmovies.png&quot;&gt;ActivateWindow(10025,&quot;plugin://plugin.video.onlinehdmovies/?mode=GetTitles&amp;numOfPages=1&amp;section=ALL&amp;startPage=1&amp;url=http%3a%2f%2fonlinehdmovies.org%2f%2f&amp;sf_options=fanart%3Dhttp%3A%2F%2Fwww.htbackdrops.org%2Fv2%2Falbums%2Fuserpics%2F10097%2Forig_oefg_kino_im_kesselhaus.jpg%26_options_sf&quot;,return)</favourite>
	<favourite name="[COLOR blue][B]OCW Latest Movies[/B] [/COLOR]&gt;&gt;" thumb="special://home/addons\plugin.video.oneclickwatch/icons/movies.png">&gt;&quot; thumb=&quot;special://home/addons\plugin.video.oneclickwatch/icons/movies.png&quot;&gt;&gt;&quot; thumb=&quot;special://home/addons\plugin.video.oneclickwatch/icons/movies.png&quot;&gt;&gt;&quot; thumb=&quot;special://home/addons\plugin.video.oneclickwatch/icons/movies.png&quot;&gt;&gt;&quot; thumb=&quot;special://home/addons\plugin.video.oneclickwatch/icons/movies.png&quot;&gt;&gt;&quot; thumb=&quot;special://home/addons\plugin.video.oneclickwatch/icons/movies.png&quot;&gt;&gt;&quot; thumb=&quot;special://home/addons\plugin.video.oneclickwatch/icons/movies.png&quot;&gt;&gt;&quot; thumb=&quot;special://home/addons\plugin.video.oneclickwatch/icons/movies.png&quot;&gt;&gt;&quot; thumb=&quot;special://home/addons\plugin.video.oneclickwatch/icons/movies.png&quot;&gt;&gt;&quot; thumb=&quot;special://home/addons\plugin.video.oneclickwatch/icons/movies.png&quot;&gt;&gt;&quot; thumb=&quot;special://home/addons\plugin.video.oneclickwatch/icons/movies.png&quot;&gt;&gt;&quot; thumb=&quot;special://home/addons\plugin.video.oneclickwatch/icons/movies.png&quot;&gt;&gt;&quot; thumb=&quot;special://home/addons\plugin.video.oneclickwatch/icons/movies.png&quot;&gt;&gt;&quot; thumb=&quot;special://home/addons\plugin.video.oneclickwatch/icons/movies.png&quot;&gt;&gt;&quot; thumb=&quot;special://home/addons\plugin.video.oneclickwatch/icons/movies.png&quot;&gt;&gt;&quot; thumb=&quot;special://home/addons\plugin.video.oneclickwatch/icons/movies.png&quot;&gt;&gt;&quot; thumb=&quot;special://home/addons\plugin.video.oneclickwatch/icons/movies.png&quot;&gt;&gt;&quot; thumb=&quot;special://home/addons\plugin.video.oneclickwatch/icons/movies.png&quot;&gt;ActivateWindow(10025,&quot;plugin://plugin.video.oneclickwatch/?mode=GetTitles&amp;numOfPages=1&amp;section=ALL&amp;startPage=1&amp;url=http%3a%2f%2foneclickwatch.ws%2f%2fcategory%2fmovies%2f&amp;sf_options=fanart%3Dspecial%3A%2F%2Fhome%2Faddons%5Cplugin.video.oneclickwatch%2Ficons%2Ffanart.png%26_options_sf&quot;,return)</favourite>
	<favourite name="2015" thumb="http://shadowcrew.info/twins/Latest_Movies/2015_thumb.jpg">ActivateWindow(10025,&quot;plugin://plugin.video.RobinHood-PPL-List/?fanart=http%3a%2f%2fshadowcrew.info%2ftwins%2fLatest_Movies%2f2015_fanart.jpg&amp;mode=1&amp;name=2015&amp;url=http%3a%2f%2fshadowcrew.info%2ftwins%2fLatest_Movies%2f2015.xml&amp;sf_options=fanart%3Dhttp%3A%2F%2Fshadowcrew.info%2Ftwins%2FLatest_Movies%2F2015_fanart.jpg%26_options_sf&quot;,return)</favourite>
	<favourite name="Latest Cinema Releases" thumb="special://home/addons\plugin.video.moviexk\icon.png">ActivateWindow(10025,&quot;plugin://plugin.video.moviexk/?description&amp;mode=1&amp;name=Latest%20Cinema%20Releases&amp;url=http%3a%2f%2fwww.moviexk.net%2fcinema%2f&amp;sf_options=fanart%3Dspecial%3A%2F%2Fhome%2Faddons%5Cplugin.video.moviexk%5Cfanart.jpg%26_options_sf&quot;,return)</favourite>
	<favourite name="Recently Added" thumb="special://home/addons\plugin.video.moviexk\icon.png">ActivateWindow(10025,&quot;plugin://plugin.video.moviexk/?description&amp;mode=1&amp;name=Recently%20Added&amp;url=http%3a%2f%2fwww.moviexk.net%2fnew-movies%2f&amp;sf_options=fanart%3Dspecial%3A%2F%2Fhome%2Faddons%5Cplugin.video.moviexk%5Cfanart.jpg%26_options_sf&quot;,return)</favourite>
</favourites>