<favourites>

 <favourite name="ABC" thumb="https://app.uktvnow.net/images/channel_imgs/160116113057abc.jpg|User-Agent=Dalvik/2.1.0 (Linux; U; Android 5.1.1; SM-G920F Build/LMY47X)">PlayMedia(&quot;plugin://plugin.video.wateriptv/?url=url&amp;mode=2&amp;name=ABC&amp;description=&quot;)</favourite>
<favourite name="CW" thumb="https://app.uktvnow.net/images/channel_imgs/160116011155thecw.png|User-Agent=Dalvik/2.1.0 (Linux; U; Android 5.1.1; SM-G920F Build/LMY47X)">PlayMedia(&quot;plugin://plugin.video.wateriptv/?url=url&amp;mode=2&amp;name=CW.&amp;description=&quot;)</favourite>
 <favourite name="NBC" thumb="https://app.uktvnow.net/images/channel_imgs/200116020902nbc.jpg|User-Agent=Dalvik/2.1.0 (Linux; U; Android 5.1.1; SM-G920F Build/LMY47X)">PlayMedia(&quot;plugin://plugin.video.wateriptv/?url=url&amp;mode=2&amp;name=NBC&amp;description=&quot;)</favourite>	
	<favourite name="CBS" thumb="https://app.uktvnow.net/images/channel_imgs/160116115741cbs.png|User-Agent=Dalvik/2.1.0 (Linux; U; Android 5.1.1; SM-G920F Build/LMY47X)">PlayMedia(&quot;plugin://plugin.video.wateriptv/?url=url&amp;mode=2&amp;name=CBS&amp;description=&quot;)</favourite>
	
	
	 <favourite name="PBS" thumb="https://app.uktvnow.net/images/channel_imgs/200116033816pbs.png|User-Agent=Dalvik/2.1.0 (Linux; U; Android 5.1.1; SM-G920F Build/LMY47X)">PlayMedia(&quot;plugin://plugin.video.wateriptv/?url=url&amp;mode=2&amp;name=PBS&amp;description=&quot;)</favourite>
    
	
	<favourite name="CNN" thumb="https://app.uktvnow.net/images/channel_imgs/160116010910cnn.jpg|User-Agent=Dalvik/2.1.0 (Linux; U; Android 5.1.1; SM-G920F Build/LMY47X)">PlayMedia(&quot;plugin://plugin.video.wateriptv/?url=url&amp;mode=2&amp;name=CNN.&amp;description=&quot;)</favourite>
    <favourite name="CNN" thumb="https://app.uktvnow.net/images/channel_imgs/160116010851cnn.jpg|User-Agent=Dalvik/2.1.0 (Linux; U; Android 5.1.1; SM-G920F Build/LMY47X)">PlayMedia(&quot;plugin://plugin.video.wateriptv/?url=url&amp;mode=2&amp;name=CNN&amp;description=&quot;)</favourite>
    <favourite name="CNBC" thumb="https://app.uktvnow.net/images/channel_imgs/160116010754cnbs.png|User-Agent=Dalvik/2.1.0 (Linux; U; Android 5.1.1; SM-G920F Build/LMY47X)">PlayMedia(&quot;plugin://plugin.video.wateriptv/?url=url&amp;mode=2&amp;name=CNBC&amp;description=&quot;)</favourite>
	
     <favourite name="Fox News" thumb="https://app.uktvnow.net/images/channel_imgs/190116045208foxnew.png|User-Agent=Dalvik/2.1.0 (Linux; U; Android 5.1.1; SM-G920F Build/LMY47X)">PlayMedia(&quot;plugin://plugin.video.wateriptv/?url=url&amp;mode=2&amp;name=Fox+News&amp;description=&quot;)</favourite>

	 
	 
	 
    <favourite name="A&amp;E" thumb="https://app.uktvnow.net/images/channel_imgs/160116112847ae.gif|User-Agent=Dalvik/2.1.0 (Linux; U; Android 5.1.1; SM-G920F Build/LMY47X)">PlayMedia(&quot;plugin://plugin.video.wateriptv/?url=url&amp;mode=2&amp;name=A%26E&amp;description=&quot;)</favourite>
   
    <favourite name="AMC" thumb="https://app.uktvnow.net/images/channel_imgs/160116113647amc.png|User-Agent=Dalvik/2.1.0 (Linux; U; Android 5.1.1; SM-G920F Build/LMY47X)">PlayMedia(&quot;plugin://plugin.video.wateriptv/?url=url&amp;mode=2&amp;name=AMC&amp;description=&quot;)</favourite>
    <favourite name="Animal Planet" thumb="https://app.uktvnow.net/images/channel_imgs/160116113807animal.PNG|User-Agent=Dalvik/2.1.0 (Linux; U; Android 5.1.1; SM-G920F Build/LMY47X)">PlayMedia(&quot;plugin://plugin.video.wateriptv/?url=url&amp;mode=2&amp;name=Animal+Planet&amp;description=&quot;)</favourite>
    <favourite name="Bravo" thumb="https://app.uktvnow.net/images/channel_imgs/160116115406bravo.png|User-Agent=Dalvik/2.1.0 (Linux; U; Android 5.1.1; SM-G920F Build/LMY47X)">PlayMedia(&quot;plugin://plugin.video.wateriptv/?url=url&amp;mode=2&amp;name=Bravo&amp;description=&quot;)</favourite>
    <favourite name="Animal Planet" thumb="https://app.uktvnow.net/images/channel_imgs/160116113836animal.PNG|User-Agent=Dalvik/2.1.0 (Linux; U; Android 5.1.1; SM-G920F Build/LMY47X)">PlayMedia(&quot;plugin://plugin.video.wateriptv/?url=url&amp;mode=2&amp;name=Animal+Planet.&amp;description=&quot;)</favourite>
    

    
    <favourite name="Fox" thumb="https://app.uktvnow.net/images/channel_imgs/190116045107fox.gif|User-Agent=Dalvik/2.1.0 (Linux; U; Android 5.1.1; SM-G920F Build/LMY47X)">PlayMedia(&quot;plugin://plugin.video.wateriptv/?url=url&amp;mode=2&amp;name=Fox&amp;description=&quot;)</favourite>
   
    <favourite name="FX" thumb="https://app.uktvnow.net/images/channel_imgs/190116045335fx.png|User-Agent=Dalvik/2.1.0 (Linux; U; Android 5.1.1; SM-G920F Build/LMY47X)">PlayMedia(&quot;plugin://plugin.video.wateriptv/?url=url&amp;mode=2&amp;name=FX.&amp;description=&quot;)</favourite>
    
    <favourite name="Lifetime" thumb="https://app.uktvnow.net/images/channel_imgs/200116013131life.png|User-Agent=Dalvik/2.1.0 (Linux; U; Android 5.1.1; SM-G920F Build/LMY47X)">PlayMedia(&quot;plugin://plugin.video.wateriptv/?url=url&amp;mode=2&amp;name=Lifetime&amp;description=&quot;)</favourite>
    <favourite name="Nat Geo" thumb="https://app.uktvnow.net/images/channel_imgs/200116020816natgeo.jpg|User-Agent=Dalvik/2.1.0 (Linux; U; Android 5.1.1; SM-G920F Build/LMY47X)">PlayMedia(&quot;plugin://plugin.video.wateriptv/?url=url&amp;mode=2&amp;name=Nat+Geo.&amp;description=&quot;)</favourite>
   
    <favourite name="Nick" thumb="https://app.uktvnow.net/images/channel_imgs/200116021225nick.png|User-Agent=Dalvik/2.1.0 (Linux; U; Android 5.1.1; SM-G920F Build/LMY47X)">PlayMedia(&quot;plugin://plugin.video.wateriptv/?url=url&amp;mode=2&amp;name=Nick.&amp;description=&quot;)</favourite>
   
    <favourite name="Spike" thumb="https://app.uktvnow.net/images/channel_imgs/200116042042spi.gif|User-Agent=Dalvik/2.1.0 (Linux; U; Android 5.1.1; SM-G920F Build/LMY47X)">PlayMedia(&quot;plugin://plugin.video.wateriptv/?url=url&amp;mode=2&amp;name=Spike&amp;description=&quot;)</favourite>
    <favourite name="Syfy" thumb="https://app.uktvnow.net/images/channel_imgs/200116042554sfy.png|User-Agent=Dalvik/2.1.0 (Linux; U; Android 5.1.1; SM-G920F Build/LMY47X)">PlayMedia(&quot;plugin://plugin.video.wateriptv/?url=url&amp;mode=2&amp;name=Syfy&amp;description=&quot;)</favourite>
    <favourite name="TBS" thumb="https://app.uktvnow.net/images/channel_imgs/200116042625tbs.jpg|User-Agent=Dalvik/2.1.0 (Linux; U; Android 5.1.1; SM-G920F Build/LMY47X)">PlayMedia(&quot;plugin://plugin.video.wateriptv/?url=url&amp;mode=2&amp;name=TBS&amp;description=&quot;)</favourite>
    <favourite name="TNT" thumb="https://app.uktvnow.net/images/channel_imgs/200116043043tnt.png|User-Agent=Dalvik/2.1.0 (Linux; U; Android 5.1.1; SM-G920F Build/LMY47X)">PlayMedia(&quot;plugin://plugin.video.wateriptv/?url=url&amp;mode=2&amp;name=TNT&amp;description=&quot;)</favourite>
    <favourite name="USA-Network" thumb="https://app.uktvnow.net/images/channel_imgs/200116043501usaa.gif|User-Agent=Dalvik/2.1.0 (Linux; U; Android 5.1.1; SM-G920F Build/LMY47X)">PlayMedia(&quot;plugin://plugin.video.wateriptv/?url=url&amp;mode=2&amp;name=USA-Network&amp;description=&quot;)</favourite>
   
   
   <favourite name="Discovery" thumb="https://app.uktvnow.net/images/channel_imgs/160116011727disc.jpg|User-Agent=Dalvik/2.1.0 (Linux; U; Android 5.1.1; SM-G920F Build/LMY47X)">PlayMedia(&quot;plugin://plugin.video.wateriptv/?url=url&amp;mode=2&amp;name=Discovery.&amp;description=&quot;)</favourite>
   
    <favourite name="Discovery" thumb="https://app.uktvnow.net/images/channel_imgs/160116011400disc.jpg|User-Agent=Dalvik/2.1.0 (Linux; U; Android 5.1.1; SM-G920F Build/LMY47X)">PlayMedia(&quot;plugin://plugin.video.wateriptv/?url=url&amp;mode=2&amp;name=Discovery&amp;description=&quot;)</favourite>
   
    
	 <favourite name="Discovery History" thumb="https://app.uktvnow.net/images/channel_imgs/160116011615disht.jpg|User-Agent=Dalvik/2.1.0 (Linux; U; Android 5.1.1; SM-G920F Build/LMY47X)">PlayMedia(&quot;plugin://plugin.video.wateriptv/?url=url&amp;mode=2&amp;name=Discovery+History&amp;description=&quot;)</favourite>
	  <favourite name="Discovery Science" thumb="https://app.uktvnow.net/images/channel_imgs/160116011644dissc.png|User-Agent=Dalvik/2.1.0 (Linux; U; Android 5.1.1; SM-G920F Build/LMY47X)">PlayMedia(&quot;plugin://plugin.video.wateriptv/?url=url&amp;mode=2&amp;name=Discovery+Science&amp;description=&quot;)</favourite>
	<favourite name="Discovery Shed" thumb="https://app.uktvnow.net/images/channel_imgs/070216081748150px-Discovery_Shed.png|User-Agent=Dalvik/2.1.0 (Linux; U; Android 5.1.1; SM-G920F Build/LMY47X)">PlayMedia(&quot;plugin://plugin.video.wateriptv/?url=url&amp;mode=2&amp;name=Discovery+Shed&amp;description=&quot;)</favourite>
    
    <favourite name="Discovery Turbo" thumb="https://app.uktvnow.net/images/channel_imgs/070216081612turb.jpg|User-Agent=Dalvik/2.1.0 (Linux; U; Android 5.1.1; SM-G920F Build/LMY47X)">PlayMedia(&quot;plugin://plugin.video.wateriptv/?url=url&amp;mode=2&amp;name=Discovery+Turbo&amp;description=&quot;)</favourite>
    <favourite name="History" thumb="https://app.uktvnow.net/images/channel_imgs/190116050031his.jpg|User-Agent=Dalvik/2.1.0 (Linux; U; Android 5.1.1; SM-G920F Build/LMY47X)">PlayMedia(&quot;plugin://plugin.video.wateriptv/?url=url&amp;mode=2&amp;name=History.&amp;description=&quot;)</favourite>
	<favourite name="History" thumb="https://app.uktvnow.net/images/channel_imgs/190116045928his.jpg|User-Agent=Dalvik/2.1.0 (Linux; U; Android 5.1.1; SM-G920F Build/LMY47X)">PlayMedia(&quot;plugin://plugin.video.wateriptv/?url=url&amp;mode=2&amp;name=History&amp;description=&quot;)</favourite>
	<favourite name="Nat Geo" thumb="https://app.uktvnow.net/images/channel_imgs/200116020643natgeo.jpg|User-Agent=Dalvik/2.1.0 (Linux; U; Android 5.1.1; SM-G920F Build/LMY47X)">PlayMedia(&quot;plugin://plugin.video.wateriptv/?url=url&amp;mode=2&amp;name=Nat+Geo&amp;description=&quot;)</favourite>
    <favourite name="Nat Geo Wild" thumb="https://app.uktvnow.net/images/channel_imgs/200116020726wild.jpg|User-Agent=Dalvik/2.1.0 (Linux; U; Android 5.1.1; SM-G920F Build/LMY47X)">PlayMedia(&quot;plugin://plugin.video.wateriptv/?url=url&amp;mode=2&amp;name=Nat+Geo+Wild&amp;description=&quot;)</favourite>

   <favourite name="Film 4" thumb="https://app.uktvnow.net/images/channel_imgs/190116044643film.png|User-Agent=Dalvik/2.1.0 (Linux; U; Android 5.1.1; SM-G920F Build/LMY47X)">PlayMedia(&quot;plugin://plugin.video.wateriptv/?url=url&amp;mode=2&amp;name=Film+4&amp;description=&quot;)</favourite>
    <favourite name="Showtime" thumb="https://app.uktvnow.net/images/channel_imgs/200116035931showtime.jpg|User-Agent=Dalvik/2.1.0 (Linux; U; Android 5.1.1; SM-G920F Build/LMY47X)">PlayMedia(&quot;plugin://plugin.video.wateriptv/?url=url&amp;mode=2&amp;name=Showtime&amp;description=&quot;)</favourite>
    <favourite name="Sky Comedy" thumb="https://app.uktvnow.net/images/channel_imgs/200116040205com.jpg|User-Agent=Dalvik/2.1.0 (Linux; U; Android 5.1.1; SM-G920F Build/LMY47X)">PlayMedia(&quot;plugin://plugin.video.wateriptv/?url=url&amp;mode=2&amp;name=Sky+Comedy&amp;description=&quot;)</favourite>
    <favourite name="Sky Disnep" thumb="https://app.uktvnow.net/images/channel_imgs/200116040235disn.jpg|User-Agent=Dalvik/2.1.0 (Linux; U; Android 5.1.1; SM-G920F Build/LMY47X)">PlayMedia(&quot;plugin://plugin.video.wateriptv/?url=url&amp;mode=2&amp;name=Sky+Disnep&amp;description=&quot;)</favourite>
    <favourite name="Sky Movies Action" thumb="https://app.uktvnow.net/images/channel_imgs/200116040508action.jpg|User-Agent=Dalvik/2.1.0 (Linux; U; Android 5.1.1; SM-G920F Build/LMY47X)">PlayMedia(&quot;plugin://plugin.video.wateriptv/?url=url&amp;mode=2&amp;name=Sky+Movies+Action&amp;description=&quot;)</favourite>
    <favourite name="Sky Movies Crime" thumb="https://app.uktvnow.net/images/channel_imgs/200116040646crime.jpg|User-Agent=Dalvik/2.1.0 (Linux; U; Android 5.1.1; SM-G920F Build/LMY47X)">PlayMedia(&quot;plugin://plugin.video.wateriptv/?url=url&amp;mode=2&amp;name=Sky+Movies+Crime&amp;description=&quot;)</favourite>
    <favourite name="Sky Movies Drama" thumb="https://app.uktvnow.net/images/channel_imgs/200116040745drama.png|User-Agent=Dalvik/2.1.0 (Linux; U; Android 5.1.1; SM-G920F Build/LMY47X)">PlayMedia(&quot;plugin://plugin.video.wateriptv/?url=url&amp;mode=2&amp;name=Sky+Movies+Drama&amp;description=&quot;)</favourite>
    <favourite name="Sky Movies Family" thumb="https://app.uktvnow.net/images/channel_imgs/200116040807famil.jpg|User-Agent=Dalvik/2.1.0 (Linux; U; Android 5.1.1; SM-G920F Build/LMY47X)">PlayMedia(&quot;plugin://plugin.video.wateriptv/?url=url&amp;mode=2&amp;name=Sky+Movies+Family&amp;description=&quot;)</favourite>
    <favourite name="Sky Movies Greats" thumb="https://app.uktvnow.net/images/channel_imgs/070216062713greats.png|User-Agent=Dalvik/2.1.0 (Linux; U; Android 5.1.1; SM-G920F Build/LMY47X)">PlayMedia(&quot;plugin://plugin.video.wateriptv/?url=url&amp;mode=2&amp;name=Sky+Movies+Greats&amp;description=&quot;)</favourite>
    <favourite name="Sky Movies Premiere" thumb="https://app.uktvnow.net/images/channel_imgs/200116040916premi.jpg|User-Agent=Dalvik/2.1.0 (Linux; U; Android 5.1.1; SM-G920F Build/LMY47X)">PlayMedia(&quot;plugin://plugin.video.wateriptv/?url=url&amp;mode=2&amp;name=Sky+Movies+Premiere&amp;description=&quot;)</favourite>
    <favourite name="Sky Movies Scifi" thumb="https://app.uktvnow.net/images/channel_imgs/200116040946horror.jpg|User-Agent=Dalvik/2.1.0 (Linux; U; Android 5.1.1; SM-G920F Build/LMY47X)">PlayMedia(&quot;plugin://plugin.video.wateriptv/?url=url&amp;mode=2&amp;name=Sky+Movies+Scifi&amp;description=&quot;)</favourite>
    <favourite name="Sky Movies Select" thumb="https://app.uktvnow.net/images/channel_imgs/070216062955select_1426076182.jpg|User-Agent=Dalvik/2.1.0 (Linux; U; Android 5.1.1; SM-G920F Build/LMY47X)">PlayMedia(&quot;plugin://plugin.video.wateriptv/?url=url&amp;mode=2&amp;name=Sky+Movies+Select&amp;description=&quot;)</favourite>
    <favourite name="Sky Movies Showcase" thumb="https://app.uktvnow.net/images/channel_imgs/070216063533show.jpg|User-Agent=Dalvik/2.1.0 (Linux; U; Android 5.1.1; SM-G920F Build/LMY47X)">PlayMedia(&quot;plugin://plugin.video.wateriptv/?url=url&amp;mode=2&amp;name=Sky+Movies+Showcase&amp;description=&quot;)</favourite>
	
	<favourite name="ESPN" thumb="https://app.uktvnow.net/images/channel_imgs/160116015231espn.png|User-Agent=Dalvik/2.1.0 (Linux; U; Android 5.1.1; SM-G920F Build/LMY47X)">PlayMedia(&quot;plugin://plugin.video.wateriptv/?url=url&amp;mode=2&amp;name=ESPN&amp;description=&quot;)</favourite>
	 <favourite name="ESPN 2" thumb="https://app.uktvnow.net/images/channel_imgs/190116044202espn2.png|User-Agent=Dalvik/2.1.0 (Linux; U; Android 5.1.1; SM-G920F Build/LMY47X)">PlayMedia(&quot;plugin://plugin.video.wateriptv/?url=url&amp;mode=2&amp;name=ESPN+2&amp;description=&quot;)</favourite>
    <favourite name="Fox Sports 1" thumb="https://app.uktvnow.net/images/channel_imgs/190116045235foxsp1.jpg|User-Agent=Dalvik/2.1.0 (Linux; U; Android 5.1.1; SM-G920F Build/LMY47X)">PlayMedia(&quot;plugin://plugin.video.wateriptv/?url=url&amp;mode=2&amp;name=Fox+Sports+1&amp;description=&quot;)</favourite>
    <favourite name="Fox Sports 2" thumb="https://app.uktvnow.net/images/channel_imgs/190116045256fox2.jpg|User-Agent=Dalvik/2.1.0 (Linux; U; Android 5.1.1; SM-G920F Build/LMY47X)">PlayMedia(&quot;plugin://plugin.video.wateriptv/?url=url&amp;mode=2&amp;name=Fox+Sports+2&amp;description=&quot;)</favourite>
	 <favourite name="NBCSN" thumb="https://app.uktvnow.net/images/channel_imgs/200116020945nbcsn.png|User-Agent=Dalvik/2.1.0 (Linux; U; Android 5.1.1; SM-G920F Build/LMY47X)">PlayMedia(&quot;plugin://plugin.video.wateriptv/?url=url&amp;mode=2&amp;name=NBCSN&amp;description=&quot;)</favourite>
	 <favourite name="NFL Network" thumb="https://app.uktvnow.net/images/channel_imgs/200116021039nfl.jpg|User-Agent=Dalvik/2.1.0 (Linux; U; Android 5.1.1; SM-G920F Build/LMY47X)">PlayMedia(&quot;plugin://plugin.video.wateriptv/?url=url&amp;mode=2&amp;name=NFL+Network&amp;description=&quot;)</favourite>
	<favourite name="MLB Network" thumb="https://app.uktvnow.net/images/channel_imgs/200116013246mlb.png|User-Agent=Dalvik/2.1.0 (Linux; U; Android 5.1.1; SM-G920F Build/LMY47X)">PlayMedia(&quot;plugin://plugin.video.wateriptv/?url=url&amp;mode=2&amp;name=MLB+Network&amp;description=&quot;)</favourite>
    <favourite name="NBA TV" thumb="https://app.uktvnow.net/images/channel_imgs/200116020842nba.png|User-Agent=Dalvik/2.1.0 (Linux; U; Android 5.1.1; SM-G920F Build/LMY47X)">PlayMedia(&quot;plugin://plugin.video.wateriptv/?url=url&amp;mode=2&amp;name=NBA+TV&amp;description=&quot;)</favourite>
	
	
	<favourite name="Bt sports 1" thumb="https://app.uktvnow.net/images/channel_imgs/160116115523bt1.jpg|User-Agent=Dalvik/2.1.0 (Linux; U; Android 5.1.1; SM-G920F Build/LMY47X)">PlayMedia(&quot;plugin://plugin.video.wateriptv/?url=url&amp;mode=2&amp;name=Bt+sports+1&amp;description=&quot;)</favourite>
    <favourite name="Bt sports 2" thumb="https://app.uktvnow.net/images/channel_imgs/160116115549bt2.jpg|User-Agent=Dalvik/2.1.0 (Linux; U; Android 5.1.1; SM-G920F Build/LMY47X)">PlayMedia(&quot;plugin://plugin.video.wateriptv/?url=url&amp;mode=2&amp;name=Bt+sports+2&amp;description=&quot;)</favourite>
	<favourite name="Box Nation" thumb="https://app.uktvnow.net/images/channel_imgs/160116115340box.jpg|User-Agent=Dalvik/2.1.0 (Linux; U; Android 5.1.1; SM-G920F Build/LMY47X)">PlayMedia(&quot;plugin://plugin.video.wateriptv/?url=url&amp;mode=2&amp;name=Box+Nation&amp;description=&quot;)</favourite>
    <favourite name="Bein Sports USA" thumb="https://app.uktvnow.net/images/channel_imgs/160116115217beinus.jpeg|User-Agent=Dalvik/2.1.0 (Linux; U; Android 5.1.1; SM-G920F Build/LMY47X)">PlayMedia(&quot;plugin://plugin.video.wateriptv/?url=url&amp;mode=2&amp;name=Bein+Sports+USA&amp;description=&quot;)</favourite>
    
    
   
   
   
    <favourite name="Premier Sports" thumb="https://app.uktvnow.net/images/channel_imgs/200116033917prem.png|User-Agent=Dalvik/2.1.0 (Linux; U; Android 5.1.1; SM-G920F Build/LMY47X)">PlayMedia(&quot;plugin://plugin.video.wateriptv/?url=url&amp;mode=2&amp;name=Premier+Sports&amp;description=&quot;)</favourite>
    <favourite name="Sky Sports 1" thumb="https://app.uktvnow.net/images/channel_imgs/200116041103skysprts1.png|User-Agent=Dalvik/2.1.0 (Linux; U; Android 5.1.1; SM-G920F Build/LMY47X)">PlayMedia(&quot;plugin://plugin.video.wateriptv/?url=url&amp;mode=2&amp;name=Sky+Sports+1&amp;description=&quot;)</favourite>
    <favourite name="Sky Sports 2" thumb="https://app.uktvnow.net/images/channel_imgs/200116041135skysports2.png|User-Agent=Dalvik/2.1.0 (Linux; U; Android 5.1.1; SM-G920F Build/LMY47X)">PlayMedia(&quot;plugin://plugin.video.wateriptv/?url=url&amp;mode=2&amp;name=Sky+Sports+2&amp;description=&quot;)</favourite>
    <favourite name="Sky Sports 3" thumb="https://app.uktvnow.net/images/channel_imgs/200116041201sk3.png|User-Agent=Dalvik/2.1.0 (Linux; U; Android 5.1.1; SM-G920F Build/LMY47X)">PlayMedia(&quot;plugin://plugin.video.wateriptv/?url=url&amp;mode=2&amp;name=Sky+Sports+3&amp;description=&quot;)</favourite>
    <favourite name="Sky Sports 4" thumb="https://app.uktvnow.net/images/channel_imgs/200116041251sk4.jpg|User-Agent=Dalvik/2.1.0 (Linux; U; Android 5.1.1; SM-G920F Build/LMY47X)">PlayMedia(&quot;plugin://plugin.video.wateriptv/?url=url&amp;mode=2&amp;name=Sky+Sports+4&amp;description=&quot;)</favourite>
    <favourite name="Sky Sports 5" thumb="https://app.uktvnow.net/images/channel_imgs/200116041316sk5.png|User-Agent=Dalvik/2.1.0 (Linux; U; Android 5.1.1; SM-G920F Build/LMY47X)">PlayMedia(&quot;plugin://plugin.video.wateriptv/?url=url&amp;mode=2&amp;name=Sky+Sports+5&amp;description=&quot;)</favourite>
    <favourite name="SkySports F1" thumb="https://app.uktvnow.net/images/channel_imgs/200116041518f1.png|User-Agent=Dalvik/2.1.0 (Linux; U; Android 5.1.1; SM-G920F Build/LMY47X)">PlayMedia(&quot;plugin://plugin.video.wateriptv/?url=url&amp;mode=2&amp;name=SkySports+F1&amp;description=&quot;)</favourite>
    <favourite name="SkySports News" thumb="https://app.uktvnow.net/images/channel_imgs/200116041858news.png|User-Agent=Dalvik/2.1.0 (Linux; U; Android 5.1.1; SM-G920F Build/LMY47X)">PlayMedia(&quot;plugin://plugin.video.wateriptv/?url=url&amp;mode=2&amp;name=SkySports+News&amp;description=&quot;)</favourite>
    <favourite name="TSN 1" thumb="https://app.uktvnow.net/images/channel_imgs/200116043251tsn1.jpg|User-Agent=Dalvik/2.1.0 (Linux; U; Android 5.1.1; SM-G920F Build/LMY47X)">PlayMedia(&quot;plugin://plugin.video.wateriptv/?url=url&amp;mode=2&amp;name=TSN+1&amp;description=&quot;)</favourite>
    <favourite name="TSN 2" thumb="https://app.uktvnow.net/images/channel_imgs/200116043314ts2.png|User-Agent=Dalvik/2.1.0 (Linux; U; Android 5.1.1; SM-G920F Build/LMY47X)">PlayMedia(&quot;plugin://plugin.video.wateriptv/?url=url&amp;mode=2&amp;name=TSN+2&amp;description=&quot;)</favourite>
    <favourite name="TSN 3" thumb="https://app.uktvnow.net/images/channel_imgs/200116043351ts3.png|User-Agent=Dalvik/2.1.0 (Linux; U; Android 5.1.1; SM-G920F Build/LMY47X)">PlayMedia(&quot;plugin://plugin.video.wateriptv/?url=url&amp;mode=2&amp;name=TSN+3&amp;description=&quot;)</favourite>
    
	
<favourite name="Cartoon Network" thumb="https://app.uktvnow.net/images/channel_imgs/160116115720cn.png|User-Agent=Dalvik/2.1.0 (Linux; U; Android 5.1.1; SM-G920F Build/LMY47X)">PlayMedia(&quot;plugin://plugin.video.wateriptv/?url=url&amp;mode=2&amp;name=Cartoon+Network.&amp;description=&quot;)</favourite>
    <favourite name="Cartoon Network" thumb="https://app.uktvnow.net/images/channel_imgs/160116115659cn.png|User-Agent=Dalvik/2.1.0 (Linux; U; Android 5.1.1; SM-G920F Build/LMY47X)">PlayMedia(&quot;plugin://plugin.video.wateriptv/?url=url&amp;mode=2&amp;name=Cartoon+Network&amp;description=&quot;)</favourite>
    <favourite name="Disney" thumb="https://app.uktvnow.net/images/channel_imgs/160116012005disnep.jpg|User-Agent=Dalvik/2.1.0 (Linux; U; Android 5.1.1; SM-G920F Build/LMY47X)">PlayMedia(&quot;plugin://plugin.video.wateriptv/?url=url&amp;mode=2&amp;name=Disney&amp;description=&quot;)</favourite>
    <favourite name="Disney Junior" thumb="https://app.uktvnow.net/images/channel_imgs/160116014600disj.jpg|User-Agent=Dalvik/2.1.0 (Linux; U; Android 5.1.1; SM-G920F Build/LMY47X)">PlayMedia(&quot;plugin://plugin.video.wateriptv/?url=url&amp;mode=2&amp;name=Disney+Junior&amp;description=&quot;)</favourite>
    <favourite name="Disney XD" thumb="https://app.uktvnow.net/images/channel_imgs/070216061240disneyxd.png|User-Agent=Dalvik/2.1.0 (Linux; U; Android 5.1.1; SM-G920F Build/LMY47X)">PlayMedia(&quot;plugin://plugin.video.wateriptv/?url=url&amp;mode=2&amp;name=Disney+XD&amp;description=&quot;)</favourite>
    <favourite name="Nick" thumb="https://app.uktvnow.net/images/channel_imgs/200116021059nick.png|User-Agent=Dalvik/2.1.0 (Linux; U; Android 5.1.1; SM-G920F Build/LMY47X)">PlayMedia(&quot;plugin://plugin.video.wateriptv/?url=url&amp;mode=2&amp;name=Nick&amp;description=&quot;)</favourite>
    <favourite name="Nick Toons" thumb="https://app.uktvnow.net/images/channel_imgs/200116021120nicktoons.png|User-Agent=Dalvik/2.1.0 (Linux; U; Android 5.1.1; SM-G920F Build/LMY47X)">PlayMedia(&quot;plugin://plugin.video.wateriptv/?url=url&amp;mode=2&amp;name=Nick+Toons&amp;description=&quot;)</favourite>
</favourites>
