<?xml version="1.0" encoding="UTF-8" standalone="yes"?>
<addon id="script.waterguide" name="[COLOR lightblue]water[/COLOR]TV [COLOR lightwhite]Guide[/COLOR]" version="0.0.52" provider-name="water">
	<requires>
		<import addon="xbmc.python" version="2.1.0"/>
		<import addon="script.module.simplejson" version="2.0.10"/>
	</requires>
	<extension point="xbmc.python.script" library="addon.py"/>
    <extension point="xbmc.service" library="service.py" start="login"/>
	<extension point="xbmc.addon.metadata">
		<summary lang="en"></summary>
		<description lang="en"></description>
		<disclaimer lang="en">waterTV Guide is based on FTV Guide by rayw1986 and Bluezed, which in turn is based on the original TV Guide addon by twinther.</disclaimer>
		<language></language>
		<platform>all</platform>
		<license>GPLv2</license>
		<forum></forum>
		<website></website>
		<email></email>
		<source></source>
	</extension>
</addon>
