<favourites>    
	<favourite name="ABC" thumb="C:\kodi\portable_data\addons\script.zen.artwork\resources\media\zen\networks.png">ActivateWindow(10025,&quot;plugin://plugin.video.zen/?action=tvshows&amp;url=http%3a%2f%2fapi.themoviedb.org%2f3%2fdiscover%2ftv%3fapi_key%3df7f51775877e0bb6703520952b3c7840%26with_networks%3d2%26page%3d1&quot;,return)</favourite>
    <favourite name="CBS" thumb="C:\kodi\portable_data\addons\script.zen.artwork\resources\media\zen\networks.png">ActivateWindow(10025,&quot;plugin://plugin.video.zen/?action=tvshows&amp;url=http%3a%2f%2fapi.themoviedb.org%2f3%2fdiscover%2ftv%3fapi_key%3df7f51775877e0bb6703520952b3c7840%26with_networks%3d16%26page%3d1&quot;,return)</favourite>
    <favourite name="NBC" thumb="C:\kodi\portable_data\addons\script.zen.artwork\resources\media\zen\networks.png">ActivateWindow(10025,&quot;plugin://plugin.video.zen/?action=tvshows&amp;url=http%3a%2f%2fapi.themoviedb.org%2f3%2fdiscover%2ftv%3fapi_key%3df7f51775877e0bb6703520952b3c7840%26with_networks%3d6%7c582%26page%3d1&quot;,return)</favourite>
    <favourite name="FOX" thumb="C:\kodi\portable_data\addons\script.zen.artwork\resources\media\zen\networks.png">ActivateWindow(10025,&quot;plugin://plugin.video.zen/?action=tvshows&amp;url=http%3a%2f%2fapi.themoviedb.org%2f3%2fdiscover%2ftv%3fapi_key%3df7f51775877e0bb6703520952b3c7840%26with_networks%3d19%26page%3d1&quot;,return)</favourite>
    <favourite name="CW" thumb="C:\kodi\portable_data\addons\script.zen.artwork\resources\media\zen\networks.png">ActivateWindow(10025,&quot;plugin://plugin.video.zen/?action=tvshows&amp;url=http%3a%2f%2fapi.themoviedb.org%2f3%2fdiscover%2ftv%3fapi_key%3df7f51775877e0bb6703520952b3c7840%26with_networks%3d71%7c194%26page%3d1&quot;,return)</favourite>
    <favourite name="A&amp;E" thumb="C:\kodi\portable_data\addons\script.zen.artwork\resources\media\zen\networks.png">ActivateWindow(10025,&quot;plugin://plugin.video.zen/?action=tvshows&amp;url=http%3a%2f%2fapi.themoviedb.org%2f3%2fdiscover%2ftv%3fapi_key%3df7f51775877e0bb6703520952b3c7840%26with_networks%3d129%7c567%7c891%26page%3d1&quot;,return)</favourite>
    <favourite name="ABC Family" thumb="C:\kodi\portable_data\addons\script.zen.artwork\resources\media\zen\networks.png">ActivateWindow(10025,&quot;plugin://plugin.video.zen/?action=tvshows&amp;url=http%3a%2f%2fapi.themoviedb.org%2f3%2fdiscover%2ftv%3fapi_key%3df7f51775877e0bb6703520952b3c7840%26with_networks%3d75%26page%3d1&quot;,return)</favourite>
    <favourite name="AMC" thumb="C:\kodi\portable_data\addons\script.zen.artwork\resources\media\zen\networks.png">ActivateWindow(10025,&quot;plugin://plugin.video.zen/?action=tvshows&amp;url=http%3a%2f%2fapi.themoviedb.org%2f3%2fdiscover%2ftv%3fapi_key%3df7f51775877e0bb6703520952b3c7840%26with_networks%3d174%26page%3d1&quot;,return)</favourite>
    <favourite name="Animal Planet" thumb="C:\kodi\portable_data\addons\script.zen.artwork\resources\media\zen\networks.png">ActivateWindow(10025,&quot;plugin://plugin.video.zen/?action=tvshows&amp;url=http%3a%2f%2fapi.themoviedb.org%2f3%2fdiscover%2ftv%3fapi_key%3df7f51775877e0bb6703520952b3c7840%26with_networks%3d91%26page%3d1&quot;,return)</favourite>
    <favourite name="Bravo" thumb="C:\kodi\portable_data\addons\script.zen.artwork\resources\media\zen\networks.png">ActivateWindow(10025,&quot;plugin://plugin.video.zen/?action=tvshows&amp;url=http%3a%2f%2fapi.themoviedb.org%2f3%2fdiscover%2ftv%3fapi_key%3df7f51775877e0bb6703520952b3c7840%26with_networks%3d74%7c312%7c485%26page%3d1&quot;,return)</favourite>
    <favourite name="Cartoon Network" thumb="C:\kodi\portable_data\addons\script.zen.artwork\resources\media\zen\networks.png">ActivateWindow(10025,&quot;plugin://plugin.video.zen/?action=tvshows&amp;url=http%3a%2f%2fapi.themoviedb.org%2f3%2fdiscover%2ftv%3fapi_key%3df7f51775877e0bb6703520952b3c7840%26with_networks%3d56%7c217%7c262%26page%3d1&quot;,return)</favourite>
    <favourite name="Cinemax" thumb="C:\kodi\portable_data\addons\script.zen.artwork\resources\media\zen\networks.png">ActivateWindow(10025,&quot;plugin://plugin.video.zen/?action=tvshows&amp;url=http%3a%2f%2fapi.themoviedb.org%2f3%2fdiscover%2ftv%3fapi_key%3df7f51775877e0bb6703520952b3c7840%26with_networks%3d359%26page%3d1&quot;,return)</favourite>
    <favourite name="Comedy Central" thumb="C:\kodi\portable_data\addons\script.zen.artwork\resources\media\zen\networks.png">ActivateWindow(10025,&quot;plugin://plugin.video.zen/?action=tvshows&amp;url=http%3a%2f%2fapi.themoviedb.org%2f3%2fdiscover%2ftv%3fapi_key%3df7f51775877e0bb6703520952b3c7840%26with_networks%3d47%7c278%26page%3d1&quot;,return)</favourite>
    <favourite name="Disney Channel" thumb="C:\kodi\portable_data\addons\script.zen.artwork\resources\media\zen\networks.png">ActivateWindow(10025,&quot;plugin://plugin.video.zen/?action=tvshows&amp;url=http%3a%2f%2fapi.themoviedb.org%2f3%2fdiscover%2ftv%3fapi_key%3df7f51775877e0bb6703520952b3c7840%26with_networks%3d54%7c515%7c539%7c730%26page%3d1&quot;,return)</favourite>
    <favourite name="Disney XD" thumb="C:\kodi\portable_data\addons\script.zen.artwork\resources\media\zen\networks.png">ActivateWindow(10025,&quot;plugin://plugin.video.zen/?action=tvshows&amp;url=http%3a%2f%2fapi.themoviedb.org%2f3%2fdiscover%2ftv%3fapi_key%3df7f51775877e0bb6703520952b3c7840%26with_networks%3d44%26page%3d1&quot;,return)</favourite>
    <favourite name="Discovery Channel" thumb="C:\kodi\portable_data\addons\script.zen.artwork\resources\media\zen\networks.png">ActivateWindow(10025,&quot;plugin://plugin.video.zen/?action=tvshows&amp;url=http%3a%2f%2fapi.themoviedb.org%2f3%2fdiscover%2ftv%3fapi_key%3df7f51775877e0bb6703520952b3c7840%26with_networks%3d64%7c106%7c755%26page%3d1&quot;,return)</favourite>
    <favourite name="E! Entertainment" thumb="C:\kodi\portable_data\addons\script.zen.artwork\resources\media\zen\networks.png">ActivateWindow(10025,&quot;plugin://plugin.video.zen/?action=tvshows&amp;url=http%3a%2f%2fapi.themoviedb.org%2f3%2fdiscover%2ftv%3fapi_key%3df7f51775877e0bb6703520952b3c7840%26with_networks%3d76%7c407%7c645%26page%3d1&quot;,return)</favourite>
    <favourite name="FX" thumb="C:\kodi\portable_data\addons\script.zen.artwork\resources\media\zen\networks.png">ActivateWindow(10025,&quot;plugin://plugin.video.zen/?action=tvshows&amp;url=http%3a%2f%2fapi.themoviedb.org%2f3%2fdiscover%2ftv%3fapi_key%3df7f51775877e0bb6703520952b3c7840%26with_networks%3d88%26page%3d1&quot;,return)</favourite>
    <favourite name="Hallmark" thumb="C:\kodi\portable_data\addons\script.zen.artwork\resources\media\zen\networks.png">ActivateWindow(10025,&quot;plugin://plugin.video.zen/?action=tvshows&amp;url=http%3a%2f%2fapi.themoviedb.org%2f3%2fdiscover%2ftv%3fapi_key%3df7f51775877e0bb6703520952b3c7840%26with_networks%3d384%26page%3d1&quot;,return)</favourite>
    <favourite name="HBO" thumb="C:\kodi\portable_data\addons\script.zen.artwork\resources\media\zen\networks.png">ActivateWindow(10025,&quot;plugin://plugin.video.zen/?action=tvshows&amp;url=http%3a%2f%2fapi.themoviedb.org%2f3%2fdiscover%2ftv%3fapi_key%3df7f51775877e0bb6703520952b3c7840%26with_networks%3d49%26page%3d1&quot;,return)</favourite>
    <favourite name="HGTV" thumb="C:\kodi\portable_data\addons\script.zen.artwork\resources\media\zen\networks.png">ActivateWindow(10025,&quot;plugin://plugin.video.zen/?action=tvshows&amp;url=http%3a%2f%2fapi.themoviedb.org%2f3%2fdiscover%2ftv%3fapi_key%3df7f51775877e0bb6703520952b3c7840%26with_networks%3d210%7c482%26page%3d1&quot;,return)</favourite>
    <favourite name="History Channel" thumb="C:\kodi\portable_data\addons\script.zen.artwork\resources\media\zen\networks.png">ActivateWindow(10025,&quot;plugin://plugin.video.zen/?action=tvshows&amp;url=http%3a%2f%2fapi.themoviedb.org%2f3%2fdiscover%2ftv%3fapi_key%3df7f51775877e0bb6703520952b3c7840%26with_networks%3d65%7c238%7c893%26page%3d1&quot;,return)</favourite>
    <favourite name="Discovery ID" thumb="C:\kodi\portable_data\addons\script.zen.artwork\resources\media\zen\networks.png">ActivateWindow(10025,&quot;plugin://plugin.video.zen/?action=tvshows&amp;url=http%3a%2f%2fapi.themoviedb.org%2f3%2fdiscover%2ftv%3fapi_key%3df7f51775877e0bb6703520952b3c7840%26with_networks%3d244%26page%3d1&quot;,return)</favourite>
    <favourite name="Lifetime" thumb="C:\kodi\portable_data\addons\script.zen.artwork\resources\media\zen\networks.png">ActivateWindow(10025,&quot;plugin://plugin.video.zen/?action=tvshows&amp;url=http%3a%2f%2fapi.themoviedb.org%2f3%2fdiscover%2ftv%3fapi_key%3df7f51775877e0bb6703520952b3c7840%26with_networks%3d34%7c892%26page%3d1&quot;,return)</favourite>
    <favourite name="MTV" thumb="C:\kodi\portable_data\addons\script.zen.artwork\resources\media\zen\networks.png">ActivateWindow(10025,&quot;plugin://plugin.video.zen/?action=tvshows&amp;url=http%3a%2f%2fapi.themoviedb.org%2f3%2fdiscover%2ftv%3fapi_key%3df7f51775877e0bb6703520952b3c7840%26with_networks%3d33%7c335%7c488%26page%3d1&quot;,return)</favourite>
    <favourite name="National Geographic" thumb="C:\kodi\portable_data\addons\script.zen.artwork\resources\media\zen\networks.png">ActivateWindow(10025,&quot;plugin://plugin.video.zen/?action=tvshows&amp;url=http%3a%2f%2fapi.themoviedb.org%2f3%2fdiscover%2ftv%3fapi_key%3df7f51775877e0bb6703520952b3c7840%26with_networks%3d43%7c799%26page%3d1&quot;,return)</favourite>
    <favourite name="Nickelodeon" thumb="C:\kodi\portable_data\addons\script.zen.artwork\resources\media\zen\networks.png">ActivateWindow(10025,&quot;plugin://plugin.video.zen/?action=tvshows&amp;url=http%3a%2f%2fapi.themoviedb.org%2f3%2fdiscover%2ftv%3fapi_key%3df7f51775877e0bb6703520952b3c7840%26with_networks%3d13%7c35%7c234%7c259%7c416%26page%3d1&quot;,return)</favourite>
    <favourite name="Showtime" thumb="C:\kodi\portable_data\addons\script.zen.artwork\resources\media\zen\networks.png">ActivateWindow(10025,&quot;plugin://plugin.video.zen/?action=tvshows&amp;url=http%3a%2f%2fapi.themoviedb.org%2f3%2fdiscover%2ftv%3fapi_key%3df7f51775877e0bb6703520952b3c7840%26with_networks%3d67%7c643%26page%3d1&quot;,return)</favourite>
    <favourite name="Spike" thumb="C:\kodi\portable_data\addons\script.zen.artwork\resources\media\zen\networks.png">ActivateWindow(10025,&quot;plugin://plugin.video.zen/?action=tvshows&amp;url=http%3a%2f%2fapi.themoviedb.org%2f3%2fdiscover%2ftv%3fapi_key%3df7f51775877e0bb6703520952b3c7840%26with_networks%3d55%26page%3d1&quot;,return)</favourite>
    <favourite name="Starz" thumb="C:\kodi\portable_data\addons\script.zen.artwork\resources\media\zen\networks.png">ActivateWindow(10025,&quot;plugin://plugin.video.zen/?action=tvshows&amp;url=http%3a%2f%2fapi.themoviedb.org%2f3%2fdiscover%2ftv%3fapi_key%3df7f51775877e0bb6703520952b3c7840%26with_networks%3d318%26page%3d1&quot;,return)</favourite>
    <favourite name="Syfy" thumb="C:\kodi\portable_data\addons\script.zen.artwork\resources\media\zen\networks.png">ActivateWindow(10025,&quot;plugin://plugin.video.zen/?action=tvshows&amp;url=http%3a%2f%2fapi.themoviedb.org%2f3%2fdiscover%2ftv%3fapi_key%3df7f51775877e0bb6703520952b3c7840%26with_networks%3d77%7c586%26page%3d1&quot;,return)</favourite>
    <favourite name="TBS" thumb="C:\kodi\portable_data\addons\script.zen.artwork\resources\media\zen\networks.png">ActivateWindow(10025,&quot;plugin://plugin.video.zen/?action=tvshows&amp;url=http%3a%2f%2fapi.themoviedb.org%2f3%2fdiscover%2ftv%3fapi_key%3df7f51775877e0bb6703520952b3c7840%26with_networks%3d68%26page%3d1&quot;,return)</favourite>
    <favourite name="TLC" thumb="C:\kodi\portable_data\addons\script.zen.artwork\resources\media\zen\networks.png">ActivateWindow(10025,&quot;plugin://plugin.video.zen/?action=tvshows&amp;url=http%3a%2f%2fapi.themoviedb.org%2f3%2fdiscover%2ftv%3fapi_key%3df7f51775877e0bb6703520952b3c7840%26with_networks%3d84%26page%3d1&quot;,return)</favourite>
    <favourite name="TNT" thumb="C:\kodi\portable_data\addons\script.zen.artwork\resources\media\zen\networks.png">ActivateWindow(10025,&quot;plugin://plugin.video.zen/?action=tvshows&amp;url=http%3a%2f%2fapi.themoviedb.org%2f3%2fdiscover%2ftv%3fapi_key%3df7f51775877e0bb6703520952b3c7840%26with_networks%3d41%7c613%7c939%26page%3d1&quot;,return)</favourite>
    <favourite name="Travel Channel" thumb="C:\kodi\portable_data\addons\script.zen.artwork\resources\media\zen\networks.png">ActivateWindow(10025,&quot;plugin://plugin.video.zen/?action=tvshows&amp;url=http%3a%2f%2fapi.themoviedb.org%2f3%2fdiscover%2ftv%3fapi_key%3df7f51775877e0bb6703520952b3c7840%26with_networks%3d209%26page%3d1&quot;,return)</favourite>
    <favourite name="TV Land" thumb="C:\kodi\portable_data\addons\script.zen.artwork\resources\media\zen\networks.png">ActivateWindow(10025,&quot;plugin://plugin.video.zen/?action=tvshows&amp;url=http%3a%2f%2fapi.themoviedb.org%2f3%2fdiscover%2ftv%3fapi_key%3df7f51775877e0bb6703520952b3c7840%26with_networks%3d397%26page%3d1&quot;,return)</favourite>
    <favourite name="USA" thumb="C:\kodi\portable_data\addons\script.zen.artwork\resources\media\zen\networks.png">ActivateWindow(10025,&quot;plugin://plugin.video.zen/?action=tvshows&amp;url=http%3a%2f%2fapi.themoviedb.org%2f3%2fdiscover%2ftv%3fapi_key%3df7f51775877e0bb6703520952b3c7840%26with_networks%3d30%26page%3d1&quot;,return)</favourite>
    <favourite name="VH1" thumb="C:\kodi\portable_data\addons\script.zen.artwork\resources\media\zen\networks.png">ActivateWindow(10025,&quot;plugin://plugin.video.zen/?action=tvshows&amp;url=http%3a%2f%2fapi.themoviedb.org%2f3%2fdiscover%2ftv%3fapi_key%3df7f51775877e0bb6703520952b3c7840%26with_networks%3d158%26page%3d1&quot;,return)</favourite>
</favourites>