<favourites>
	<favourite name="YouTube" thumb="http://www.usacapitol.com/SiteAssets/stay-connected/youtube-logo.png">ActivateWindow(10025,&quot;plugin://plugin.video.youtube/&amp;sf_options=&quot;,return)</favourite>
	<favourite name="_Scratch" thumb="">ActivateWindow(10025,&quot;plugin://plugin.program.super.favourites/?sf_options=&amp;mode=400&amp;path=special%3A%2F%2Fhome%2Faddons%2Fscript.supafav%2FSuper%20Favourites/More/_Scratch&amp;sf_options=&quot;,return)</favourite>
	<favourite name="Settings" thumb="http://googledrive.com/host/0B-bY5h-uWEgZQVJQZ0lzUTdBeFE/icons/settings.png">ActivateWindow(10025,&quot;plugin://plugin.program.super.favourites/?sf_options=&amp;mode=400&amp;path=special%3A%2F%2Fhome%2Faddons%2Fscript.supafav%2FSuper%20Favourites/More/Settings&amp;sf_options=&quot;,return)</favourite>
	<favourite name="Stand Up" thumb="https://lh6.ggpht.com/JH8vf9T54XQET1h-BgpvZrXedGkWEqG-K9DSgf_TXlU2r0WpM3NlZ817a3F9Ch83aBg=w300">ActivateWindow(10025,&quot;plugin://plugin.video.phstreams/?action=ndmode&amp;audio=0&amp;content=0&amp;name=%5bCOLOR%20orangered%5dU%5b%2fCOLOR%5d%5bCOLOR%20white%5dSA%5b%2fCOLOR%5d%20%5bCOLOR%20orangered%5dS%5b%2fCOLOR%5d%5bCOLOR%20white%5dTAND%5b%2fCOLOR%5d%20%5bCOLOR%20orangered%5dU%5b%2fCOLOR%5d%5bCOLOR%20white%5dP%5b%2fCOLOR%5d&amp;playable=false&amp;tvshow=0&amp;url=http%3a%2f%2fzenica.watchkodi.com%2fStand%2520Up%2fUSA%2520Stand%2520Up.xml&amp;sf_options=&quot;,return)</favourite>
	<favourite name="[COLOR white]STAND UP[/COLOR]" thumb="http://i1295.photobucket.com/albums/b636/beatbox8501/COMEDY_zpsdiuytb0o.png">ActivateWindow(10025,&quot;plugin://plugin.video.streamengine/?date&amp;description&amp;iconimage=http%3a%2f%2fi1295.photobucket.com%2falbums%2fb636%2fbeatbox8501%2fCOMEDY_zpsdiuytb0o.png&amp;mode=1&amp;name=%5bCOLOR%20white%5dSTAND%20UP%5b%2fCOLOR%5d&amp;page&amp;play&amp;url=https%3a%2f%2fpastebin.com%2fraw.php%3fi%3dnqfmwMVW&amp;sf_options=fanart%3Dhttp%3A%2F%2Fi1295.photobucket.com%2Falbums%2Fb636%2Fbeatbox8501%2Fwallpaper_zpsopwvguho.jpg%26_options_sf&quot;,return)</favourite>
	<favourite name="iSearch" thumb="special://home/addons\plugin.program.super.favourites\resources\media\search.png">ActivateWindow(10025,&quot;plugin://plugin.program.super.favourites/?label=iSearch&amp;mode=0&amp;keyword=__iSearch__&amp;sf_options=&quot;)</favourite>
	<favourite name="iPlay - Kodi playlist manager" thumb="DefaultVideoPlaylists.png">ActivateWindow(10025,&quot;plugin://plugin.program.super.favourites/?label=iPlay%20-%20Kodi%20playlist%20manager&amp;mode=3200&amp;image=DefaultVideoPlaylists.png&amp;sf_options=&quot;,return)</favourite>
	<favourite name="iExplore" thumb="DefaultFolder.png">ActivateWindow(10025,&quot;plugin://plugin.program.super.favourites/?label=iExplore&amp;mode=5100&amp;image=DefaultFolder.png&amp;fanart=NULL&amp;sf_options=fanart%3DNULL%26_options_sf&quot;,return)</favourite>
</favourites>