<favourites>
	<favourite name="Late Night With Colbert" thumb="http://ia.media-imdb.com/images/M/MV5BMTY2NDY3OTk3NF5BMl5BanBnXkFtZTgwODE2MjI1NjE@._V1_SX214_AL_.jpg">ActivateWindow(10025,&quot;plugin://plugin.video.ustvvod/?fanart=%22C%3a%5ckodi2%5cportable_data%5caddons%5cplugin.video.ustvvod%5cfanart.jpg%22&amp;mode=%22cbs%22&amp;name=%22Full%20Episodes%22&amp;sitemode=%22episodes%22&amp;thumb=%22C%3a%5ckodi15final1%5cportable_data%5caddons%5cplugin.video.ustvvod%5cresources%5cimages%5ccbs.png%22&amp;url=%22http%3a%2f%2fwww.cbs.com%2fcarousels%2fvideosBySection%2f240233%2foffset%2f0%2flimit%2f100%2fxs%2f0%2f%22&amp;sf_options=fanart%3DC%3A%5Ckodi2%5Cportable_data%5Caddons%5Cplugin.video.ustvvod%5Cfanart.jpg%26desc%3DCBS+was+established+in+1928%2C+when+founder+William+Paley+purchased+16+independent+radio+stations+and+christened+them+the+Columbia+Broadcast+System.+Today%2C+with+more+than+200+television+stations+and+affiliates+reaching+virtually+every+home+in+the+United+States%2C+CBS%27s+total+primetime+network+lineup+is+watched+by+more+than+130+million+people+a+week+during+the+2010%2F2011+season.+The+Network+has+the+%231+drama%2Fscripted+program%2C+NCIS%3B+%231+sitcom%2C+TWO+AND+A+HALF+MEN%3B+%231+newsmagazine%2C+60+MINUTES%3B+and+%231+daytime+drama%2C+THE+YOUNG+AND+THE+RESTLESS.+Its+programming+arms+include+CBS+Entertainment%2C+CBS+News+and+CBS+Sports.%26_options_sf&quot;,return)</favourite>
	<favourite name="Tonight Show With Jimmy Fallon" thumb="http://www.gstatic.com/tv/thumb/tvbanners/9898935/p9898935_b_v7_aa.jpg">ActivateWindow(10025,&quot;plugin://plugin.video.ustvvod/?fanart=%22C%3a%5ckodi2%5cportable_data%5caddons%5cplugin.video.ustvvod%5cfanart.jpg%22&amp;mode=%22nbc%22&amp;name=%22Full%20Episodes%22&amp;sitemode=%22episodes%22&amp;thumb=%22C%3a%5ckodi15final1%5cportable_data%5caddons%5cplugin.video.ustvvod%5cresources%5cimages%5cnbc.png%22&amp;url=%22http%3a%2f%2fwww.nbc.com%2fthe-tonight-show%23FullEpisode%22&amp;sf_options=fanart%3DC%3A%5Ckodi2%5Cportable_data%5Caddons%5Cplugin.video.ustvvod%5Cfanart.jpg%26desc%3DNBC+Entertainment+develops+and+schedules+programming+for+the+network%27s+primetime%2C+late-night%2C+and+daytime+schedules.+NBC%27s+quality+programs+and+balanced+lineup+have+earned+the+network+critical+acclaim%2C+numerous+awards%2C+and+ratings+success.+The+network+has+earned+more+Emmy+Awards+than+any+network+in+television+history.+NBC%27s+roster+of+popular+scripted+series+includes+critically+acclaimed+comedies+like+Emmy+winners+The+Office%2C+starring+Steve+Carell%2C+and+30+Rock%2C+starring+Alec+Baldwin+and+Tina+Fey.+Veteran%2C+award-winning+dramas+on+NBC+include+Law+%26+Order%3A+SVU%2C+Chuck%2C+and+Friday+Night+Lights.+Unscripted+series+for+NBC+include+the+hits+The+Biggest+Loser%2C+Celebrity+Apprentice%2C+and+America%27s+Got+Talent.+NBC%27s+late-night+story+is+highlighted+by+The+Tonight+Show+with+Jay+Leno%2C+Late+Night+with+Jimmy+Fallon%2C+Last+Call+with+Carson+Daly%2C+and+Saturday+Night+Live.+NBC+Daytime%27s+Days+of+Our+Lives+consistently+finishes+among+daytime%27s+top+programs+in+the+valuable+women+18-34+category.+Saturday+mornings+the+network+broadcasts+Qubo+on+NBC%2C+a+three-hour+block+that+features+fun%2C+entertaining%2C+and+educational+programming+for+kids%2C+including+the+award-winning%2C+3-D+animated+series+Veggie+Tales.%26_options_sf&quot;,return)</favourite>
	<favourite name="The Late Show With James Corden" thumb="http://thetvdb.com/banners/posters/292421-4.jpg">ActivateWindow(10025,&quot;plugin://plugin.video.ustvvod/?fanart=%22http%3a%2f%2fthetvdb.com%2fbanners%2ffanart%2foriginal%2f292421-1.jpg%22&amp;mode=%22cbs%22&amp;name=%22Full%20Episodes%22&amp;sitemode=%22episodes%22&amp;thumb=%22http%3a%2f%2fthetvdb.com%2fbanners%2fposters%2f292421-4.jpg%22&amp;tvdb_id=%22292421%22&amp;url=%22http%3a%2f%2fwww.cbs.com%2fcarousels%2fvideosBySection%2f238599%2foffset%2f0%2flimit%2f100%2fxs%2f0%2f%22&amp;sf_options=fanart%3Dhttp%3A%2F%2Fthetvdb.com%2Fbanners%2Ffanart%2Foriginal%2F292421-1.jpg%26desc%3DStation%3A+CBS%0AAirs%3A+Daily%4012%3A35+AM%0AStatus%3A+Continuing%0A%0AJames+Corden+will+take+the+reigns+as+host+of+THE+LATE+LATE+SHOW+on+Monday%2C+March+23%2C+2015.+The+36-year-old+comedian+comes+to+American+late+night+television+with+a+growing+list+of+award-winning+and+critically-acclaimed+credits.++He+is+a+Tony+Award-winning+performer+on+Broadway%2C+a+BAFTA-winning+star+of+UK+television%2C+and+a+feature+film+actor+with+two+blockbuster+releases+this+year.+Now+he%27ll+bring+all+of+those+talents+to+host+%E2%80%9CThe+Late+Late+Show%2C%E2%80%9D+a+nightly+hour+of+comedy%2C+music%2C+and+interviews+with+the+biggest+stars+in+the+world.%26_options_sf&quot;,return)</favourite>
	<favourite name="Late Night With Seth Meyers" thumb="http://thetvdb.com/banners/posters/270262-4.jpg">ActivateWindow(10025,&quot;plugin://plugin.video.ustvvod/?fanart=%22http%3a%2f%2fthetvdb.com%2fbanners%2ffanart%2foriginal%2f270262-1.jpg%22&amp;mode=%22nbc%22&amp;name=%22Full%20Episodes%22&amp;sitemode=%22episodes%22&amp;thumb=%22http%3a%2f%2fthetvdb.com%2fbanners%2fposters%2f270262-4.jpg%22&amp;tvdb_id=%22270262%22&amp;url=%22http%3a%2f%2fwww.nbc.com%2fdata%2fnode%2f151716%2fvideo_carousel%22&amp;sf_options=fanart%3Dhttp%3A%2F%2Fthetvdb.com%2Fbanners%2Ffanart%2Foriginal%2F270262-1.jpg%26desc%3DStation%3A+NBC%0AAirs%3A+Daily%4012%3A35+AM%0AStatus%3A+Continuing%0A%0ABeloved+%22Saturday+Night+Live%22+personality+-+and+the+longest+serving+%22anchor%22+on+the+show%27s+wildly+popular+%22Weekend+Update%22+-+Seth+Meyers+takes+over+as+host+of+NBC%27s+%22Late+Night%2C%22+home+to+A-list+celebrity+guests%2C+memorable+comedy+and+the+best+in+musical+talent.%26_options_sf&quot;,return)</favourite>
	<favourite name="Saturday Night Live" thumb="http://thetvdb.com/banners/posters/76177-4.jpg">ActivateWindow(10025,&quot;plugin://plugin.video.ustvvod/?fanart=%22http%3a%2f%2fthetvdb.com%2fbanners%2ffanart%2foriginal%2f76177-4.jpg%22&amp;mode=%22nbc%22&amp;name=%22Full%20Episodes%22&amp;sitemode=%22episodes%22&amp;thumb=%22http%3a%2f%2fthetvdb.com%2fbanners%2fposters%2f76177-4.jpg%22&amp;tvdb_id=%2276177%22&amp;url=%22http%3a%2f%2fwww.nbc.com%2fdata%2fnode%2f139011%2fvideo_carousel%22&amp;sf_options=fanart%3Dhttp%3A%2F%2Fthetvdb.com%2Fbanners%2Ffanart%2Foriginal%2F76177-4.jpg%26desc%3DStation%3A+NBC%0AAirs%3A+Saturday%4011%3A30+PM%0AStatus%3A+Continuing%0A%0A%22Saturday+Night+Live%2C%22+NBC%27s+Emmy+Award-winning+late-night+comedy+showcase%2C+enters+its+40th+season+in+September+for+another+year+of+laughs%2C+surprises+and+great+performances.%0D%0A+%0D%0ASince+its+inception+in+1975%2C+%22SNL%22+has+launched+the+careers+of+many+of+the+brightest+comedy+performers+of+their+generation.+As+The+New+York+Times+noted+on+the+occasion+of+the+show%27s+Emmy-winning+25th+Anniversary+special+in+1999%2C+%22in+defiance+of+both+time+and+show+business+convention%2C+%27SNL%27+is+still+the+most+pervasive+influence+on+the+art+of+comedy+in+contemporary+culture.%22+At+the+close+of+the+century%2C+%22Saturday+Night+Live%22+placed+seventh+on+Entertainment+Weekly%27s+list+of+the+Top+100+Entertainers+of+the+past+fifty+years.%26_options_sf&quot;,return)</favourite>
	<favourite name="Daily Show with Trevor Noah" thumb="http://thetvdb.com/banners/posters/71256-4.jpg">ActivateWindow(10025,&quot;plugin://plugin.video.ustvvod/?fanart=%22C%3a%5ckodi%5cportable_data%5caddons%5cplugin.video.ustvvod%5cfanart.jpg%22&amp;mode=%22comedy%22&amp;name=%22Full%20Episodes%22&amp;sitemode=%22episodes%22&amp;thumb=%22C%3a%5ckodi%5cportable_data%5caddons%5cplugin.video.ustvvod%5cresources%5cimages%5ccomedy.png%22&amp;url=%22http%3a%2f%2fwww.cc.com%2ffeeds%2ff1010%2fV3_1_0%2f5a123a71-d8b9-45d9-85d5-e85508b1b37c%2f7c2d44b4-c8b1-43a9-9bfc-32af988eab20%2f10bce4ec-e6a6-4a85-9e27-018c734dc2fc%2f1%3flang%3deng%26hash%3d0f22225b8d5164c863999a173e6ba8f09a82eb26%23ManifestFeed%22&quot;,return)</favourite>
	<favourite name="Nightly Show With Larry Wilmore" thumb="http://www.gstatic.com/tv/thumb/tvbanners/11009929/p11009929_b_v7_ab.jpg">ActivateWindow(10025,&quot;plugin://plugin.video.ustvvod/?fanart=%22C%3a%5ckodi2%5cportable_data%5caddons%5cplugin.video.ustvvod%5cfanart.jpg%22&amp;mode=%22comedy%22&amp;name=%22Full%20Episodes%22&amp;sitemode=%22episodes%22&amp;thumb=%22C%3a%5ckodi15final1%5cportable_data%5caddons%5cplugin.video.ustvvod%5cresources%5cimages%5ccomedy.png%22&amp;url=%22http%3a%2f%2fwww.cc.com%2ffeeds%2ff1010%2fV3_1_0%2f5a123a71-d8b9-45d9-85d5-e85508b1b37c%2fd0ad5c1e-da9e-44b8-b3b3-3cf99c800051%2ff0d37be1-877a-4b6d-8bcc-676f0cffb3d4%2f1%3flang%3deng%23ManifestFeed%22&amp;sf_options=fanart%3DC%3A%5Ckodi2%5Cportable_data%5Caddons%5Cplugin.video.ustvvod%5Cfanart.jpg%26desc%3DCOMEDY+CENTRAL%2C+the+%231+brand+in+comedy%2C+is+available+to+over+99+million+viewers+nationwide+and+is+a+top-rated+network+among+men+ages+18-24+and+18-34+and+adults+ages+18-49.++With+on-air%2C+online+and+on-the-go+mobile+technology%2C+COMEDY+CENTRAL+gives+its+audience+access+to+the+cutting-edge%2C+laugh-out-loud+world+of+comedy+wherever+they+go.++Hit+series+include+Tosh.0%2C+Workaholics%2C+Futurama%2C+Key+%26+Peele%2C+Ugly+Americans+and+the+Emmy%27+and+Peabody%27+Award-winning+series+The+Daily+Show+with+Jon+Stewart%2C+The+Colbert+Report+and+South+Park.++COMEDY+CENTRAL+is+also+involved+in+producing+nationwide+stand-up+tours%2C+boasts+its+own+record+label+and+operates+one+of+the+most+successful+home+entertainment+divisions+in+the+industry.++COMEDY+CENTRAL+is+owned+by%2C+and+is+a+registered+trademark+of+Comedy+Partners%2C+a+wholly-owned+unit+of+Viacom+Inc.+%28NASDAQ%3A+VIA+and+VIAB%29.++For+more+information+visit+COMEDY+CENTRAL%27s+press+Web+site+at+www.cc.com%2Fpress+or+the+network%27s+consumer+site+at+www.comedycentral.com+and+follow+us+on+Twitter+%40ComedyCentralPR+for+the+latest+in+breaking+news+updates%2C+behind-the-scenes+information+and+photos.%26_options_sf&quot;,return)</favourite>
	<favourite name="@midnight" thumb="http://www.gstatic.com/tv/thumb/showcards/10224159/p10224159_b_v4_aa.jpg">ActivateWindow(10025,&quot;plugin://plugin.video.ustvvod/?fanart=%22C%3a%5ckodi2%5cportable_data%5caddons%5cplugin.video.ustvvod%5cfanart.jpg%22&amp;mode=%22comedy%22&amp;name=%22Full%20Episodes%22&amp;sitemode=%22episodes%22&amp;thumb=%22C%3a%5ckodi%5cportable_data%5caddons%5cplugin.video.ustvvod%5cresources%5cimages%5ccomedy.png%22&amp;url=%22http%3a%2f%2fwww.cc.com%2ffeeds%2ff1010%2fV3_1_0%2f5a123a71-d8b9-45d9-85d5-e85508b1b37c%2ff22df25f-0503-4265-a798-368606f47a89%2fc18d4405-8de7-46d2-9e3f-0b1694975ede%2f1%3flang%3deng%23ManifestFeed%22&amp;sf_options=fanart%3DC%3A%5Ckodi2%5Cportable_data%5Caddons%5Cplugin.video.ustvvod%5Cfanart.jpg%26desc%3DCOMEDY+CENTRAL%2C+the+%231+brand+in+comedy%2C+is+available+to+over+99+million+viewers+nationwide+and+is+a+top-rated+network+among+men+ages+18-24+and+18-34+and+adults+ages+18-49.++With+on-air%2C+online+and+on-the-go+mobile+technology%2C+COMEDY+CENTRAL+gives+its+audience+access+to+the+cutting-edge%2C+laugh-out-loud+world+of+comedy+wherever+they+go.++Hit+series+include+Tosh.0%2C+Workaholics%2C+Futurama%2C+Key+%26+Peele%2C+Ugly+Americans+and+the+Emmy%27+and+Peabody%27+Award-winning+series+The+Daily+Show+with+Jon+Stewart%2C+The+Colbert+Report+and+South+Park.++COMEDY+CENTRAL+is+also+involved+in+producing+nationwide+stand-up+tours%2C+boasts+its+own+record+label+and+operates+one+of+the+most+successful+home+entertainment+divisions+in+the+industry.++COMEDY+CENTRAL+is+owned+by%2C+and+is+a+registered+trademark+of+Comedy+Partners%2C+a+wholly-owned+unit+of+Viacom+Inc.+%28NASDAQ%3A+VIA+and+VIAB%29.++For+more+information+visit+COMEDY+CENTRAL%27s+press+Web+site+at+www.cc.com%2Fpress+or+the+network%27s+consumer+site+at+www.comedycentral.com+and+follow+us+on+Twitter+%40ComedyCentralPR+for+the+latest+in+breaking+news+updates%2C+behind-the-scenes+information+and+photos.%26_options_sf&quot;,return)</favourite>
	<favourite name="Last Week Tonight With John Oliver" thumb="https://yt3.ggpht.com/-lc3LinEhpgA/AAAAAAAAAAI/AAAAAAAAAAA/A6-FbtNyNgU/s240-c-k-no-rj-c0xffffff/photo.jpg">ActivateWindow(10025,&quot;plugin://plugin.video.youtube/channel/UC3XTzVzaHQEd30rQbuvCtTQ/&quot;,return)</favourite>
	<favourite name="Overtime with Bill Maher" thumb="https://yt3.ggpht.com/-tbRHRuxcqwE/AAAAAAAAAAI/AAAAAAAAAAA/vrXiH3dsY1E/s240-c-k-no/photo.jpg">ActivateWindow(10025,&quot;plugin://plugin.video.youtube/channel/UCy6kyFxaMqGtpE3pQTflK8A/playlist/PLABD1FBE909F66018/&quot;,return)</favourite>
</favourites>