<favourites>
	<favourite name="[COLOR blue]Live Games[/COLOR]" thumb="DefaultFolder.png">ActivateWindow(10025,&quot;plugin://plugin.video.prosport/?away&amp;home&amp;mode=nhl&amp;url&amp;sf_options=&quot;,return)</favourite>
	<favourite name="NHL Replay" thumb="special://home/addons\plugin.video.castaway/resources/media/nhlstream.jpg">ActivateWindow(10025,&quot;plugin://plugin.video.castaway/?category=hockey&amp;mode=open_demand_sport&amp;site=livetv_nhl&quot;,return)</favourite>
	<favourite name="" thumb="">PlayMedia(&quot;plugin://plugin.video.none?sf_options=winID%3D10025%26_options_sf&quot;,return)</favourite>
	<favourite name="NHL Network" thumb="http://megaicons.net/static/img/icons_sizes/6/58/256/nhl-icon.png">PlayMedia(&quot;http://208.92.36.158/ipad/live/nba_ipad_1240.m3u8?sf_options=winID%3D10025%26_options_sf&quot;)</favourite>
</favourites>