<favourites>
	<favourite name="Sprout" thumb="special://home/addons\plugin.video.sprout\icon.png">ActivateWindow(10025,&quot;plugin://plugin.video.sprout/?sf_options=fanart%3Dspecial%3A%2F%2Fhome%2Faddons%5Cplugin.video.sprout%5Cfanart.jpg%26_options_sf&quot;)</favourite>
	<favourite name="Binky TV" thumb="http://xty.me/xunitytalk/addons/plugin.video.binkytv/icon.png">ActivateWindow(10025,&quot;plugin://plugin.video.binkytv?sf_options=fanart%3Dhttp%3A%2F%2Fxty.me%2Fxunitytalk%2Faddons%2Fplugin.video.binkytv%2Ffanart.jpg%26winID%3D10040%26desc%3DChannels+for+kids+from+youtube.%26_options_sf&quot;)</favourite>
	<favourite name="Cartoons" thumb="http://icons.iconarchive.com/icons/designbolts/free-movie-folder/128/Cartoon-icon.png">ActivateWindow(10025,&quot;plugin://plugin.video.kidsflix/?fanart&amp;mode=1&amp;name=Cartoons&amp;url=http%3a%2f%2fpastebin.com%2fraw.php%3fi%3dYD960akM&quot;,return)</favourite>
	<favourite name="ARTHUR" thumb="http://s21.postimg.org/xxrw51i6f/ARTHUR.jpg">ActivateWindow(10025,&quot;plugin://plugin.video.kidsflix/?fanart=http%3a%2f%2fs21.postimg.org%2fxxrw51i6f%2fARTHUR.jpg&amp;mode=1&amp;name=%5bCOLOR%20lime%5dARTHUR%5b%2fCOLOR%5d&amp;url=http%3a%2f%2fpastebin.com%2fraw.php%3fi%3dBJZrWe8R&amp;sf_options=fanart%3Dhttp%3A%2F%2Fs21.postimg.org%2Fxxrw51i6f%2FARTHUR.jpg%26_options_sf&quot;,return)</favourite>
	<favourite name="Sesame Street" thumb="http://www.kqed.org/assets/img/tv/programs/sesamestreet-300x300.jpg">ActivateWindow(10025,&quot;plugin://plugin.video.kidsflix/?fanart=http%3a%2f%2fwww.kqed.org%2fassets%2fimg%2ftv%2fprograms%2fsesamestreet-300x300.jpg&amp;mode=1&amp;name=%5bCOLOR%20lime%5dSesame%20Street%5b%2fCOLOR%5d&amp;url=http%3a%2f%2fpastebin.com%2fraw.php%3fi%3dTBETrwsk&amp;sf_options=fanart%3Dhttp%3A%2F%2Fwww.kqed.org%2Fassets%2Fimg%2Ftv%2Fprograms%2Fsesamestreet-300x300.jpg%26_options_sf&quot;,return)</favourite>
	<favourite name="Barney" thumb="http://i.ytimg.com/vi/Hb57QtoLNfg/default.jpg">ActivateWindow(10025,&quot;plugin://plugin.video.kiddiecartoons/?description&amp;mode=1&amp;name=%5bCOLOR%20gold%5dBarney%5b%2fCOLOR%5d&amp;url=38&amp;sf_options=fanart%3Dspecial%3A%2F%2Fhome%2Faddons%5Cplugin.video.kiddiecartoons%5Cfanart.jpg%26_options_sf&quot;,return)</favourite>
	<favourite name="Berenstain Bears" thumb="http://i.ytimg.com/vi/xP7erqqvBkU/default.jpg">ActivateWindow(10025,&quot;plugin://plugin.video.kiddiecartoons/?description&amp;mode=1&amp;name=%5bCOLOR%20gold%5dBerenstain%20Bears%5b%2fCOLOR%5d&amp;url=57&amp;sf_options=fanart%3Dspecial%3A%2F%2Fhome%2Faddons%5Cplugin.video.kiddiecartoons%5Cfanart.jpg%26_options_sf&quot;,return)</favourite>
	<favourite name="Education" thumb="http://icons.iconarchive.com/icons/oxygen-icons.org/oxygen/128/Categories-applications-education-school-icon.png">ActivateWindow(10025,&quot;plugin://plugin.video.kidsflix/?fanart&amp;mode=1&amp;name=Education&amp;url=http%3a%2f%2fpastebin.com%2fraw.php%3fi%3d8DRQji7p&quot;,return)</favourite>
	<favourite name="Toddler World TV" thumb="special://home/addons\plugin.video.toddlerworldtv\icon.png">ActivateWindow(10025,&quot;plugin://plugin.video.toddlerworldtv?sf_options=fanart%3Dspecial%3A%2F%2Fhome%2Faddons%5Cplugin.video.toddlerworldtv%5Cfanart.jpg%26_options_sf&quot;,return)</favourite>
</favourites>