<favourites>
	<favourite name="UKTurk - Docs" thumb="http://metalkettle.co/UKTurk2/thumbs/UK%20TURK%20documentaries.jpg">ActivateWindow(10025,&quot;plugin://plugin.video.ukturk/?description&amp;iconimage=http%3a%2f%2fmetalkettle.co%2fUKTurk2%2fthumbs%2fUK%2520TURK%2520documentaries.jpg&amp;mode=1&amp;name=Documentaries&amp;url=http://metalkettle.co/UKTurk18022016/docs/Index.txt&quot;,return)</favourite>
	<favourite name="Trapper - Docs" thumb="http://i.imgur.com/mzVy5np.png">ActivateWindow(10025,&quot;plugin://plugin.video.Evolve/?description&amp;fanart=http%3a%2f%2fi.imgur.com%2fOgd1Uxf.png&amp;mode=1&amp;name=%5bB%5dDocumentaries%5b%2fB%5d&amp;url=http%3a%2f%2fpastebin.com%2fraw%2fEgx0i51Z&quot;,return)</favourite>
	<favourite name="NATGEO" thumb="http://cdn.vaughnsoft.com/vaughnsoft/vaughn/img_profiles/lmshows_ngbbc_320.jpg">PlayMedia(&quot;plugin://plugin.stream.vaughnlive.tv/?sourcetype=auto&amp;img=http%3A%2F%2Fcdn.vaughnsoft.com%2Fvaughnsoft%2Fvaughn%2Fimg_profiles%2Flmshows_ngbbc_320.jpg&amp;title=lmshows+ngbbc&amp;url=http%3A%2F%2Fvaughnlive.tv%2Flmshows_ngbbc&amp;section=&amp;site=&amp;mode=PlayLiveStream&amp;fimg=http%3A%2F%2Fcdn.vaughnsoft.com%2Fvaughnsoft%2Fvaughnlive%2Fimg_backgrounds%2Flmshows_ngbbc.jpg&amp;channel=lmshows_ngbbc&amp;sf_options=winID%3D10025%26_options_sf&quot;)</favourite>
	<favourite name="VICE on HBO: Season One" thumb="https://i.ytimg.com/vi/cOndtUcRXdU/mqdefault.jpg">ActivateWindow(10025,&quot;plugin://plugin.video.youtube/channel/UCZaT_X_mc0BI-djXOlfhqWQ/playlist/PLw613M86o5o5BNP8ls1TNDLLHVEi1Mopg/&quot;,return)</favourite>
	<favourite name="VICE on HBO: Season Two" thumb="https://i.ytimg.com/vi/7Yq-sfWSWLg/mqdefault.jpg">ActivateWindow(10025,&quot;plugin://plugin.video.youtube/channel/UCn8zNIfYAQNdrFRrr8oibKw/playlist/PLDbSvEZka6GE6wL8MtEvaZzs1ghK4CGZC/&quot;,return)</favourite>
	<favourite name="VICE on HBO: Season Three" thumb="https://i.ytimg.com/vi/AkW4eW7TMvM/mqdefault.jpg">ActivateWindow(10025,&quot;plugin://plugin.video.youtube/channel/UCn8zNIfYAQNdrFRrr8oibKw/playlist/PLDbSvEZka6GEZPMAxNvcWMW8OvuzNaN8J/&quot;,return)</favourite>
	<favourite name="Shows" thumb="https://solutionsmedia.cbcrc.ca/Pictures/chaineslogos/CBC_documentary_blanc_15.png">ActivateWindow(10025,&quot;plugin://plugin.video.phstreams/?action=directory&amp;audio=0&amp;content=0&amp;fanart=http%3a%2f%2fs6.postimg.org%2f4ph8mo5q9%2fBackdrop.png&amp;image=http%3a%2f%2fs6.postimg.org%2f99ytnv01t%2fSeries.png&amp;name=%5bCOLOR%20orangered%5dD%5b%2fCOLOR%5d%5bCOLOR%20white%5dOCU-%5b%2fCOLOR%5d%5bCOLOR%20orangered%5dS%5b%2fCOLOR%5d%5bCOLOR%20white%5dERIES%5b%2fCOLOR%5d&amp;playable=false&amp;tvshow=0&amp;url=http%3a%2f%2fzenica.watchkodi.com%2fDirectories%2fDocs%2520Directories%2fDocu%2520Series%2520Directory.xml&amp;sf_options=fanart%3Dhttp%3A%2F%2Fs6.postimg.org%2F4ph8mo5q9%2FBackdrop.png%26desc%3DDiscover+Great+Streaming+Playlists%21%26_options_sf&quot;,return)</favourite>
</favourites>