<favourites>
	<favourite name="Autoruns" thumb="http://www.chemtable.com/images/autorun-organizer-logo-256px.png">ActivateWindow(10025,&quot;plugin://script.autoruns?sf_options=desc%3DYou+can+disable+startup+services%2C+improving+Kodi+internal+speed.%26_options_sf&quot;,return)</favourite>
	<favourite name="[COLOR white]ISP Speed Test[/COLOR]" thumb="http://www.live-arena.ru/logos/unnagfgfmed.png">PlayMedia(&quot;plugin://plugin.program.totalinstaller/?url=https%3A%2F%2Ftotalrevolution.googlecode.com%2Fsvn%2Ftrunk%2Fdownload%2520files%2F32MB.txt&amp;mode=runtest&amp;name=Download+32MB+file+++-+%5BCOLOR%3Dlime%5DServer+1%5B%2FCOLOR%5D&amp;fanart=C%3A%5Ckodi15f%5Cportable_data%5Caddons%5Cplugin.program.totalinstaller%5Cfanart.jpg&amp;video=&amp;description=&amp;sf_options=fanart%3Dspecial%3A%2F%2Fhome%2Faddons%5Cplugin.program.totalinstaller%5Cfanart.jpg%26winID%3D10025%26_options_sf&quot;,return)</favourite>
	<favourite name="Ares Wizard" thumb="http://rocketdock.com/images/screenshots/aresiconpu9.png">ActivateWindow(10001,&quot;plugin://script.areswizard/?sf_options=desc%3DAres+Wizard%26_options_sf&quot;,return)</favourite>
	<favourite name="REFRESH" thumb="special://home/addons\plugin.galaxy.refresh\icon.png">ActivateWindow(10001,&quot;plugin://plugin.galaxy.refresh/?sf_options=desc%3DEasily+Factory+Restore+your+Kodi+Configuration+in+One+Simple+Click%21+This+tool+will+bring+your+Kodi+back+to+its+original+installation+state%2C+deleting+all+customizations+and+add-ons+you+may+have+previously+enabled%2C+giving+you+a+fresh+start%21%26_options_sf&quot;,return)</favourite>
	<favourite name="Available updates" thumb="DefaultHardDisk.png">ActivateWindow(10040,&quot;addons://outdated/&quot;,return)</favourite>
	<favourite name=".water PRO" thumb="special://home/addons\plugin.pro.water\icon.png">ActivateWindow(10001,&quot;plugin://plugin.pro.water/?content_type=executable&quot;,return)</favourite>
</favourites>