<favourites>
	<favourite name="Fox Sports 1" thumb="http://bbts-repo.weebly.com/files/theme/Logos/SPORTS/BBTS_fox_sports.png">PlayMedia(&quot;http://ooyalahd2-f.akamaihd.net/i/eslax17_delivery@349499/master.m3u8?sf_options=winID%3D10025%26_options_sf&quot;)</favourite>
	<favourite name="NBCSN" thumb="http://channelpear.com/images/media/1731.jpg">PlayMedia(&quot;plugin://plugin.video.channelpear/?url=http%3A%2F%2F54.177.79.231%2Fserver%2Fplay%2Fnbcsnxctg%2Fmaster.m3u8&amp;mode=12&amp;sf_options=winID%3D10025%26_options_sf&quot;)</favourite>
	<favourite name="Golf Channel" thumb="http://i.imgur.com/WuYJhkg.jpg">PlayMedia(&quot;plugin://plugin.video.channelpear/?url=http%3A%2F%2Ftvegolf-i.Akamaihd.net%2Fhls%2Flive%2F218225%2Fgolfx%2F4296k%2Fprog.m3u8&amp;mode=12&amp;sf_options=winID%3D10025%26_options_sf&quot;)</favourite>
	<favourite name="NBAtv" thumb="http://bbts-repo.weebly.com/files/theme/Logos/SPORTS/BBTS_nba_tv.png">PlayMedia(&quot;http://208.92.36.158/ipad/live/nba_ipad_1240.m3u8?sf_options=winID%3D10025%26_options_sf&quot;)</favourite>
	<favourite name="Red Bull TV" thumb="http://bbts-repo.weebly.com/files/theme/Logos/SPORTS/BBTS_rbtv.png">PlayMedia(&quot;http://sacapunta.eltelon.com/channels/redbulltv/playlist.m3u8?sf_options=winID%3D10025%26_options_sf&quot;)</favourite>
</favourites>