<favourites>
	<favourite name="AptoideTV" thumb="https://cdn6.aptoide.com/imgs/6/8/1/681fb37fab6e618a1426590b2e0f3311.png">PlayMedia(&quot;plugin://plugin.video.water/?url=http://apkins.aptoide.com/AptoideTV-3.1.1.apk&amp;name=Aptoide TV&amp;description=com.aptoidetv.pt&amp;mode=12&amp;sf_options=winID%3D10001%26_options_sf&quot;)</favourite>
	
	<--! favourite name="HappyChick[COLOR black]TV[/COLOR]" thumb="https://lh4.ggpht.com/grN6yFK0FpUXq1RWODj2Ka_qps0l1y3aFXQcNNyvtGeqokZYqaNgbTL-UuZGc2mTxBo=w150">PlayMedia(&quot;plugin://plugin.video.water/?url=http://www.xiaoji001.com/download/tv/xiaoji.apk&amp;mode=12&amp;name=HappyChick TV&amp;description=com.xiaoji.tvbox&amp;sf_options=winID%3D10001%26_options_sf&quot;)</favourite>
	<favourite name="HappyChick" thumb="https://lh4.ggpht.com/grN6yFK0FpUXq1RWODj2Ka_qps0l1y3aFXQcNNyvtGeqokZYqaNgbTL-UuZGc2mTxBo=w150">PlayMedia(&quot;plugin://plugin.video.water/?url=https://archive.org/download/hVdF2pUz/happychicktv&amp;mode=12&amp;name=HappyChick TV&amp;description=com.xiaoji.tvbox&amp;sf_options=winID%3D10001%26_options_sf&quot;)</favourite>
	<favourite name="Terrarium" thumb="https://www.apsense.com/m_photo/profile/20160719/1468909926452846.jpg">PlayMedia(&quot;plugin://plugin.video.water/?url=https://github.com/NitroXenon/Terrarium-Public/releases/download/1.5.6/app-release.apk&amp;name=Terrarium&amp;description=com.nitroxenon.terrarium&amp;mode=12&quot;)</favourite>
	<--! favourite name="Mobdro [COLOR black](TV)[/COLOR]" thumb="http://rawapk.com/wp-content/uploads/2016/05/Mobdro-Icon.png">PlayMedia(&quot;plugin://plugin.video.water/?url=https://archive.org/download/mobdro_20160821/mobdro.apk&amp;mode=12&amp;name=Mobdro&amp;description=com.mobdro.android&amp;sf_options=winID%3D10001%26_options_sf&quot;)</favourite>
	<favourite name="Mobdro" thumb="http://rawapk.com/wp-content/uploads/2016/05/Mobdro-Icon.png">PlayMedia(&quot;plugin://plugin.video.water/?url=https://archive.org/download/hVdF2pUz/mobdro&amp;mode=12&amp;name=Mobdro&amp;description=com.mobdro.android&amp;sf_options=winID%3D10001%26_options_sf&quot;)</favourite>
	<favourite name="TV Browser" thumb="https://cdn6.aptoide.com/imgs/9/a/2/9a2faf0442df08f4067430da3e732ff1_icon_96x96.png">PlayMedia(&quot;plugin://plugin.video.water/?url=http://www-drv.com/site/g9sclgtawhqtojspwxml0a/APKS/2017/browsertv.apk&amp;mode=12&amp;name=TVbrowser&amp;description=lex.com.webbrowser&amp;sf_options=winID%3D10001%26_options_sf&quot;)</favourite>
	

	<favourite name="[COLOR whitesmoke]My Apps[/COLOR]" thumb="http://www.itscanfixthat.com/wp-content/uploads/2013/02/icon-android.png">ActivateWindow(10001,&quot;androidapp://sources/apps/&quot;,return)</favourite>
	<favourite name="[COLOR cadetblue]Settings[/COLOR]" thumb="https://lh3.ggpht.com/v0Na9wm3dVQlJ6eiGchC8FoUVgnSY4ik0yOLZwyeX1iieMJ_byckvj9yEHp8IpVzCXty=w200">ActivateWindow(10025,&quot;plugin://plugin.program.super.favourites/?label=[COLOR whitesmoke]Settings[/COLOR]&amp;mode=400&amp;folder=more%2FAndroid%2FSettings&amp;sf_options=fanart%3DC%3A%5%26_options_sf&quot;)</favourite>
	<favourite name="" thumb="">PlayMedia(&quot;?sf_options=winID%3D10001%26_options_sf&quot;)</favourite>
	<favourite name="More..." thumb="http://www.clipartbest.com/cliparts/ace/ojj/aceojjrEi.png">ActivateWindow(10025,&quot;plugin://plugin.program.super.favourites/?label=More&amp;mode=400&amp;folder=More%2FAndroid%2FMore&amp;sf_options=fanart%3DC%3A%5%26_options_sf&quot;)</favourite>
</favourites>