<favourites>
	<favourite name="Search TV Shows" thumb="http://adigaskell.org/wp-content/uploads/2012/09/channel-surfing-150x150.jpg">ActivateWindow(10025,&quot;plugin://plugin.video.origin2/?action=tvSearch&quot;,return)</favourite>
	<favourite name="Search TV - Primewire" thumb="art\themes\Classic\search.jpg">PlayMedia(&quot;plugin://plugin.video.1channel/?section=tv&amp;mode=GetSearchQuery&amp;next_mode=Search&amp;sf_options=winID%3D10025%26_options_sf&quot;)</favourite>
	<favourite name="Search TV - TeeVee" thumb="special://home/addons\plugin.video.teevee/resources/icons/new/Search.png">ActivateWindow(10025,&quot;plugin://plugin.video.teevee/?foldername=search&amp;mode=search_tv&amp;sf_options=fanart%3Dspecial%3A%2F%2Fhome%2Faddons%5Cplugin.video.teevee%2Fresources%2Ficons%2Fnew%2Ffanart.jpg%26_options_sf&quot;,return)</favourite>
	<favourite name="Search TV - SALTS" thumb="special://home/addons\plugin.video.salts\art\themes\Shine\television_search.png">ActivateWindow(10025,&quot;plugin://plugin.video.salts/?mode=search&amp;section=TV&quot;,return)</favourite>
	<favourite name="Search TV - iStream" thumb="https://istream-xbmc-repo.googlecode.com/svn/images/default/search_tv_shows.png">ActivateWindow(10025,&quot;plugin://script.icechannel/?fanart=https%3a%2f%2fistream-xbmc-repo.googlecode.com%2fsvn%2fimages%2fdefault%2fsearch_tv_shows.jpg&amp;img=https%3a%2f%2fistream-xbmc-repo.googlecode.com%2fsvn%2fimages%2fdefault%2fsearch_tv_shows.png&amp;indexer=tv_shows&amp;istream_path=%20%3a%20Search%20%3a%20Search%20TV%20Shows&amp;mode=search&amp;section=search&amp;title=Search%20TV%20Shows&quot;,return)</favourite>
</favourites>