<favourites>
	<favourite name="[COLOR azure]Video add-ons[/COLOR]" thumb="http://icons.iconarchive.com/icons/custom-icon-design/pretty-office-5/256/addons-icon.png">ActivateWindow(10025,&quot;addons://sources/video/&quot;,return)</favourite>
	<favourite name="[COLOR azure]Programs[/COLOR]" thumb="http://icons.iconarchive.com/icons/royalflushxx/systematrix/128/Program-icon.png">ActivateWindow(10001,&quot;addons://sources/executable/&quot;,return)</favourite>
	<favourite name="_Scratch" thumb="">ActivateWindow(10025,&quot;plugin://plugin.program.super.favourites/?folder=More/_Scratch&quot;,return)</favourite>
	<favourite name="YouTube" thumb="http://www.usacapitol.com/SiteAssets/stay-connected/youtube-logo.png">ActivateWindow(10025,&quot;plugin://plugin.video.youtube/&quot;,return)</favourite>
	<favourite name="Settings" thumb="http://googledrive.com/host/0B-bY5h-uWEgZQVJQZ0lzUTdBeFE/icons/settings.png">ActivateWindow(10025,&quot;plugin://plugin.program.super.favourites/?folder=More/Settings&quot;,return)</favourite>
	<favourite name="trakt" thumb="http://www.userlogos.org/files/logos/jumpordie/trakt_02.png">ActivateWindow(10025,&quot;plugin://plugin.program.super.favourites/?folder=more/trakt&quot;,return)</favourite>
</favourites>