<favourites>
	<favourite name="Zee TV" thumb="special://home/addons\plugin.video.zeetv\icon.png">ActivateWindow(10025,&quot;plugin://plugin.video.zeetv?sf_options=fanart%3Dspecial%3A%2F%2Fhome%2Faddons%5Cplugin.video.zeetv%5Cfanart.jpg%26desc%3DAddon+for+videos+from+http%3A%2F%2Fwww.zeetv.com%2F%26_options_sf&quot;,return)</favourite>
	<favourite name="Pak Dramas" thumb="special://home/addons\plugin.video.dramasonline\icon.png">ActivateWindow(10025,&quot;plugin://plugin.video.dramasonline/?sf_options=desc%3DWatch+dramasonline.com+on+your+XBMC.+This+plugin+fetches+the+video+sources+from+dramasonline.com+and+play+on+XBMC+compatible+plateforms%26_options_sf&quot;,return)</favourite>
	<favourite name="Einthusan OnDemand" thumb="https://superrepo.org/static/images/icons/original/plugin.video.einthusan.png.pagespeed.ce.9F6uJE1NUo.png">ActivateWindow(10025,&quot;plugin://plugin.video.einthusan?sf_options=desc%3DThis+XBMC+plugin+allows+to+watch+Hindi+and+Tamil+movies+from+Einthusan.com.+Please+support+them.%0A%0A++++++++Credits+to+suriya222+for+the+thumbnails.%26_options_sf&quot;,return)</favourite>
	<favourite name="Latest Shows" thumb="">ActivateWindow(10025,&quot;plugin://plugin.video.ZemTV-shani/?mode=2&amp;name=Latest%20Shows&amp;url=Shows&amp;sf_options=&quot;,return)</favourite>
	<favourite name="DittoTV OnDemand" thumb="http://www.greatsoftware.com/wp-content/uploads/2014/09/Ditto-TV-for-PC.png">ActivateWindow(10025,&quot;plugin://plugin.video.ditto-rain?sf_options=desc%3DDittoTV.com+-+Watch+DittoTV%26_options_sf&quot;,return)</favourite>
</favourites>