<favourites>
	<favourite name="Pak India" thumb="http://cdnimg.dynns.com/iptvpanelnew/prog_data/thumbs/2c3279b0b059b2665593834a264d7de6sportsBigTV.jpg">ActivateWindow(10025,&quot;plugin://plugin.video.pakindia/?iconimage=http%3a%2f%2fcdnimg.dynns.com%2fiptvpanelnew%2fprog_data%2fthumbs%2f2c3279b0b059b2665593834a264d7de6sportsBigTV.jpg&amp;mode=1&amp;name=Sports&amp;url=Sports&quot;,return)</favourite>
	<favourite name="ShowSport.com (beIN)" thumb="http://showsport-tv.com/images/logo.png">ActivateWindow(10025,&quot;plugin://plugin.video.SportsDevil/?item=title%3dShowSport.com%26url%3dtv%252Fshowsport-tv.com.cfg%26definedIn%3dtv.cfg%26director%3dshowsport-tv.com%26genre%3dTV%26type%3drss%26icon%3dhttp%253A%252F%252Fshowsport-tv.com%252Fimages%252Flogo.png&amp;mode=1&amp;sf_options=fanart%3Dspecial%3A%2F%2Fhome%2Faddons%5Cplugin.video.SportsDevil%5Cfanart.jpg%26_options_sf&quot;,return)</favourite>
	<favourite name="[COLOR brown] Sports Channels - Devil[/COLOR]" thumb="special://home/addons\plugin.video.SportsDevil\resources\images\station.png">ActivateWindow(10025,&quot;plugin://plugin.video.SportsDevil/?item=title%3dSports%2bTV%26url%3dtv.cfg%26definedIn%3dmainMenu.cfg%26director%3dSportsDevil%26genre%3dTV%26type%3drss%26icon%3dC%253A%255CUsers%255CUser%255CAppData%255CRoaming%255CKodi%255Caddons%255Cplugin.video.SportsDevil%255Cresources%255Cimages%255Cstation.png&amp;mode=1&amp;sf_options=fanart%3Dspecial%3A%2F%2Fhome%2Faddons%5Cplugin.video.SportsDevil%5Cfanart.jpg%26_options_sf&quot;,return)</favourite>
	<favourite name="Sports4u.tv" thumb="special://home/addons\plugin.video.SportsDevil\resources\images\sports4u.png">ActivateWindow(10025,&quot;plugin://plugin.video.SportsDevil/?item=title%3dSports4u.tv%26url%3dtv%252Fsports4u.tv.cfg%26definedIn%3dtv.cfg%26director%3dsports4u.tv%26genre%3dTV%26type%3drss%26icon%3dC%253A%255Ckodi15final1%255Cportable_data%255Caddons%255Cplugin.video.SportsDevil%255Cresources%255Cimages%255Csports4u.png&amp;mode=1&amp;sf_options=fanart%3Dspecial%3A%2F%2Fhome%2Faddons%5Cplugin.video.SportsDevil%5Cfanart.jpg%26_options_sf&quot;,return)</favourite>
	<favourite name="LiveOnlineTv247.info" thumb="special://home/addons\plugin.video.SportsDevil\resources\images\folder.png">ActivateWindow(10025,&quot;plugin://plugin.video.SportsDevil/?item=title%3dLiveOnlineTv247.info%26url%3dcustoms%252Fliveonlinetv247.net.cfg%26definedIn%3dcustoms.cfg%26director%3dliveonlinetv247%26genre%3dLive%2bTV%26type%3drss%26icon%3d&amp;mode=1&amp;sf_options=fanart%3Dspecial%3A%2F%2Fhome%2Faddons%5Cplugin.video.SportsDevil%5Cfanart.jpg%26_options_sf&quot;,return)</favourite>
	<favourite name="Sports Channels - NJMScoccer" thumb="http://kodistream.info/njmsoccer/Images/njm_icon.jpg">ActivateWindow(10025,&quot;plugin://plugin.video.RobinHood-PPL-List/?fanart=http%3a%2f%2fkodistream.info%2fMainLogos%2fmain%2520background.jpg&amp;mode=1&amp;name=%5bCOLOR%20white%5dNJMSoccer%5b%2fCOLOR%5d&amp;url=http%3a%2f%2fkodistream.info%2fnjmsoccer%2fMain_Menu.xml&amp;sf_options=fanart%3Dhttp%3A%2F%2Fkodistream.info%2FMainLogos%2Fmain%2520background.jpg%26_options_sf&quot;,return)</favourite>
	<favourite name="Sports Channels - PhoenixTV" thumb="http://s20.postimg.org/y47sfmnfh/Sports.png">ActivateWindow(10025,&quot;plugin://plugin.video.phstreams/?action=ndmode&amp;audio=0&amp;content=0&amp;fanart=http%3a%2f%2fs20.postimg.org%2fw4r6o7t3x%2fPhoenix_Fanart.png&amp;image=http%3a%2f%2fs20.postimg.org%2fy47sfmnfh%2fSports.png&amp;name=Sports&amp;playable=false&amp;tvshow=0&amp;url=http%3a%2f%2fshanghai.watchkodi.com%2fDirectories%2fSports.xml&amp;sf_options=fanart%3Dhttp%3A%2F%2Fs20.postimg.org%2Fw4r6o7t3x%2FPhoenix_Fanart.png%26desc%3DDiscover+Great+Streaming+Playlists%21%26_options_sf&quot;,return)</favourite>
</favourites>