<favourites>
	
	
	<favourite name="[COLOR chartreuse]Clear[/COLOR] Packages" thumb="http://icdn.pro/images/en/z/i/zip-archive-box-icone-3857-128.png">ActivateWindow(10001,&quot;plugin://plugin.video.waterwizard/?description&amp;fanart=C%3a%5ckodi151%5cportable_data%5caddons%5cplugin.video.waterwizard%5cfanart.jpg&amp;iconimage=C%3a%5ckodi151%5cportable_data%5caddons%5cplugin.video.waterwizard%5cresources%5cart%5cdeletepackages.jpg&amp;mode=7&amp;name=DELETE%20PACKAGES&amp;url=url&amp;sf_options=fanart%3Dspecial%3A%2F%2Fhome%2Faddons%5Cplugin.video.waterwizard%5Cfanart.jpg%26_options_sf&quot;,return)</favourite>
	<favourite name="[COLOR chartreuse]Clear[/COLOR] Cache" thumb="https://upload.wikimedia.org/wikipedia/commons/thumb/2/2c/Broom_icon.svg/2000px-Broom_icon.svg.png">ActivateWindow(10001,&quot;plugin://plugin.video.waterwizard/?description&amp;fanart=C%3a%5ckodi151%5cportable_data%5caddons%5cplugin.video.waterwizard%5cfanart.jpg&amp;iconimage=C%3a%5ckodi151%5cportable_data%5caddons%5cplugin.video.waterwizard%5cresources%5cart%5cdeletecache.png&amp;mode=4&amp;name=DELETE%20CACHE&amp;url=url&amp;sf_options=fanart%3Dspecial%3A%2F%2Fhome%2Faddons%5Cplugin.video.waterwizard%5Cfanart.jpg%26_options_sf&quot;,return)</favourite>
	<favourite name="[COLOR chartreuse]Clear[/COLOR] Artwork" thumb="http://i.imgur.com/W79z4b2.png">PlayMedia(&quot;plugin://plugin.program.totalinstaller/?url=none&amp;mode=remove_textures&amp;name=Clear+My+Cached+Artwork&amp;fanart=C%3A%5Ckodi15%5Cportable_data%5Caddons%5Cplugin.program.totalinstaller%5Cfanart.jpg&amp;video=&amp;description=&amp;sf_options=fanart%3Dspecial%3A%2F%2Fhome%2Faddons%5Cplugin.program.totalinstaller%5Cfanart.jpg%26winID%3D10025%26_options_sf&quot;,return)</favourite>
	<favourite name="" thumb="">PlayMedia(&quot;plugin://plugin.video.none?sf_options=winID%3D10025%26_options_sf&quot;,return)</favourite>
	<favourite name="Update" thumb="http://googledrive.com/host/0B-bY5h-uWEgZQVJQZ0lzUTdBeFE/icons/apps/water.png">ActivateWindow(10001,&quot;plugin://plugin.video.water/?content_type=executable&quot;,return)</favourite>
	<favourite name="[COLOR crimson]FRESH START[/COLOR] / RESET" thumb="http://leanpizza.net/wp-content/uploads/2011/04/Reset.png">ActivateWindow(10001,&quot;plugin://plugin.galaxy.freshstart&quot;,return)</favourite>
	<favourite name="" thumb="">PlayMedia(&quot;plugin://plugin.video.none?sf_options=winID%3D10025%26_options_sf&quot;,return)</favourite>
	<favourite name="More Tools" thumb="http://b.dryicons.com/images/icon_sets/coquette_part_7_icons_set/png/128x128/toolbox.png">ActivateWindow(10025,&quot;plugin://plugin.program.super.favourites/?folder=More/Settings/Maintenance/More Tools&quot;,return)</favourite>
</favourites>