<favourites>
	<favourite name="Movie Collection" thumb="http://googledrive.com/host/0B-bY5h-uWEgZQVJQZ0lzUTdBeFE/icons/apps/movie_collection.png">ActivateWindow(10025,&quot;plugin://plugin.video.origin2/?action=movies&amp;url=traktcollection&amp;sf_options=&quot;,return)</favourite>
	<favourite name="Movie Watchlist" thumb="http://googledrive.com/host/0B-bY5h-uWEgZQVJQZ0lzUTdBeFE/icons/eye.png">ActivateWindow(10025,&quot;plugin://plugin.video.origin2/?action=movies&amp;url=traktwatchlist&amp;sf_options=&quot;,return)</favourite>
	<favourite name="Lists" thumb="http://googledrive.com/host/0B-bY5h-uWEgZQVJQZ0lzUTdBeFE/icons/list.png">ActivateWindow(10025,&quot;plugin://plugin.video.origin2/?action=movieUserlists&amp;sf_options=&quot;,return)</favourite>
	<favourite name="[B]TRAKT[/B] : Featured" thumb="special://home/addons\plugin.video.genesis\resources\media\gone\movies.jpg">ActivateWindow(10025,&quot;plugin://plugin.video.origin2/?action=movies&amp;url=traktfeatured&amp;sf_options=&quot;,return)</favourite>
	<favourite name="[B]TRAKT[/B] : Ratings" thumb="special://home/addons\plugin.video.genesis\resources\media\gone\movies.jpg">ActivateWindow(10025,&quot;plugin://plugin.video.origin2/?action=movies&amp;url=traktratings&amp;sf_options=&quot;,return)</favourite>
</favourites>