<favourites>
	<favourite name="Pak Dramas" thumb="special://home/addons\plugin.video.dramasonline\icon.png">ActivateWindow(10025,&quot;plugin://plugin.video.dramasonline/?sf_options=desc%3DWatch+dramasonline.com+on+your+XBMC.+This+plugin+fetches+the+video+sources+from+dramasonline.com+and+play+on+XBMC+compatible+plateforms%26_options_sf&quot;,return)</favourite>
	<favourite name="ZemTV.com" thumb="special://home/addons\plugin.video.ZemTV-shani\icon.png">ActivateWindow(10025,&quot;plugin://plugin.video.ZemTV-shani/?sf_options=desc%3DWatch+ZemTV.com+on+your+XBMC.+This+plugin+fetches+the+video+sources+from+ZemTV.com+and+play+on+XBMC+compatible+plateforms%26_options_sf&quot;,return)</favourite>
	<favourite name="DesiZone" thumb="special://home/addons\plugin.video.tvondesizonexl\icon.png">RunScript(&quot;plugin.video.tvondesizonexl&quot;,return)</favourite>
	<favourite name="Pak India Live" thumb="special://home/addons\plugin.video.pakindia\icon.png">ActivateWindow(10025,&quot;plugin://plugin.video.pakindia/&quot;,return)</favourite>
	<favourite name="[COLOR blue]Enable Indian Content[/COLOR]" thumb="">PlayMedia(&quot;plugin://plugin.video.water/?url=http%3A%2F%2Fgoogledrive.com%2Fhost%2F0B-bY5h-uWEgZbndYVGZVYmJvb0E%2Fbuild%2Findianrepos.zip&amp;mode=5&amp;name=indianrepo&amp;sf_options=winID%3D10025%26_options_sf&quot;,return)</favourite>
</favourites>