<favourites>
	<favourite name="Browse repos" thumb="DefaultHardDisk.png">ActivateWindow(10040,&quot;addons://repos/&quot;,return)</favourite>
	<favourite name="Install repository" thumb="DefaultAddonRepository.png">ActivateWindow(10040,&quot;addons://all/xbmc.addon.repository&quot;,return)</favourite>
	<favourite name="Blazetamer&apos;s Repository" thumb="special://home/addons\repository.BlazeRepo\icon.png">ActivateWindow(10040,&quot;addons://repository.BlazeRepo/?sf_options=desc%3DDownload+and+install+addons+from+Blazetamer.......For+Official+Support+Visit+TVADDONS.AG%26_options_sf&quot;,return)</favourite>
	<favourite name="Entertainment Repo" thumb="special://home/addons\repository.entertainmentrepo\icon.png">ActivateWindow(10040,&quot;addons://repository.entertainmentrepobackup/?sf_options=desc%3DDownload+and+install+addons+by+Mr+Entertainment%26_options_sf&quot;,return)</favourite>
	<favourite name="Kodisrael  Repository" thumb="special://home/addons\repository.kodil\icon.png">ActivateWindow(10040,&quot;addons://repository.kodil/?sf_options=desc%3Dkodisrael+repository+-+the+most+extensive+repository+in+israel%26_options_sf&quot;,return)</favourite>
	<favourite name="MetalKettles Addon Repository" thumb="special://home/addons\repository.metalkettle\icon.png">ActivateWindow(10040,&quot;addons://repository.metalkettle?sf_options=fanart%3Dspecial%3A%2F%2Fhome%2Faddons%5Crepository.metalkettle%5Cfanart.jpg%26desc%3DDownload+and+install+addons+from+MetalKettle%26_options_sf&quot;,return)</favourite>
	<favourite name="Mucky Ducks Repo" thumb="special://home/addons\repository.mdrepo\icon.png">ActivateWindow(10040,&quot;addons://repository.mdrepo/?sf_options=desc%3DDownload+And+Install+Addons+Developed+By+Mucky+Duck+And+Various+Other+Developers%26_options_sf&quot;,return)</favourite>
	<favourite name="TVADDONS.ag Addon Repository" thumb="special://home/addons\repository.xbmchub\icon.png">ActivateWindow(10040,&quot;addons://repository.xbmchub/?sf_options=desc%3DThe+Best+Third+Party+Addons+for+Kodi%2C+Brought+to+you+by+TVADDONS.ag%26_options_sf&quot;,return)</favourite>
	<favourite name=".XunityTalk Repository" thumb="special://home/addons\repository.xunitytalk\icon.png">ActivateWindow(10040,&quot;addons://repository.xunitytalk/?sf_options=desc%3DThe+Best+Third+Party+Addons+for+XBMC%2C+.%5BCOLOR+blue%5DX%5B%2FCOLOR%5Dunity%5BCOLOR+blue%5DT%5B%2FCOLOR%5Dalk%26_options_sf&quot;,return)</favourite>
	<favourite name="Install from zip file" thumb="DefaultHardDisk.png">ActivateWindow(10040,&quot;addons://install/&quot;,return)</favourite>
	<favourite name="Add-on repository" thumb="DefaultAddonRepository.png">ActivateWindow(10025,&quot;plugin://xbmc.addon.repository&quot;,return)</favourite>
</favourites>