<favourites>
	<favourite name="Top Headlines" thumb="">ActivateWindow(10025,&quot;plugin://plugin.video.youtube/channel/UCR7Hq0eX-nr2xDx64rgVVkg/playlist/PL3ZQ5CpNulQldOL3T8g8k1mgWWysJfE9w/&quot;,return)</favourite>
	<favourite name="[COLOR azure]CBS Evening News[/COLOR]" thumb="http://thetvdb.com/banners/posters/74468-1.jpg">ActivateWindow(10025,&quot;plugin://plugin.video.ustvvod/?fanart=%22http%3a%2f%2fthetvdb.com%2fbanners%2ffanart%2foriginal%2f74468-2.jpg%22&amp;mode=%22cbs%22&amp;name=%22Full%20Episodes%22&amp;sitemode=%22episodes%22&amp;thumb=%22http%3a%2f%2fthetvdb.com%2fbanners%2fposters%2f74468-1.jpg%22&amp;tvdb_id=%2274468%22&amp;url=%22http%3a%2f%2fwww.cbs.com%2fcarousels%2fvideosBySection%2f238558%2foffset%2f0%2flimit%2f100%2fxs%2f0%2f%22&amp;sf_options=fanart%3Dhttp%3A%2F%2Fthetvdb.com%2Fbanners%2Ffanart%2Foriginal%2F74468-2.jpg%26desc%3DStation%3A+CBS%0AAirs%3A+Daily%406%3A30+PM%0AStatus%3A+Continuing%0A%0AThe+CBS+Evening+News+is+a+TV+institution%2C+having+some+of+the+most+well-known+journalists+in+the+world+anchor+it+through+its+many+decades+on+the+air.+It%27s+currently+anchored+by+veteran+newsman+Bob+Schieffer%2C+who+took+over+when+Dan+Rather+retired+early+in+2005.+The+half+hour+show+covers+both+international+and+domestic+news.%26_options_sf&quot;,return)</favourite>
	<favourite name="NBC Nightly News" thumb="">ActivateWindow(10025,&quot;plugin://plugin.video.wnbc/?mode=GS&amp;url=%2fdata%2fnode%2f208991%2fvideo_carousel&quot;,return)</favourite>
	<favourite name="PBS News Hour" thumb="http://image.pbs.org/contentchannels/43/wsqwf9aYt4VWIPcECpVGw.jpg">PlayMedia(&quot;plugin://plugin.video.thinktv/?mode=GE&amp;name=Episodes%20(43)&amp;url=newshour%7cepisodes%7c1&quot;,isdir)&amp;sf_options=winID%3D10025%26_options_sf&quot;)</favourite>
	<favourite name="Fareed Zakaria GPS" thumb="http://is5.mzstatic.com/image/thumb/Music69/v4/a9/c6/aa/a9c6aa49-0b89-92be-9a03-7ace46821f36/source/100x100bb.jpg">ActivateWindow(10501,&quot;plugin://plugin.video.itunes_podcasts/audio/podcast/items/377785090/&quot;,return)</favourite>
	<favourite name="Vice News" thumb="http://a5.mzstatic.com/us/r30/Purple69/v4/8e/96/c7/8e96c725-6b07-6d16-877e-351b4ebcd5b6/icon175x175.png">ActivateWindow(10025,&quot;plugin://plugin.video.youtube/user/vicenews/&quot;,return)</favourite>
	<favourite name="FOX News Live" thumb="http://googledrive.com/host/0B-bY5h-uWEgZQVJQZ0lzUTdBeFE/icons/networks/news/foxnews.png">PlayMedia(&quot;plugin://plugin.stream.vaughnlive.tv/?sourcetype=auto&amp;title=newzviewz&amp;url=http%3A%2F%2Fvaughnlive.tv%2Fnewzviewz&amp;section=&amp;site=&amp;mode=PlayLiveStream&amp;channel=newzviewz&amp;sf_options=winID%3D10025%26_options_sf&quot;)</favourite>
</favourites>