<favourites>
	<favourite name="Uninstall add-on" thumb="http://tribeca.tvaddons.ag/tools/maintenance/thumbs/addonremoval.jpg">ActivateWindow(10001,&quot;plugin://plugin.video.xbmchubmaintenance/?fanart=C%3a%5ckodi%5cportable_data%5caddons%5cplugin.video.xbmchubmaintenance%5cfanart.jpg&amp;iconimage=http%3a%2f%2ftribeca.tvaddons.ag%2ftools%2fmaintenance%2fthumbs%2faddonremoval.jpg&amp;mode=8&amp;name=Addon%20Removal&amp;url=plugin.&amp;sf_options=&quot;,return)</favourite>
	<favourite name="Uninstall Repo" thumb="http://tribeca.tvaddons.ag/tools/maintenance/thumbs/reporemoval.jpg">ActivateWindow(10001,&quot;plugin://plugin.video.xbmchubmaintenance/?fanart=C%3a%5ckodi%5cportable_data%5caddons%5cplugin.video.xbmchubmaintenance%5cfanart.jpg&amp;iconimage=http%3a%2f%2ftribeca.tvaddons.ag%2ftools%2fmaintenance%2fthumbs%2freporemoval.jpg&amp;mode=8&amp;name=Repo%20Removal&amp;url=repository.&amp;sf_options=&quot;,return)</favourite>
	<favourite name="Uninstall Skin" thumb="http://tribeca.tvaddons.ag/tools/maintenance/thumbs/skinremoval.jpg">ActivateWindow(10001,&quot;plugin://plugin.video.xbmchubmaintenance/?fanart=C%3a%5ckodi%5cportable_data%5caddons%5cplugin.video.xbmchubmaintenance%5cfanart.jpg&amp;iconimage=http%3a%2f%2ftribeca.tvaddons.ag%2ftools%2fmaintenance%2fthumbs%2fskinremoval.jpg&amp;mode=8&amp;name=Skin%20Removal&amp;url=skin.&amp;sf_options=&quot;,return)</favourite>
	<favourite name="Uninstall Module" thumb="http://tribeca.tvaddons.ag/tools/maintenance/thumbs/checkmodule.jpg">ActivateWindow(10001,&quot;plugin://plugin.video.xbmchubmaintenance/?fanart=C%3a%5ckodi%5cportable_data%5caddons%5cplugin.video.xbmchubmaintenance%5cfanart.jpg&amp;iconimage=http%3a%2f%2ftribeca.tvaddons.ag%2ftools%2fmaintenance%2fthumbs%2fcheckmodule.jpg&amp;mode=36&amp;name=Check%20Modules&amp;url=script.&amp;sf_options=fanart%3Dspecial%3A%2F%2Fhome%2Faddons%5Cplugin.video.xbmchubmaintenance%5Cfanart.jpg%26desc%3DCheck+Modules%26_options_sf&quot;,return)</favourite>
	<favourite name="Startup Cleanup" thumb="http://www.chemtable.com/images/autorun-organizer-logo-256px.png">ActivateWindow(10025,&quot;plugin://script.autoruns?sf_options=desc%3DYou+can+disable+startup+services%2C+improving+Kodi+internal+speed.%26_options_sf&quot;,return)</favourite>
	<favourite name="Install from Source" thumb="http://icons.iconseeker.com/png/fullsize/fresh-addon/part.png">ActivateWindow(10025,&quot;plugin://plugin.video.megasearch/?mode=1655&amp;name=%5bCOLOR%20gold%5dADDONS%5b%2fCOLOR%5d&amp;url=s&amp;sf_options=&quot;,return)</favourite>
</favourites>