<favourites>
	<favourite name="Criminal Minds" thumb="http://sounds.lyrics.songonlyrics.net/wp-content/uploads/2013/09/criminalminds-s9.jpeg">PlayMedia(&quot;plugin://plugin.video.ccloudtv/?url=http%3A%2F%2Fiptvnation.com%2Fcriminal.mp4&amp;mode=1&amp;name=Criminal+Minds+%28RandomAirTime+24%2F7%29+%28US%29+%28English%29&amp;iconimage=http%3A%2F%2Fsounds.lyrics.songonlyrics.net%2Fwp-content%2Fuploads%2F2013%2F09%2Fcriminalminds-s9.jpeg&amp;sf_options=winID%3D10025%26_options_sf&quot;)</favourite>
	<favourite name="CSI Miami" thumb="https://fanart.tv/api/download.php?type=download&amp;image=31066&amp;section=1">PlayMedia(&quot;http://iptvnation.com/csimiami.mp4?sf_options=winID%3D10025%26_options_sf&quot;)</favourite>
	<favourite name="COPS" thumb="http://cdn.vaughnsoft.com/vaughnsoft/vaughn/img_profiles/profe3196_320.jpg">PlayMedia(&quot;plugin://plugin.stream.vaughnlive.tv/?sourcetype=auto&amp;title=vaughn&amp;url=http%3A%2F%2Fvaughnlive.tv%2Fprofe3196&amp;section=&amp;site=&amp;mode=PlayLiveStream&amp;channel=profe3196&amp;sf_options=winID%3D10025%26_options_sf&quot;)</favourite>
	<favourite name="Crime Shows 3" thumb="http://cdn.vaughnsoft.com/vaughnsoft/vaughn/img_profiles/profe3197_320.jpg">PlayMedia(&quot;plugin://plugin.stream.vaughnlive.tv/?sourcetype=auto&amp;title=vaughn&amp;url=http%3A%2F%2Fvaughnlive.tv%2Fprofe3197&amp;section=&amp;site=&amp;mode=PlayLiveStream&amp;channel=profe3197&amp;sf_options=winID%3D10025%26_options_sf&quot;)</favourite>
	<favourite name="Crime Shows" thumb="http://cdn.vaughnsoft.com/vaughnsoft/vaughn/img_profiles/crimecentral_320.jpg">PlayMedia(&quot;plugin://plugin.stream.vaughnlive.tv/?sourcetype=auto&amp;title=vaughn&amp;url=http%3A%2F%2Fvaughnlive.tv%2Fcrimecentral&amp;section=&amp;site=&amp;mode=PlayLiveStream&amp;channel=crimecentral&amp;sf_options=winID%3D10025%26_options_sf&quot;)</favourite>
	<favourite name="[COLOR FFFFFFFF]getyourdocsoff[/COLOR]" thumb="http://cdn.vaughnsoft.com/vaughnsoft/vaughn/img_profiles/getyourdocsoff_320.jpg">PlayMedia(&quot;plugin://plugin.stream.vaughnlive.tv/?sourcetype=auto&amp;img=http%3A%2F%2Fcdn.vaughnsoft.com%2Fvaughnsoft%2Fvaughn%2Fimg_profiles%2Fgetyourdocsoff_320.jpg&amp;title=getyourdocsoff&amp;url=http%3A%2F%2Fvaughnlive.tv%2Fgetyourdocsoff&amp;section=&amp;site=&amp;mode=PlayLiveStream&amp;fimg=http%3A%2F%2Fcdn.vaughnsoft.com%2Fvaughnsoft%2Fvaughnlive%2Fimg_backgrounds%2Fgetyourdocsoff.jpg&amp;channel=getyourdocsoff&amp;sf_options=fanart%3Dhttp%3A%2F%2Fcdn.vaughnsoft.com%2Fvaughnsoft%2Fvaughnlive%2Fimg_backgrounds%2Fgetyourdocsoff.jpg%26winID%3D10025%26_options_sf&quot;)</favourite>
</favourites>