<favourites>
	<favourite name="WNBC" thumb="special://home/addons\plugin.video.wnbc\icon.png">ActivateWindow(10025,&quot;plugin://plugin.video.wnbc/?sf_options=desc%3DWNBC+Programs+from+the+flagship+NBC+station+in+New+York.+Programs+include%3A+The+Tonight+Show%2C+NBC+News+and+NBC+Classic+TV.%26_options_sf&quot;,return)</favourite>
	<favourite name="WRAL News and Weather" thumb="special://home/addons\plugin.video.wral\icon.png">ActivateWindow(10025,&quot;plugin://plugin.video.wral/?sf_options=desc%3DNews+and+Weather+from+Raleigh%2C+NC+CBS+affiliate+WRAL.+Get+current+CBS+News%2C+current+and+classic+CBS+programs.%26_options_sf&quot;,return)</favourite>
	<favourite name="Bravo" thumb="special://home/addons\plugin.video.bravo\icon.png">ActivateWindow(10025,&quot;plugin://plugin.video.bravo?sf_options=fanart%3Dspecial%3A%2F%2Fhome%2Faddons%5Cplugin.video.bravo%5Cfanart.jpg%26desc%3DBravo+TV+video+addon.%26_options_sf&quot;,return)</favourite>
	<favourite name="Cooking Channel" thumb="special://home/addons\plugin.video.cook\icon.png">ActivateWindow(10025,&quot;plugin://plugin.video.cook?sf_options=fanart%3Dspecial%3A%2F%2Fhome%2Faddons%5Cplugin.video.cook%5Cfanart.jpg%26desc%3DCooking+Channel%26_options_sf&quot;,return)</favourite>
	<favourite name="Crackle" thumb="special://home/addons\plugin.video.ustvvod\resources\images\crackle.png">ActivateWindow(10025,&quot;plugin://plugin.video.ustvvod/?fanart=%22C%3a%5ckodi24%5cportable_data%5caddons%5cplugin.video.ustvvod%5cfanart.jpg%22&amp;mode=%22crackle%22&amp;name=%22Crackle%22&amp;sitemode=%22rootlist%22&amp;thumb=%22C%3a%5ckodi24%5cportable_data%5caddons%5cplugin.video.ustvvod%5cresources%5cimages%5ccrackle.png%22&amp;url=%22%22&amp;sf_options=fanart%3Dspecial%3A%2F%2Fhome%2Faddons%5Cplugin.video.ustvvod%5Cfanart.jpg%26_options_sf&quot;,return)</favourite>
	<favourite name="DIY Network" thumb="special://home/addons\plugin.video.diy\icon.png">ActivateWindow(10025,&quot;plugin://plugin.video.diy?sf_options=fanart%3Dspecial%3A%2F%2Fhome%2Faddons%5Cplugin.video.diy%5Cfanart.jpg%26desc%3DFrom+remodeling+to+gardening+to+crafts+DIYNetwork.com+provides+resources+and+knowledge+through+step-by-step+photos+and+videos%26_options_sf&quot;,return)</favourite>
	<favourite name="Food Network" thumb="special://home/addons\plugin.video.foodnetwork\icon.png">ActivateWindow(10025,&quot;plugin://plugin.video.foodnetwork?sf_options=fanart%3Dspecial%3A%2F%2Fhome%2Faddons%5Cplugin.video.foodnetwork%5Cfanart.jpg%26desc%3DPlay+videos+from+the+Food+Network%26_options_sf&quot;,return)</favourite>
	<favourite name="G4TV" thumb="special://home/addons\plugin.video.g4tv\icon.png">ActivateWindow(10025,&quot;plugin://plugin.video.g4tv/?sf_options=desc%3DG4TV+is+the+one+destination+on+television+that+feeds+your+addiction+for+the+latest+must-have+tech+gadgets%2C+web+culture+and+video+games.%26_options_sf&quot;,return)</favourite>
	<favourite name="Hallmark Channel" thumb="special://home/addons\plugin.video.hallmark\icon.png">ActivateWindow(10025,&quot;plugin://plugin.video.hallmark/?sf_options=desc%3DHallmark+Channel.+The+channel%27s+programming+is+primarily+targeted+at+families%2C+and+features+a+mix+of+television+movies+and+miniseries%2C+original+and+acquired+television+series%2C+and+lifestyle+programs.%26_options_sf&quot;,return)</favourite>
	<favourite name="HGTV" thumb="special://home/addons\plugin.video.hgtv\icon.png">ActivateWindow(10025,&quot;plugin://plugin.video.hgtv?sf_options=fanart%3Dspecial%3A%2F%2Fhome%2Faddons%5Cplugin.video.hgtv%5Cfanart.jpg%26desc%3DPlay+videos+from+the+HGTV+Network%26_options_sf&quot;,return)</favourite>
	<favourite name="MeTV" thumb="special://home/addons\plugin.video.metv\icon.png">ActivateWindow(10025,&quot;plugin://plugin.video.metv?sf_options=fanart%3Dspecial%3A%2F%2Fhome%2Faddons%5Cplugin.video.metv%5Cfanart.jpg%26desc%3DChosen+from+a+wide+array+of+genres%2C+the+programs+of+Me-TV+pay+tribute+to+classic+television.+Comedies+like+The+Mary+Tyler+Moore+Show%2C+I+Love+Lucy%2C+The+Honeymooners+and+The+Bob+Newhart+Show.+Dramas+such+as+Perry+Mason%2C+Ironside%2C+The+Streets+of+San+Francisco%2C+The+Rockford+Files+and+Columbo+great+westerns+like+Gunsmoke%2C+Bonanza%2C+The+Rifleman+and+The+Big+Valley+and+otherworldly+classics+like+Star+Trek%2C+Lost+In+Space+and+The+Twilight+Zone%26_options_sf&quot;,return)</favourite>
	<favourite name="NASA" thumb="http://statics.net2.tv/pepto/channels/NASA/nasa.png">ActivateWindow(10025,&quot;plugin://plugin.video.portico.tv/?fanart=C%3a%5ckodi14%5cportable_data%5caddons%5cplugin.video.portico.tv%5cfanart.jpg&amp;mode=GS&amp;name=NASA&amp;poster=http%3a%2f%2fstatics.net2.tv%2fpepto%2fchannels%2fNASA%2fnasa.png&amp;url=NASA%2fNASA&amp;sf_options=fanart%3Dspecial%3A%2F%2Fhome%2Faddons%5Cplugin.video.portico.tv%5Cfanart.jpg%26desc%3DExplore+new+galaxies%2C+space+travel+and+space+research+with+NASA.+%26_options_sf&quot;,return)</favourite>
	<favourite name="Oxygen" thumb="special://home/addons\plugin.video.oxygen\icon.png">ActivateWindow(10025,&quot;plugin://plugin.video.oxygen?sf_options=fanart%3Dspecial%3A%2F%2Fhome%2Faddons%5Cplugin.video.oxygen%5Cfanart.jpg%26desc%3DOxygen+Channel+video+addon.%26_options_sf&quot;,return)</favourite>
	<favourite name="PBS ThinkTV" thumb="special://home/addons\plugin.video.thinktv\icon.png">ActivateWindow(10025,&quot;plugin://plugin.video.thinktv?sf_options=fanart%3Dspecial%3A%2F%2Fhome%2Faddons%5Cplugin.video.thinktv%5Cfanart.jpg%26desc%3DPBS+ThinkTV+is+the+most+widely+used+non-profit+informational+resource+in+our+community.%26_options_sf&quot;,return)</favourite>
	<favourite name="Smithsonian Channel" thumb="special://home/addons\plugin.video.smithsonian\icon.png">ActivateWindow(10025,&quot;plugin://plugin.video.smithsonian/?sf_options=desc%3DPlay+1080+HD+videos+from+the+Smithsonian+Channel.%26_options_sf&quot;,return)</favourite>
	<favourite name="Sundance TV" thumb="special://home/addons\plugin.video.sundance\icon.png">ActivateWindow(10025,&quot;plugin://plugin.video.sundance?sf_options=fanart%3Dspecial%3A%2F%2Fhome%2Faddons%5Cplugin.video.sundance%5Cfanart.jpg%26desc%3DFind+the+best+in+independent+film%2C+original+series%2C+blogs+and+original+web+content+focusing+on+indie+culture.%26_options_sf&quot;,return)</favourite>
	<favourite name="Syfy" thumb="special://home/addons\plugin.video.syfy\icon.png">ActivateWindow(10025,&quot;plugin://plugin.video.syfy?sf_options=fanart%3Dspecial%3A%2F%2Fhome%2Faddons%5Cplugin.video.syfy%5Cfanart.jpg%26desc%3D1080+videos+from+The+Syfy+Channel%26_options_sf&quot;,return)</favourite>
	<favourite name="TestTube" thumb="special://home/addons\plugin.video.testtube\icon.png">ActivateWindow(10025,&quot;plugin://plugin.video.testtube?sf_options=fanart%3Dspecial%3A%2F%2Fhome%2Faddons%5Cplugin.video.testtube%5Cfanart.jpg%26desc%3DThe+brand+new+digital+network+from+Discovery+and+Revision3%C2%A0exploring+science%2C+curiosity%2C+and+all+things+that+inspire+us.%26_options_sf&quot;,return)</favourite>
	<favourite name="Travel Channel" thumb="special://home/addons\plugin.video.travel\icon.png">ActivateWindow(10025,&quot;plugin://plugin.video.travel?sf_options=fanart%3Dspecial%3A%2F%2Fhome%2Faddons%5Cplugin.video.travel%5Cfanart.jpg%26desc%3DCheck+out+travel+videos%2C+shows%2C+and+guides+on+top+travel+destinations+on+Travel+Channel%26_options_sf&quot;,return)</favourite>
	<favourite name="ulive.com" thumb="special://home/addons\plugin.video.ulive_com\icon.png">ActivateWindow(10025,&quot;plugin://plugin.video.ulive_com/?sf_options=desc%3Dulive+is+your+destination+for+entertaining+and+useful+lifestyle+videos.+From+original+videos+to+ones+you%27ll+love+from+Food+Network%2C+Cooking+Channel%2C+HGTV%2C+Travel+Channel%2C+and+DIY.%26_options_sf&quot;,return)</favourite>
	<favourite name="Food Network Canada" thumb="special://home/addons\plugin.video.foodnetwork.canada\icon.png">ActivateWindow(10025,&quot;plugin://plugin.video.foodnetwork.canada?sf_options=fanart%3Dspecial%3A%2F%2Fhome%2Faddons%5Cplugin.video.foodnetwork.canada%5Cfanart.jpg%26desc%3DPlay+videos+from+the+Food+Network+Canada+Network%26_options_sf&quot;,return)</favourite>
	<favourite name="HGTV Canada" thumb="special://home/addons\plugin.video.hgtv.canada\icon.png">ActivateWindow(10025,&quot;plugin://plugin.video.hgtv.canada?sf_options=fanart%3Dspecial%3A%2F%2Fhome%2Faddons%5Cplugin.video.hgtv.canada%5Cfanart.jpg%26desc%3DPlay+videos+from+the+HGTV+Canada+Network%26_options_sf&quot;,return)</favourite>
	<favourite name="HowStuffWorks.com" thumb="special://home/addons\plugin.video.howstuffworks_com\icon.png">ActivateWindow(10025,&quot;plugin://plugin.video.howstuffworks_com/?sf_options=desc%3DLearn+How+Everything+Works%21%26_options_sf&quot;,return)</favourite>
	<favourite name="Ustvcc" thumb="special://home/addons\plugin.video.ustvcc\icon.png">ActivateWindow(10025,&quot;plugin://plugin.video.ustvcc/?sf_options=desc%3DWatch+US+TV+series+from+ustv.cc%26_options_sf&quot;,return)</favourite>
	<favourite name="PutlockerTV" thumb="special://home/addons\plugin.video.putlockertv\icon.png">ActivateWindow(10025,&quot;plugin://plugin.video.putlockertv?sf_options=fanart%3Dspecial%3A%2F%2Fhome%2Faddons%5Cplugin.video.putlockertv%5Cfanart.jpg%26desc%3DA+video+plugin+maintaned+by+bunkford+for+site+putlockertvshows.me.+These+are+one+click+sources%2C+so+no+messing+around+with+bad+links.+A+bit+of+a+step+backwards+as+far+as+posters+and+video+naming+for+subtitles..+but+at+least+it+seems+to+work+now.+Now+resolves+the+mail.ru+links.%26_options_sf&quot;,return)</favourite>
</favourites>