<favourites>
	<favourite name="TV1000" thumb="">PlayMedia(&quot;plugin://plugin.video.israelive/?url=188-tv-1000%3Fmode%3D29&amp;mode=10&amp;name=%5BCOLOR+turquoise%5D%5BB%5DTV10000%5B%2FB%5D%5B%2FCOLOR%5D&amp;iconimage=&amp;description=&amp;displayname=TV10000&amp;categoryid=10763&amp;sf_options=winID%3D10025%26_options_sf&quot;)</favourite>
	<favourite name="TV1000 Megahit" thumb="">PlayMedia(&quot;plugin://plugin.video.israelive/?url=270-TV1000-megahit-hd%3Fmode%3D29&amp;mode=10&amp;name=%5BCOLOR+turquoise%5D%5BB%5DTV1000+megahit+hd%5B%2FB%5D%5B%2FCOLOR%5D&amp;iconimage=&amp;description=&amp;displayname=TV1000+megahit+hd&amp;categoryid=10763&amp;sf_options=winID%3D10025%26_options_sf&quot;)</favourite>
	<favourite name="TV1000 Premium" thumb="">PlayMedia(&quot;plugin://plugin.video.israelive/?url=271-tv-1000-premium-hd%3Fmode%3D29&amp;mode=10&amp;name=%5BCOLOR+turquoise%5D%5BB%5Dtv+1000+premium+hd%5B%2FB%5D%5B%2FCOLOR%5D&amp;iconimage=&amp;description=&amp;displayname=tv+1000+premium+hd&amp;categoryid=10763&amp;sf_options=winID%3D10025%26_options_sf&quot;)</favourite>
	<favourite name="TV1000 Russia" thumb="">PlayMedia(&quot;plugin://plugin.video.israelive/?url=187-tv-1000-russkoe-kino%3Fmode%3D29&amp;mode=10&amp;name=%5BCOLOR+turquoise%5D%5BB%5Dtv+1000+russkoe+kino%5B%2FB%5D%5B%2FCOLOR%5D&amp;iconimage=&amp;description=&amp;displayname=tv+1000+russkoe+kino&amp;categoryid=10763&amp;sf_options=winID%3D10025%26_options_sf&quot;)</favourite>
	<favourite name="TV1000 Action" thumb="">PlayMedia(&quot;plugin://plugin.video.israelive/?url=67-TV1000-action%3Fmode%3D29&amp;mode=10&amp;name=%5BCOLOR+turquoise%5D%5BB%5DTV10000+action%5B%2FB%5D%5B%2FCOLOR%5D&amp;iconimage=&amp;description=&amp;displayname=TV10000+action&amp;categoryid=10763&amp;sf_options=winID%3D10025%26_options_sf&quot;)</favourite>
	<favourite name="TV1000 Comedy" thumb="">PlayMedia(&quot;plugin://plugin.video.israelive/?url=276-tv-1000-comedy-hd%3Fmode%3D29&amp;mode=10&amp;name=%5BCOLOR+turquoise%5D%5BB%5Dtv+1000+comedy+hd%5B%2FB%5D%5B%2FCOLOR%5D&amp;iconimage=&amp;description=&amp;displayname=tv+1000+comedy+hd&amp;categoryid=10763&amp;sf_options=winID%3D10025%26_options_sf&quot;)</favourite>
	<favourite name="MGM" thumb="">PlayMedia(&quot;plugin://plugin.video.israelive/?url=234-mgm%3Fmode%3D29&amp;mode=10&amp;name=%5BCOLOR+turquoise%5D%5BB%5DMGM%5B%2FB%5D%5B%2FCOLOR%5D&amp;iconimage=&amp;description=&amp;displayname=MGM&amp;categoryid=10763&amp;sf_options=winID%3D10025%26_options_sf&quot;)</favourite>
	<favourite name="SonyTV" thumb="">PlayMedia(&quot;plugin://plugin.video.israelive/?url=295-set-sony-tv%3Fmode%3D29&amp;mode=10&amp;name=%5BCOLOR+turquoise%5D%5BB%5Dset+sony+tv%5B%2FB%5D%5B%2FCOLOR%5D&amp;iconimage=&amp;description=&amp;displayname=set+sony+tv&amp;categoryid=10763&amp;sf_options=winID%3D10025%26_options_sf&quot;)</favourite>
	<favourite name="Sony Sci-Fi" thumb="">PlayMedia(&quot;plugin://plugin.video.israelive/?url=17-axn-scifi-sony-sci-fi%3Fmode%3D29&amp;mode=10&amp;name=%5BCOLOR+turquoise%5D%5BB%5Daxn+scifi+sony+sci+fi%5B%2FB%5D%5B%2FCOLOR%5D&amp;iconimage=&amp;description=&amp;displayname=axn+scifi+sony+sci+fi&amp;categoryid=10763&amp;sf_options=winID%3D10025%26_options_sf&quot;)</favourite>
</favourites>