<favourites>
	<favourite name="Regular Show" thumb="http://cdn.vaughnsoft.com/vaughnsoft/vaughn/img_profiles/lmshows_rs_320.jpg">PlayMedia(&quot;plugin://plugin.stream.vaughnlive.tv/?sourcetype=auto&amp;img=http%3A%2F%2Fcdn.vaughnsoft.com%2Fvaughnsoft%2Fvaughn%2Fimg_profiles%2Flmshows_rs_320.jpg&amp;title=lmshows+rs&amp;url=http%3A%2F%2Fvaughnlive.tv%2Flmshows_rs&amp;section=&amp;site=&amp;mode=PlayLiveStream&amp;fimg=http%3A%2F%2Fcdn.vaughnsoft.com%2Fvaughnsoft%2Fvaughnlive%2Fimg_backgrounds%2Flmshows_rs.jpg&amp;channel=lmshows_rs&amp;sf_options=winID%3D10025%26_options_sf&quot;)</favourite>
	<favourite name="Invader Zim" thumb="http://cdn.vaughnsoft.com/vaughnsoft/vaughn/img_profiles/lmshows_iz_320.jpg">PlayMedia(&quot;plugin://plugin.stream.vaughnlive.tv/?sourcetype=auto&amp;img=http%3A%2F%2Fcdn.vaughnsoft.com%2Fvaughnsoft%2Fvaughn%2Fimg_profiles%2Flmshows_iz_320.jpg&amp;title=lmshows+iz&amp;url=http%3A%2F%2Fvaughnlive.tv%2Flmshows_iz&amp;section=&amp;site=&amp;mode=PlayLiveStream&amp;fimg=http%3A%2F%2Fcdn.vaughnsoft.com%2Fvaughnsoft%2Fvaughnlive%2Fimg_backgrounds%2Flmshows_iz.jpg&amp;channel=lmshows_iz&amp;sf_options=winID%3D10025%26_options_sf&quot;)</favourite>
	<favourite name="Courage The Cowardly Dog" thumb="http://cdn.vaughnsoft.com/vaughnsoft/vaughn/img_profiles/lmshows_ccd_320.jpg">PlayMedia(&quot;plugin://plugin.stream.vaughnlive.tv/?sourcetype=auto&amp;img=http%3A%2F%2Fcdn.vaughnsoft.com%2Fvaughnsoft%2Fvaughn%2Fimg_profiles%2Flmshows_ccd_320.jpg&amp;title=lmshows+ccd&amp;url=http%3A%2F%2Fvaughnlive.tv%2Flmshows_ccd&amp;section=&amp;site=&amp;mode=PlayLiveStream&amp;fimg=http%3A%2F%2Fcdn.vaughnsoft.com%2Fvaughnsoft%2Fvaughnlive%2Fimg_backgrounds%2Flmshows_ccd.jpg&amp;channel=lmshows_ccd&amp;sf_options=winID%3D10025%26_options_sf&quot;)</favourite>
	<favourite name="Archer" thumb="https://www.arconaitv.me/wp-content/uploads/2015/06/4.png">PlayMedia(&quot;plugin://plugin.video.ccloudtv/?url=http%3A%2F%2F167.114.102.27%2Flive%2F1XoRGm9FDw6fBll6R2sucQ%2F1457125541%2F4124bc0a9335c27f086f24ba207a4912.m3u8%7CUser-Agent%3DMozilla%252F5.0%2520%28Windows%2520NT%25206.1%253B%2520WOW64%29%2520AppleWebKit%252F537.36%2520%28KHTML%252C%2520like%2520Gecko%29%2520Chrome%252F47.0.2526.106%2520Safari%252F537.36&amp;mode=1&amp;name=Archer+%28RandomAirTime+24%2F7%29+%28US%29+%28English%29&amp;iconimage=https%3A%2F%2Fwww.arconaitv.me%2Fwp-content%2Fuploads%2F2015%2F06%2F4.png&amp;sf_options=winID%3D10025%26_options_sf&quot;)</favourite>
	<favourite name="Adventure Time" thumb="http://cdn.vaughnsoft.com/vaughnsoft/vaughn/img_profiles/lmshows_at_320.jpg">PlayMedia(&quot;plugin://plugin.stream.vaughnlive.tv/?sourcetype=auto&amp;img=http%3A%2F%2Fcdn.vaughnsoft.com%2Fvaughnsoft%2Fvaughn%2Fimg_profiles%2Flmshows_at_320.jpg&amp;title=lmshows+at&amp;url=http%3A%2F%2Fvaughnlive.tv%2Flmshows_at&amp;section=&amp;site=&amp;mode=PlayLiveStream&amp;fimg=http%3A%2F%2Fcdn.vaughnsoft.com%2Fvaughnsoft%2Fvaughnlive%2Fimg_backgrounds%2Flmshows_at.jpg&amp;channel=lmshows_at&amp;sf_options=winID%3D10025%26_options_sf&quot;)</favourite>
	<favourite name="Samurai Jack" thumb="http://cdn.vaughnsoft.com/vaughnsoft/vaughn/img_profiles/lmshows_sj_320.jpg">PlayMedia(&quot;plugin://plugin.stream.vaughnlive.tv/?sourcetype=auto&amp;img=http%3A%2F%2Fcdn.vaughnsoft.com%2Fvaughnsoft%2Fvaughn%2Fimg_profiles%2Flmshows_sj_320.jpg&amp;title=lmshows+sj&amp;url=http%3A%2F%2Fvaughnlive.tv%2Flmshows_sj&amp;section=&amp;site=&amp;mode=PlayLiveStream&amp;fimg=http%3A%2F%2Fcdn.vaughnsoft.com%2Fvaughnsoft%2Fvaughnlive%2Fimg_backgrounds%2Flmshows_sj.jpg&amp;channel=lmshows_sj&amp;sf_options=winID%3D10025%26_options_sf&quot;)</favourite>
</favourites>