<favourites>
	<favourite name="B-Streams" thumb="special://home/addons\plugin.video.SportsDevil\resources\images\bundesligastream.png">ActivateWindow(10025,&quot;plugin://plugin.video.SportsDevil/?item=title%3dBundesliga-Streams.net%26url%3dlivesports%252Fbundesliga-streams.net.cfg%26definedIn%3dlivesports.cfg%26director%3dbundesliga-streams.net%26genre%3dLive%2bSports%26type%3drss%26icon%3dC%253A%255Ckodi%255Cportable_data%255Caddons%255Cplugin.video.SportsDevil%255Cresources%255Cimages%255Cbundesligastream.png&amp;mode=1&quot;,return)</favourite>
	
	
	
	
	
	<favourite name="[COLOR blue]BT Sport 2[/COLOR] - Goo" thumb="http://www.streamgaroo.com/images/streams/93/stm/145926040161.jpg">ActivateWindow(10025,&quot;plugin://plugin.video.castaway/?img=.jpg&amp;mode=get_tv_event&amp;site=streamgaroo&amp;title=BT%20SPORT%202%20UK&amp;url=http%3a%2f%2fwww.streamgaroo.com%2flive-television%2funited-kingdom%2fbt-sport-2-uk-live-stream&quot;,return)</favourite>
	<favourite name="[COLOR blue]BT Sport 1[/COLOR] - Goo" thumb="">ActivateWindow(10025,&quot;plugin://plugin.video.castaway/?img=.jpg&amp;mode=get_tv_event&amp;site=streamgaroo&amp;title=BT+Sport+1&amp;url=http%3a%2f%2fwww.streamgaroo.com%2flive-television%2funited-kingdom%2fbt-sport-1-uk-live-stream&quot;,return)</favourite>
	<favourite name="[COLOR blue]truTV[/COLOR] - trtuTV" thumb="http://www.streamgaroo.com/images/streams/74/stm/14592578594374.png">ActivateWindow(10025,&quot;plugin://plugin.video.castaway/?img=.jpg&amp;mode=get_tv_event&amp;site=streamgaroo&amp;title=truTV UK&amp;url=http%3A%2F%2Fwww.streamgaroo.com%2Flive-television%2Funited-states%2Ftru-tv-live-stream&quot;,return)</favourite>
	<favourite name="ABC" thumb="http://www.streamgaroo.com/images/streams/74/stm/14592578594374.png">ActivateWindow(10025,&quot;plugin://plugin.video.castaway/?img=.jpg&amp;mode=get_tv_event&amp;site=streamgaroo&amp;title=ABC&amp;url=http%3A%2F%2Fwww.streamgaroo.com%2Flive-television%2Funited-states%2Fabc-live-stream&quot;,return)</favourite>
</favourites>