<favourites>
	<favourite name="[COLOR antiquewhite]Kodi Addons[/COLOR]" thumb="">ActivateWindow(10040,&quot;addons://install/&quot;,return)</favourite>
	<favourite name="Total Installer" thumb="special://home/addons\plugin.program.totalinstaller\icon.png">ActivateWindow(10001,&quot;plugin://plugin.program.totalinstaller/?&quot;,return)</favourite>
	<favourite name="Community Builds" thumb="special://home/addons\plugin.program.community.builds\icon.png">ActivateWindow(10001,&quot;plugin://plugin.program.community.builds/&quot;,return)</favourite>
	<favourite name="Addon Installer" thumb="special://home/addons\plugin.program.addoninstaller\icon.png">ActivateWindow(10001,&quot;plugin://plugin.program.addoninstaller/?sf_options=fanart%3Dspecial%3A%2F%2Fhome%2Faddons%5Cplugin.program.addoninstaller%5Cfanart.jpg%26_options_sf&quot;,return)</favourite>
	<favourite name="Tecbox Ivue Wizard" thumb="special://home/addons\plugin.video.tecboxivuewiz\icon.png">ActivateWindow(10025,&quot;plugin://plugin.video.tecboxivuewiz/?content_type=video&amp;sf_options=fanart%3Dspecial%3A%2F%2Fhome%2Faddons%5Cplugin.video.tecboxivuewiz%5Cfanart.jpg%26desc%3DTecbox+Ivue+Wizard+provides+easy+access+to+fixes+and+maintenance+for+Ivue+Tv+Guide%26_options_sf&quot;,return)</favourite>
	<favourite name="Add-on Manager" thumb="special://home/addons\plugin.video.addonmanager\icon.png">ActivateWindow(10001,&quot;plugin://plugin.video.addonmanager/?sf_options=fanart%3Dspecial%3A%2F%2Fhome%2Faddons%5Cplugin.video.addonmanager%5Cfanart.jpg%26_options_sf&quot;,return)</favourite>
	<favourite name="Mucky Ducks Wizard" thumb="special://home/addons\plugin.video.mdwizard\icon.png">ActivateWindow(10025,&quot;plugin://plugin.video.mdwizard/?content_type=video&amp;sf_options=fanart%3Dspecial%3A%2F%2Fhome%2Faddons%5Cplugin.video.mdwizard%5Cfanart.jpg%26desc%3DMucky+Ducks+Wizard+provides+an+easy+way+to+installing+addons+to+your+device%26_options_sf&quot;,return)</favourite>
	<favourite name="..DroidSticks Wizard" thumb="special://home/addons\plugin.video.aswizard\icon.png">ActivateWindow(10025,&quot;plugin://plugin.video.aswizard/?content_type=video&amp;sf_options=fanart%3Dspecial%3A%2F%2Fhome%2Faddons%5Cplugin.video.aswizard%5Cfanart.jpg%26desc%3DEasy+Install+With+DroidSticks+XBMC%2FKODI+Wizard%26_options_sf&quot;,return)</favourite>
	<favourite name="Maintenance Tool" thumb="special://home/addons\plugin.video.xbmchubmaintenance\icon.png">ActivateWindow(10001,&quot;plugin://plugin.video.xbmchubmaintenance?sf_options=fanart%3Dspecial%3A%2F%2Fhome%2Faddons%5Cplugin.video.xbmchubmaintenance%5Cfanart.jpg%26desc%3DMaintenance+Tool+is+your+one+stop+tool+for+all+fixes+and+information.%26_options_sf&quot;,return)</favourite>
	<favourite name="Xunity Maintenance" thumb="special://home/addons\plugin.video.hubmaintenance\icon.png">ActivateWindow(10001,&quot;plugin://plugin.video.hubmaintenance/?content_type=executable&amp;sf_options=fanart%3Dspecial%3A%2F%2Fhome%2Faddons%5Cplugin.video.hubmaintenance%5Cfanart.jpg%26_options_sf&quot;,return)</favourite>
	<favourite name="Config Wizard" thumb="special://home/addons\plugin.video.hubwizard\icon.png">ActivateWindow(10001,&quot;plugin://plugin.video.hubwizard/?sf_options=desc%3DInstantly+configure+your+Kodi+experience+with+all+the+best+add-ons+and+goodies+from+the+TVADDONS.AG+community%21%26_options_sf&quot;,return)</favourite>
	<favourite name="Club-TV Total Installer" thumb="special://home/addons\script.clubtv.autoinstall\icon.png">RunScript(&quot;script.clubtv.autoinstall/?sf_options=desc%3DA+Script+for+installing+all+ClubTV+Addons%26_options_sf&quot;,return)</favourite>
	<favourite name="TLBB Quick Install Wizard" thumb="special://home/addons\plugin.video.tlbbwizard\icon.png">ActivateWindow(10001,&quot;plugin://plugin.video.tlbbwizard/?content_type=executable&amp;sf_options=desc%3DEasy+region+based+install+wizard%2C+based+on+the+amazing+Hub+Wizard%26_options_sf&quot;,return)</favourite>
	<favourite name="USB-SDCARD WIZARD" thumb="special://home/addons\plugin.video.usbwizard\icon.png">ActivateWindow(10001,&quot;plugin://plugin.video.usbwizard/?content_type=executable&amp;sf_options=fanart%3Dspecial%3A%2F%2Fhome%2Faddons%5Cplugin.video.usbwizard%5Cfanart.jpg%26_options_sf&quot;,return)</favourite>
	<favourite name="UserData Installer" thumb="special://home/addons\script.userdatainstaller\icon.png">RunScript(&quot;script.userdatainstaller/?sf_options=desc%3DInstall+your+xbmc+userdata+back+up+just+enter+the+url+of+the+zip%26_options_sf&quot;,return)</favourite>
	<favourite name="URL Installer" thumb="special://home/addons\script.urlinstaller\icon.png">RunScript(&quot;script.urlinstaller/?sf_options=desc%3DInstall+any+plugin+or+even+your+own+xbmc+back+up+just+enter+the+url+of+the+zip%26_options_sf&quot;,return)</favourite>
	<favourite name="GA Checker" thumb="special://home/addons\plugin.video.gachecker\icon.png">ActivateWindow(10001,&quot;plugin://plugin.video.gachecker/?sf_options=desc%3DSome+addons+contain+code+that+automatically+tracks+your+usage+and%2For+displays+ads.+Use+this+addon+to+find+them+and+it%27s+then+your+choice+on+what+to+do.%26_options_sf&quot;,return)</favourite>
	<favourite name="TLBB Installer" thumb="special://home/addons\plugin.video.tlbbinstaller\icon.png">ActivateWindow(10001,&quot;plugin://plugin.video.tlbbinstaller/?sf_options=desc%3DInstall+any+plugin+or+even+your+own+xbmc+back+up+just+enter+the+short-url+of+the+zip%26_options_sf&quot;,return)</favourite>
	<favourite name="Additional Tools" thumb="http://totalxbmc.tv/totalrevolution/art/\Additional_Tools.png">ActivateWindow(10001,&quot;plugin://plugin.program.totalinstaller/?mode=tools&amp;name=Additional%20Tools&amp;url=none&amp;sf_options=fanart%3Dhttp%3A%2F%2Ftotalxbmc.tv%2Ftotalrevolution%2Fart%2Ffanart.jpg%26_options_sf&quot;,return)</favourite>
</favourites>