<favourites>
	<favourite name="TED Talks" thumb="http://googledrive.com/host/0B-bY5h-uWEgZQVJQZ0lzUTdBeFE/icons/apps/ted.png">ActivateWindow(10025,&quot;plugin://plugin.video.ted.talks/&quot;,return)</favourite>
	<favourite name="Languages 101" thumb="https://i.imgsafe.org/63bbd0f.jpg">ActivateWindow(10025,&quot;plugin://plugin.video.phstreams/?action=directory&amp;url=http%3a%2f%2fgibraltar.watchkodi.com%2fLANGUAGE%2fLanguage_Directory.xml&quot;,return)</favourite>
	<favourite name="Learning Zone" thumb="special://home/addons\plugin.video.learningzone\icon.png">ActivateWindow(10025,&quot;plugin://plugin.video.learningzone/?sf_options=desc%3DWelcome+to+the+worlds+largest+collection+of+computer+and+technology+related+tutorials+on+XBMC%2FKODI%26_options_sf&quot;,return)</favourite>
	<favourite name="Khan Academy" thumb="http://googledrive.com/host/0B-bY5h-uWEgZQVJQZ0lzUTdBeFE/icons/apps/khan.jpg">ActivateWindow(10025,&quot;plugin://plugin.video.khanacademy/&quot;,return)</favourite>
	<favourite name="Professor Messer" thumb="https://yt3.ggpht.com/-FAIipL1A_io/AAAAAAAAAAI/AAAAAAAAAAA/2Mbx7YAASm4/s240-c-k-no/photo.jpg">ActivateWindow(10025,&quot;plugin://plugin.video.youtube/channel/UCkefXKtInZ9PLsoGRtml2FQ/&quot;,return)</favourite>
	<favourite name="thenewboston" thumb="https://yt3.ggpht.com/--n5ELY2uT-U/AAAAAAAAAAI/AAAAAAAAAAA/d9JvaIEpstw/s240-c-k-no/photo.jpg">ActivateWindow(10025,&quot;plugin://plugin.video.youtube/channel/UCJbPGzawDH1njbqV-D5HqKw/playlists/&quot;,return)</favourite>
	<favourite name="Engineering TV" thumb="http://googledrive.com/host/0B-bY5h-uWEgZQVJQZ0lzUTdBeFE/icons/apps/engineeringtv.png">ActivateWindow(10025,&quot;plugin://plugin.video.engineeringtv/&quot;,return)</favourite>
</favourites>