<favourites>
	<favourite name="[COLOR clear]....[/COLOR]USTVNow" thumb="http://mirror.lstn.net/kodi/addons/jarvis/plugin.video.ustvnow/icon.png">ActivateWindow(10025,&quot;plugin://plugin.video.ustvnow.tva/?mode=live&quot;,return)</favourite>
	<favourite name="[COLOR clear]...[/COLOR]ABC" thumb="https://raw.githubusercontent.com/moneymaker365/plugin.video.ustvvod/master/resources/images/abcchannel.png">PlayMedia(&quot;plugin://plugin.video.ccloudtv.helper/?url=http%3A%2F%2F94.23.35.42%2FcCloudTv%2Fparser.php%3Fsurl%3Dhttps%3A%2F%2Fwww.arconaitv.me%2Fabcde%2F%7CUser-Agent%3DMozilla%252F5.0%2520%28Windows%2520NT%25206.1%253B%2520WOW64%29%2520AppleWebKit%252F537.36%2520%28KHTML%252C%2520like%2520Gecko%29%2520Chrome%252F57.0.2987.133%2520Safari%252F537.36&amp;mode=1&amp;name=ABC&amp;iconimage=https%3A%2F%2Fraw.githubusercontent.com%2Fmoneymaker365%2Fplugin.video.ustvvod%2Fmaster%2Fresources%2Fimages%2Fthecw.png&amp;sf_options=winID%3D10025%26_options_sf&quot;,return)</favourite>
	<favourite name="[COLOR clear]...[/COLOR]CBS" thumb="https://raw.githubusercontent.com/moneymaker365/plugin.video.ustvvod/master/resources/images/cbs.png">PlayMedia(&quot;plugin://plugin.video.ccloudtv.helper/?url=http%3A%2F%2F94.23.35.42%2FcCloudTv%2Fparser.php%3Fsurl%3Dhttps%3A%2F%2Fwww.arconaitv.me%2Fceebees%2F%7CUser-Agent%3DMozilla%252F5.0%2520%28Windows%2520NT%25206.1%253B%2520WOW64%29%2520AppleWebKit%252F537.36%2520%28KHTML%252C%2520like%2520Gecko%29%2520Chrome%252F57.0.2987.133%2520Safari%252F537.36&amp;mode=1&amp;name=CBS&amp;sf_options=winID%3D10025%26_options_sf&quot;,return)</favourite>
	<favourite name="[COLOR clear]...[/COLOR]TheCW" thumb="https://raw.githubusercontent.com/moneymaker365/plugin.video.ustvvod/master/resources/images/thecw.png">PlayMedia(&quot;plugin://plugin.video.ccloudtv.helper/?url=http%3A%2F%2F94.23.35.42%2FcCloudTv%2Fparser.php%3Fsurl%3Dhttps%3A%2F%2Fwww.arconaitv.me%2Ftcw%2F%7CUser-Agent%3DMozilla%252F5.0%2520%28Windows%2520NT%25206.1%253B%2520WOW64%29%2520AppleWebKit%252F537.36%2520%28KHTML%252C%2520like%2520Gecko%29%2520Chrome%252F57.0.2987.133%2520Safari%252F537.36&amp;mode=1&amp;name=theCW&amp;iconimage=https%3A%2F%2Fraw.githubusercontent.com%2Fmoneymaker365%2Fplugin.video.ustvvod%2Fmaster%2Fresources%2Fimages%2Fthecw.png&amp;sf_options=winID%3D10025%26_options_sf&quot;,return)</favourite>
	<favourite name="[COLOR clear]...[/COLOR]FOX" thumb="https://raw.githubusercontent.com/moneymaker365/plugin.video.ustvvod/master/resources/images/fox.png">PlayMedia(&quot;plugin://plugin.video.ccloudtv.helper/?url=http%3A%2F%2F94.23.35.42%2FcCloudTv%2Fparser.php%3Fsurl%3Dhttps%3A%2F%2Fwww.arconaitv.me%2Ffoxxy%2F%7CUser-Agent%3DMozilla%252F5.0%2520%28Windows%2520NT%25206.1%253B%2520WOW64%29%2520AppleWebKit%252F537.36%2520%28KHTML%252C%2520like%2520Gecko%29%2520Chrome%252F57.0.2987.133%2520Safari%252F537.36&amp;mode=1&amp;name=FOX&amp;iconimage=&amp;sf_options=winID%3D10025%26_options_sf&quot;,return)</favourite>
	<favourite name="[COLOR clear]...[/COLOR]NBC" thumb="https://raw.githubusercontent.com/moneymaker365/plugin.video.ustvvod/master/resources/images/nbc.png">PlayMedia(&quot;plugin://plugin.video.ccloudtv.helper/?url=http%3A%2F%2F94.23.35.42%2FcCloudTv%2Fparser.php%3Fsurl%3Dhttps%3A%2F%2Fwww.arconaitv.me%2Fnnnbsee%2F%7CUser-Agent%3DMozilla%252F5.0%2520%28Windows%2520NT%25206.1%253B%2520WOW64%29%2520AppleWebKit%252F537.36%2520%28KHTML%252C%2520like%2520Gecko%29%2520Chrome%252F57.0.2987.133%2520Safari%252F537.36&amp;mode=1&amp;name=NBC&amp;sf_options=winID%3D10025%26_options_sf&quot;,return)</favourite>
	<favourite name="[COLOR clear].[/COLOR]Comedy Central" thumb="https://raw.githubusercontent.com/moneymaker365/plugin.video.ustvvod/master/resources/images/comedy.png">PlayMedia(&quot;plugin://plugin.video.ccloudtv.helper/?url=http%3A%2F%2F94.23.35.42%2FcCloudTv%2Fparser.php%3Fsurl%3Dhttps%3A%2F%2Fwww.arconaitv.me%2Fcc%2F%7CUser-Agent%3DMozilla%252F5.0%2520%28Windows%2520NT%25206.1%253B%2520WOW64%29%2520AppleWebKit%252F537.36%2520%28KHTML%252C%2520like%2520Gecko%29%2520Chrome%252F57.0.2987.133%2520Safari%252F537.36&amp;mode=1&amp;name=Comedy Central&amp;iconimage=&amp;sf_options=winID%3D10025%26_options_sf&quot;,return)</favourite>
	<favourite name="[COLOR clear].[/COLOR]FX" thumb="https://raw.githubusercontent.com/moneymaker365/plugin.video.ustvvod/master/resources/images/fx.png">PlayMedia(&quot;plugin://plugin.video.ccloudtv.helper/?url=http%3A%2F%2F94.23.35.42%2FcCloudTv%2Fparser.php%3Fsurl%3Dhttps%3A%2F%2Fwww.arconaitv.me%2Ffx%2F%7CUser-Agent%3DMozilla%252F5.0%2520%28Windows%2520NT%25206.1%253B%2520WOW64%29%2520AppleWebKit%252F537.36%2520%28KHTML%252C%2520like%2520Gecko%29%2520Chrome%252F57.0.2987.133%2520Safari%252F537.36&amp;mode=1&amp;name=FX&amp;iconimage=&amp;sf_options=winID%3D10025%26_options_sf&quot;,return)</favourite>
	<favourite name="[COLOR clear].[/COLOR]TBS" thumb="https://raw.githubusercontent.com/moneymaker365/plugin.video.ustvvod/master/resources/images/tbs.png">PlayMedia(&quot;plugin://plugin.video.ccloudtv.helper/?url=http%3A%2F%2F94.23.35.42%2FcCloudTv%2Fparser.php%3Fsurl%3Dhttps%3A%2F%2Fwww.arconaitv.me%2Fteetimebs%2F%7CUser-Agent%3DMozilla%252F5.0%2520%28Windows%2520NT%25206.1%253B%2520WOW64%29%2520AppleWebKit%252F537.36%2520%28KHTML%252C%2520like%2520Gecko%29%2520Chrome%252F57.0.2987.133%2520Safari%252F537.36&amp;mode=1&amp;name=TBS&amp;iconimage=&amp;sf_options=winID%3D10025%26_options_sf&quot;,return)</favourite>
	<favourite name="[COLOR clear].[/COLOR]TNT" thumb="https://raw.githubusercontent.com/moneymaker365/plugin.video.ustvvod/master/resources/images/tnt.png">PlayMedia(&quot;plugin://plugin.video.ccloudtv.helper/?url=http%3A%2F%2F94.23.35.42%2FcCloudTv%2Fparser.php%3Fsurl%3Dhttps%3A%2F%2Fwww.arconaitv.me%2Fteentee%2F%7CUser-Agent%3DMozilla%252F5.0%2520%28Windows%2520NT%25206.1%253B%2520WOW64%29%2520AppleWebKit%252F537.36%2520%28KHTML%252C%2520like%2520Gecko%29%2520Chrome%252F57.0.2987.133%2520Safari%252F537.36&amp;mode=1&amp;name=TNT&amp;iconimage=&amp;sf_options=winID%3D10025%26_options_sf&quot;,return)</favourite>
	<favourite name="[COLOR clear].[/COLOR]SpikeTV" thumb="https://raw.githubusercontent.com/moneymaker365/plugin.video.ustvvod/master/resources/images/spike.png">PlayMedia(&quot;plugin://plugin.video.ccloudtv.helper/?url=http%3A%2F%2F94.23.35.42%2FcCloudTv%2Fparser.php%3Fsurl%3Dhttps%3A%2F%2Fwww.arconaitv.me%2Fpointytv%2F%7CUser-Agent%3DMozilla%252F5.0%2520%28Windows%2520NT%25206.1%253B%2520WOW64%29%2520AppleWebKit%252F537.36%2520%28KHTML%252C%2520like%2520Gecko%29%2520Chrome%252F57.0.2987.133%2520Safari%252F537.36&amp;mode=1&amp;name=SpikeTV&amp;iconimage=&amp;sf_options=winID%3D10025%26_options_sf&quot;,return)</favourite>
	<favourite name="[COLOR clear].[/COLOR]SpikeTV" thumb="https://raw.githubusercontent.com/moneymaker365/plugin.video.ustvvod/master/resources/images/spike.png">PlayMedia(&quot;plugin://plugin.video.f4mTester/?streamtype=HDS;name=SpikeTV&amp;url=http://spikelive-f.akamaihd.net/z/spikebellator_live1@62376/manifest.f4m?g=JERGJBZFDMWR&amp;hdcore;=3.1.0&amp;sf_options=winID%3D10025%26_options_sf&quot;)</favourite>
	<favourite name="[COLOR clear].[/COLOR]Syfy" thumb="https://raw.githubusercontent.com/moneymaker365/plugin.video.ustvvod/master/resources/images/syfy.png">PlayMedia(&quot;plugin://plugin.video.ccloudtv.helper/?url=http%3A%2F%2F94.23.35.42%2FcCloudTv%2Fparser.php%3Fsurl%3Dhttps%3A%2F%2Fwww.arconaitv.me%2Fsify%2F%7CUser-Agent%3DMozilla%252F5.0%2520%28Windows%2520NT%25206.1%253B%2520WOW64%29%2520AppleWebKit%252F537.36%2520%28KHTML%252C%2520like%2520Gecko%29%2520Chrome%252F57.0.2987.133%2520Safari%252F537.36&amp;mode=1&amp;name=Syfy&amp;iconimage=&amp;sf_options=winID%3D10025%26_options_sf&quot;,return)</favourite>
	<favourite name="[COLOR clear].[/COLOR]USA Network" thumb="https://raw.githubusercontent.com/moneymaker365/plugin.video.ustvvod/master/resources/images/usa.png">PlayMedia(&quot;plugin://plugin.video.ccloudtv.helper/?url=http%3A%2F%2F94.23.35.42%2FcCloudTv%2Fparser.php%3Fsurl%3Dhttps%3A%2F%2Fwww.arconaitv.me%2Fusan%2F%7CUser-Agent%3DMozilla%252F5.0%2520%28Windows%2520NT%25206.1%253B%2520WOW64%29%2520AppleWebKit%252F537.36%2520%28KHTML%252C%2520like%2520Gecko%29%2520Chrome%252F57.0.2987.133%2520Safari%252F537.36&amp;mode=1&amp;name=USA Network&amp;iconimage=&amp;sf_options=winID%3D10025%26_options_sf&quot;,return)</favourite>
	<favourite name="[COLOR clear]..[/COLOR]History" thumb="https://raw.githubusercontent.com/moneymaker365/plugin.video.ustvvod/master/resources/images/history.png">PlayMedia(&quot;plugin://plugin.video.ccloudtv.helper/?url=http%3A%2F%2F94.23.35.42%2FcCloudTv%2Fparser.php%3Fsurl%3Dhttps%3A%2F%2Fwww.arconaitv.me%2Fhc%2F%7CUser-Agent%3DMozilla%252F5.0%2520%28Windows%2520NT%25206.1%253B%2520WOW64%29%2520AppleWebKit%252F537.36%2520%28KHTML%252C%2520like%2520Gecko%29%2520Chrome%252F57.0.2987.133%2520Safari%252F537.36&amp;mode=1&amp;name=History&amp;iconimage=&amp;sf_options=winID%3D10025%26_options_sf&quot;,return)</favourite>
	<favourite name="[COLOR clear]..[/COLOR]Discovery Channel" thumb="https://lh3.ggpht.com/u6vJ0KXtVCjzrzfLHqyumP1ueGoqcvDIp7S4zxGXNF4xTiqkg8qsEB9H160nJJDVEZjq=w300">PlayMedia(&quot;plugin://plugin.video.ccloudtv.helper/?url=http%3A%2F%2F94.23.35.42%2FcCloudTv%2Fparser.php%3Fsurl%3Dhttps%3A%2F%2Fwww.arconaitv.me%2Fdisco%2F%7CUser-Agent%3DMozilla%252F5.0%2520%28Windows%2520NT%25206.1%253B%2520WOW64%29%2520AppleWebKit%252F537.36%2520%28KHTML%252C%2520like%2520Gecko%29%2520Chrome%252F57.0.2987.133%2520Safari%252F537.36&amp;mode=1&amp;name=Discovery Channel&amp;iconimage=&amp;sf_options=winID%3D10025%26_options_sf&quot;,return)</favourite>
	<favourite name="[COLOR clear]..[/COLOR]NatGeo" thumb="https://raw.githubusercontent.com/moneymaker365/plugin.video.ustvvod/master/resources/images/natgeo.png">PlayMedia(&quot;plugin://plugin.video.ccloudtv.helper/?url=http%3A%2F%2F94.23.35.42%2FcCloudTv%2Fparser.php%3Fsurl%3Dhttps%3A%2F%2Fwww.arconaitv.me%2Fng%2F%7CUser-Agent%3DMozilla%252F5.0%2520%28Windows%2520NT%25206.1%253B%2520WOW64%29%2520AppleWebKit%252F537.36%2520%28KHTML%252C%2520like%2520Gecko%29%2520Chrome%252F57.0.2987.133%2520Safari%252F537.36&amp;mode=1&amp;name=NatGeo&amp;iconimage=&amp;sf_options=winID%3D10025%26_options_sf&quot;,return)</favourite>
	<favourite name="[COLOR clear]..[/COLOR]ESPN" thumb="http://i.forbesimg.com/media/lists/companies/espn_416x416.jpg">PlayMedia(&quot;plugin://plugin.video.ccloudtv.helper/?url=http%3A%2F%2F94.23.35.42%2FcCloudTv%2Fparser.php%3Fsurl%3Dhttps%3A%2F%2Fwww.arconaitv.me%2Fsports%2F%7CUser-Agent%3DMozilla%252F5.0%2520%28Windows%2520NT%25206.1%253B%2520WOW64%29%2520AppleWebKit%252F537.36%2520%28KHTML%252C%2520like%2520Gecko%29%2520Chrome%252F57.0.2987.133%2520Safari%252F537.36&amp;mode=1&amp;name=ESPN&amp;iconimage=&amp;sf_options=winID%3D10025%26_options_sf&quot;,return)</favourite>
	<favourite name="A&amp;E" thumb="https://www.housing.purdue.edu/BTV/Channel/ChannelIcon/8e8c4e0b-28ab-43d9-846c-ff6c6a6edd09">PlayMedia(&quot;plugin://plugin.video.ccloudtv.helper/?url=http%3A%2F%2F94.23.35.42%2FcCloudTv%2Fparser.php%3Fsurl%3Dhttps%3A%2F%2Fwww.arconaitv.me%2Fae%2F%7CUser-Agent%3DMozilla%252F5.0%2520%28Windows%2520NT%25206.1%253B%2520WOW64%29%2520AppleWebKit%252F537.36%2520%28KHTML%252C%2520like%2520Gecko%29%2520Chrome%252F57.0.2987.133%2520Safari%252F537.36&amp;mode=1&amp;name=A+n+E&amp;sf_options=winID%3D10025%26_options_sf&quot;,return)</favourite>
	<favourite name="[COLOR clear]..[/COLOR]AMC" thumb="https://raw.githubusercontent.com/moneymaker365/plugin.video.ustvvod/master/resources/images/amc.png">PlayMedia(&quot;plugin://plugin.video.ccloudtv.helper/?url=http%3A%2F%2F94.23.35.42%2FcCloudTv%2Fparser.php%3Fsurl%3Dhttps%3A%2F%2Fwww.arconaitv.me%2Fam%2F%7CUser-Agent%3DMozilla%252F5.0%2520%28Windows%2520NT%25206.1%253B%2520WOW64%29%2520AppleWebKit%252F537.36%2520%28KHTML%252C%2520like%2520Gecko%29%2520Chrome%252F57.0.2987.133%2520Safari%252F537.36&amp;mode=1&amp;name=AMC&amp;sf_options=winID%3D10025%26_options_sf&quot;,return)</favourite>
	<favourite name="Animal Planet" thumb="http://vectorlogofree.com/wp-content/uploads/2011/06/animal-planet-eps-vector-logo-400x400.png">PlayMedia(&quot;plugin://plugin.video.ccloudtv.helper/?url=http%3A%2F%2F94.23.35.42%2FcCloudTv%2Fparser.php%3Fsurl%3Dhttps%3A%2F%2Fwww.arconaitv.me%2Fap%2F%7CUser-Agent%3DMozilla%252F5.0%2520%28Windows%2520NT%25206.1%253B%2520WOW64%29%2520AppleWebKit%252F537.36%2520%28KHTML%252C%2520like%2520Gecko%29%2520Chrome%252F57.0.2987.133%2520Safari%252F537.36&amp;mode=1&amp;name=Animal+Planet&amp;sf_options=winID%3D10025%26_options_sf&quot;,return)</favourite>
	<favourite name="Bravo" thumb="https://raw.githubusercontent.com/moneymaker365/plugin.video.ustvvod/master/resources/images/bravo.png">PlayMedia(&quot;plugin://plugin.video.ccloudtv.helper/?url=http%3A%2F%2F94.23.35.42%2FcCloudTv%2Fparser.php%3Fsurl%3Dhttps%3A%2F%2Fwww.arconaitv.me%2Fbraveotv%2F%7CUser-Agent%3DMozilla%252F5.0%2520%28Windows%2520NT%25206.1%253B%2520WOW64%29%2520AppleWebKit%252F537.36%2520%28KHTML%252C%2520like%2520Gecko%29%2520Chrome%252F57.0.2987.133%2520Safari%252F537.36&amp;mode=1&amp;name=Bravo&amp;sf_options=winID%3D10025%26_options_sf&quot;,return)</favourite>
	<favourite name="Lifetime" thumb="https://raw.githubusercontent.com/moneymaker365/plugin.video.ustvvod/master/resources/images/lifetime.png">PlayMedia(&quot;plugin://plugin.video.ccloudtv.helper/?url=http%3A%2F%2F94.23.35.42%2FcCloudTv%2Fparser.php%3Fsurl%3Dhttps%3A%2F%2Fwww.arconaitv.me%2Flt%2F%7CUser-Agent%3DMozilla%252F5.0%2520%28Windows%2520NT%25206.1%253B%2520WOW64%29%2520AppleWebKit%252F537.36%2520%28KHTML%252C%2520like%2520Gecko%29%2520Chrome%252F57.0.2987.133%2520Safari%252F537.36&amp;mode=1&amp;name=Lifetime&amp;iconimage=&amp;sf_options=winID%3D10025%26_options_sf&quot;,return)</favourite>
	<favourite name="PBS" thumb="https://raw.githubusercontent.com/moneymaker365/plugin.video.ustvvod/master/resources/images/pbs.png">PlayMedia(&quot;plugin://plugin.video.ccloudtv.helper/?url=http%3A%2F%2F94.23.35.42%2FcCloudTv%2Fparser.php%3Fsurl%3Dhttps%3A%2F%2Fwww.arconaitv.me%2Fppp%2F%7CUser-Agent%3DMozilla%252F5.0%2520%28Windows%2520NT%25206.1%253B%2520WOW64%29%2520AppleWebKit%252F537.36%2520%28KHTML%252C%2520like%2520Gecko%29%2520Chrome%252F57.0.2987.133%2520Safari%252F537.36&amp;mode=1&amp;name=PBS&amp;iconimage=&amp;sf_options=winID%3D10025%26_options_sf&quot;,return)</favourite>
	<favourite name="Cartoon Network" thumb="https://raw.githubusercontent.com/moneymaker365/plugin.video.ustvvod/master/resources/images/cartoon.png">PlayMedia(&quot;plugin://plugin.video.ccloudtv.helper/?url=http%3A%2F%2F94.23.35.42%2FcCloudTv%2Fparser.php%3Fsurl%3Dhttps%3A%2F%2Fwww.arconaitv.me%2Fcn%2F%7CUser-Agent%3DMozilla%252F5.0%2520%28Windows%2520NT%25206.1%253B%2520WOW64%29%2520AppleWebKit%252F537.36%2520%28KHTML%252C%2520like%2520Gecko%29%2520Chrome%252F57.0.2987.133%2520Safari%252F537.36&amp;mode=1&amp;name=Cartoon+Network&amp;sf_options=winID%3D10025%26_options_sf&quot;,return)</favourite>
	<favourite name="Nickelodeon" thumb="http://www.nick.com/nick-assets/common/nick-logo-200x200.png">PlayMedia(&quot;plugin://plugin.video.ccloudtv.helper/?url=http%3A%2F%2F94.23.35.42%2FcCloudTv%2Fparser.php%3Fsurl%3Dhttps%3A%2F%2Fwww.arconaitv.me%2Fnickie%2F%7CUser-Agent%3DMozilla%252F5.0%2520%28Windows%2520NT%25206.1%253B%2520WOW64%29%2520AppleWebKit%252F537.36%2520%28KHTML%252C%2520like%2520Gecko%29%2520Chrome%252F57.0.2987.133%2520Safari%252F537.36&amp;mode=1&amp;name=Nick&amp;iconimage=&amp;sf_options=winID%3D10025%26_options_sf&quot;,return)</favourite>
	<favourite name="[COLOR clear]..[/COLOR]FOX News" thumb="https://lh6.ggpht.com/bmdvWGTQ5xyA07ZRU_gf_RW8MQX8Oo1u8opdwg-FDmWn5OFEaq7Nt1KkwbVnX4TLV_g=w300">PlayMedia(&quot;plugin://plugin.video.ccloudtv.helper/?url=http%3A%2F%2F94.23.35.42%2FcCloudTv%2Fparser.php%3Fsurl%3Dhttps%3A%2F%2Fwww.arconaitv.me%2Ffn%2F%7CUser-Agent%3DMozilla%252F5.0%2520%28Windows%2520NT%25206.1%253B%2520WOW64%29%2520AppleWebKit%252F537.36%2520%28KHTML%252C%2520like%2520Gecko%29%2520Chrome%252F57.0.2987.133%2520Safari%252F537.36&amp;mode=1&amp;name=FOX News&amp;iconimage=&amp;sf_options=winID%3D10025%26_options_sf&quot;,return)</favourite>
	<favourite name="[COLOR clear]..[/COLOR]CNBC" thumb="http://img.talkandroid.com/uploads/2015/03/cnbclogo.png">PlayMedia(&quot;plugin://plugin.video.ccloudtv.helper/?url=http%3A%2F%2F94.23.35.42%2FcCloudTv%2Fparser.php%3Fsurl%3Dhttps%3A%2F%2Fwww.arconaitv.me%2Fseenbeesee%2F%7CUser-Agent%3DMozilla%252F5.0%2520%28Windows%2520NT%25206.1%253B%2520WOW64%29%2520AppleWebKit%252F537.36%2520%28KHTML%252C%2520like%2520Gecko%29%2520Chrome%252F57.0.2987.133%2520Safari%252F537.36&amp;mode=1&amp;name=CNBC&amp;iconimage=&amp;sf_options=winID%3D10025%26_options_sf&quot;,return)</favourite>
</favourites>