<favourites>
	<favourite name="Movies" thumb="">ActivateWindow(10025,&quot;plugin://plugin.video.ZemTV-shani/?mode=66&amp;name=Movies&amp;url=pv2&quot;,return)</favourite>
	<favourite name="Dramas" thumb="">ActivateWindow(10025,&quot;plugin://plugin.video.ZemTV-shani/?mode=83&amp;name=Indian%2fPakistani%20Shows%2fDramas&amp;url=IndPakLive&quot;,return)</favourite>
	<favourite name="" thumb="">ActivateWindow(10025,&quot;plugin://plugin.video.&quot;)</favourite>
	<favourite name="Pak Channels" thumb="">ActivateWindow(10025,&quot;plugin://plugin.video.ZemTV-shani/?mode=2&amp;name=Pakistani%20Live%20Channels&amp;url=PakLive&quot;,return)</favourite>
	<favourite name="Pak News" thumb="">ActivateWindow(10025,&quot;plugin://plugin.video.ZemTV-shani/?mode=2&amp;name=Latest%20Shows&amp;url=Shows&amp;sf_options=&quot;,return)</favourite>
	<favourite name="Pak TVonDEMAND" thumb="">ActivateWindow(10025,&quot;plugin://plugin.video.dramasonline/?sf_options=desc%3DWatch+dramasonline.com+on+your+XBMC.+This+plugin+fetches+the+video+sources+from+dramasonline.com+and+play+on+XBMC+compatible+plateforms%26_options_sf&quot;,return)</favourite>
	<favourite name="" thumb="">ActivateWindow(10025,&quot;plugin://plugin.video.&quot;)</favourite>
	<favourite name="Indian Channels" thumb="">ActivateWindow(10025,&quot;plugin://plugin.video.ZemTV-shani/?mode=2&amp;name=Indian%20Live%20Channels&amp;url=IndianLive&quot;,return)</favourite>
	<favourite name="Punjabi Channels" thumb="">ActivateWindow(10025,&quot;plugin://plugin.video.ZemTV-shani/?mode=2&amp;name=Punjabi%20Live%20Channels&amp;url=PunjabiLive&quot;,return)</favourite>
	<favourite name="" thumb="">ActivateWindow(10025,&quot;plugin://plugin.video.&quot;)</favourite>
	<favourite name="ZemTV.com" thumb="special://home/addons\plugin.video.ZemTV-shani\icon.png">ActivateWindow(10025,&quot;plugin://plugin.video.ZemTV-shani/?sf_options=desc%3DWatch+ZemTV.com+on+your+XBMC.+This+plugin+fetches+the+video+sources+from+ZemTV.com+and+play+on+XBMC+compatible+plateforms%26_options_sf&quot;,return)</favourite>
	<favourite name="AfterShock" thumb="special://home/addons\plugin.video.aftershock\icon.png">ActivateWindow(10025,&quot;plugin://plugin.video.aftershock/&quot;,return)</favourite>
	<favourite name="DesiZone" thumb="special://home/addons\plugin.video.tvondesizonexl\icon.png">RunScript(&quot;plugin.video.tvondesizonexl&quot;,return)</favourite>
	
	<favourite name="[COLOR black]Pak India Live[/COLOR]" thumb="special://home/addons\plugin.video.pakindia\icon.png">ActivateWindow(10025,&quot;plugin://plugin.video.pakindia/&quot;,return)</favourite>
</favourites>