<favourites>
	<favourite name="Pak India Live (Indian - Pak - Arabic)" thumb="http://2.bp.blogspot.com/-ho4UCYKGiRU/VcXV4j75mUI/AAAAAAAAN1s/DgM6Ymd35G0/s1600/Pak%2BIndia%2BLive%2BAdd-ons%2BFor%2BKodi%2BXBMC%2B4.png">ActivateWindow(10025,&quot;plugin://plugin.video.pakindia/?sf_options=desc%3DWatch+All+Your+Favourite+Live+Tv+From+India+Plus+Uk+Sports%26_options_sf&quot;,return)</favourite>
	<favourite name="ZemTV.com" thumb="special://home/addons\plugin.video.ZemTV-shani\icon.png">ActivateWindow(10025,&quot;plugin://plugin.video.ZemTV-shani/?sf_options=desc%3DWatch+ZemTV.com+on+your+XBMC.+This+plugin+fetches+the+video+sources+from+ZemTV.com+and+play+on+XBMC+compatible+plateforms%26_options_sf&quot;,return)</favourite>
	<favourite name="[COLOR crimson]BlackTvLive.com (Indian - Pak)[/COLOR]" thumb="http://blacktvlive.in/logo/blacktvbannernew.jpg">ActivateWindow(10025,&quot;plugin://plugin.video.SportsDevil/?item=title%3dBlackTvLive.com%2b%2528Indian%2bTV%2529%26url%3dcustoms%252Fblacktvlive.com.cfg%26definedIn%3dcustoms.cfg%26director%3dblacktvlive.com%26genre%3dLive%2bTV%26type%3drss%26icon%3dhttp%253A%252F%252Fblacktvlive.com%252Flogo%252Fblacktvbannernew.jpg&amp;mode=1&amp;sf_options=fanart%3Dspecial%3A%2F%2Fhome%2Faddons%5Cplugin.video.SportsDevil%5Cfanart.jpg%26_options_sf&quot;,return)</favourite>
	<favourite name="[COLOR crimson]ZengaTV.com (Indian TV)[/COLOR]" thumb="http://d3jnkp3lrs2hd5.cloudfront.net/new_web/img/logo-menu-new.png">ActivateWindow(10025,&quot;plugin://plugin.video.SportsDevil/?item=title%3dZengaTV.com%2b%2528Indian%2bTV%2529%26url%3dcustoms%252Fzengatv.com.cfg%26definedIn%3dcustoms.cfg%26director%3dZengaTv.com%26genre%3dLive%2bTV%26type%3drss%26icon%3dhttp%253A%252F%252Fd3jnkp3lrs2hd5.cloudfront.net%252Fnew_web%252Fimg%252Flogo-menu-new.png&amp;mode=1&amp;sf_options=fanart%3Dspecial%3A%2F%2Fhome%2Faddons%5Cplugin.video.SportsDevil%5Cfanart.jpg%26_options_sf&quot;,return)</favourite>
</favourites>