<favourites>
	<favourite name="The Flintstones" thumb="https://fanart.tv/fanart/tv/76171/clearart/T_76171.png">PlayMedia(&quot;plugin://plugin.video.phstreams/?action=play&amp;url=http%3A%2F%2Fwww.ibrod.tv%2Fflintstones.html&amp;sf_options=winID%3D10025%26_options_sf&quot;)</favourite>
	<favourite name="Drake &amp; Josh" thumb="https://fanart.tv/fanart/tv/79357/clearart/drake-and-josh-4ff45a2d20a57.png">PlayMedia(&quot;plugin://plugin.video.phstreams/?action=play&amp;url=http%3A%2F%2Flmshows.se%2Fdj.php&amp;sf_options=winID%3D10025%26_options_sf&quot;)</favourite>
	<favourite name="Looney Tunes" thumb="https://fanart.tv/fanart/tv/83410/clearart/LooneyTunes-83410.png">PlayMedia(&quot;plugin://plugin.video.phstreams/?action=play&amp;url=http%3A%2F%2Fwww.ibrod.tv%2Flooneytoons.html&amp;sf_options=winID%3D10025%26_options_sf&quot;)</favourite>
	<favourite name="SpongeBob SquarePants" thumb="https://fanart.tv/fanart/tv/75886/clearart/S_75886.png">PlayMedia(&quot;plugin://plugin.video.phstreams/?action=play&amp;url=%3Csublink%3Ehttp%3A%2F%2Fveetle.com%2Findex.php%2Fchannel%2Fview%2350686cb1bbaa9%3C%2Fsublink%3E%3Csublink%3Ehttp%3A%2F%2Flmshows.se%2Fsb.php%3C%2Fsublink%3E&amp;sf_options=winID%3D10025%26_options_sf&quot;)</favourite>
	<favourite name="Tom and Jerry" thumb="https://fanart.tv/fanart/tv/72860/clearart/tom-and-jerry-4fea3323ee1f0.png">PlayMedia(&quot;plugin://plugin.video.phstreams/?action=play&amp;url=http%3A%2F%2Fwww.ibrod.tv%2Ftomjerry.html&amp;sf_options=winID%3D10025%26_options_sf&quot;)</favourite>
	<favourite name="90&apos;s Cartoons" thumb="http://cdn.vaughnsoft.com/vaughnsoft/vaughn/img_profiles/90scartooncentral_320.jpg">PlayMedia(&quot;plugin://plugin.stream.vaughnlive.tv/?sourcetype=auto&amp;img=http%3A%2F%2Fcdn.vaughnsoft.com%2Fvaughnsoft%2Fvaughn%2Fimg_profiles%2F90scartooncentral_320.jpg&amp;title=90scartooncentral&amp;url=http%3A%2F%2Fvaughnlive.tv%2F90scartooncentral&amp;section=&amp;site=&amp;mode=PlayLiveStream&amp;fimg=http%3A%2F%2Fcdn.vaughnsoft.com%2Fvaughnsoft%2Fvaughnlive%2Fimg_backgrounds%2F90scartooncentral.jpg&amp;channel=90scartooncentral&amp;sf_options=winID%3D10025%26_options_sf&quot;)</favourite>
	<favourite name="~Spongebob~" thumb="http://d3u3s1yur1h76d.cloudfront.net/production/session-thumbnails-desktop/50686cb1bbaa9/1660deb59e2bb0e3cd98cb3779ebbea4/50686cb1bbaa9_1660deb59e2bb0e3cd98cb3779ebbea4_20160529193113_574ba5f11bac8_88.jpg">PlayMedia(&quot;plugin://plugin.video.veetle/?channel=50686cb1bbaa9&amp;sf_options=winID%3D10025%26_options_sf&quot;)</favourite>
</favourites>