<?xml version="1.0" encoding="UTF-8" standalone="yes"?>
<addon id="script.supafav" version="0.0.28c" name="Auto-Menu System" provider-name="water">
    <requires>
        <import addon="xbmc.python" version="2.1.0"/>
    </requires>
    <extension point="xbmc.python.script" library="default.py">
        <provides>executable</provides>
    </extension>
    <extension point="xbmc.addon.metadata">
        <summary></summary>
        <description></description>
        <platform>all</platform>
    </extension>
</addon>
