<?xml version="1.0" encoding="UTF-8" standalone="yes"?>

<addon id="repo.water" name="waterREPO2" version="1.0.0" provider-name="H²0)">
	<extension point="xbmc.addon.repository" name="waterREPO">
	<dir>
		<info compressed="false">https://www-drv.com/site/g9sclgtawhqtojspwxml0a/KODI/PUBLIC/REPO/zips/TEST/plugins</info>
		<checksum>https://www-drv.com/site/g9sclgtawhqtojspwxml0a/KODI/PUBLIC/REPO/zips/TEST/plugins.hash</checksum>
		<datadir zip="true">https://www-drv.com/site/g9sclgtawhqtojspwxml0a/KODI/PUBLIC/REPO/zips/TEST/</datadir>
	</dir>	

	
	</extension>
	<extension point="xbmc.addon.metadata">
		<summary></summary>
		<description></description>
		<platform></platform>
	</extension>
</addon>

