<favourites>
	<favourite name="Weather Settings" thumb="http://www.iconarchive.com/download/i94398/bokehlicia/captiva/weather.ico">ActivateWindow(weathersettings)</favourite>
	<favourite name="[COLOR azure]FileManager[/COLOR]" thumb="http://files.softicons.com/download/system-icons/crystal-project-icons-by-everaldo-coelho/png/256x256/apps/file-manager.png">ActivateWindow(FileManager)</favourite>
	<favourite name="[COLOR azure]Add-Ons[/COLOR]" thumb="http://myersinfosys.com/wp-content/uploads/2015/06/icon-addons.png">ActivateWindow(10040,&quot;addons://install/&quot;,return)</favourite>
	<favourite name="[COLOR azure]System Info[/COLOR]" thumb="http://findicons.com/files/icons/1261/sticker_system/256/get_info.png">ActivateWindow(systeminfo)</favourite>
	<favourite name="Appearance" thumb="http://icons.iconseeker.com/png/fullsize/crystal-clear-actions/appearance-2.png">ActivateWindow(10019)</favourite>
	<favourite name="System Settings" thumb="https://lh4.ggpht.com/lQ3HQcoNO7KAuMSiTD_FmU6CsKFTBn7P_qaY5WXJfnjvVQg7AF_hx9g3JkW-vWfE9DQ=w300">ActivateWindow(Settings)</favourite>
</favourites>