<favourites>
	<favourite name="Community" thumb="http://cdn.vaughnsoft.com/vaughnsoft/vaughn/img_profiles/castlehawkthorne_320.jpg">PlayMedia(&quot;plugin://plugin.stream.vaughnlive.tv/?sourcetype=auto&amp;img=http%3A%2F%2Fcdn.vaughnsoft.com%2Fvaughnsoft%2Fvaughn%2Fimg_profiles%2Fcastlehawkthorne_320.jpg&amp;title=castlehawkthorne&amp;url=http%3A%2F%2Fvaughnlive.tv%2Fcastlehawkthorne&amp;section=&amp;site=&amp;mode=PlayLiveStream&amp;fimg=http%3A%2F%2Fcdn.vaughnsoft.com%2Fvaughnsoft%2Fvaughnlive%2Fimg_backgrounds%2Fcastlehawkthorne.jpg&amp;channel=castlehawkthorne&amp;sf_options=winID%3D10025%26_options_sf&quot;)</favourite>
	<favourite name="It&apos;s Always Sunny In Philadelphia" thumb="http://cdn.vaughnsoft.com/vaughnsoft/vaughn/img_profiles/111aaacharkcomedy_320.jpg">PlayMedia(&quot;plugin://plugin.stream.vaughnlive.tv/?sourcetype=auto&amp;img=http%3A%2F%2Fcdn.vaughnsoft.com%2Fvaughnsoft%2Fvaughn%2Fimg_profiles%2F111aaacharkcomedy_320.jpg&amp;title=111aaacharkcomedy&amp;url=http%3A%2F%2Fvaughnlive.tv%2F111aaacharkcomedy&amp;section=&amp;site=&amp;mode=PlayLiveStream&amp;fimg=http%3A%2F%2Fcdn.vaughnsoft.com%2Fvaughnsoft%2Fvaughnlive%2Fimg_backgrounds%2F111aaacharkcomedy.jpg&amp;channel=111aaacharkcomedy&amp;sf_options=winID%3D10025%26_options_sf&quot;)</favourite>
	<favourite name="the Big Bang Theory" thumb="http://cdn.vaughnsoft.com/vaughnsoft/vaughn/img_profiles/profe3194_320.jpg">PlayMedia(&quot;plugin://plugin.stream.vaughnlive.tv/?sourcetype=auto&amp;title=profe3194&amp;url=http%3A%2F%2Fvaughnlive.tv%2Fprofe3194&amp;mode=PlayLiveStream&amp;channel=profe3194&amp;sf_options=winID%3D10025%26_options_sf&quot;)</favourite>
	<favourite name="the Big Bang Theory" thumb="http://cdn.vaughnsoft.com/vaughnsoft/vaughn/img_profiles/highspothorror101_320.jpg">PlayMedia(&quot;plugin://plugin.stream.vaughnlive.tv/?sourcetype=auto&amp;title=highspothorror101&amp;url=http%3A%2F%2Fvaughnlive.tv%2Fhighspothorror101&amp;mode=PlayLiveStream&amp;channel=highspothorror101&amp;sf_options=winID%3D10025%26_options_sf&quot;)</favourite>
	<favourite name="Celebirty Deathmatch *" thumb="http://thetvdb.com/banners/_cache/posters/74186-1.jpg">PlayMedia(&quot;plugin://plugin.video.ccloudtv/?url=http%3A%2F%2F94.23.35.42%2FcCloudTv%2Fparser.php%3Fsurl%3Dhttps%3A%2F%2Fwww.arconaitv.me%2Fcdm%2F%7CUser-Agent%3DMozilla%252F5.0%2520%28Windows%2520NT%25206.1%253B%2520WOW64%29%2520AppleWebKit%252F537.36%2520%28KHTML%252C%2520like%2520Gecko%29%2520Chrome%252F47.0.2526.106%2520Safari%252F537.36&amp;mode=1&amp;name=Celebirty Deathmatch&amp;iconimage=&amp;sf_options=winID%3D10025%26_options_sf&quot;,return)</favourite>
	<favourite name="King Of Queens" thumb="http://thetvdb.com/banners/_cache/posters/73641-1.jpg">PlayMedia(&quot;plugin://plugin.stream.vaughnlive.tv/?sourcetype=auto&amp;title=lmshows+koq&amp;url=http%3A%2F%2Fvaughnlive.tv%2Flmshows_koq&amp;section=&amp;site=&amp;mode=PlayLiveStream&amp;sf_options=winID%3D10025%26_options_sf&quot;)</favourite>
	<favourite name="Seinfeld..." thumb="http://thetvdb.com/banners/_cache/posters/79169-5.jpg">PlayMedia(&quot;plugin://plugin.stream.vaughnlive.tv/?sourcetype=auto&amp;img=http%3A%2F%2Fcdn.vaughnsoft.com%2Fvaughnsoft%2Fvaughn%2Fimg_profiles%2Fimprov_comedy_320.jpg&amp;title=improv+comedy&amp;url=http%3A%2F%2Fvaughnlive.tv%2Fimprov_comedy&amp;section=&amp;site=&amp;mode=PlayLiveStream&amp;fimg=http%3A%2F%2Fcdn.vaughnsoft.com%2Fvaughnsoft%2Fvaughnlive%2Fimg_backgrounds%2Fimprov_comedy.jpg&amp;channel=improv_comedy&amp;sf_options=winID%3D10025%26_options_sf&quot;)</favourite>
	<favourite name="Sitcoms 1: Cheers, 3rd Rock, Fraiser" thumb="">PlayMedia(&quot;plugin://plugin.stream.vaughnlive.tv/?sourcetype=auto&amp;img=http%3A%2F%2Fcdn.vaughnsoft.com%2Fvaughnsoft%2Fvaughn%2Fimg_profiles%2Fchrisdave1_320.jpg&amp;title=chrisdave1&amp;url=http%3A%2F%2Fvaughnlive.tv%2Fchrisdave1&amp;section=&amp;site=&amp;mode=PlayLiveStream&amp;fimg=http%3A%2F%2Fcdn.vaughnsoft.com%2Fvaughnsoft%2Fvaughnlive%2Fimg_backgrounds%2Fchrisdave1.jpg&amp;channel=chrisdave1&amp;sf_options=winID%3D10025%26_options_sf&quot;)</favourite>
	<favourite name="Sitcoms 2: Friends, Raymond, Fresh Prince, Dharma &amp; Greg" thumb="">PlayMedia(&quot;plugin://plugin.stream.vaughnlive.tv/?sourcetype=auto&amp;img=http%3A%2F%2Fcdn.vaughnsoft.com%2Fvaughnsoft%2Fvaughn%2Fimg_profiles%2Fchrisdave3_320.jpg&amp;title=chrisdave3&amp;url=http%3A%2F%2Fvaughnlive.tv%2Fchrisdave3&amp;section=&amp;site=&amp;mode=PlayLiveStream&amp;fimg=http%3A%2F%2Fcdn.vaughnsoft.com%2Fvaughnsoft%2Fvaughnlive%2Fimg_backgrounds%2Fchrisdave3.jpg&amp;channel=chrisdave3&amp;sf_options=winID%3D10025%26_options_sf&quot;)</favourite>
	<favourite name="Sitcoms 3: Drew Carey Show, George Lopez, 70" thumb="">PlayMedia(&quot;plugin://plugin.stream.vaughnlive.tv/?sourcetype=auto&amp;title=chrisdave5&amp;url=http%3A%2F%2Fvaughnlive.tv%2Fchrisdave5&amp;mode=PlayLiveStream&amp;channel=chrisdave5&amp;sf_options=winID%3D10025%26_options_sf&quot;)</favourite>
</favourites>