<favourites>
	<favourite name="Pakistan" thumb="http://cdnimg.dynns.com/iptvpanelnew/prog_data/thumbs/b20706935de35bbe643733f856d9e5d6pakistanBigTV.jpg">ActivateWindow(10025,&quot;plugin://plugin.video.pakindia/?iconimage=http%3a%2f%2fcdnimg.dynns.com%2fiptvpanelnew%2fprog_data%2fthumbs%2fb20706935de35bbe643733f856d9e5d6pakistanBigTV.jpg&amp;mode=1&amp;name=Pakistan&amp;url=Pakistan&quot;,return)</favourite>
	<favourite name="Pakistani Live Channels" thumb="DefaultFolder.png">ActivateWindow(10025,&quot;plugin://plugin.video.ZemTV-shani/?mode=2&amp;name=Pakistani%20Live%20Channels&amp;url=PakLive&quot;,return)</favourite>
	<favourite name="Pak Dramas" thumb="special://home/addons\plugin.video.dramasonline\icon.png">ActivateWindow(10025,&quot;plugin://plugin.video.dramasonline/?sf_options=desc%3DWatch+dramasonline.com+on+your+XBMC.+This+plugin+fetches+the+video+sources+from+dramasonline.com+and+play+on+XBMC+compatible+plateforms%26_options_sf&quot;,return)</favourite>
	<favourite name="Pakistani - May have to click more than once" thumb="DefaultVideo.png">ActivateWindow(10025,&quot;plugin://plugin.video.i4atv/?genre_id=13&amp;genre_name=Pakistani&amp;mode=channels&amp;portal=%7b%22name%22%3a%20%22%5bCOLOR%20red%5dLive%20I4ATV%5b%2fCOLOR%5d%22%2c%20%22parental%22%3a%20%22false%22%2c%20%22url%22%3a%20%22http%3a%2f%2fmw1.iptv66.tv%22%2c%20%22mac%22%3a%20%2200%3a1A%3a78%3a12%3a34%3a85%22%2c%20%22serial%22%3a%20%7b%22custom%22%3a%20false%7d%2c%20%22password%22%3a%20%22inside4android%22%7d&quot;,return)</favourite>
</favourites>