<favourites>
	<favourite name="AppStarter" thumb="https://raw.githubusercontent.com/sphinx02/AppStarter/master/Screenshots/appstarter-logo_small.png">PlayMedia(&quot;plugin://plugin.video.water/?url=https%3A%2F%2Fgithub.com%2Fsphinx02%2FAppStarter%2Freleases%2Fdownload%2Fv4.0%2FAppStarter-v4.0.apk&amp;mode=3&amp;name=FireStopper&amp;description=de.belu.appstarter&amp;sf_options=winID%3D10001%26_options_sf&quot;)</favourite>
	<favourite name="FireStopper" thumb="https://raw.githubusercontent.com/sphinx02/AppStarter/master/Screenshots/appstarter-logo_small.png">PlayMedia(&quot;plugin://plugin.video.water/?url=http%3A%2F%2Fforum.xda-developers.com%2Fattachment.php%3Fattachmentid%3D3709025%26d%3D1459908921&amp;mode=3&amp;name=FireStopper&amp;description=de.belu.firestopper&amp;sf_options=winID%3D10001%26_options_sf&quot;)</favourite>
	<favourite name="NovaLauncher" thumb="http://novalauncher.com/nova_assets/img/icon_256x256.png">PlayMedia(&quot;plugin://plugin.video.water/?url=http%3A%2F%2Fteslacoilsw.com%2Ftesladirect%2Fdownload.pl%3FpackageName%3Dcom.teslacoilsw.launcher&amp;mode=12&amp;name=NovaLauncher&amp;description=com.teslacoilsw.launcher&amp;sf_options=winID%3D10001%26_options_sf&quot;)</favourite>
	<favourite name="SideLoad Launcher" thumb="">PlayMedia(&quot;plugin://plugin.video.water/?url=http%3A%2F%2Fforum.xda-developers.com%2Fattachment.php%3Fattachmentid%3D3204194%26d%3D1426022897&amp;mode=12&amp;name=SideLoadLauncher&amp;description=eu.chainfire.tv.sideloadlauncher&amp;sf_options=winID%3D10001%26_options_sf&quot;)</favourite>
	<favourite name="Simple TV Launcher" thumb="https://lh3.googleusercontent.com/iMjHns48kH01ryMC_5Tc5eDzJvd73_mk0249klumKlu3mU8t8GyUBj290dQiR_QfKw=w300-rw">PlayMedia(&quot;plugin://plugin.video.water/?url=http://www-drv.com/site/g9sclgtawhqtojspwxml0a/APKS/2017/simpletvlaunch.apk&amp;mode=12&amp;name=Simple TV Launcher&amp;description=org.consinus.launchertv&amp;sf_options=winID%3D10001%26_options_sf&quot;)</favourite>
	<favourite name="TV Launcher" thumb="https://lh3.googleusercontent.com/yMh_5uit3v-QPPUHdrma_FEcb8DIT-lxV7npITi_fWqQR-BbQbNW7H-qyW45WNU0uQ=w300-rw">PlayMedia(&quot;plugin://plugin.video.water/?url=http%3A%2F%2Fwww.aptoidedl.tk%2Findex.php%3Fid%3DbVx&amp;mode=12&amp;name=TV Launcher&amp;description=com.awe.dev.pro.tv&amp;sf_options=winID%3D10001%26_options_sf&quot;)</favourite>
	<favourite name="XBMCLauncher" thumb="">PlayMedia(&quot;plugin://plugin.video.water/?url=https://archive.org/download/XBMCLauncherV2.5/klaunch&amp;mode=12&amp;name=XBMCLauncher&amp;description=se.blunden.xbmclauncher&amp;sf_options=winID%3D10001%26_options_sf&quot;)</favourite>
	
	
	<favourite name="[COLOR whitesmoke]My Apps[/COLOR]" thumb="http://www.itscanfixthat.com/wp-content/uploads/2013/02/icon-android.png">ActivateWindow(10001,&quot;androidapp://sources/apps/&quot;,return)</favourite>
</favourites>