<favourites>
	<favourite name="Trending" thumb="http://media.reeoo.com/MovieQuest-icon.png!icon180">ActivateWindow(10025,&quot;plugin://plugin.video.origin2/?action=movies&amp;url=trending&quot;,return)</favourite>
	<favourite name="New Releases" thumb="https://i.imgsafe.org/b396b5d.jpg">ActivateWindow(10025,&quot;plugin://plugin.video.phstreams/?action=directory&amp;url=http%3a%2f%2fone242415.offshorepastebin.com%2fMovies%2fLatestRelease.xml&quot;,return)</favourite>
	<favourite name="HD Movies" thumb="https://i.imgsafe.org/b396b5d.jpg">ActivateWindow(10025,&quot;plugin://plugin.video.phstreams/?action=directory&amp;url=http%3A%2F%2Fpastebin.com%2Fraw%2Fr13gPgRu&quot;,return)</favourite>
	<favourite name="1 Click Play" thumb="">ActivateWindow(10025,&quot;plugin://plugin.video.VidTime/?icon=http%3a%2f%2fs30.postimg.org%2f4c8auwuep%2ficon.png&amp;mode=NMR&quot;,return)</favourite>
	<favourite name="" thumb="">PlayMedia(&quot;plugin://plugin.video.none?sf_options=winID%3D10025%26_options_sf&quot;,return)</favourite>
	<favourite name="More..." thumb="">ActivateWindow(10025,&quot;plugin://plugin.program.super.favourites/?sf_options=&amp;mode=400&amp;path=special%3A%2F%2Fhome%2Faddons%2Fscript.supafav%2FSuper%20Favourites/Movies%2FRecently Added%5CMore&amp;sf_options=&quot;,return)</favourite>
</favourites>