<favourites>
	<favourite name="[COLOR blue]Live Games[/COLOR]" thumb="DefaultFolder.png">ActivateWindow(10025,&quot;plugin://plugin.video.prosport/?away&amp;home&amp;mode=nba&amp;url&amp;sf_options=&quot;,return)</favourite>
	<favourite name="NBA Replay" thumb="">ActivateWindow(10025,&quot;plugin://plugin.video.projectm/?fanart=http%3a%2f%2f3dhub.netne.net%2fimages%2fproject-d-large.jpg&amp;mode=1&amp;name=%5bB%5d%5bCOLOR%20deepskyblue%5dBASKETBALL%20REPLAYS%5b%2fCOLOR%5d%5b%2fB%5d&amp;url=http%3a%2f%2f3dhub.netne.net%2fprojectd%2fbasketball.xml&quot;,return)</favourite>
	<favourite name="" thumb="">PlayMedia(&quot;plugin://plugin.video.none?sf_options=winID%3D10025%26_options_sf&quot;,return)</favourite>
	<favourite name="Teams" thumb="">ActivateWindow(10025,&quot;plugin://plugin.video.nbafullgames/?foldername=Teams&amp;mode=teams&quot;,return)</favourite>
	<favourite name="NBA.com" thumb="">ActivateWindow(10025,&quot;plugin://plugin.video.nbafullgames/?mode=nbacom&quot;,return)</favourite>
	<favourite name="[COLOR black]NBA Replay[/COLOR]" thumb="special://home/addons\plugin.video.nbafullgames\icon.png">ActivateWindow(10025,&quot;plugin://plugin.video.nbafullgames/&quot;,return)</favourite>
</favourites>