<favourites>
	<favourite name="NBC Golf Channel" thumb="https://pbs.twimg.com/profile_images/618993110597525504/9tm6lfEv.jpg">PlayMedia(&quot;http://tvegolf-i.Akamaihd.net/hls/live/218225/golfx/4296k/prog.m3u8?sf_options=winID%3D10025%26_options_sf&quot;)</favourite>
	<favourite name="Sky Sports 4" thumb="special://home/addons\plugin.video.SportsDevil\resources\images\channels/sky_uk_sports4.png">ActivateWindow(10025,&quot;plugin://plugin.video.SportsDevil/?item=title.tmp%3dSkysports%2b4%26catcher%3dstreams%26title%3dSky%2bSports%2b4%26url%3dhttp%253A%252F%252Fmamahd.com%252Fwatch-sky-sports-4-live-stream-free-1.html%26videoTitle%3dSky%2bSports%2b4%26director%3dmamahd.com%26genre%3dTV%26referer%3dhttp%253A%252F%252Fmamahd.com%26definedIn%3dtv%252Fmamahd.com.cfg%26icon.tmp%3dhttp%253A%252F%252Fmamahd.com%252Fimages%252Fchannels%252Fsky.png%26type%3drss%26icon%3dC%253A%255Ckodi%255Cportable_data%255Caddons%255Cplugin.video.SportsDevil%255Cresources%255Cimages%255Cchannels%252Fsky_uk_sports4.png&amp;mode=1&amp;sf_options=fanart%3Dspecial%3A%2F%2Fhome%2Faddons%5Cplugin.video.SportsDevil%5Cfanart.jpg%26_options_sf&quot;,return)</favourite>
	<favourite name="Sky Sports 4" thumb="http://metalkettle.co/logos/logos2/DSAT/Glossy/TV/Sky%20Sports%204.png">PlayMedia(&quot;plugin://plugin.video.ukturk/?url=http%3A%2F%2Fmetalkettle.co%2FUKTurk18022016%2FSportsList.txt&amp;mode=5&amp;name=Sky+Sports+4&amp;iconimage=http%3A%2F%2Fmetalkettle.co%2Flogos%2Flogos2%2FDSAT%2FGlossy%2FTV%2FSky%2520Sports%25204.png&amp;description=BL&amp;sf_options=fanart%3Dspecial%3A%2F%2Fhome%2Faddons%5Cplugin.video.ukturk%5Cfanart.jpg%26winID%3D10025%26desc%3DBL%26_options_sf&quot;)</favourite>
	<favourite name="Sky Sports 4" thumb="http://www.lyngsat-logo.com/hires/ss/sky_uk_sports4.png">PlayMedia(&quot;plugin://plugin.video.phstreams/?action=play&amp;url=%3Csublink%3Ehttp%3A%2F%2Fwww.ibrod.tv%2Fskysports4.html%3C%2Fsublink%3E%3Csublink%3Ehttp%3A%2F%2Fhdfree.tv%2Fwatch%2F5%2Fsky-sports-4.html%3C%2Fsublink%3E%3Csublink%3Ehttp%3A%2F%2Fzunox.hk%2Fsky4frame.html%3C%2Fsublink%3E&amp;sf_options=fanart%3Dspecial%3A%2F%2Fhome%2Faddons%5Cplugin.video.phstreams%5Cfanart.jpg%26winID%3D10025%26_options_sf&quot;)</favourite>
	<favourite name="Agusta Masters 2016" thumb="http://oandohooch.com/wp-content/uploads/2016/01/2016-The-Masters.jpg">ActivateWindow(10025,&quot;plugin://plugin.video.NJMSoccer/?fanart&amp;mode=1&amp;name=%5bB%5d---%3d%3d%3d%5bCOLOR%20red%5dMASTERS%5b%2fCOLOR%5d%5bCOLOR%20blue%5d%20AUGUSTA%202016%5b%2fCOLOR%5d%3d%3d%3d---%5b%2fB%5d&amp;url=http%3a%2f%2fnjmsoccer.kodistream.info%2frh_masters2016.xml&quot;,return)</favourite>
	<favourite name="XTRA Time" thumb="http://dallas-mp7static.mlsdigital.net/mp6/Extra%20time%20Intro.mov_.Still001.jpg">ActivateWindow(10025,&quot;plugin://plugin.video.NJMSoccer/?fanart&amp;mode=1&amp;name=%5bB%5d---%3d%3d%3d%5bCOLOR%20red%5dEXTRA%5b%2fCOLOR%5d%5bCOLOR%20blue%5d%20TIME%5b%2fCOLOR%5d%3d%3d%3d---%5b%2fB%5d&amp;url=http%3a%2f%2fnjmsoccer.kodistream.info%2fSiv7for21_NJMSoccer.xml&amp;sf_options=&quot;,return)</favourite>
</favourites>