<favourites>
	<favourite name="Fox Sports 1" thumb="http://bbts-repo.weebly.com/files/theme/Logos/SPORTS/BBTS_fox_sports.png">PlayMedia(&quot;http://ooyalahd2-f.akamaihd.net/i/eslax17_delivery@349499/master.m3u8?sf_options=winID%3D10025%26_options_sf&quot;)</favourite>
	<favourite name="NBCSN" thumb="http://channelpear.com/images/media/1731.jpg">PlayMedia(&quot;http://54.177.79.231/server/play/nbcsnxctg/master.m3u8?sf_options=winID%3D10025%26_options_sf&quot;)</favourite>
	<favourite name="Golf Channel" thumb="http://i.imgur.com/WuYJhkg.jpg">PlayMedia(&quot;http://tvegolf-i.Akamaihd.net/hls/live/218225/golfx/4296k/prog.m3u8?sf_options=winID%3D10025%26_options_sf&quot;)</favourite>
	<favourite name="NHL Network" thumb="">PlayMedia(&quot;http://208.92.36.158/ipad/live/nba_ipad_1240.m3u8?sf_options=winID%3D10025%26_options_sf&quot;)</favourite>
	<favourite name="Red Bull TV" thumb="http://bbts-repo.weebly.com/files/theme/Logos/SPORTS/BBTS_rbtv.png">PlayMedia(&quot;http://sacapunta.eltelon.com/channels/redbulltv/playlist.m3u8?sf_options=winID%3D10025%26_options_sf&quot;)</favourite>
	<favourite name="Super Sports" thumb="DefaultFolder.png">ActivateWindow(10025,&quot;plugin://plugin.video.ZemTV-shani/?mode=34&amp;name=Super%20Sports&amp;url=sss&quot;,return)</favourite>
	<favourite name="SKY &amp; BT Sports" thumb="http://images.moneysavingexpert.com/images/img-logo-skybtsports.png">ActivateWindow(10025,&quot;plugin://plugin.video.GenieTv/?description&amp;fanart=C%3a%5ckodi%5cportable_data%5caddons%5cplugin.video.GenieTv%5cfanart.jpg&amp;iconimage=http%3a%2f%2farchitects.x10host.com%2fGenieArt%2fenglish.png&amp;mode=9021&amp;name=%5bCOLORgreen%5dLive%20Tv%5b%2fCOLOR%5d&amp;url=http%3a%2f%2farchitects.x10host.com&amp;sf_options=fanart%3Dspecial%3A%2F%2Fhome%2Faddons%5Cplugin.video.GenieTv%5Cfanart.jpg%26_options_sf&quot;,return)</favourite>
</favourites>