<favourites>
	<favourite name="Other" thumb="http://icons.iconarchive.com/icons/joker-design/3d-sports/128/sailing-ship-icon.png">ActivateWindow(10025,&quot;plugin://plugin.program.super.favourites/?label=Other&amp;mode=400&amp;folder=Sports%2FOther&amp;sf_options=fanart%3Dspecial%3A%2F%2Fhome%2Faddons%5Cplugin.video.extreme.com%5Cfanart.jpg%26_options_sf&quot;)</favourite>
	<favourite name="ESPN" thumb="http://www.allaccess.com/assets/img/editorial/raw/es/espnlogo.jpg">PlayMedia(&quot;http://80.80.160.168/live/6/live.m3u8?sf_options=winID%3D10025%26_options_sf&quot;)</favourite>
	<favourite name="FOX Sports 1" thumb="http://2.bp.blogspot.com/-eGdimZ-T92c/UhObgpLOcnI/AAAAAAAAPgY/_gyeOCi0Wvg/s400/fox.jpeg">PlayMedia(&quot;http://ooyalahd2-f.akamaihd.net/i/eslax17_delivery@349499/master.m3u8?sf_options=winID%3D10025%26_options_sf&quot;)</favourite>
	<favourite name="NBC Sports" thumb="http://static.wixstatic.com/media/fefd1f_da8842f45aae6ab60b81b8ada2b414e0.jpg">PlayMedia(&quot;http://54.177.79.231/server/play/nbcsnxctg/master.m3u8?sf_options=winID%3D10025%26_options_sf&quot;)</favourite>
	<favourite name="RedBullTV" thumb="https://superrepo.org/static/images/icons/original/xplugin.video.redbull_tv.png.pagespeed.ic.qet5GdYRQ4.png">ActivateWindow(10025,&quot;plugin://plugin.program.super.favourites/?label=RedBullTV&amp;mode=400&amp;folder=Sports%2FChannels%2FRedBullTV&amp;sf_options=fanart%3DNULL%26_options_sf&quot;)</favourite>
	<favourite name="Golf Channel" thumb="https://pbs.twimg.com/profile_images/618993110597525504/9tm6lfEv.jpg">PlayMedia(&quot;http://tvegolf-i.Akamaihd.net/hls/live/218225/golfx/4296k/prog.m3u8?sf_options=winID%3D10025%26_options_sf&quot;)</favourite>
	<favourite name="NHL Network" thumb="http://megaicons.net/static/img/icons_sizes/6/58/256/nhl-icon.png">PlayMedia(&quot;http://208.92.36.158/ipad/live/nba_ipad_1240.m3u8?sf_options=winID%3D10025%26_options_sf&quot;)</favourite>
	<favourite name="PAC12" thumb="http://x.pac-12.com/profiles/pac12/modules/features/pac12_standings/images/pac12.png">ActivateWindow(10025,&quot;plugin://plugin.program.super.favourites/?label=[COLOR azure]College Sports[/COLOR]&amp;mode=400&amp;path=special%3A%2F%2Fhome%2Faddons%2Fscript.supafav%2FSuper%20Favourites%5CSports%5CCollege%20Sports&amp;sf_options=fanart%3DNULL%26_options_sf&quot;)</favourite>
	<favourite name="UK Sports" thumb="http://sports24hour.com/wp-content/uploads/2015/10/sky-sports-broadcast-live-telecast-of-ram-slam-t20-online.png">ActivateWindow(10025,&quot;plugin://plugin.video.SportsDevil/?item=title%3dMamaHD.com%26url%3dtv%252Fmamahd.com.cfg%26definedIn%3dtv.cfg%26director%3dmamahd.com%26genre%3dTV%26type%3drss%26icon%3dC%253A%255Ckodi15final1%255Cportable_data%255Caddons%255Cplugin.video.SportsDevil%255Cresources%255Cimages%255Cmamahd.png&amp;mode=1&amp;sf_options=fanart%3Dspecial%3A%2F%2Fhome%2Faddons%5Cplugin.video.SportsDevil%5Cfanart.jpg%26_options_sf&quot;,return)</favourite>
	<favourite name="Backup Channels" thumb="http://phoenixtv.offshorepastebin.com/art/tv/livetvscreens.jpg">ActivateWindow(10025,&quot;plugin://plugin.video.phstreams/?action=directory&amp;url=http%3a%2f%2fphoenixtv.offshorepastebin.com%2ftv%2fsports.xml&amp;sf_options=fanart%3Dspecial%3A%2F%2Fhome%2Faddons%5Cplugin.video.phstreams%5Cfanart.jpg%26_options_sf&quot;,return)</favourite>
	<favourite name="[COLOR black]More[/COLOR]" thumb="C:\kodi\addons\plugin.program.super.favourites\icon.png">ActivateWindow(10025,&quot;plugin://plugin.program.super.favourites/?label=More&amp;mode=400&amp;folder=Sports%2FChannels%2FMore&amp;sf_options=fanart%3DNULL%26_options_sf&quot;)</favourite>
</favourites>