<favourites>
	<favourite name="UKTurk - Docs" thumb="http://metalkettle.co/UKTurk2/thumbs/UK%20TURK%20documentaries.jpg">ActivateWindow(10025,&quot;plugin://plugin.video.ukturk/?description&amp;iconimage=http%3a%2f%2fmetalkettle.co%2fUKTurk2%2fthumbs%2fUK%2520TURK%2520documentaries.jpg&amp;mode=1&amp;name=Documentaries&amp;url=http://metalkettle.co/UKTurk18022016/docs/Index.txt&quot;,return)</favourite>
	<favourite name="Trapper - Docs" thumb="http://i.imgur.com/mzVy5np.png">ActivateWindow(10025,&quot;plugin://plugin.video.Evolve/?description&amp;fanart=http%3a%2f%2fi.imgur.com%2fOgd1Uxf.png&amp;mode=1&amp;name=%5bB%5dDocumentaries%5b%2fB%5d&amp;url=http%3a%2f%2fpastebin.com%2fraw%2fEgx0i51Z&quot;,return)</favourite>
	<favourite name="NATGEO" thumb="http://cdn.vaughnsoft.com/vaughnsoft/vaughn/img_profiles/lmshows_ngbbc_320.jpg">PlayMedia(&quot;plugin://plugin.stream.vaughnlive.tv/?sourcetype=auto&amp;img=http%3A%2F%2Fcdn.vaughnsoft.com%2Fvaughnsoft%2Fvaughn%2Fimg_profiles%2Flmshows_ngbbc_320.jpg&amp;title=lmshows+ngbbc&amp;url=http%3A%2F%2Fvaughnlive.tv%2Flmshows_ngbbc&amp;section=&amp;site=&amp;mode=PlayLiveStream&amp;fimg=http%3A%2F%2Fcdn.vaughnsoft.com%2Fvaughnsoft%2Fvaughnlive%2Fimg_backgrounds%2Flmshows_ngbbc.jpg&amp;channel=lmshows_ngbbc&amp;sf_options=winID%3D10025%26_options_sf&quot;)</favourite>
	<favourite name="Documentary" thumb="art\themes\Classic\documentary.jpg">ActivateWindow(10025,&quot;plugin://plugin.video.1channel/?genre=Documentary&amp;mode=GetFilteredResults&amp;section=tv&amp;sort=date&amp;sf_options=fanart%3Dart%5Cthemes%5CClassic%5Cfanart.jpg%26meta%3Dlabel%253DDocumentary%2526userrating%253DListItem.userrating%2526title%253DDocumentary%26_options_sf&quot;,return)</favourite>
	<favourite name="Documentary" thumb="art\themes\Classic\documentary.jpg">ActivateWindow(10025,&quot;plugin://plugin.video.1channel/?genre=Documentary&amp;mode=GetFilteredResults&amp;section=movie&amp;sort=date&amp;sf_options=fanart%3Dart%5Cthemes%5CClassic%5Cfanart.jpg%26meta%3Dlabel%253DDocumentary%2526userrating%253DListItem.userrating%2526title%253DDocumentary%26_options_sf&quot;,return)</favourite>
	<favourite name="Documentaries" thumb="special://home/addons\plugin.video.sanctuary\icon.png">ActivateWindow(10025,&quot;plugin://plugin.video.sanctuary/?description&amp;extra&amp;fanart=C%3a%5ckodi%5cportable_data%5caddons%5cplugin.video.sanctuary%5cfanart.jpg&amp;iconimage=C%3a%5ckodi%5cportable_data%5caddons%5cplugin.video.sanctuary%5cicon.png&amp;mode=39&amp;name=Documentaries&amp;url&amp;sf_options=fanart%3Dspecial%3A%2F%2Fhome%2Faddons%5Cplugin.video.sanctuary%5Cfanart.jpg%26meta%3Dlabel%253DDocumentaries%2526userrating%253DListItem.userrating%2526title%253DDocumentaries%26_options_sf&quot;,return)</favourite>
</favourites>