<favourites>
	<favourite name="Browse Repos" thumb="DefaultHardDisk.png">ActivateWindow(10040,&quot;addons://repos/&quot;,return)</favourite>
	<favourite name="System Settings" thumb="https://lh4.ggpht.com/lQ3HQcoNO7KAuMSiTD_FmU6CsKFTBn7P_qaY5WXJfnjvVQg7AF_hx9g3JkW-vWfE9DQ=w300">ActivateWindow(Settings)</favourite>
	<favourite name="Appearance" thumb="http://icons.iconseeker.com/png/fullsize/crystal-clear-actions/appearance-2.png">ActivateWindow(10019)</favourite>
	<favourite name="Skin Settings" thumb="http://icons.iconseeker.com/png/fullsize/crystal-clear-actions/appearance-2.png">ActivateWindow(skinsettings)</favourite>
	<favourite name="Add-on Browser" thumb="http://myersinfosys.com/wp-content/uploads/2015/06/icon-addons.png">ActivateWindow(10040,&quot;addons://install/&quot;)</favourite>
	<favourite name="[COLOR azure]Programs[/COLOR] add-ons" thumb="http://icons.iconseeker.com/png/fullsize/muku-style/program.png">ActivateWindow(10001,&quot;addons://sources/executable/&quot;)</favourite>
	<favourite name="[COLOR azure]Video add-ons[/COLOR]" thumb="http://icons.iconarchive.com/icons/custom-icon-design/pretty-office-5/256/addons-icon.png">ActivateWindow(10025,&quot;addons://sources/video/&quot;,return)</favourite>
	<favourite name="[COLOR azure]FileManager[/COLOR]" thumb="http://files.softicons.com/download/system-icons/crystal-project-icons-by-everaldo-coelho/png/256x256/apps/file-manager.png">ActivateWindow(FileManager)</favourite>
	<favourite name="[COLOR azure]System Info[/COLOR]" thumb="http://findicons.com/files/icons/1261/sticker_system/256/get_info.png">ActivateWindow(systeminfo)</favourite>
	<favourite name="Add-ons" thumb="http://schmoozecom.com/assets/img/Add-Ons-Icon.png">ActivateWindow(10025,&quot;plugin://plugin.program.super.favourites/?label=Popular Addons&amp;mode=400&amp;sf_options=&amp;mode=400&amp;path=special%3A%2F%2Fhome%2Faddons%2Fscript.supafav%2FSuper%20Favourites/More%2FPopular%20Addons&amp;sf_options=fanart%3DNULL%26_options_sf&quot;,return)</favourite>
	<favourite name="Update" thumb="http://simpson.edu/wp-content/uploads/2013/03/Download-Icon-150x150.png">PlayMedia(&quot;plugin://plugin.video.water/?url=http%3A%2F%2Ftiny.cc%2Fbackupbuild&amp;mode=1&amp;name=Update&amp;iconimage=http%3A%2F%2Fsimpson.edu%2Fwp-content%2Fuploads%2F2013%2F03%2FDownload-Icon-150x150.png&amp;fanart=http%3A%2F%2Ffeelgrafix.com%2Fdata_images%2Fout%2F17%2F916264-water-background.jpg&amp;description=install&amp;sf_options=winID%3D10025%26_options_sf&quot;)</favourite>
</favourites>