<favourites>
	<favourite name="CNN OnDemand" thumb="https://i.ytimg.com/i/upvZG-5ko_eiXAupbDfxWw/mq1.jpg">ActivateWindow(10025,&quot;plugin://plugin.video.youtube/channel/UCupvZG-5ko_eiXAupbDfxWw/&quot;,return)</favourite>
	<favourite name="FOX News OnDemand" thumb="https://yt3.ggpht.com/-hWfA4bcw9-0/AAAAAAAAAAI/AAAAAAAAAAA/vIRaFanM9JE/s240-c-k-no/photo.jpg">ActivateWindow(10025,&quot;plugin://plugin.video.youtube/channel/UCXIJgqnII2ZOINSWNOGFThA/&quot;,return)</favourite>
	<favourite name="CBSN News" thumb="C:\Users\Owner\AppData\Roaming\Kodi\addons\plugin.video.cbsn\icon.png">ActivateWindow(10025,&quot;plugin://plugin.video.cbsn/&quot;,return)</favourite>
	<favourite name="ABC News" thumb="http://stepdadding.com/wp-content/uploads/2012/08/abc-image2.jpg">PlayMedia(&quot;http://abclive.abcnews.com/i/abc_live4@136330/index_1200_av-b.m3u8?sd=10&amp;b=1200&amp;rebase=on&amp;sf_options=winID%3D10025%26_options_sf&quot;,return)</favourite>
	<favourite name="Al Jazeera" thumb="C:\Users\Owner\AppData\Roaming\Kodi\addons\plugin.video.aljazeera\icon.png">ActivateWindow(10025,&quot;plugin://plugin.video.aljazeera/&quot;,return)</favourite>
	<favourite name="Bloomberg" thumb="http://cdn.marketplaceimages.windowsphone.com/v8/images/b72e664a-887b-4373-9a8c-8261a7ddece8?imageType=ws_icon_large">PlayMedia(&quot;http://cdn3.videos.bloomberg.com/btv/us/master.m3u8?sf_options=winID%3D10025%26_options_sf&quot;,return)</favourite>
	<favourite name="RT" thumb="C:\Users\Owner\AppData\Roaming\Kodi\addons\plugin.video.rt\icon.png">ActivateWindow(10025,&quot;plugin://plugin.video.rt/&quot;,return)</favourite>
	<favourite name="Sky News Live" thumb="http://googledrive.com/host/0B-bY5h-uWEgZQVJQZ0lzUTdBeFE/icons/news/skynews.png">PlayMedia(&quot;plugin://plugin.video.youtube/play/?video_id=y60wDzZt8yg&amp;sf_options=winID%3D10025%26_options_sf&quot;,return)</favourite>
	<favourite name="i24" thumb="https://static-s.aa-cdn.net/img/ios/671837118/d705b4b2e3ae27c811a2561eb5d054a2?v=1">PlayMedia(&quot;http://bcoveliveios-i.akamaihd.net/hls/live/215102/master_english/398/master.m3u8?sf_options=winID%3D10025%26_options_sf&quot;,return)</favourite>
	<favourite name="France24" thumb="http://googledrive.com/host/0B-bY5h-uWEgZQVJQZ0lzUTdBeFE/icons/networks/news/france24.png">PlayMedia(&quot;http://static.france24.com/live/F24_EN_LO_HLS/live_web.m3u8?sf_options=winID%3D10025%26_options_sf&quot;,return)</favourite>
	<favourite name="Newsmax" thumb="https://lh6.ggpht.com/P0WK2c5_ZE6aA2IvDkEA5oOyaqbuOoqHNK3tQ2YWCWhW-IP3zeuoSDeZuO9FFmqjuA=w300">PlayMedia(&quot;plugin://plugin.video.youtube/play/?video_id=6bqvoUMVmCs&amp;sf_options=winID%3D10025%26_options_sf&quot;,return)</favourite>
		<favourite name="BBC News" thumb="http://static.filmon.com/assets/channels/27/big_logo.png">PlayMedia(&quot;plugin://plugin.video.filmontv/?url=url&amp;mode=12&amp;name=BBC+News&amp;iconimage=http%3A%2F%2Fstatic.filmon.com%2Fassets%2Fchannels%2F27%2Fbig_logo.png&amp;description=&amp;programme_id=27&amp;startdate_time=&amp;group=UK+LIVE+TV&amp;sf_options=winID%3D10025%26_options_sf&quot;,return)</favourite>
	<favourite name="CCTV News" thumb="http://static.filmon.com/assets/channels/1675/big_logo.png">PlayMedia(&quot;plugin://plugin.video.filmontv/?url=url&amp;mode=12&amp;name=CCTV+News&amp;iconimage=http%3A%2F%2Fstatic.filmon.com%2Fassets%2Fchannels%2F1675%2Fbig_logo.png&amp;description=&amp;programme_id=1675&amp;startdate_time=&amp;group=NEWS+TV&amp;sf_options=winID%3D10025%26_options_sf&quot;,return)</favourite>
	<favourite name="ABC News" thumb="special://home/addons\plugin.video.ustvvod\resources\images\abcnews.png">ActivateWindow(10025,&quot;plugin://plugin.video.ustvvod/?fanart=%22C%3a%5ckodi%5cportable_data%5caddons%5cplugin.video.ustvvod%5cfanart.jpg%22&amp;mode=%22abcnews%22&amp;name=%22ABC%20News%22&amp;sitemode=%22rootlist%22&amp;thumb=%22C%3a%5ckodi%5cportable_data%5caddons%5cplugin.video.ustvvod%5cresources%5cimages%5cabcnews.png%22&amp;url=%22%22&amp;sf_options=fanart%3Dspecial%3A%2F%2Fhome%2Faddons%5Cplugin.video.ustvvod%5Cfanart.jpg%26desc%3DABC+News+is+responsible+for+all+of+the+ABC+Television+Network%27s+news+programming+on+a+variety+of+platforms%3A+TV%2C+radio+and+the+Internet.%26_options_sf&quot;,return)</favourite>
	<favourite name="MSNBC" thumb="special://home/addons\plugin.video.ustvvod\resources\images\msnbc.png">ActivateWindow(10025,&quot;plugin://plugin.video.ustvvod/?fanart=%22C%3a%5ckodi%5cportable_data%5caddons%5cplugin.video.ustvvod%5cfanart.jpg%22&amp;mode=%22msnbc%22&amp;name=%22MSNBC%22&amp;sitemode=%22rootlist%22&amp;thumb=%22C%3a%5ckodi%5cportable_data%5caddons%5cplugin.video.ustvvod%5cresources%5cimages%5cmsnbc.png%22&amp;url=%22%22&quot;,return)</favourite>
	<favourite name="NBC Nightly News" thumb="http://googledrive.com/host/0B-bY5h-uWEgZQVJQZ0lzUTdBeFE/icons/news/nbcnnightlyews.jpeg">ActivateWindow(10025,&quot;plugin://plugin.video.ustvvod/?fanart=%22C%3a%5ckodi2%5cportable_data%5caddons%5cplugin.video.ustvvod%5cfanart.jpg%22&amp;mode=%22nbc%22&amp;name=%22Full%20Episodes%22&amp;sitemode=%22episodes%22&amp;thumb=%22C%3a%5ckodi2%5cportable_data%5caddons%5cplugin.video.ustvvod%5cresources%5cimages%5cnbc.png%22&amp;url=%22http%3a%2f%2fwww.nbc.com%2fdata%2fnode%2f208991%2fvideo_carousel%22&amp;sf_options=fanart%3Dspecial%3A%2F%2Fhome%2Faddons%5Cplugin.video.ustvvod%5Cfanart.jpg%26_options_sf&quot;,return)</favourite>
	<favourite name="PBS News Hour" thumb="http://googledrive.com/host/0B-bY5h-uWEgZQVJQZ0lzUTdBeFE/icons/news/pbsnews.jpg">ActivateWindow(10025,&quot;plugin://plugin.video.thinktv/?mode=GC&amp;name=PBS%20NewsHour&amp;url=program%2fnewshour%2fepisodes%2f&quot;)</favourite>
	<favourite name="The Guardian" thumb="C:\Users\Owner\AppData\Roaming\Kodi\addons\plugin.video.guardian\icon.png">ActivateWindow(10025,&quot;plugin://plugin.video.guardian/&quot;,return)</favourite>
	<favourite name="New York Times Video" thumb="C:\Users\Owner\AppData\Roaming\Kodi\addons\plugin.video.nytimes\icon.png">ActivateWindow(10025,&quot;plugin://plugin.video.nytimes/&quot;,return)</favourite>
	<favourite name="The Wall Street Journal Live" thumb="C:\Users\Owner\AppData\Roaming\Kodi\addons\plugin.video.wsj\icon.png">ActivateWindow(10025,&quot;plugin://plugin.video.wsj/&quot;,return)</favourite>

</favourites>