<favourites>
	<favourite name="[COLOR gold]PAC-12[/COLOR] National" thumb="">PlayMedia(&quot;http://xrxs.net/video/live-p12netw-4728.m3u8?sf_options=winID%3D10025%26_options_sf&quot;)</favourite>
	<favourite name="[COLOR gold]PAC-12[/COLOR] Arizona" thumb="">PlayMedia(&quot;http://xrxs.net/video/live-p12ariz-4728.m3u8?sf_options=winID%3D10025%26_options_sf&quot;)</favourite>
	<favourite name="[COLOR gold]PAC-12[/COLOR] Bay Area" thumb="">PlayMedia(&quot;http://xrxs.net/video/live-p12baya-4728.m3u8?sf_options=winID%3D10025%26_options_sf&quot;)</favourite>
	<favourite name="[COLOR gold]PAC-12[/COLOR] L.A." thumb="">PlayMedia(&quot;http://xrxs.net/video/live-p12losa-4728.m3u8?sf_options=winID%3D10025%26_options_sf&quot;)</favourite>
	<favourite name="[COLOR gold]PAC-12[/COLOR] Mountain" thumb="">PlayMedia(&quot;http://xrxs.net/video/live-p12moun-4728.m3u8?sf_options=winID%3D10025%26_options_sf&quot;)</favourite>
	<favourite name="[COLOR gold]PAC-12[/COLOR]: Washington" thumb="">PlayMedia(&quot;http://xrxs.net/video/live-p12wash-4728.m3u8?sf_options=winID%3D10025%26_options_sf&quot;)</favourite>
	<favourite name="[COLOR gold]PAC-12[/COLOR]: Oregon" thumb="">PlayMedia(&quot;http://xrxs.net/video/live-p12oreg-4728.m3u8?sf_options=winID%3D10025%26_options_sf&quot;)</favourite>
</favourites>