<favourites>
	<favourite name="[COLOR indianred]Mobdro[/COLOR]" thumb="">PlayMedia(&quot;plugin://plugin.video.water/?url=https://updates.mobdro.com/downloads/mobdro.apk&amp;mode=3&amp;name=Mobdro&amp;description=Install Mobdro&amp;sf_options=winID%3D10025%26_options_sf&quot;)</favourite>
	<favourite name="NBA Jam" thumb="">PlayMedia(&quot;plugin://plugin.video.water/?url=http://dl1.revdownload.com/dl1/2015/1501/nba_jam_by_ea_sports_V04.00.08_revdl.com.apk%7CUser-Agent%3DChrome&amp;mode=3&amp;name=NBA Jam&amp;description=Install NBA Jam&amp;sf_options=winID%3D10025%26_options_sf&quot;)</favourite>
	<favourite name="APK TOOL" thumb="http://genietv.co.uk/redo/GenieArt/APK.png">ActivateWindow(10001,&quot;plugin://plugin.video.GenieTv/?description&amp;fanart=C%3a%5ckodi%5cportable_data%5caddons%5cplugin.video.GenieTv%5cfanart.jpg&amp;iconimage=http%3a%2f%2fgenietv.co.uk%2fredo%2fGenieArt%2fAPK.png&amp;mode=30039&amp;name=%5bCOLORgreen%5dAPK%20TOOL%5b%2fCOLOR%5d&amp;url=http%3a%2f%2fgenietv.co.uk%2fredo%2f&quot;,return)</favourite>
	<favourite name="KOBRA App Installer" thumb="special://home/addons\program.kobra.app.installer\icon.png">ActivateWindow(10001,&quot;plugin://program.kobra.app.installer/&quot;,return)</favourite>

</favourites>