<favourites>
	<favourite name="Operation Robocop" thumb="special://home/addons\plugin.video.Operation_RobocopUltimate\icon.png">ActivateWindow(10025,&quot;plugin://plugin.video.Operation_RobocopUltimate?sf_options=fanart%3Dspecial%3A%2F%2Fhome%2Faddons%5Cplugin.video.Operation_RobocopUltimate%5Cfanart.jpg%26desc%3DFind+us+at+our+Facebook+Group+https%3A%2F%2Fwww.facebook.com%2Fgroups%2F1551875625033019%2F%26_options_sf&quot;,return)</favourite>
	<favourite name="ProjectCypherTV" thumb="special://home/addons\plugin.video.ProjectCypher\icon.png">ActivateWindow(10025,&quot;plugin://plugin.video.ProjectCypher/?sf_options=desc%3DGeneral+disclaimer%3A+Project+Cypher+takes+no+responsibility+for+the+content+or+reliability+of+the+feeds.+Project+Cypher+%5BB%5DDoes+Not%5B%2FB%5D+host+any+of+the+feeds+or+Streams.+%5BB%5DPLEXUS%5B%2FB%5D+addon+is+required+for+P2P+%28Torrent%29+sports+channels.+Make+sure+it+is+properly+configured+for+your+system.+Most+of+the+Code+from+this+addon+was+taken+from+many+other+addons+but+used+under+the+GNU+GENERAL+PUBLIC+LICENSE+Version+2%2C+June+1991%26_options_sf&quot;,return)</favourite>
	<favourite name="[COLOR black]Pak India Sports[/COLOR]" thumb="http://cdnimg.dynns.com/iptvpanelnew/prog_data/thumbs/2c3279b0b059b2665593834a264d7de6sportsBigTV.jpg">ActivateWindow(10025,&quot;plugin://plugin.video.pakindia/?iconimage=http%3a%2f%2fcdnimg.dynns.com%2fiptvpanelnew%2fprog_data%2fthumbs%2f2c3279b0b059b2665593834a264d7de6sportsBigTV.jpg&amp;mode=1&amp;name=Sports&amp;url=Sports&amp;&quot;,return)</favourite>
	<favourite name="CBS Sports" thumb="http://www.wreckedmagazine.com/blog/wp-content/uploads/2015/03/CBSsports.png">ActivateWindow(10025,&quot;plugin://plugin.video.wral/?mode=GBA&amp;url=sports&amp;sf_options=fanart%3Dspecial%3A%2F%2Fhome%2Faddons%5Cplugin.video.wral%5Cfanart.jpg%26_options_sf&quot;,return)</favourite>
	<favourite name="[COLOR black]Other[/COLOR]" thumb="http://icons.iconarchive.com/icons/joker-design/3d-sports/128/sailing-ship-icon.png">ActivateWindow(10025,&quot;plugin://plugin.program.super.favourites/?sf_options=&amp;mode=400&amp;path=special%3A%2F%2Fhome%2Faddons%2Fscript.supafav%2FSuper%20Favourites/Sports/Sports OnDemand/Other&amp;&quot;)</favourite>
	<favourite name="[COLOR crimson]ALL SITES[/COLOR]" thumb="special://home/addons\plugin.video.SportsDevil\resources\images\livesports.png">ActivateWindow(10025,&quot;plugin://plugin.video.SportsDevil/?item=title%3dLive%2bSports%26url%3dlivesports.cfg%26definedIn%3dmainMenu.cfg%26director%3dSportsDevil%26genre%3dLive%2bSports%26type%3drss%26icon%3dC%253A%255CUsers%255CUser%255CAppData%255CRoaming%255CKodi%255Caddons%255Cplugin.video.SportsDevil%255Cresources%255Cimages%255Clivesports.png&amp;mode=1&amp;sf_options=fanart%3Dspecial%3A%2F%2Fhome%2Faddons%5Cplugin.video.SportsDevil%5Cfanart.jpg%26_options_sf&quot;,return)</favourite>
	<favourite name="[COLOR brown]Sports Replays[/COLOR]" thumb="http://s20.postimg.org/w5iqyo1el/Replay.png">ActivateWindow(10025,&quot;plugin://plugin.video.phstreams/?action=ndmode&amp;audio=0&amp;content=0&amp;fanart=http%3a%2f%2fs20.postimg.org%2fid8xgs00t%2fSports_Background.jpg&amp;image=http%3a%2f%2fs20.postimg.org%2fw5iqyo1el%2fReplay.png&amp;name=Sports%20Replays&amp;playable=false&amp;tvshow=0&amp;url=http%3a%2f%2fshanghai.watchkodi.com%2fDirectories%2fSports%2520Replays.xml&amp;sf_options=fanart%3Dhttp%3A%2F%2Fs20.postimg.org%2Fid8xgs00t%2FSports_Background.jpg%26desc%3DDiscover+Great+Streaming+Playlists%21%26_options_sf&quot;,return)</favourite>
	<favourite name="[COLOR white]SPORT HIGHLIGHTS[/COLOR][COLOR lime][/COLOR]" thumb="https://lh3.googleusercontent.com/u7jaoqIWIbExRdxM_K3thCnzF_bBBJJFUwMAAz5zS5XJE84_3JrhXR_wuuCu1Dgxe0w=w300">ActivateWindow(10025,&quot;plugin://plugin.video.streamengine/?date&amp;description&amp;iconimage=http%3a%2f%2fi1295.photobucket.com%2falbums%2fb636%2fbeatbox8501%2fHIGHLIGHTS_zpsim3trylt.png&amp;mode=1&amp;name=%5bCOLOR%20white%5dSPORT%20HIGHLIGHTS%5b%2fCOLOR%5d%5bCOLOR%20lime%5d%5b%2fCOLOR%5d&amp;page&amp;play&amp;url=https%3a%2f%2fpastebin.com%2fraw.php%3fi%3d2YF5k2hT&amp;sf_options=fanart%3Dhttp%3A%2F%2Fi1295.photobucket.com%2Falbums%2Fb636%2Fbeatbox8501%2Fwallpaper_zpsopwvguho.jpg%26_options_sf&quot;,return)</favourite>
</favourites>