<favourites>
	<favourite name="CNN" thumb="http://static.filmon.com/couch/channels/115/extra_big_logo.png">PlayMedia(&quot;plugin://plugin.video.israelive/?url=rtmp%3A%2F%2Fa.cdn.newschat.tv%2Fedge+playpath%3Dcnn_live+swfUrl%3Dhttp%3A%2F%2Fnewschat.tv%2Fplayer.swf+swfVfy%3D1+live%3D1+pageUrl%3Dhttp%3A%2F%2Fwww.livenewschat.eu%2Ftwoons+timeout%3D15&amp;mode=11&amp;name=%5BCOLOR+silver%5D%5BB%5DCNN%5B%2FB%5D%5B%2FCOLOR%5D+-+%5BCOLOR+orange%5D%5BB%5D%D7%97%D7%93%D7%A8+%D7%94%D7%97%D7%93%D7%A9%D7%95%D7%AA%5B%2FB%5D%5B%2FCOLOR%5D+%5BCOLOR+burlywood%5D%5B23%3A00-00%3A00%5D%5B%2FCOLOR%5D+-+%5BCOLOR+white%5DNext%3A+%5BB%5D%D7%97%D7%93%D7%A8+%D7%94%D7%97%D7%93%D7%A9%D7%95%D7%AA%5B%2FB%5D%5B%2FCOLOR%5D+%5BCOLOR+burlywood%5D%5B00%3A00-01%3A00%5D%5B%2FCOLOR%5D&amp;iconimage=http%3A%2F%2Fstatic.filmon.com%2Fcouch%2Fchannels%2F115%2Fextra_big_logo.png&amp;description=%D7%97%D7%93%D7%A8+%D7%94%D7%97%D7%93%D7%A9%D7%95%D7%AA+%D7%94%D7%95%D7%90+%D7%94%D7%9E%D7%A7%D7%95%D7%9D+%D7%91%D7%95+%D7%94%D7%97%D7%93%D7%A9%D7%95%D7%AA+%D7%A7%D7%95%D7%A8%D7%95%D7%AA.+%D7%91%D7%95%D7%90%D7%95+%D7%9C%D7%A8%D7%90%D7%95%D7%AA+%D7%90%D7%AA+%D7%94%D7%9E%D7%A7%D7%95%D7%A8%D7%95%D7%AA+%D7%A9%D7%9C+%D7%A8%D7%A9%D7%AA+%D7%94%D7%97%D7%93%D7%A9%D7%95%D7%AA+%D7%91%D7%A4%D7%A2%D7%95%D7%9C%D7%94&amp;displayname=CNN&amp;categoryid=Favourites&amp;sf_options=winID%3D10025%26desc%3D%D7%97%D7%93%D7%A8+%D7%94%D7%97%D7%93%D7%A9%D7%95%D7%AA+%D7%94%D7%95%D7%90+%D7%94%D7%9E%D7%A7%D7%95%D7%9D+%D7%91%D7%95+%D7%94%D7%97%D7%93%D7%A9%D7%95%D7%AA+%D7%A7%D7%95%D7%A8%D7%95%D7%AA.+%D7%91%D7%95%D7%90%D7%95+%D7%9C%D7%A8%D7%90%D7%95%D7%AA+%D7%90%D7%AA+%D7%94%D7%9E%D7%A7%D7%95%D7%A8%D7%95%D7%AA+%D7%A9%D7%9C+%D7%A8%D7%A9%D7%AA+%D7%94%D7%97%D7%93%D7%A9%D7%95%D7%AA+%D7%91%D7%A4%D7%A2%D7%95%D7%9C%D7%94%26_options_sf&quot;)</favourite>
	<favourite name="CNN" thumb="http://googledrive.com/host/0B-bY5h-uWEgZQVJQZ0lzUTdBeFE/icons/news/cnn.png">PlayMedia(&quot;rtmp://c.cdn.newschat.tv/edge playpath=cnn_live swfUrl=http://newschat.tv/player.swf swfVfy=1 live=1 pageUrl=http://www.livenewschat.eu/twoons timeout=15?sf_options=winID%3D10025%26_options_sf&quot;)</favourite>
	<favourite name="CNN HD" thumb="http://googledrive.com/host/0B-bY5h-uWEgZQVJQZ0lzUTdBeFE/icons/news/cnn.png">PlayMedia(&quot;plugin://plugin.video.uktvnow/?url=url&amp;mode=2&amp;name=CNN+&amp;description=&amp;sf_options=fanart%3Dspecial%3A%2F%2Fhome%2Faddons%5Cplugin.video.uktvnow%5Cfanart.jpg%26winID%3D10025%26_options_sf&quot;)</favourite>
	<favourite name="CNN Intl." thumb="http://googledrive.com/host/0B-bY5h-uWEgZQVJQZ0lzUTdBeFE/icons/networks/news/cnni.png">PlayMedia(&quot;rtmp://b.cdn.newschat.tv/edge playpath=cnni_live swfUrl=http://newschat.tv/player.swf live=1  pageUrl=http://www.livenewschat.eu/twoons?sf_options=winID%3D10025%26_options_sf&quot;)</favourite>
	<favourite name="FOX News" thumb="http://googledrive.com/host/0B-bY5h-uWEgZQVJQZ0lzUTdBeFE/icons/networks/news/foxnews.png">PlayMedia(&quot;plugin://plugin.stream.vaughnlive.tv/?sourcetype=auto&amp;title=newzviewz&amp;url=http%3A%2F%2Fvaughnlive.tv%2Fnewzviewz&amp;section=&amp;site=&amp;mode=PlayLiveStream&amp;channel=newzviewz&amp;sf_options=winID%3D10025%26_options_sf&quot;)</favourite>
	<favourite name="CBSN" thumb="http://buysmarttvbox.com/wp-content/uploads/2015/01/cbsn_news_live2.jpg">ActivateWindow(10025,&quot;plugin://plugin.video.cbsn?sf_options=fanart%3Dspecial%3A%2F%2Fhome%2Faddons%5Cplugin.video.cbsn%5Cfanart.jpg%26desc%3DCBSN+News+Live.+CBSN+News+video+feed+with+upto+1080+resolution.%26_options_sf&quot;,return)</favourite>
	<favourite name="MSNBC" thumb="http://1.bp.blogspot.com/-fy7j--ZE8K4/Uh4cd91UwpI/AAAAAAAABSM/_ZjWWEzQGA4/s1600/b5dbe762edb52ced8189c1ec33f3662d.jpeg">PlayMedia(&quot;rtmp://b.cdn.newschat.tv/edge playpath=msnbc_live swfUrl=http://newschat.tv/player.swf live=1  pageUrl=http://www.livenewschat.eu/twoons/ ?sf_options=winID%3D10025%26_options_sf&quot;)</favourite>
	<favourite name="HLN" thumb="http://googledrive.com/host/0B-bY5h-uWEgZQVJQZ0lzUTdBeFE/icons/networks/news/hln.png">PlayMedia(&quot;rtmp://b.cdn.newschat.tv/edge playpath=hln_live swfUrl=http://newschat.tv/player.swf live=1  pageUrl=http://www.livenewschat.eu/twoons/ ?sf_options=winID%3D10025%26_options_sf&quot;)</favourite>
	<favourite name="CNBC UK" thumb="http://googledrive.com/host/0B-bY5h-uWEgZQVJQZ0lzUTdBeFE/icons/news/cnbc.png">PlayMedia(&quot;http://origin2.live.web.tv.streamprovider.net/streams/3bc166ba3776c04e987eb242710e75c0/index.m3u8?sf_options=winID%3D10025%26_options_sf&quot;)</favourite>
	<favourite name="ABC News" thumb="http://stepdadding.com/wp-content/uploads/2012/08/abc-image2.jpg">PlayMedia(&quot;http://abclive.abcnews.com/i/abc_live4@136330/index_1200_av-b.m3u8?sd=10&amp;b=1200&amp;rebase=on&amp;sf_options=winID%3D10025%26_options_sf&quot;)</favourite>
	<favourite name="Bloomberg" thumb="http://cdn.marketplaceimages.windowsphone.com/v8/images/b72e664a-887b-4373-9a8c-8261a7ddece8?imageType=ws_icon_large">PlayMedia(&quot;http://cdn3.videos.bloomberg.com/btv/us/master.m3u8?sf_options=winID%3D10025%26_options_sf&quot;)</favourite>
	<favourite name="Al Jazera" thumb="http://mirror.umd.edu/xbmc/addons/gotham/plugin.video.aljazeera/icon.png">PlayMedia(&quot;rtmp://aljazeeraflashlivefs.fplive.net:1935/aljazeeraflashlive-live?videoId=883816736001&amp;lineUpId=&amp;pubId=665003303001&amp;playerId=751182905001&amp;affiliateId=/aljazeera_eng_high?videoId=883816736001&amp;lineUpId=&amp;pubId=665003303001&amp;playerId=751182905001&amp;affiliateId=.flv live=1 &amp;sf_options=winID%3D10025%26_options_sf&quot;)</favourite>
	<favourite name="BBC World News" thumb="http://googledrive.com/host/0B-bY5h-uWEgZQVJQZ0lzUTdBeFE/icons/networks/news/bbcworld.png">PlayMedia(&quot;rtmp://b.cdn.newschat.tv/edge playpath=bbcwn_live swfUrl=http://newschat.tv/player.swf live=1  pageUrl=http://www.livenewschat.eu/twoons?sf_options=winID%3D10025%26_options_sf&quot;)</favourite>
	<favourite name="CBC" thumb="https://pbs.twimg.com/profile_images/466664981673410560/886Az0vu.jpeg">PlayMedia(&quot;rtmp://b.cdn.newschat.tv/edge playpath=cbc_live swfUrl=http://newschat.tv/player.swf live=1  pageUrl=http://www.livenewschat.eu/twoons/ ?sf_options=winID%3D10025%26_options_sf&quot;)</favourite>
	<favourite name="EuroNews" thumb="http://googledrive.com/host/0B-bY5h-uWEgZQVJQZ0lzUTdBeFE/icons/networks/news/euronews.png">PlayMedia(&quot;rtmp://b.cdn.newschat.tv/edge playpath=euronews_live swfUrl=http://newschat.tv/player.swf live=1  pageUrl=http://www.livenewschat.eu/twoons/ ?sf_options=winID%3D10025%26_options_sf&quot;)</favourite>
	<favourite name="France24" thumb="http://googledrive.com/host/0B-bY5h-uWEgZQVJQZ0lzUTdBeFE/icons/networks/news/france24.png">PlayMedia(&quot;http://static.france24.com/live/F24_EN_LO_HLS/live_web.m3u8?sf_options=winID%3D10025%26_options_sf&quot;)</favourite>
	<favourite name="i24" thumb="https://static-s.aa-cdn.net/img/ios/671837118/d705b4b2e3ae27c811a2561eb5d054a2?v=1">PlayMedia(&quot;http://bcoveliveios-i.akamaihd.net/hls/live/215102/master_english/398/master.m3u8?sf_options=winID%3D10025%26_options_sf&quot;)</favourite>
	<favourite name="RT" thumb="http://googledrive.com/host/0B-bY5h-uWEgZQVJQZ0lzUTdBeFE/icons/networks/news/rt.png">PlayMedia(&quot;http://rt-a.akamaihd.net/ch_04@325608/master.m3u8?sf_options=winID%3D10025%26_options_sf&quot;)</favourite>
	<favourite name="Sky News Live" thumb="http://googledrive.com/host/0B-bY5h-uWEgZQVJQZ0lzUTdBeFE/icons/news/skynews.png">PlayMedia(&quot;plugin://plugin.video.youtube/play/?video_id=y60wDzZt8yg&amp;sf_options=winID%3D10025%26_options_sf&quot;)</favourite>
	<favourite name="Arirang TV World" thumb="http://googledrive.com/host/0B-bY5h-uWEgZQVJQZ0lzUTdBeFE/icons/news/airrang.png">PlayMedia(&quot;plugin://plugin.video.world.news.live/?use_rtmp=1&amp;Title=Arirang+TV+World&amp;remote_url=None&amp;action=play_stream&amp;Icon=C%3A%5Ckodi142%5Cportable_data%5Caddons%5Cplugin.video.world.news.live%5Cresources%5Cimages%5Cchannels%5Carirang_world.png&amp;channel=arirang_world&amp;Thumb=C%3A%5Ckodi142%5Cportable_data%5Caddons%5Cplugin.video.world.news.live%5Cresources%5Cimages%5Cchannels%5Carirang_world.png&amp;sf_options=winID%3D10025%26_options_sf&quot;)</favourite>
	<favourite name="CCTV News" thumb="https://lsng-user-service-avatars.s3-eu-west-1.amazonaws.com/uploads/avatar/image/66/large_cctv-news.png">PlayMedia(&quot;plugin://plugin.video.world.news.live/?use_rtmp=1&amp;Title=CCTV+News&amp;remote_url=None&amp;action=play_stream&amp;Icon=C%3A%5Ckodi142%5Cportable_data%5Caddons%5Cplugin.video.world.news.live%5Cresources%5Cimages%5Cchannels%5Ccctv_news_english.png&amp;channel=cctv_news_english&amp;Thumb=C%3A%5Ckodi142%5Cportable_data%5Caddons%5Cplugin.video.world.news.live%5Cresources%5Cimages%5Cchannels%5Ccctv_news_english.png&amp;sf_options=winID%3D10025%26_options_sf&quot;)</favourite>
	<favourite name="Press TV" thumb="http://googledrive.com/host/0B-bY5h-uWEgZQVJQZ0lzUTdBeFE/icons/networks/news/presstv.png">PlayMedia(&quot;plugin://plugin.video.phstreams/?name=Press+TV+HD&amp;url=http%3A%2F%2Fptv-hls.streaming.overon.es%2Fch03%2Flivehigh.m3u8&amp;audio=0&amp;image=http%3A%2F%2Fprevious.presstv.ir%2Fphoto%2F20121018%2Frabbani20121018084422000.jpg&amp;fanart=http%3A%2F%2Fs20.postimg.org%2Fw4r6o7t3x%2FPhoenix_Fanart.png&amp;playable=false&amp;content=0&amp;mode=resolver&amp;sf_options=fanart%3Dhttp%3A%2F%2Fs20.postimg.org%2Fw4r6o7t3x%2FPhoenix_Fanart.png%26winID%3D10025%26desc%3DDiscover+Great+Streaming+Playlists%21%26_options_sf&quot;)</favourite>
	<favourite name="Newsmax" thumb="https://lh6.ggpht.com/P0WK2c5_ZE6aA2IvDkEA5oOyaqbuOoqHNK3tQ2YWCWhW-IP3zeuoSDeZuO9FFmqjuA=w300">PlayMedia(&quot;plugin://plugin.video.youtube/play/?video_id=6bqvoUMVmCs&amp;sf_options=winID%3D10025%26_options_sf&quot;)</favourite>
	<favourite name="World News Live" thumb="special://home/addons\plugin.video.world.news.live\icon.png">ActivateWindow(10025,&quot;plugin://plugin.video.world.news.live/&quot;)</favourite>
	<favourite name="MSNBC" thumb="http://www.realtvcritics.com/wp-content/uploads/2011/07/msnbc-logo1.jpg">PlayMedia(&quot;plugin://plugin.video.israelive/?url=rtmp%3A%2F%2Fc.cdn.newschat.tv%2Fedge+playpath%3Dmsnbc_live+swfUrl%3Dhttp%3A%2F%2Fnewschat.tv%2Fplayer.swf+swfVfy%3D1+live%3D1+pageUrl%3Dhttp%3A%2F%2Fwww.livenewschat.eu%2Fpolitics%2F+timeout%3D15&amp;mode=11&amp;name=%5BCOLOR+silver%5D%5BB%5DMSNBC%5B%2FB%5D%5B%2FCOLOR%5D&amp;iconimage=http%3A%2F%2Fwww.realtvcritics.com%2Fwp-content%2Fuploads%2F2011%2F07%2Fmsnbc-logo1.jpg&amp;description=&amp;displayname=MSNBC&amp;categoryid=Favourites&amp;sf_options=winID%3D10025%26_options_sf&quot;)</favourite>
	<favourite name="HLN" thumb="http://i.cdn.turner.com/dr/teg/turner/release/sites/default/files/images/tdc-hln-latam-logo.png">PlayMedia(&quot;plugin://plugin.video.israelive/?url=rtmp%3A%2F%2Fc.cdn.newschat.tv%2Fedge+playpath%3Dhln_live+swfUrl%3Dhttp%3A%2F%2Fnewschat.tv%2Fplayer.swf+swfVfy%3D1+live%3D1+pageUrl%3Dhttp%3A%2F%2Fwww.livenewschat.eu%2Ftwoons+timeout%3D15&amp;mode=11&amp;name=%5BCOLOR+silver%5D%5BB%5DHLN%5B%2FB%5D%5B%2FCOLOR%5D+-+%5BCOLOR+orange%5D%5BB%5DNancy+Grace%5B%2FB%5D%5B%2FCOLOR%5D+%5BCOLOR+burlywood%5D%5B23%3A30-00%3A00%5D%5B%2FCOLOR%5D+-+%5BCOLOR+white%5DNext%3A+%5BB%5DNancy+Grace+Mysteries%5B%2FB%5D%5B%2FCOLOR%5D+%5BCOLOR+burlywood%5D%5B00%3A00-00%3A30%5D%5B%2FCOLOR%5D&amp;iconimage=http%3A%2F%2Fi.cdn.turner.com%2Fdr%2Fteg%2Fturner%2Frelease%2Fsites%2Fdefault%2Ffiles%2Fimages%2Ftdc-hln-latam-logo.png&amp;description=&amp;displayname=HLN&amp;categoryid=Favourites&amp;sf_options=winID%3D10025%26_options_sf&quot;)</favourite>
	<favourite name="CNBC UK" thumb="http://www.lyngsat-logo.com/hires/cc/cnbc.png">PlayMedia(&quot;plugin://plugin.video.israelive/?url=http%3A%2F%2Forigin2.live.web.tv.streamprovider.net%2Fstreams%2F3bc166ba3776c04e987eb242710e75c0%2Findex.m3u8&amp;mode=11&amp;iconimage=http%3A%2F%2Fwww.lyngsat-logo.com%2Fhires%2Fcc%2Fcnbc.png&amp;displayname=CNBC&amp;sf_options=winID%3D10025%26_options_sf&quot;)</favourite>
	<favourite name="CNBC HD" thumb="http://uktvnow.desistreams.tv/images/channels/110215020225cnbc.png">PlayMedia(&quot;plugin://plugin.video.uktvnow/?url=url&amp;mode=2&amp;name=CNBC+&amp;description=&amp;sf_options=fanart%3Dspecial%3A%2F%2Fhome%2Faddons%5Cplugin.video.uktvnow%5Cfanart.jpg%26winID%3D10025%26_options_sf&quot;)</favourite>
</favourites>