<favourites>
	<favourite name="[COLOR blue]Live[/COLOR] Games [COLOR black] - ProSports[/COLOR]" thumb="http://img13.deviantart.net/1ece/i/2005/332/7/1/nhl_logo_by_smilersmiles.png">ActivateWindow(10025,&quot;plugin://plugin.video.prosport/?away&amp;home&amp;mode=nhl&amp;url&amp;sf_options=&quot;,return)</favourite>
	<favourite name="[COLOR blue]Live[/COLOR] Games [COLOR black] - StreamHD.eu[/COLOR]" thumb="special://home/addons\plugin.video.SportsDevil\resources\images\streamhd.png">ActivateWindow(10025,&quot;plugin://plugin.video.SportsDevil/?item=videoTitle%3d%252ASchedule%252A%26title%3d%252ASchedule%252A%26url%3dhttp%3A%2F%2Fwww.streamhd.eu%2Fnhl%2Findex.php%26cfg%3dstreamhd.eu.cfg%2540Schedule%26definedIn%3dtv%252Fstreamhd.eu.cfg%26director%3dstreamhd.eu%26genre%3dTV%26type%3donce%26icon%3d&amp;mode=1&quot;,return)</favourite>
	<favourite name="[COLOR blue]Live[/COLOR] Games [COLOR black] - backup servers[/COLOR]" thumb="">ActivateWindow(10025,&quot;plugin://plugin.program.super.favourites/?mode=400&amp;folder=Sports%5CNHL%5Cbackup&amp;sf_options=&quot;,return)</favourite>
	<favourite name="" thumb="">ActivateWindow(10025,&quot;plugin://plugin.video.null&quot;)</favourite>
	
	<favourite name="NHL Replays" thumb="http://www.shauntmax30.com/data/out/29/1189697-100-hdq-nhl-wallpapers.png">ActivateWindow(10025,&quot;plugin://plugin.video.nhlondemand/?action=videos_added&quot;,return)</favourite>
	<favourite name="Condensed Games" thumb="">ActivateWindow(10025,&quot;plugin://plugin.video.nhl-rewind/?mode=11&amp;name=Condensed%20Games&amp;url=https%3a%2f%2fsearch-api.svc.nhl.com%2fsvc%2fsearch%2fv2%2fnhl_global_en%2ftopic%2f278313242%3fpage%3d1%26sort%3dnew%26type%3dvideo%26hl%3dtrue%26expand%3dimage.cuts.640x360%252Cimage.cuts.1136x640&quot;,return)</favourite>
	<favourite name="NHL Rewind" thumb="">ActivateWindow(10025,&quot;plugin://plugin.video.nhl-rewind/&quot;,return)</favourite>
	
</favourites>