<favourites>
	<favourite name="The Disney Collection" thumb="http://s30.postimg.org/jsccn9npt/The_DCollection.jpg">ActivateWindow(10025,&quot;plugin://plugin.video.phstreams/?action=directory&amp;url=http%3a%2f%2fone242415.offshorepastebin.com%2fDisne%2fDisne_Directory.xml&quot;,return)</favourite>
	<favourite name="Family" thumb="">ActivateWindow(10025,&quot;plugin://plugin.video.origin2/?action=movies&amp;url=http%3a%2f%2fwww.imdb.com%2fsearch%2ftitle%3ftitle_type%3dfeature%2ctv_movie%26languages%3den%26num_votes%3d100%2c%26release_date%3ddate%5b730%5d%2cdate%5b30%5d%26genres%3dfamily%26sort%3dmoviemeter%2casc%26count%3d40%26start%3d1&quot;,return)</favourite>
	<favourite name="Cartoons" thumb="">ActivateWindow(10025,&quot;plugin://plugin.video.origin2/?action=tvshows&amp;url=http%3a%2f%2fwww.imdb.com%2fsearch%2ftitle%3ftitle_type%3dtv_series%2cmini_series%26release_date%3d%2cdate%5b0%5d%26genres%3danimation%26%26certificates%3dus%3atv_g%26sort%3dmoviemeter%2casc%26count%3d40%26start%3d1&quot;,return)</favourite>
	<favourite name="TV-G" thumb="">ActivateWindow(10025,&quot;plugin://plugin.video.origin2/?action=tvshows&amp;url=http%3a%2f%2fwww.imdb.com%2fsearch%2ftitle%3ftitle_type%3dtv_series%2cmini_series%26release_date%3d%2cdate%5b0%5d%26certificates%3dus%3atv_g%26sort%3dmoviemeter%2casc%26count%3d40%26start%3d1&quot;,return)</favourite>
	<favourite name="[COLOR whitee]Childrens Entertainment[/COLOR]" thumb="special://home/addons\plugin.video.stealthtv\icon.png">ActivateWindow(10025,&quot;plugin://plugin.video.wateriptv/?description&amp;mode=2107&amp;name=%5bCOLOR%20whitee%5dChildrens%20Entertainment%5b%2fCOLOR%5d&amp;url=0&quot;,return)</favourite>
	<favourite name="Nickelodeon" thumb="http://www.nick.com/nick-assets/common/nick-logo-200x200.png">PlayMedia(&quot;plugin://plugin.video.ccloudtv/?url=http%3A%2F%2F94.23.35.42%2FcCloudTv%2Fparser.php%3Fsurl%3Dhttps%3A%2F%2Fwww.arconaitv.me%2Fnickie%2F%7CUser-Agent%3DMozilla%252F5.0%2520%28Windows%2520NT%25206.1%253B%2520WOW64%29%2520AppleWebKit%252F537.36%2520%28KHTML%252C%2520like%2520Gecko%29%2520Chrome%252F47.0.2526.106%2520Safari%252F537.36&amp;mode=1&amp;name=Nick&amp;iconimage=&amp;sf_options=winID%3D10025%26_options_sf&quot;,return)</favourite>
	<favourite name="Kids" thumb="http://phoenixtv.offshorepastebin.com/art/tv/children2A.png">ActivateWindow(10025,&quot;plugin://plugin.video.phstreams/?action=directory&amp;url=http%3a%2f%2fphoenixtv.offshorepastebin.com%2ftv%2fkids.xml&quot;,return)</favourite>
	<favourite name="[COLOR black]SORT[/COLOR]" thumb="">ActivateWindow(10025,&quot;plugin://plugin.program.super.favourites/?label=[COLOR black]SORT[/COLOR]&amp;mode=400&amp;sf_options=&amp;mode=400&amp;path=special%3A%2F%2Fhome%2Faddons%2Fscript.supafav%2FSuper%20Favourites/more%5CKidsTV%5CSORT&amp;sf_options=fanart%3DNULL%26_options_sf&quot;,return)</favourite>
</favourites>