<favourites>
	<favourite name="[COLOR blue]SKY[/COLOR] Sports 1" thumb="http://www.lyngsat-logo.com/hires/ss/sky_uk_sports1.png">PlayMedia(&quot;plugin://plugin.video.Daffyslist/?url=%24doregex%5Bdecoded-url%5D%7CReferer%3Dhttp%3A%2F%2Fcdn.p2pcast.tv%2Fjwplayer.flash.swf%26User-Agent%3DMozilla%2F5.0+%28Windows+NT+6.1%3B+rv%3A14.0%29+Gecko%2F20100101+Firefox%2F14.0.1&amp;mode=17&amp;regexs=%7Bu%27get-enc%27%3A%20%7B%27refer%27%3A%20u%27http%3A//u-stream.me%27%2C%20%27page%27%3A%20u%27http%3A//p2pcast.tv/stream.php%3Fid%3D%24doregex%5Bid%5D%27%2C%20%27expre%27%3A%20u%27curl%20%3D%20%22%28.%2A%3F%29%22%27%7D%2C%20u%27decoded-url%27%3A%20%7B%27page%27%3A%20None%2C%20%27expre%27%3A%20u%22%24pyFunction%3Abase64.b64decode%28%27%24doregex%5Bget-enc%5D%27%29%22%7D%2C%20u%27id%27%3A%20%7B%27refer%27%3A%20u%27http%3A//u-stream.me%27%2C%20%27page%27%3A%20u%27http%3A//u-stream.me/livesky1.html%27%2C%20%27expre%27%3A%20u%22id%3D%27%28.%2A%3F%29%27%22%7D%7D&amp;sf_options=winID%3D10025%26_options_sf&quot;)</favourite>
	<favourite name="[COLOR blue]SKY[/COLOR] Sports 2" thumb="http://www.lyngsat-logo.com/hires/ss/sky_uk_sports2.png">PlayMedia(&quot;plugin://plugin.video.Daffyslist/?url=%24doregex%5Bdecoded-url%5D%7CReferer%3Dhttp%3A%2F%2Fcdn.p2pcast.tv%2Fjwplayer.flash.swf%26User-Agent%3DMozilla%2F5.0+%28Windows+NT+6.1%3B+rv%3A14.0%29+Gecko%2F20100101+Firefox%2F14.0.1&amp;mode=17&amp;regexs=%7Bu%27get-enc%27%3A%20%7B%27refer%27%3A%20u%27http%3A//u-stream.me%27%2C%20%27page%27%3A%20u%27http%3A//p2pcast.tv/stream.php%3Fid%3D%24doregex%5Bid%5D%27%2C%20%27expre%27%3A%20u%27curl%20%3D%20%22%28.%2A%3F%29%22%27%7D%2C%20u%27decoded-url%27%3A%20%7B%27page%27%3A%20None%2C%20%27expre%27%3A%20u%22%24pyFunction%3Abase64.b64decode%28%27%24doregex%5Bget-enc%5D%27%29%22%7D%2C%20u%27id%27%3A%20%7B%27refer%27%3A%20u%27http%3A//u-stream.me%27%2C%20%27page%27%3A%20u%27http%3A//u-stream.me/livesky2.html%27%2C%20%27expre%27%3A%20u%22id%3D%27%28.%2A%3F%29%27%22%7D%7D&amp;sf_options=fanart%3Dspecial%3A%2F%2Fhome%2Faddons%5Cplugin.video.Daffyslist%5Cfanart.jpg%26winID%3D10025%26_options_sf&quot;)</favourite>
	<favourite name="[COLOR blue]SKY[/COLOR] Sports 3" thumb="http://www.lyngsat-logo.com/hires/ss/sky_uk_sports3.png">PlayMedia(&quot;plugin://plugin.video.Daffyslist/?url=%24doregex%5Bdecoded-url%5D%7CReferer%3Dhttp%3A%2F%2Fcdn.p2pcast.tv%2Fjwplayer.flash.swf%26User-Agent%3DMozilla%2F5.0+%28Windows+NT+6.1%3B+rv%3A14.0%29+Gecko%2F20100101+Firefox%2F14.0.1&amp;mode=17&amp;regexs=%7Bu%27get-enc%27%3A%20%7B%27refer%27%3A%20u%27http%3A//u-stream.me%27%2C%20%27page%27%3A%20u%27http%3A//p2pcast.tv/stream.php%3Fid%3D%24doregex%5Bid%5D%27%2C%20%27expre%27%3A%20u%27curl%20%3D%20%22%28.%2A%3F%29%22%27%7D%2C%20u%27decoded-url%27%3A%20%7B%27page%27%3A%20None%2C%20%27expre%27%3A%20u%22%24pyFunction%3Abase64.b64decode%28%27%24doregex%5Bget-enc%5D%27%29%22%7D%2C%20u%27id%27%3A%20%7B%27refer%27%3A%20u%27http%3A//u-stream.me%27%2C%20%27page%27%3A%20u%27http%3A//u-stream.me/livesky3.html%27%2C%20%27expre%27%3A%20u%22id%3D%27%28.%2A%3F%29%27%22%7D%7D&amp;sf_options=fanart%3Dspecial%3A%2F%2Fhome%2Faddons%5Cplugin.video.Daffyslist%5Cfanart.jpg%26winID%3D10025%26_options_sf&quot;)</favourite>
	<favourite name="[COLOR blue]SKY[/COLOR] Sports 4" thumb="http://www.lyngsat-logo.com/hires/ss/sky_uk_sports4.png">PlayMedia(&quot;plugin://plugin.video.Daffyslist/?url=%24doregex%5Bdecoded-url%5D%7CReferer%3Dhttp%3A%2F%2Fcdn.p2pcast.tv%2Fjwplayer.flash.swf%26User-Agent%3DMozilla%2F5.0+%28Windows+NT+6.1%3B+rv%3A14.0%29+Gecko%2F20100101+Firefox%2F14.0.1&amp;mode=17&amp;regexs=%7Bu%27get-enc%27%3A%20%7B%27refer%27%3A%20u%27http%3A//u-stream.me%27%2C%20%27page%27%3A%20u%27http%3A//p2pcast.tv/stream.php%3Fid%3D%24doregex%5Bid%5D%27%2C%20%27expre%27%3A%20u%27curl%20%3D%20%22%28.%2A%3F%29%22%27%7D%2C%20u%27decoded-url%27%3A%20%7B%27page%27%3A%20None%2C%20%27expre%27%3A%20u%22%24pyFunction%3Abase64.b64decode%28%27%24doregex%5Bget-enc%5D%27%29%22%7D%2C%20u%27id%27%3A%20%7B%27refer%27%3A%20u%27http%3A//u-stream.me%27%2C%20%27page%27%3A%20u%27http%3A//u-stream.me/livesky4.html%27%2C%20%27expre%27%3A%20u%22id%3D%27%28.%2A%3F%29%27%22%7D%7D&amp;sf_options=fanart%3Dspecial%3A%2F%2Fhome%2Faddons%5Cplugin.video.Daffyslist%5Cfanart.jpg%26winID%3D10025%26_options_sf&quot;)</favourite>
	<favourite name="[COLOR blue]SKY[/COLOR] Sports 5" thumb="http://www.lyngsat-logo.com/hires/ss/sky_uk_sports5.png">PlayMedia(&quot;plugin://plugin.video.Daffyslist/?url=%24doregex%5Bdecoded-url%5D%7CReferer%3Dhttp%3A%2F%2Fcdn.p2pcast.tv%2Fjwplayer.flash.swf%26User-Agent%3DMozilla%2F5.0+%28Windows+NT+6.1%3B+rv%3A14.0%29+Gecko%2F20100101+Firefox%2F14.0.1&amp;mode=17&amp;regexs=%7Bu%27get-enc%27%3A%20%7B%27refer%27%3A%20u%27http%3A//u-stream.me%27%2C%20%27page%27%3A%20u%27http%3A//p2pcast.tv/stream.php%3Fid%3D%24doregex%5Bid%5D%27%2C%20%27expre%27%3A%20u%27curl%20%3D%20%22%28.%2A%3F%29%22%27%7D%2C%20u%27decoded-url%27%3A%20%7B%27page%27%3A%20None%2C%20%27expre%27%3A%20u%22%24pyFunction%3Abase64.b64decode%28%27%24doregex%5Bget-enc%5D%27%29%22%7D%2C%20u%27id%27%3A%20%7B%27refer%27%3A%20u%27http%3A//u-stream.me%27%2C%20%27page%27%3A%20u%27http%3A//u-stream.me/livesky5.html%27%2C%20%27expre%27%3A%20u%22id%3D%27%28.%2A%3F%29%27%22%7D%7D&amp;sf_options=fanart%3Dspecial%3A%2F%2Fhome%2Faddons%5Cplugin.video.Daffyslist%5Cfanart.jpg%26winID%3D10025%26_options_sf&quot;)</favourite>
	<favourite name="[COLOR blue]SKY[/COLOR] Sports F1" thumb="http://www.lyngsat-logo.com/hires/ss/sky_uk_sports_f1_hd.png">PlayMedia(&quot;plugin://plugin.video.Daffyslist/?url=%24doregex%5Bdecoded-url%5D%7CReferer%3Dhttp%3A%2F%2Fcdn.p2pcast.tv%2Fjwplayer.flash.swf%26User-Agent%3DMozilla%2F5.0+%28Windows+NT+6.1%3B+rv%3A14.0%29+Gecko%2F20100101+Firefox%2F14.0.1&amp;mode=17&amp;regexs=%7Bu%27get-enc%27%3A%20%7B%27refer%27%3A%20u%27http%3A//u-stream.me%27%2C%20%27page%27%3A%20u%27http%3A//p2pcast.tv/stream.php%3Fid%3D%24doregex%5Bid%5D%27%2C%20%27expre%27%3A%20u%27curl%20%3D%20%22%28.%2A%3F%29%22%27%7D%2C%20u%27decoded-url%27%3A%20%7B%27page%27%3A%20None%2C%20%27expre%27%3A%20u%22%24pyFunction%3Abase64.b64decode%28%27%24doregex%5Bget-enc%5D%27%29%22%7D%2C%20u%27id%27%3A%20%7B%27refer%27%3A%20u%27http%3A//u-stream.me%27%2C%20%27page%27%3A%20u%27http%3A//u-stream.me/liveformula.html%27%2C%20%27expre%27%3A%20u%22id%3D%27%28.%2A%3F%29%27%22%7D%7D&amp;sf_options=fanart%3Dspecial%3A%2F%2Fhome%2Faddons%5Cplugin.video.Daffyslist%5Cfanart.jpg%26winID%3D10025%26_options_sf&quot;)</favourite>
</favourites>