<favourites>
	<favourite name="Colors APAC" thumb="http://cdnimg.dynns.com/iptvpanelnew/prog_data/thumbs/f12ee9734e1edf70ed02d9829018b3d9colorAPAC.jpg">PlayMedia(&quot;plugin://plugin.video.pakindia/?url=http%3A%2F%2F130.185.144.63%3A8081%2Find%2FColorsEurope%2Fplaylist.m3u8&amp;mode=200&amp;name=Color+Apac&amp;iconimage=http%3A%2F%2Fcdnimg.dynns.com%2Fiptvpanelnew%2Fprog_data%2Fthumbs%2Ff12ee9734e1edf70ed02d9829018b3d9colorAPAC.jpg&amp;sf_options=winID%3D10025%26_options_sf&quot;)</favourite>
	<favourite name="Colors HD" thumb="http://cdnimg.dynns.com/iptvpanelnew/prog_data/thumbs/070c425fd005e11aec1a90706dda66f5colorshd.jpg">PlayMedia(&quot;plugin://plugin.video.pakindia/?url=http%3A%2F%2F130.185.144.63%3A8081%2Find%2FColorsHD%2Fplaylist.m3u8&amp;mode=200&amp;name=Color+HD&amp;iconimage=http%3A%2F%2Fcdnimg.dynns.com%2Fiptvpanelnew%2Fprog_data%2Fthumbs%2F070c425fd005e11aec1a90706dda66f5colorshd.jpg&amp;sf_options=winID%3D10025%26_options_sf&quot;)</favourite>
	<favourite name="Colors UK" thumb="http://cdnimg.dynns.com/iptvpanelnew/prog_data/thumbs/c77bfda61a0204d445185053e6a9a8fecolorsuk.gif">PlayMedia(&quot;plugin://plugin.video.pakindia/?url=http%3A%2F%2F130.185.144.63%3A8081%2Find%2Fcolors%2Fplaylist.m3u8&amp;mode=200&amp;name=Color+Uk&amp;iconimage=http%3A%2F%2Fcdnimg.dynns.com%2Fiptvpanelnew%2Fprog_data%2Fthumbs%2Fc77bfda61a0204d445185053e6a9a8fecolorsuk.gif&amp;sf_options=winID%3D10025%26_options_sf&quot;)</favourite>
	<favourite name="Colors Europe" thumb="http://cdnimg.dynns.com/iptvpanelnew/prog_data/thumbs/b4d6f2b565ca0eef1f9245403aac366acolorEurope.jpg">PlayMedia(&quot;plugin://plugin.video.pakindia/?url=http%3A%2F%2F130.185.144.63%3A8081%2Find%2FColorsEurope%2Fplaylist.m3u8&amp;mode=200&amp;name=Color+Europe&amp;iconimage=http%3A%2F%2Fcdnimg.dynns.com%2Fiptvpanelnew%2Fprog_data%2Fthumbs%2Fb4d6f2b565ca0eef1f9245403aac366acolorEurope.jpg&amp;sf_options=winID%3D10025%26_options_sf&quot;)</favourite>
</favourites>