<favourites>
   
    <favourite name="NHL Center Ice 1" thumb="http://mw1.iptv66.tv/stalker_portal/misc/logos/320/3059.png">PlayMedia(&quot;plugin://plugin.video.i4atv/?tmp=1&amp;genre_name=%5B%27All%27%5D&amp;title=NHL+Center+Ice+1&amp;cmd=ffrt2+http%3A%2F%2Flocalhost%2Fch%2F8604&amp;portal=%7B%22name%22%3A+%22%5BCOLOR+red%5DLive+I4ATV%5B%2FCOLOR%5D%22%2C+%22parental%22%3A+%22false%22%2C+%22url%22%3A+%22http%3A%2F%2Fmw1.iptv66.tv%22%2C+%22mac%22%3A+%2200%3A1A%3A78%3A10%3A00%3A03%22%2C+%22serial%22%3A+%7B%22custom%22%3A+false%7D%2C+%22password%22%3A+%22inside4android%22%7D&amp;mode=play&amp;logo_url=http%3A%2F%2Fmw1.iptv66.tv%2Fstalker_portal%2Fmisc%2Flogos%2F320%2F3059.png&quot;)</favourite>
    <favourite name="NHL Center Ice 2" thumb="http://mw1.iptv66.tv/stalker_portal/misc/logos/320/3064.png">PlayMedia(&quot;plugin://plugin.video.i4atv/?tmp=1&amp;genre_name=%5B%27All%27%5D&amp;title=NHL+Center+Ice+2&amp;cmd=ffrt2+http%3A%2F%2Flocalhost%2Fch%2F8606&amp;portal=%7B%22name%22%3A+%22%5BCOLOR+red%5DLive+I4ATV%5B%2FCOLOR%5D%22%2C+%22parental%22%3A+%22false%22%2C+%22url%22%3A+%22http%3A%2F%2Fmw1.iptv66.tv%22%2C+%22mac%22%3A+%2200%3A1A%3A78%3A10%3A00%3A03%22%2C+%22serial%22%3A+%7B%22custom%22%3A+false%7D%2C+%22password%22%3A+%22inside4android%22%7D&amp;mode=play&amp;logo_url=http%3A%2F%2Fmw1.iptv66.tv%2Fstalker_portal%2Fmisc%2Flogos%2F320%2F3064.png&quot;)</favourite>
    <favourite name="NHL Center Ice 3" thumb="http://mw1.iptv66.tv/stalker_portal/misc/logos/320/3069.png">PlayMedia(&quot;plugin://plugin.video.i4atv/?tmp=1&amp;genre_name=%5B%27All%27%5D&amp;title=NHL+Center+Ice+3&amp;cmd=ffrt2+http%3A%2F%2Flocalhost%2Fch%2F8611&amp;portal=%7B%22name%22%3A+%22%5BCOLOR+red%5DLive+I4ATV%5B%2FCOLOR%5D%22%2C+%22parental%22%3A+%22false%22%2C+%22url%22%3A+%22http%3A%2F%2Fmw1.iptv66.tv%22%2C+%22mac%22%3A+%2200%3A1A%3A78%3A10%3A00%3A03%22%2C+%22serial%22%3A+%7B%22custom%22%3A+false%7D%2C+%22password%22%3A+%22inside4android%22%7D&amp;mode=play&amp;logo_url=http%3A%2F%2Fmw1.iptv66.tv%2Fstalker_portal%2Fmisc%2Flogos%2F320%2F3069.png&quot;)</favourite>
    <favourite name="NHL Center Ice 4" thumb="http://mw1.iptv66.tv/stalker_portal/misc/logos/320/3074.png">PlayMedia(&quot;plugin://plugin.video.i4atv/?tmp=1&amp;genre_name=%5B%27All%27%5D&amp;title=NHL+Center+Ice+4&amp;cmd=ffrt2+http%3A%2F%2Flocalhost%2Fch%2F8614&amp;portal=%7B%22name%22%3A+%22%5BCOLOR+red%5DLive+I4ATV%5B%2FCOLOR%5D%22%2C+%22parental%22%3A+%22false%22%2C+%22url%22%3A+%22http%3A%2F%2Fmw1.iptv66.tv%22%2C+%22mac%22%3A+%2200%3A1A%3A78%3A10%3A00%3A03%22%2C+%22serial%22%3A+%7B%22custom%22%3A+false%7D%2C+%22password%22%3A+%22inside4android%22%7D&amp;mode=play&amp;logo_url=http%3A%2F%2Fmw1.iptv66.tv%2Fstalker_portal%2Fmisc%2Flogos%2F320%2F3074.png&quot;)</favourite>
    <favourite name="NHL Center Ice 5" thumb="http://mw1.iptv66.tv/stalker_portal/misc/logos/320/3079.png">PlayMedia(&quot;plugin://plugin.video.i4atv/?tmp=1&amp;genre_name=%5B%27All%27%5D&amp;title=NHL+Center+Ice+5&amp;cmd=ffrt2+http%3A%2F%2Flocalhost%2Fch%2F8621&amp;portal=%7B%22name%22%3A+%22%5BCOLOR+red%5DLive+I4ATV%5B%2FCOLOR%5D%22%2C+%22parental%22%3A+%22false%22%2C+%22url%22%3A+%22http%3A%2F%2Fmw1.iptv66.tv%22%2C+%22mac%22%3A+%2200%3A1A%3A78%3A10%3A00%3A03%22%2C+%22serial%22%3A+%7B%22custom%22%3A+false%7D%2C+%22password%22%3A+%22inside4android%22%7D&amp;mode=play&amp;logo_url=http%3A%2F%2Fmw1.iptv66.tv%2Fstalker_portal%2Fmisc%2Flogos%2F320%2F3079.png&quot;)</favourite>
    <favourite name="NHL Center Ice 6" thumb="http://mw1.iptv66.tv/stalker_portal/misc/logos/320/3084.png">PlayMedia(&quot;plugin://plugin.video.i4atv/?tmp=1&amp;genre_name=%5B%27All%27%5D&amp;title=NHL+Center+Ice+6&amp;cmd=ffrt2+http%3A%2F%2Flocalhost%2Fch%2F8626&amp;portal=%7B%22name%22%3A+%22%5BCOLOR+red%5DLive+I4ATV%5B%2FCOLOR%5D%22%2C+%22parental%22%3A+%22false%22%2C+%22url%22%3A+%22http%3A%2F%2Fmw1.iptv66.tv%22%2C+%22mac%22%3A+%2200%3A1A%3A78%3A10%3A00%3A03%22%2C+%22serial%22%3A+%7B%22custom%22%3A+false%7D%2C+%22password%22%3A+%22inside4android%22%7D&amp;mode=play&amp;logo_url=http%3A%2F%2Fmw1.iptv66.tv%2Fstalker_portal%2Fmisc%2Flogos%2F320%2F3084.png&quot;)</favourite>
    
</favourites>
