<favourites>
	<favourite name="[COLOR=FFFFFF00][ Game Thread: Manny Pacquiao vs. Timothy Bradley Live @9PM ET/9PM PT ][/COLOR]" thumb="DefaultFolder.png">ActivateWindow(10025,&quot;plugin://plugin.video.prosport/&amp;?away&amp;home=Game%20Thread%3a%20Manny%20Pacquiao%20vs.%20Timothy%20Bradley%20Live%20%409PM%20ET%2f9PM%20PT&amp;mode=mystreams&amp;url=4e1yak&quot;,return)</favourite>
	<favourite name="Manny Pacquaio v Timothy Bradley" thumb="https://wallpaperspal.com/wp-content/uploads/Floyd-Mayweather-Jr-2015-Boxing-Wallpaper.jpg">PlayMedia(&quot;plugin://plugin.video.NJMSoccer/?url=%24doregex%5Bselect_Url%5D&amp;mode=17&amp;regexs=%7Bu%27select_Url%27%3A%20%7B%27page%27%3A%20None%2C%20%27expre%27%3A%20u%22%24pyFunction%3A%20%27%24doregex%5Bget_sxstream%5D%7CUser-Agent%3DMozilla/5.0%20%28Windows%20NT%2010.0%3B%20WOW64%29%20AppleWebKit/537.36%20%28KHTML%2C%20like%20Gecko%29%20Chrome/48.0.2564.116%20Safari/537.36%27%20if%20not%20%27%24doregex%5Bget_sxstream%5D%7CUser-Agent%3DMozilla/5.0%20%28Windows%20NT%2010.0%3B%20WOW64%29%20AppleWebKit/537.36%20%28KHTML%2C%20like%20Gecko%29%20Chrome/48.0.2564.116%20Safari/537.36%27%3D%3D%27%27%20else%20%27%24doregex%5Bget_sxstream1%5D%7CUser-Agent%3DiPhone%27%22%7D%2C%20u%27get_sxstream%27%3A%20%7B%27refer%27%3A%20u%27http%3A//www.liveonlinetv247.info/%27%2C%20%27page%27%3A%20u%27http%3A//www.liveonlinetv247.info/embed/premiersports.php%27%2C%20%27agent%27%3A%20None%2C%20%27expre%27%3A%20u%27src%3D.%2A%5B%22%2C%5C%27%5D%28.%2Am3u8.%2A%3F%29%5B%22%2C%5C%27%5D%27%7D%2C%20u%27get_sxstream1%27%3A%20%7B%27refer%27%3A%20u%27http%3A//www.liveonlinetv247.info/%27%2C%20%27page%27%3A%20u%27http%3A//www.liveonlinetv247.info/embed/premiersports.php%27%2C%20%27agent%27%3A%20None%2C%20%27expre%27%3A%20u%27src%3D.%2A%5B%22%2C%5C%27%5D%28.%2Am3u8.%2A%3F%29%5B%22%2C%5C%27%5D%27%7D%7D&amp;sf_options=fanart%3Dhttps%3A%2F%2Fwallpaperspal.com%2Fwp-content%2Fuploads%2FFloyd-Mayweather-Jr-2015-Boxing-Wallpaper.jpg%26winID%3D10025%26_options_sf&quot;)</favourite>
	<favourite name="Manny Pacquaio v Timothy Bradley" thumb="https://wallpaperspal.com/wp-content/uploads/Floyd-Mayweather-Jr-2015-Boxing-Wallpaper.jpg">PlayMedia(&quot;plugin://plugin.video.NJMSoccer/?url=%24doregex%5Bget-url%5D%24doregex%5Bget-token%5D%7CReferer%3Dhttp%3A%2F%2Fp2pcast.tech%26User-Agent%3DMozilla%2F5.0+%28Windows+NT+6.1%3B+rv%3A14.0%29+Gecko%2F20100101+Firefox%2F14.0.1%26X-Requested-With%3DShockwaveFlash%2F20.0.0.267&amp;mode=17&amp;regexs=%7Bu%27get-page%27%3A%20%7B%27refer%27%3A%20u%27http%3A//www.streamsarena.eu/%27%2C%20%27page%27%3A%20u%27http%3A//streamsarena.eu/streams/stream1.html%27%2C%20%27expre%27%3A%20u%27src%3D%22..%5C%5C/%28player%5C%5C/.%2A%3F%29%22%27%7D%2C%20u%27get-enctext%27%3A%20%7B%27refer%27%3A%20u%27http%3A//p2pcast.tech/%27%2C%20%27page%27%3A%20u%27http%3A//p2pcast.tech/stream.php%3Fid%3D%24doregex%5Bid%5D%26live%3D0%26p2p%3D0%26stretching%3Duniform%27%2C%20%27expre%27%3A%20u%27murl%20%3D%20%22%28.%2A%3F%29%22%27%7D%2C%20u%27get-url%27%3A%20%7B%27page%27%3A%20None%2C%20%27expre%27%3A%20u%27%24pyFunction%3Abase64.b64decode%28%22%24doregex%5Bget-enctext%5D%22%29%27%7D%2C%20u%27id%27%3A%20%7B%27refer%27%3A%20u%27http%3A//streamsarena.eu/streams/stream1.html%27%2C%20%27page%27%3A%20u%27http%3A//www.streamsarena.eu/%24doregex%5Bget-page%5D%27%2C%20%27expre%27%3A%20u%22id%3D%27%28.%2A%3F%29%27%22%7D%2C%20u%27get-token%27%3A%20%7B%27x-req%27%3A%20u%27XMLHttpRequest%27%2C%20%27refer%27%3A%20u%27http%3A//p2pcast.tech/stream.php%3Fid%3D%24doregex%5Bid%5D%26live%3D0%26p2p%3D0%26stretching%3Duniform%27%2C%20%27page%27%3A%20u%27http%3A//p2pcast.tech/getTok.php%27%2C%20%27expre%27%3A%20u%27%22token%22%3A%22%28.%2A%3F%29%22%27%7D%7D&amp;sf_options=fanart%3Dhttps%3A%2F%2Fwallpaperspal.com%2Fwp-content%2Fuploads%2FFloyd-Mayweather-Jr-2015-Boxing-Wallpaper.jpg%26winID%3D10025%26_options_sf&quot;)</favourite>
	<favourite name="Manny Pacquiao vs. Timothy Bradley" thumb="http://s20.postimg.org/9h2qqkysd/Football_Icon.png">PlayMedia(&quot;plugin://plugin.video.phstreams/?action=play&amp;url=http%3A%2F%2Fooyalahd2-f.akamaihd.net%2Fi%2Feslax17_delivery%40349499%2Fmaster.m3u8&amp;sf_options=fanart%3Dspecial%3A%2F%2Fhome%2Faddons%5Cplugin.video.phstreams%5Cfanart.jpg%26winID%3D10025%26_options_sf&quot;)</favourite>
	<favourite name="18:00  Boxing-Manny Pacquiao vs. Timothy Bradley III " thumb="http://s5.postimg.org/4vavhx43r/Online_Sports_isn_t_it_Fun.jpg">PlayMedia(&quot;plugin://plugin.video.VidTime/?url=http%3A%2F%2Fwww.wiz1.net%2Fch75%3Frefererhttp%3A%2F%2Fwiz1.net%2Fchannel75&amp;icon=http%3A%2F%2Fs5.postimg.org%2F4vavhx43r%2FOnline_Sports_isn_t_it_Fun.jpg&amp;mode=wiz1&amp;name=18%3A00++Boxing-Manny+Pacquiao+vs.+Timothy+Bradley+III+&amp;sf_options=fanart%3Dhttp%3A%2F%2Fs18.postimg.org%2Fyehmbqqy1%2Fd0i0w_desktop_2418840_1920x1080.jpg%26winID%3D10025%26_options_sf&quot;)</favourite>
	<favourite name="[COLOR orange][/COLOR]  Manny Pacquiao vs Timothy Bradley III" thumb="special://home/addons\plugin.video.castaway\resources/media/atdhe.jpg">PlayMedia(&quot;plugin://plugin.video.castaway/?play=True&amp;img=C%3A%5Ckodi%5Cportable_data%5Caddons%5Cplugin.video.castaway%5Cresources%2Fmedia%2Fatdhe.jpg&amp;title=%5BCOLOR+orange%5D%2818%3A00%29%5B%2FCOLOR%5D+%28Boxing%29+%5BB%5DManny+Pacquiao+vs+Timothy+Bradley+III%5B%2FB%5D&amp;url=http%3A%2F%2Fgoatd.net%2F144992%2Fwatch-manny-pacquiao-vs-timothy-bradley-iii&amp;site=atdhe&amp;mode=play_special_sport&amp;sf_options=fanart%3Dspecial%3A%2F%2Fhome%2Faddons%5Cplugin.video.castaway%2Ffanart.jpg%26winID%3D10025%26_options_sf&quot;)</favourite>
	<favourite name="[COLOR orange][/COLOR]   Manny Pacquiao vs. Timothy Bradley III " thumb="special://home/addons\plugin.video.castaway\resources/media/wiz1.png">PlayMedia(&quot;plugin://plugin.video.castaway/?play=True&amp;img=C%3A%5Ckodi%5Cportable_data%5Caddons%5Cplugin.video.castaway%5Cresources%2Fmedia%2Fwiz1.png&amp;title=%5BCOLOR+orange%5D%2818%3A00%29%5B%2FCOLOR%5D+%28Boxing%29+%5BB%5D+Manny+Pacquiao+vs.+Timothy+Bradley+III+%5B%2FB%5D&amp;url=http%3A%2F%2Fwiz1.net%2Fchannel75&amp;site=wiz1&amp;mode=play_special_sport&amp;sf_options=fanart%3Dspecial%3A%2F%2Fhome%2Faddons%5Cplugin.video.castaway%2Ffanart.jpg%26winID%3D10025%26_options_sf&quot;)</favourite>
	<favourite name="[COLOR orange][/COLOR]  Manny Pacquiao vs. Timothy Bradley III" thumb="special://home/addons\plugin.video.castaway\resources/media/zunox.jpg">PlayMedia(&quot;plugin://plugin.video.castaway/?play=True&amp;img=C%3A%5Ckodi%5Cportable_data%5Caddons%5Cplugin.video.castaway%5Cresources%2Fmedia%2Fzunox.jpg&amp;title=%5BCOLOR+orange%5D%2818%3A00%29%5B%2FCOLOR%5D+%28Boxing%29+%5BB%5DManny+Pacquiao+vs.+Timothy+Bradley+III%5B%2FB%5D&amp;url=http%3A%2F%2Fzunox.hk%2Fzunox2.html+&amp;site=zunox&amp;mode=play_special_sport&amp;sf_options=fanart%3Dspecial%3A%2F%2Fhome%2Faddons%5Cplugin.video.castaway%2Ffanart.jpg%26winID%3D10025%26_options_sf&quot;)</favourite>
	<favourite name="[COLOR orange][/COLOR]  Manny Pacquiao vs. Timothy Bradley III" thumb="special://home/addons\plugin.video.castaway\resources/media/zunox.jpg">PlayMedia(&quot;plugin://plugin.video.castaway/?play=True&amp;img=C%3A%5Ckodi%5Cportable_data%5Caddons%5Cplugin.video.castaway%5Cresources%2Fmedia%2Fzunox.jpg&amp;title=%5BCOLOR+orange%5D%2818%3A00%29%5B%2FCOLOR%5D+%28Boxing%29+%5BB%5DManny+Pacquiao+vs.+Timothy+Bradley+III%5B%2FB%5D&amp;url=http%3A%2F%2Fzunox.hk%2Fzxtv75.html+&amp;site=zunox&amp;mode=play_special_sport&amp;sf_options=fanart%3Dspecial%3A%2F%2Fhome%2Faddons%5Cplugin.video.castaway%2Ffanart.jpg%26winID%3D10025%26_options_sf&quot;)</favourite>
	<favourite name="[COLOR orange][/COLOR] Boxing Manny Pacquiao vs. Timothy Bradley III" thumb="special://home/addons\plugin.video.castaway\resources/media/wizhdsports.jpg">ActivateWindow(10025,&quot;plugin://plugin.video.castaway/?img=C%3a%5ckodi%5cportable_data%5caddons%5cplugin.video.castaway%5cresources%2fmedia%2fwizhdsports.jpg&amp;mode=get_sport_event&amp;site=wizhdsports&amp;title=%5bCOLOR%20orange%5d(18%3a00)%5b%2fCOLOR%5d%20Boxing%20Manny%20Pacquiao%20vs.%20Timothy%20Bradley%20III&amp;url=http%3a%2f%2fwizhdsports.com%2fsports%2fBoxing.html%407288&amp;sf_options=fanart%3Dspecial%3A%2F%2Fhome%2Faddons%5Cplugin.video.castaway%2Ffanart.jpg%26_options_sf&quot;,return)</favourite>
	<favourite name="[COLOR orange](03:00)[/COLOR]  Boxing: Manny Pacquiao - Timothy Bradley III" thumb="special://home/addons\plugin.video.castaway\resources/media/batmanstream.png">ActivateWindow(10025,&quot;plugin://plugin.video.castaway/?img=C%3a%5ckodi%5cportable_data%5caddons%5cplugin.video.castaway%5cresources%2fmedia%2fbatmanstream.png&amp;mode=get_sport_event&amp;site=batmanstream&amp;title=%5bCOLOR%20orange%5d(03%3a00)%5b%2fCOLOR%5d%20%20Boxing%3a%20Manny%20Pacquiao%20-%20Timothy%20Bradley%20III&amp;url=http%3a%2f%2fbatmanstream.com%2ffree-live-video-streaming-boxing-manny-pacquiao-timothy-bradley-iii-other-367326.html&amp;sf_options=fanart%3Dspecial%3A%2F%2Fhome%2Faddons%5Cplugin.video.castaway%2Ffanart.jpg%26_options_sf&quot;,return)</favourite>
	<favourite name="[COLOR orange][/COLOR] Manny Pacquiao vs Timothy Bradley III" thumb="special://home/addons\plugin.video.castaway\resources/media/dimsport.png">ActivateWindow(10025,&quot;plugin://plugin.video.castaway/?img=C%3a%5ckodi%5cportable_data%5caddons%5cplugin.video.castaway%5cresources%2fmedia%2fdimsport.png&amp;mode=get_sport_event&amp;site=dimsport&amp;title=%5bCOLOR%20orange%5d(18%3a00)%5b%2fCOLOR%5d%20Manny%20Pacquiao%20vs%20Timothy%20Bradley%20III%20&amp;url=http%3a%2f%2fidimsports.eu%2fboxing-wwe-ufc.html%40Manny%20Pacquiao%20vs%20Timothy%20Bradley%20III%20&amp;sf_options=fanart%3Dspecial%3A%2F%2Fhome%2Faddons%5Cplugin.video.castaway%2Ffanart.jpg%26_options_sf&quot;,return)</favourite>
	<favourite name="[COLOR orange](17:00)[/COLOR]  Manny Pacquiao vs Timothy Bradley" thumb="special://home/addons\plugin.video.castaway\resources/media/stream2watch.png">ActivateWindow(10025,&quot;plugin://plugin.video.castaway/?img=C%3a%5ckodi%5cportable_data%5caddons%5cplugin.video.castaway%5cresources%2fmedia%2fstream2watch.png&amp;mode=get_sport_event&amp;site=stream2watch&amp;title=%5bCOLOR%20orange%5d(17%3a00)%5b%2fCOLOR%5d%20%20%5bB%5dManny%20Pacquiao%20vs%20Timothy%20Bradley%5b%2fB%5d&amp;url=http%3a%2f%2fwww.stream2watch.co%2flive-now%2fsports%2fboxing%2fmanny-pacquiao-vs-timothy-bradley-live-stream-april-10&amp;sf_options=fanart%3Dspecial%3A%2F%2Fhome%2Faddons%5Cplugin.video.castaway%2Ffanart.jpg%26_options_sf&quot;,return)</favourite>
	<favourite name="[COLOR orange](04/09 18:00)[/COLOR]  Manny Pacquiao – Timothy Bradley" thumb="special://home/addons\plugin.video.castaway\resources/media/livetv.png">ActivateWindow(10025,&quot;plugin://plugin.video.castaway/?img=C%3a%5ckodi%5cportable_data%5caddons%5cplugin.video.castaway%5cresources%2fmedia%2flivetv.png&amp;mode=get_sport_event&amp;site=livetv&amp;title=%5bCOLOR%20orange%5d(04%2f09%2018%3a00)%5b%2fCOLOR%5d%20%20%5bB%5dManny%20Pacquiao%20%e2%80%93%20Timothy%20Bradley%5b%2fB%5d&amp;url=http%3a%2f%2fxliveru.sx%2fen%2feventinfo%2f404324_manny_pacquiao_timothy_bradley%2f&amp;sf_options=fanart%3Dspecial%3A%2F%2Fhome%2Faddons%5Cplugin.video.castaway%2Ffanart.jpg%26_options_sf&quot;,return)</favourite>
</favourites>