<favourites>
	<favourite name="UFC 194 Embedded: Vlog Series - Episode 1" thumb="https://i.ytimg.com/vi/edksOd9LAJ8/hqdefault.jpg">PlayMedia(&quot;plugin://plugin.video.youtube/play/?video_id=edksOd9LAJ8&amp;sf_options=winID%3D10025%26_options_sf&quot;)</favourite>
	<favourite name="UFC 194 Embedded: Vlog Series - Episode 2" thumb="https://i.ytimg.com/vi/cFAMxmPDEFE/hqdefault.jpg">PlayMedia(&quot;plugin://plugin.video.youtube/play/?video_id=cFAMxmPDEFE&amp;sf_options=winID%3D10025%26_options_sf&quot;)</favourite>
	<favourite name="UFC 194 Embedded: Vlog Series - Episode 3" thumb="https://i.ytimg.com/vi/tliR8gHahjc/hqdefault.jpg">PlayMedia(&quot;plugin://plugin.video.youtube/play/?video_id=tliR8gHahjc&amp;sf_options=winID%3D10025%26_options_sf&quot;)</favourite>
	<favourite name="UFC 194 Embedded: Vlog Series - Episode 4" thumb="https://i.ytimg.com/vi/pNotUGrO4js/hqdefault.jpg">PlayMedia(&quot;plugin://plugin.video.youtube/play/?video_id=pNotUGrO4js&amp;sf_options=winID%3D10025%26_options_sf&quot;)</favourite>
	<favourite name="UFC 194 Embedded: Vlog Series - Episode 5" thumb="https://i.ytimg.com/vi/QATFQFWgWJE/hqdefault.jpg">PlayMedia(&quot;plugin://plugin.video.youtube/play/?video_id=QATFQFWgWJE&amp;sf_options=winID%3D10025%26_options_sf&quot;)</favourite>
</favourites>