<favourites>
	<favourite name="Baseball" thumb="special://home/addons\plugin.video.SportsDevil\resources\images\sports/Baseball.png">ActivateWindow(10025,&quot;plugin://plugin.video.SportsDevil/?item=title%3dBaseball%26url%3dhttp%253A%252F%252Fwww.stopstream.tv%252F7-baseball.html%26cfg%3dstopstream.com.events.cfg%26definedIn%3dlivesports%252Fstopstream.com.cfg%26director%3dstopstream.com%26genre%3dLive%2bSports%26type%3drss%26icon%3dC%253A%255Ckodi%255Cportable_data%255Caddons%255Cplugin.video.SportsDevil%255Cresources%255Cimages%255Csports%252FBaseball.png&amp;mode=1&quot;,return)</favourite>
	<favourite name="Baseball" thumb="special://home/addons\plugin.video.SportsDevil\resources\images\sports/Baseball.png">ActivateWindow(10025,&quot;plugin://plugin.video.SportsDevil/?item=title%3dBaseball%26url%3dhttp%253A%252F%252Fwww.strikeout.co%252F%26cfg%3dvipbox.tv.events.cfg%26definedIn%3dlivesports%252Fvipbox.tv.cfg%26director%3dVipBox.tv%26genre%3dLive%2bSports%26type%3drss%26icon%3dC%253A%255Ckodi%255Cportable_data%255Caddons%255Cplugin.video.SportsDevil%255Cresources%255Cimages%255Csports%252FBaseball.png&amp;mode=1&quot;,return)</favourite>
	<favourite name="Baseball  - DimSports.eu" thumb="special://home/addons\plugin.video.SportsDevil\resources\images\sports/Baseball.png">ActivateWindow(10025,&quot;plugin://plugin.video.SportsDevil/?item=title%3dBaseball%26url%3dhttp%253A%252F%252Fwww.idimsports.eu%252Fbaseball.html%26cfg%3ddimsports.eu.links.cfg%26definedIn%3dlivesports%252Fdimsports.eu.cfg%26director%3ddimsports.eu%26genre%3dLive%2bSports%26type%3drss%26icon%3dC%253A%255Ckodi%255Cportable_data%255Caddons%255Cplugin.video.SportsDevil%255Cresources%255Cimages%255Csports%252FBaseball.png&amp;mode=1&quot;,return)</favourite>
	<favourite name="Baseball - FirstRowSports.eu" thumb="special://home/addons\plugin.video.SportsDevil\resources\images\sports/Baseball.png">ActivateWindow(10025,&quot;plugin://plugin.video.SportsDevil/?item=title%3dBaseball%26url%3dhttp%253A%252F%252Fwww.thefeed2all.eu%252Ftype%252Fbaseball.html%26cfg%3dfirstrowsports.eu.links.cfg%26definedIn%3dlivesports%252Ffirstrowsports.eu.cfg%26director%3dFirstRowSports.eu%26genre%3dLive%2bSports%26type%3drss%26icon%3dC%253A%255Ckodi%255Cportable_data%255Caddons%255Cplugin.video.SportsDevil%255Cresources%255Cimages%255Csports%252FBaseball.png&amp;mode=1&quot;,return)</favourite>
	<favourite name="Baseball - FirstRowSports.ge" thumb="special://home/addons\plugin.video.SportsDevil\resources\images\sports/Baseball.png">ActivateWindow(10025,&quot;plugin://plugin.video.SportsDevil/?item=title%3dBaseball%26url%3dhttp%253A%252F%252Ffirstrowsports.ge%252Findex.php%253Fgame%253Dbaseball%26cfg%3dfirstrowsports.ge.links.cfg%26definedIn%3dlivesports%252Ffirstrowsports.ge.cfg%26director%3dFirstRowSports.ge%26genre%3dLive%2bSports%26type%3drss%26icon%3dC%253A%255Ckodi%255Cportable_data%255Caddons%255Cplugin.video.SportsDevil%255Cresources%255Cimages%255Csports%252FBaseball.png&amp;mode=1&quot;,return)</favourite>
</favourites>