<favourites>
	<favourite name="ABC Family" thumb="C:\kodi2\portable_data\addons\plugin.video.ustvvod\resources\images\abcfamily.png">ActivateWindow(10025,&quot;plugin://plugin.video.ustvvod/?fanart=%22C%3a%5ckodi2%5cportable_data%5caddons%5cplugin.video.ustvvod%5cfanart.jpg%22&amp;mode=%22abcfamily%22&amp;name=%22ABC%20Family%22&amp;sitemode=%22rootlist%22&amp;thumb=%22C%3a%5ckodi2%5cportable_data%5caddons%5cplugin.video.ustvvod%5cresources%5cimages%5cabcfamily.png%22&amp;url=%22%22&amp;sf_options=&quot;,return)</favourite>
	<favourite name="Cartoon Network" thumb="C:\kodi2\portable_data\addons\plugin.video.ustvvod\resources\images\cartoon.png">ActivateWindow(10025,&quot;plugin://plugin.video.ustvvod/?fanart=%22C%3a%5ckodi2%5cportable_data%5caddons%5cplugin.video.ustvvod%5cfanart.jpg%22&amp;mode=%22cartoon%22&amp;name=%22Cartoon%20Network%22&amp;sitemode=%22rootlist%22&amp;thumb=%22C%3a%5ckodi2%5cportable_data%5caddons%5cplugin.video.ustvvod%5cresources%5cimages%5ccartoon.png%22&amp;url=%22%22&amp;sf_options=&quot;,return)</favourite>
	<favourite name="Disney" thumb="C:\kodi2\portable_data\addons\plugin.video.ustvvod\resources\images\disney.png">ActivateWindow(10025,&quot;plugin://plugin.video.ustvvod/?fanart=%22C%3a%5ckodi2%5cportable_data%5caddons%5cplugin.video.ustvvod%5cfanart.jpg%22&amp;mode=%22disney%22&amp;name=%22Disney%22&amp;sitemode=%22rootlist%22&amp;thumb=%22C%3a%5ckodi2%5cportable_data%5caddons%5cplugin.video.ustvvod%5cresources%5cimages%5cdisney.png%22&amp;url=%22%22&amp;sf_options=&quot;,return)</favourite>
	<favourite name="Disney Junior" thumb="C:\kodi2\portable_data\addons\plugin.video.ustvvod\resources\images\disneyjunior.png">ActivateWindow(10025,&quot;plugin://plugin.video.ustvvod/?fanart=%22C%3a%5ckodi2%5cportable_data%5caddons%5cplugin.video.ustvvod%5cfanart.jpg%22&amp;mode=%22disneyjunior%22&amp;name=%22Disney%20Junior%22&amp;sitemode=%22rootlist%22&amp;thumb=%22C%3a%5ckodi2%5cportable_data%5caddons%5cplugin.video.ustvvod%5cresources%5cimages%5cdisneyjunior.png%22&amp;url=%22%22&amp;sf_options=&quot;,return)</favourite>
	<favourite name="Disney XD" thumb="C:\kodi2\portable_data\addons\plugin.video.ustvvod\resources\images\disneyxd.png">ActivateWindow(10025,&quot;plugin://plugin.video.ustvvod/?fanart=%22C%3a%5ckodi2%5cportable_data%5caddons%5cplugin.video.ustvvod%5cfanart.jpg%22&amp;mode=%22disneyxd%22&amp;name=%22Disney%20XD%22&amp;sitemode=%22rootlist%22&amp;thumb=%22C%3a%5ckodi2%5cportable_data%5caddons%5cplugin.video.ustvvod%5cresources%5cimages%5cdisneyxd.png%22&amp;url=%22%22&amp;sf_options=&quot;,return)</favourite>
	<favourite name="[COLOR brown]Marvel Kids[/COLOR]" thumb="C:\kodi2\portable_data\addons\plugin.video.ustvvod\resources\images\marvelkids.png">ActivateWindow(10025,&quot;plugin://plugin.video.ustvvod/?fanart=%22C%3a%5ckodi2%5cportable_data%5caddons%5cplugin.video.ustvvod%5cfanart.jpg%22&amp;mode=%22marvelkids%22&amp;name=%22Marvel%20Kids%22&amp;sitemode=%22rootlist%22&amp;thumb=%22C%3a%5ckodi2%5cportable_data%5caddons%5cplugin.video.ustvvod%5cresources%5cimages%5cmarvelkids.png%22&amp;url=%22%22&amp;sf_options=&quot;,return)</favourite>
	<favourite name="Nickelodeon" thumb="C:\kodi2\portable_data\addons\plugin.video.ustvvod\resources\images\nick.png">ActivateWindow(10025,&quot;plugin://plugin.video.ustvvod/?fanart=%22C%3a%5ckodi2%5cportable_data%5caddons%5cplugin.video.ustvvod%5cfanart.jpg%22&amp;mode=%22nick%22&amp;name=%22Nickelodeon%22&amp;sitemode=%22rootlist%22&amp;thumb=%22C%3a%5ckodi2%5cportable_data%5caddons%5cplugin.video.ustvvod%5cresources%5cimages%5cnick.png%22&amp;url=%22%22&amp;sf_options=&quot;,return)</favourite>
	<favourite name="Nick Teen" thumb="C:\kodi2\portable_data\addons\plugin.video.ustvvod\resources\images\nickteen.png">ActivateWindow(10025,&quot;plugin://plugin.video.ustvvod/?fanart=%22C%3a%5ckodi2%5cportable_data%5caddons%5cplugin.video.ustvvod%5cfanart.jpg%22&amp;mode=%22nickteen%22&amp;name=%22Nick%20Teen%22&amp;sitemode=%22rootlist%22&amp;thumb=%22C%3a%5ckodi2%5cportable_data%5caddons%5cplugin.video.ustvvod%5cresources%5cimages%5cnickteen.png%22&amp;url=%22%22&amp;sf_options=&quot;,return)</favourite>
	<favourite name="Nick Toons" thumb="C:\kodi2\portable_data\addons\plugin.video.ustvvod\resources\images\nicktoons.png">ActivateWindow(10025,&quot;plugin://plugin.video.ustvvod/?fanart=%22C%3a%5ckodi2%5cportable_data%5caddons%5cplugin.video.ustvvod%5cfanart.jpg%22&amp;mode=%22nicktoons%22&amp;name=%22Nick%20Toons%22&amp;sitemode=%22rootlist%22&amp;thumb=%22C%3a%5ckodi2%5cportable_data%5caddons%5cplugin.video.ustvvod%5cresources%5cimages%5cnicktoons.png%22&amp;url=%22%22&amp;sf_options=&quot;,return)</favourite>
	<favourite name="PBS Kids" thumb="C:\kodi2\portable_data\addons\plugin.video.ustvvod\resources\images\pbskids.png">ActivateWindow(10025,&quot;plugin://plugin.video.ustvvod/?fanart=%22C%3a%5ckodi2%5cportable_data%5caddons%5cplugin.video.ustvvod%5cfanart.jpg%22&amp;mode=%22pbskids%22&amp;name=%22PBS%20Kids%22&amp;sitemode=%22rootlist%22&amp;thumb=%22C%3a%5ckodi2%5cportable_data%5caddons%5cplugin.video.ustvvod%5cresources%5cimages%5cpbskids.png%22&amp;url=%22%22&amp;sf_options=&quot;,return)</favourite>
	<favourite name="The WB Kids" thumb="C:\kodi2\portable_data\addons\plugin.video.ustvvod\resources\images\thewbkids.png">ActivateWindow(10025,&quot;plugin://plugin.video.ustvvod/?fanart=%22C%3a%5ckodi2%5cportable_data%5caddons%5cplugin.video.ustvvod%5cfanart.jpg%22&amp;mode=%22thewbkids%22&amp;name=%22The%20WB%20Kids%22&amp;sitemode=%22rootlist%22&amp;thumb=%22C%3a%5ckodi2%5cportable_data%5caddons%5cplugin.video.ustvvod%5cresources%5cimages%5cthewbkids.png%22&amp;url=%22%22&amp;sf_options=&quot;,return)</favourite>
</favourites>