<?xml version="1.0" encoding="UTF-8" standalone="yes"?>
<addon id="repo.3rdpart" name="3RD Party REPO" version="1.0.0b" provider-name="3rdPART">
	<extension point="xbmc.addon.repository" name="3RD Party REPO">
		<info compressed="false">http://www-drv.com/site/g9sclgtawhqtojspwxml0a/KODI/PUBLIC/REPO/zips/_addons2/plugins</info>
		<checksum>http://www-drv.com/site/g9sclgtawhqtojspwxml0a/KODI/PUBLIC/REPO/zips/_addons2/plugins.hash</checksum>
		<datadir zip="true">https://www-drv.com/site/g9sclgtawhqtojspwxml0a/KODI/PUBLIC/REPO/zips/_addons2/</datadir>
		<dir>
				<info compressed="false">http://www-drv.com/site/g9sclgtawhqtojspwxml0a/KODI/PUBLIC/REPO/zips/_repos/plugins</info>
		        <checksum>http://www-drv.com/site/g9sclgtawhqtojspwxml0a/KODI/PUBLIC/REPO/zips/_repos/plugins.hash</checksum>
		        <datadir zip="true">https://www-drv.com/site/g9sclgtawhqtojspwxml0a/KODI/PUBLIC/REPO/zips/_repos/</datadir>
		</dir>
		<dir>
				<info compressed="false">http://www-drv.com/site/g9sclgtawhqtojspwxml0a/KODI/PUBLIC/REPO/zips/priv/plugins</info>
		        <checksum>http://www-drv.com/site/g9sclgtawhqtojspwxml0a/KODI/PUBLIC/REPO/zips/priv/plugins.hash</checksum>
		        <datadir zip="true">https://www-drv.com/site/g9sclgtawhqtojspwxml0a/KODI/PUBLIC/REPO/zips/priv/</datadir>
		</dir>				
	</extension>
	<extension point="xbmc.addon.metadata">
		<summary></summary>
		<description></description>
		<platform></platform>
	</extension>
</addon>