<settings>
	<addons>
        <unknownsources>true</unknownsources>
    </addons>
    <debug>
        <extralogging>false</extralogging>
        <screenshotpath default="true"></screenshotpath>
        <setextraloglevel default="true">32768</setextraloglevel>
        <showloginfo default="true">false</showloginfo>
    </debug>
    <epg>
        <daystodisplay>2</daystodisplay>
        <epgupdate default="true">120</epgupdate>
        <hidenoinfoavailable default="true">true</hidenoinfoavailable>
        <ignoredbforclient>true</ignoredbforclient>
        <preventupdateswhileplayingtv default="true">false</preventupdateswhileplayingtv>
        <selectaction>1</selectaction>
    </epg>
    <filelists>
        <allowfiledeletion>true</allowfiledeletion>
        <ignorethewhensorting default="true">true</ignorethewhensorting>
        <showaddsourcebuttons default="true">true</showaddsourcebuttons>
        <showextensions default="true">true</showextensions>
        <showhidden>true</showhidden>
        <showparentdiritems>false</showparentdiritems>
    </filelists>
    <general>
        <addonbrokenfilter default="true">true</addonbrokenfilter>
        <addonforeignfilter default="true">false</addonforeignfilter>
        <addonnotifications default="true">true</addonnotifications>
        <addonupdates default="true">0</addonupdates>
        <settinglevel>3</settinglevel>
    </general>
    <input>
        <enablejoystick default="true">true</enablejoystick>
        <enablemouse default="true">true</enablemouse>
    </input>
    <locale>
        <audiolanguage default="true">original</audiolanguage>
        <charset default="true">DEFAULT</charset>
        <country default="true">USA (12h)</country>
        <keyboardlayouts default="true">English QWERTY</keyboardlayouts>
        <language default="true">resource.language.en_gb</language>
        <longdateformat default="true">regional</longdateformat>
        <shortdateformat default="true">regional</shortdateformat>
        <speedunit default="true">regional</speedunit>
        <subtitlelanguage default="true">original</subtitlelanguage>
        <temperatureunit default="true">regional</temperatureunit>
        <timeformat default="true">regional</timeformat>
        <timezone default="true">default</timezone>
        <timezonecountry default="true">default</timezonecountry>
        <use24hourclock default="true">regional</use24hourclock>
    </locale>
    <lookandfeel>
        <enablerssfeeds default="true">true</enablerssfeeds>
        <skin>skin.water2</skin>
        <soundskin>OFF</soundskin>
        <startupwindow default="true">10000</startupwindow>
    </lookandfeel>
    <myvideos>
        <playlist>
            <repeat>false</repeat>
            <shuffle>false</shuffle>
        </playlist>
        <needsupdate>0</needsupdate>
    </myvideos>
    <powermanagement>
        <displaysoff>30</displaysoff>
        <shutdownstate default="true">0</shutdownstate>
        <shutdowntime default="true">0</shutdowntime>
        <wakeonaccess default="true">false</wakeonaccess>
    </powermanagement>
    <pvrmanager>
        <backendchannelorder default="true">true</backendchannelorder>
        <enabled default="true">false</enabled>
        <hideconnectionlostwarning default="true">false</hideconnectionlostwarning>
        <syncchannelgroups default="true">true</syncchannelgroups>
        <usebackendchannelnumbers default="true">false</usebackendchannelnumbers>
    </pvrmanager>
    <pvrmenu>
        <closechannelosdonswitch default="true">true</closechannelosdonswitch>
        <displaychannelinfo default="true">5</displaychannelinfo>
        <iconpath default="true"></iconpath>
    </pvrmenu>
    <pvrparental>
        <duration default="true">300</duration>
        <enabled default="true">false</enabled>
        <pin default="true"></pin>
    </pvrparental>
    <pvrplayback>
        <channelentrytimeout>250</channelentrytimeout>
        <confirmchannelswitch default="true">false</confirmchannelswitch>
        <fps default="true">0</fps>
        <playminimized default="true">true</playminimized>
        <scantime default="true">10</scantime>
        <signalquality>false</signalquality>
        <startlast default="true">0</startlast>
    </pvrplayback>
    <pvrpowermanagement>
        <backendidletime default="true">15</backendidletime>
        <dailywakeup default="true">false</dailywakeup>
        <dailywakeuptime default="true">00:00:00</dailywakeuptime>
        <enabled default="true">false</enabled>
        <prewakeup default="true">15</prewakeup>
        <setwakeupcmd default="true"></setwakeupcmd>
    </pvrpowermanagement>
    <pvrrecord>
        <defaultlifetime default="true">99</defaultlifetime>
        <defaultpriority default="true">50</defaultpriority>
        <instantrecordtime default="true">120</instantrecordtime>
        <marginend default="true">0</marginend>
        <marginstart default="true">0</marginstart>
        <timernotifications default="true">true</timernotifications>
    </pvrrecord>
    <scrapers>
        <moviesdefault default="true">metadata.themoviedb.org</moviesdefault>
        <musicvideosdefault default="true">metadata.musicvideos.theaudiodb.com</musicvideosdefault>
        <tvshowsdefault default="true">metadata.tvdb.com</tvshowsdefault>
    </scrapers>
    <screensaver>
        <mode default="true">screensaver.xbmc.builtin.dim</mode>
        <time default="true">3</time>
        <usedimonpause default="true">true</usedimonpause>
        <usemusicvisinstead default="true">true</usemusicvisinstead>
    </screensaver>
    <services>
        <airplay default="true">true</airplay>
        <airplayios8compat default="true">true</airplayios8compat>
        <airplaypassword default="true"></airplaypassword>
        <airplayvolumecontrol default="true">true</airplayvolumecontrol>
        <devicename>waterTV</devicename>
        <esallinterfaces>true</esallinterfaces>
        <escontinuousdelay default="true">25</escontinuousdelay>
        <esenabled default="true">true</esenabled>
        <esinitialdelay default="true">750</esinitialdelay>
        <esmaxclients default="true">20</esmaxclients>
        <esport default="true">9777</esport>
        <esportrange default="true">10</esportrange>
        <upnpannounce default="true">true</upnpannounce>
        <upnpcontroller default="true">false</upnpcontroller>
        <upnplookforexternalsubtitles default="true">false</upnplookforexternalsubtitles>
        <upnprenderer>true</upnprenderer>
        <upnpserver default="true">false</upnpserver>
        <useairplaypassword default="true">false</useairplaypassword>
        <webserver default="true">false</webserver>
        <webserverpassword default="true"></webserverpassword>
        <webserverport default="true">80</webserverport>
        <webserverusername default="true">wet</webserverusername>
        <webskin default="true">webinterface.default</webskin>
        <zeroconf default="true">true</zeroconf>
    </services>
    <videoplayer>
        <rendermethod default="true">0</rendermethod>
        <seekdelay default="true">750</seekdelay>
        <seeksteps>-60,-30,-10,10,30,60</seeksteps>
        <stretch43>4</stretch43>
		<errorinaspect>20</errorinaspect>
    </videoplayer>
    <videoscreen>
        <blankdisplays default="true">false</blankdisplays>
        <fakefullscreen default="true">true</fakefullscreen>
        <limitedrange default="true">false</limitedrange>
        <monitor default="true">Default</monitor>
        <preferedstereoscopicmode default="true">100</preferedstereoscopicmode>
        <resolution>15</resolution>
        <screen>-1</screen>
        <screenmode></screenmode>
        <stereoscopicmode default="true">0</stereoscopicmode>
        <vsync default="true">2</vsync>
    </videoscreen>
    <weather>
        <addon>weather.yahoo</addon>
        <currentlocation default="true">1</currentlocation>
    </weather>
    <defaultvideosettings>
        <deinterlacemode>1</deinterlacemode>
        <interlacemethod>1</interlacemethod>
        <scalingmethod>1</scalingmethod>
        <postprocess>true</postprocess>
        <viewmode>4</viewmode>
        <outputtoallspeakers>true</outputtoallspeakers>
        <showsubtitles>true</showsubtitles>
    </defaultvideosettings>
    <skinsettings>
        <setting type="bool" name="skin.water2.HideAutoMusicViz">false</setting>
        <setting type="bool" name="skin.water2.AutoPartySaver">false</setting>
        <setting type="bool" name="skin.water2.HidePopUpSeekBar">false</setting>
        <setting type="bool" name="skin.water2.NotificationsTopLeft">false</setting>
        <setting type="bool" name="skin.water2.HideBusyAnimation">false</setting>
        <setting type="bool" name="skin.water2.InitialSetUpRun">true</setting>
        <setting type="bool" name="skin.water2.AllScreenTopLeftWidget">true</setting>
        <setting type="bool" name="skin.water2.HideTopLeftWindows">true</setting>
        <setting type="bool" name="skin.water2.NoAnimateVizFanart">false</setting>
        <setting type="bool" name="skin.water2.SingleGlobalBackground">true</setting>
        <setting type="bool" name="skin.water2.HolidayEffects">false</setting>
        <setting type="bool" name="skin.water2.HideHomeNowPlaying">false</setting>
        <setting type="bool" name="skin.water2.VizOnlyOnHome">false</setting>
        <setting type="bool" name="skin.water2.HideBackgroundCDWall">false</setting>
        <setting type="bool" name="skin.water2.EnableFanartScript">true</setting>
        <setting type="bool" name="skin.water2.HideBackGroundFanart">true</setting>
        <setting type="bool" name="skin.water2.EpisodeBackground">false</setting>
        <setting type="bool" name="skin.water2.EnableAdditionalArtWork">false</setting>
        <setting type="bool" name="skin.water2.HideListItemArtWork">false</setting>
        <setting type="bool" name="skin.water2.DisableClearArt">false</setting>
        <setting type="bool" name="skin.water2.DisableDiscArt">false</setting>
        <setting type="bool" name="skin.water2.DisableLogoArt">false</setting>
        <setting type="bool" name="skin.water2.NoDiffuseVizFanart">false</setting>
        <setting type="bool" name="skin.water2.DisableSlideShowArt">false</setting>
        <setting type="bool" name="skin.water2.NoAnimateFanart">false</setting>
        <setting type="bool" name="skin.water2.HidePVRNowPlaying">false</setting>
        <setting type="bool" name="skin.water2.HideHomeFloor">true</setting>
        <setting type="bool" name="skin.water2.HideNowPlayingInfo">false</setting>
        <setting type="bool" name="skin.water2.HideTrailerBtn">false</setting>
        <setting type="bool" name="skin.water2.EnableFloorReturnButtons">true</setting>
        <setting type="bool" name="skin.water2.EnableVolumeButtons">false</setting>
        <setting type="bool" name="skin.water2.HideSystemTime">false</setting>
        <setting type="bool" name="skin.water2.DisableScriptPlaylist">true</setting>
        <setting type="bool" name="skin.water2.HideNextSongsInfo">false</setting>
        <setting type="bool" name="skin.water2.EnableDVDCases">false</setting>
        <setting type="bool" name="skin.water2.UseDiscTypeCase">false</setting>
        <setting type="bool" name="skin.water2.SmallVolumeJump">false</setting>
        <setting type="bool" name="skin.water2.HidePageCountInfo">true</setting>
        <setting type="bool" name="skin.water2.KeyboardGraphicalTextures">false</setting>
        <setting type="bool" name="skin.water2.DisableAutoComplete">false</setting>
        <setting type="bool" name="skin.water2.LowerMainMenuBar">true</setting>
        <setting type="bool" name="skin.water2.WrapAroundHomeMenu">false</setting>
        <setting type="bool" name="skin.water2.FixedEndingMenu">false</setting>
        <setting type="bool" name="skin.water2.AutoVisableSubMenu">false</setting>
        <setting type="bool" name="skin.water2.EnableLargeWidgets">false</setting>
        <setting type="bool" name="skin.water2.HideSuggestedMedia">false</setting>
        <setting type="bool" name="skin.water2.HideTVRecordingInfo">false</setting>
        <setting type="bool" name="skin.water2.EnableHomeStats">false</setting>
        <setting type="bool" name="skin.water2.EnableRainDropEffect">false</setting>
        <setting type="bool" name="skin.water2.KioskMode">false</setting>
        <setting type="bool" name="skin.water2.WrapMediaViews">false</setting>
        <setting type="bool" name="skin.water2.MediaShortDescription">false</setting>
        <setting type="bool" name="skin.water2.AutoScroll">true</setting>
        <setting type="bool" name="skin.water2.Show_SlideShow_Paused">false</setting>
        <setting type="bool" name="skin.water2.WindowedTrailer">false</setting>
        <setting type="bool" name="skin.water2.HideFilenameFlagging">false</setting>
        <setting type="bool" name="skin.water2.MinimalPictureInfo">false</setting>
        <setting type="bool" name="skin.water2.EnableCDArtWork">false</setting>
        <setting type="bool" name="skin.water2.HideInfoStartOSD">true</setting>
        <setting type="bool" name="skin.water2.EnablePauseInfo">false</setting>
        <setting type="bool" name="skin.water2.EnablePlotInfo">true</setting>
        <setting type="bool" name="skin.water2.HideSeekBarOSD">false</setting>
        <setting type="bool" name="skin.water2.HideArtWorkOSD">true</setting>
        <setting type="bool" name="skin.water2.HideFavorites">false</setting>
        <setting type="bool" name="skin.water2.HideHomePowerBtn">false</setting>
        <setting type="bool" name="skin.water2.Show_Suspend">false</setting>
        <setting type="bool" name="skin.water2.AutoHidePowerBtn">false</setting>
        <setting type="bool" name="skin.water2.Show_Hibernate">false</setting>
        <setting type="bool" name="skin.water2.Show_Logoff">false</setting>
        <setting type="bool" name="skin.water2.Show_Mastermode">false</setting>
        <setting type="bool" name="skin.water2.Show_Timer">false</setting>
        <setting type="bool" name="skin.water2.HideStartUpBackground">false</setting>
        <setting type="bool" name="skin.water2.EnablePingWOL">false</setting>
        <setting type="bool" name="skin.water2.UPnP_Mode">false</setting>
        <setting type="bool" name="skin.water2.EnableAutoUpdateArt">false</setting>
        <setting type="bool" name="skin.water2.HideEpisodeThumb">false</setting>
        <setting type="bool" name="skin.water2.HideKodiIntro">false</setting>
        <setting type="bool" name="skin.water2.UseStartUpPlaylistPath">false</setting>
        <setting type="bool" name="skin.water2.DisableTVTunes">false</setting>
        <setting type="bool" name="skin.water2.DisableGlobalSearch">true</setting>
        <setting type="bool" name="skin.water2.DisableTVNextAired">false</setting>
        <setting type="bool" name="skin.water2.DisableWatchitLater">false</setting>
        <setting type="bool" name="skin.water2.Enable_CustomShutDown">false</setting>
        <setting type="bool" name="skin.water2.Enable_CustomTimer">false</setting>
        <setting type="bool" name="skin.water2.Enable_CustomHibernate">false</setting>
        <setting type="bool" name="skin.water2.Enable_CustomSuspend">false</setting>
        <setting type="bool" name="skin.water2.Enable_CustomHSuspend">false</setting>
        <setting type="bool" name="skin.water2.RestartNotReboot">false</setting>
        <setting type="bool" name="skin.water2.MinimizeOnExit">false</setting>
        <setting type="bool" name="skin.water2.DisableFanartScript">false</setting>
        <setting type="bool" name="skin.water2.DisableFloorBtns">false</setting>
        <setting type="bool" name="skin.water2.Updates_V312">true</setting>
        <setting type="bool" name="skin.water2.Updates_V314">true</setting>

        <setting type="string" name="skin.water2.GlobalBackGroundPath">special://home/addons/script.supafav/BG/</setting>        
		<setting type="string" name="skin.water2.HomeItem.1.Label">Movies</setting>
        <setting type="string" name="skin.water2.HomeItem.1.Path">ActivateWindow(10025,plugin://plugin.video.water/?mode=40&amp;url=null,return)</setting>
        <setting type="string" name="skin.water2.HomeItem.1.Sub">Movies</setting>
        <setting type="string" name="skin.water2.HomeItem.1.Addon">AddonSetOne</setting>
        <setting type="string" name="skin.water2.HomeItem.1.Widget">plugin://plugin.video.origin2/?action=movies&amp;url=trending</setting>
        <setting type="string" name="skin.water2.HomeItem.1.Type">Movies</setting>
        <setting type="string" name="skin.water2.HomeItem.1.Display">Default</setting>
        <setting type="string" name="skin.water2.HomeItem.2.Label">TV Shows</setting>
        <setting type="string" name="skin.water2.HomeItem.2.Path">ActivateWindow(10025,plugin://plugin.video.water/?mode=50&amp;url=null,return)</setting>
        <setting type="string" name="skin.water2.HomeItem.2.Sub">TVShows</setting>
        <setting type="string" name="skin.water2.HomeItem.2.Widget">plugin://plugin.video.tvmix/?description&amp;mode=1&amp;name=New%20Latest%20Episodes&amp;url=http%3a%2f%2fwww.watchepisodes1.com%2f</setting>
        <setting type="string" name="skin.water2.HomeItem.2.Type">Pictures</setting>
        <setting type="string" name="skin.water2.HomeItem.2.Display">Default</setting>
        <setting type="string" name="skin.water2.HomeItem.3.Label">Live TV</setting>
        <setting type="string" name="skin.water2.HomeItem.3.Path">ActivateWindow(10025,plugin://plugin.video.water/?mode=60&amp;url=null,return)</setting>
        <setting type="string" name="skin.water2.HomeItem.3.Sub">LiveTV</setting>
        <setting type="string" name="skin.water2.HomeItem.3.Addon">AddonSetThree</setting>
        <setting type="string" name="skin.water2.HomeItem.3.Widget">plugin://plugin.video.ustvnow.tva/?mode=live</setting>

        <setting type="string" name="skin.water2.HomeItem.7.Label">[B][COLOR steelblue]M[/COLOR]ORE[/B]</setting>
        <setting type="string" name="skin.water2.HomeItem.7.Path">ActivateWindow(10025,plugin://plugin.program.super.favourites/?folder=more,return)</setting>
        <setting type="string" name="skin.water2.HomeItem.7.Sub">Settings</setting>
        <setting type="string" name="skin.water2.HomeItem.7.Addon">AddonSetTwelve</setting>

        <setting type="string" name="skin.water2.TopLeftHomeInfo">Weather</setting>
        <setting type="string" name="skin.water2.PowerBtnAction">Exit</setting>        
		
		<setting type="string" name="skin.water2.SubMovies.1.Label">[B][COLOR white]Recent[/COLOR][/B]ly Added</setting>
		<setting type="string" name="skin.water2.SubMovies.1.Path">ActivateWindow(10025,plugin://plugin.video.water/?url=null&amp;mode=20,return)</setting>
        <setting type="string" name="skin.water2.SubMovies.2.Label">By [B][COLOR white]Year[/COLOR][/B]</setting>
		<setting type="string" name="skin.water2.SubMovies.2.Path">ActivateWindow(10025,plugin://plugin.video.water/?url=null&amp;mode=23,return)</setting>
        <setting type="string" name="skin.water2.SubMovies.3.Label">[B]G[COLOR white]enres[/COLOR][/B]</setting>
		<setting type="string" name="skin.water2.SubMovies.3.Path">ActivateWindow(10025,plugin://plugin.video.water/?url=null&amp;mode=24,return)</setting>
        <setting type="string" name="skin.water2.SubMovies.4.Label">By [B][COLOR white]Actors[/COLOR][/B]</setting>
		<setting type="string" name="skin.water2.SubMovies.4.Path">ActivateWindow(10025,plugin://plugin.video.water/?url=null&amp;mode=27,return)</setting>
        <setting type="string" name="skin.water2.SubMovies.5.Label">[B][COLOR white]Search [COLOR steelblue]Movies[/COLOR][/B]</setting>
		<setting type="string" name="skin.water2.SubMovies.5.Path">ActivateWindow(10025,plugin://plugin.video.water/?url=null&amp;mode=30,return)</setting>
        <setting type="string" name="skin.water2.SubMovies.6.Label">Hidden</setting>
        <setting type="string" name="skin.water2.SubMovies.7.Label">Hidden</setting> 
        <setting type="string" name="skin.water2.SubMovies.6.Path">Hidden</setting>
        <setting type="string" name="skin.water2.SubMovies.7.Path">Hidden</setting>            
		
		<setting type="string" name="skin.water2.SubTVShows.1.Label">[B][COLOR white]Recent[/COLOR][/B]ly Added</setting>
		<setting type="string" name="skin.water2.SubTVShows.1.Path">ActivateWindow(10025,plugin://plugin.video.water/?url=null&amp;mode=21,return)</setting>	
        <setting type="string" name="skin.water2.SubTVShows.2.Label">[B][COLOR white]New[/COLOR][/B] Shows</setting>
		<setting type="string" name="skin.water2.SubTVShows.2.Path">ActivateWindow(10025,plugin://plugin.video.water/?url=null&amp;mode=22,return)</setting>
        <setting type="string" name="skin.water2.SubTVShows.3.Label">[B]By [COLOR white]Network[/COLOR][/B]</setting>
		<setting type="string" name="skin.water2.SubTVShows.3.Path">ActivateWindow(10025,plugin://plugin.video.water/?url=null&amp;mode=26,return)</setting>
        <setting type="string" name="skin.water2.SubTVShows.4.Label">[B]G[COLOR white]enres[/COLOR][/B]</setting>
		<setting type="string" name="skin.water2.SubTVShows.4.Path">ActivateWindow(10025,plugin://plugin.video.water/?url=null&amp;mode=25,return)</setting>
        <setting type="string" name="skin.water2.SubTVShows.5.Label">[B][COLOR white]Search[/COLOR] [COLOR steelblue]TV[/COLOR][/B]</setting>
		<setting type="string" name="skin.water2.SubTVShows.5.Path">ActivateWindow(10025,plugin://plugin.video.water/?url=null&amp;mode=31,return)</setting>
        
		<setting type="string" name="skin.water2.SubLiveTV.1.Label">[B]N[COLOR white]ews[/COLOR][/B]</setting>
		<setting type="string" name="skin.water2.SubLiveTV.1.Path">ActivateWindow(10025,plugin://plugin.video.water/?url=null&amp;mode=62,return)</setting>	
        <setting type="string" name="skin.water2.SubLiveTV.2.Label">[B]S[COLOR white]ports[/COLOR][/B]</setting>
		<setting type="string" name="skin.water2.SubLiveTV.2.Path">ActivateWindow(10025,plugin://plugin.video.water/?url=null&amp;mode=63,return)</setting>
        <setting type="string" name="skin.water2.SubLiveTV.3.Label">[B]S[COLOR white]hows[/COLOR][/B]</setting>
		<setting type="string" name="skin.water2.SubLiveTV.3.Path">ActivateWindow(10025,plugin://plugin.video.water/?url=null&amp;mode=65,return)</setting>
        <setting type="string" name="skin.water2.SubLiveTV.4.Label">[B]F[COLOR white]oreign[/COLOR][/B]</setting>
		<setting type="string" name="skin.water2.SubLiveTV.4.Path">ActivateWindow(10025,plugin://plugin.video.water/?url=null&amp;mode=64,return)</setting>
        <setting type="string" name="skin.water2.SubLiveTV.5.Label">Hidden</setting>
        <setting type="string" name="skin.water2.SubLiveTV.5.Path">Hidden</setting>


		<setting type="string" name="skin.water2.AddonSetOne.1.Label">Random Movies</setting>        
		<setting type="string" name="skin.water2.AddonSetThree.1.Label">TV Guide</setting>
        
		<setting type="string" name="skin.water2.AddonSetTwelve.1.Label">YouTube</setting>
        <setting type="string" name="skin.water2.AddonSetTwelve.1.Icon">http://www.usacapitol.com/SiteAssets/stay-connected/youtube-logo.png</setting>
        <setting type="string" name="skin.water2.AddonSetTwelve.1.Path">ActivateWindow(10025,plugin://plugin.video.youtube/ ,return)</setting>		
        <setting type="string" name="skin.water2.AddonSetTwelve.2.Label">Music</setting>
        <setting type="string" name="skin.water2.AddonSetTwelve.3.Label">Documentaries</setting>
		<setting type="string" name="skin.water2.AddonSetTwelve.3.Icon">http://www.filmsite.org/images/documentary-genre.jpg</setting>
        <setting type="string" name="skin.water2.AddonSetTwelve.3.Path">ActivateWindow(10025,plugin://plugin.program.super.favourites/?folder=More/Documentaries,return)</setting>
        <setting type="string" name="skin.water2.AddonSetTwelve.4.Label">KidsTV</setting>
		<setting type="string" name="skin.water2.AddonSetTwelve.4.Icon">http://icons.iconarchive.com/icons/martin-berube/people/256/kid-icon.png</setting>
        <setting type="string" name="skin.water2.AddonSetTwelve.4.Path">ActivateWindow(10025,plugin://plugin.program.super.favourites/?folder=More/KidsTV,return)</setting>
        <setting type="string" name="skin.water2.AddonSetTwelve.5.Label">Stand-Up</setting>
		<setting type="string" name="skin.water2.AddonSetTwelve.5.Icon">https://lh6.ggpht.com/JH8vf9T54XQET1h-BgpvZrXedGkWEqG-K9DSgf_TXlU2r0WpM3NlZ817a3F9Ch83aBg=w150</setting>
        <setting type="string" name="skin.water2.AddonSetTwelve.5.Path">ActivateWindow(10025,plugin://plugin.video.phstreams/?action=directory&amp;url=http%3a%2f%2fone242415.offshorepastebin.com%2fCollections%2fStandup.xml,return)</setting>
        
		<setting type="string" name="skin.water2.SubSettings.1.Label">[B]S[COLOR white]ettings[/COLOR][/B]</setting>   
		<setting type="string" name="skin.water2.SubSettings.1.Path">ActivateWindow(Settings)</setting>
        <setting type="string" name="skin.water2.SubSettings.2.Path">Hidden</setting>
        <setting type="string" name="skin.water2.SubSettings.3.Path">Hidden</setting>
        <setting type="string" name="skin.water2.SubSettings.4.Path">Hidden</setting>
        <setting type="string" name="skin.water2.SubSettings.5.Path">Hidden</setting>
        <setting type="string" name="skin.water2.SubSettings.6.Path">Hidden</setting>
      
		<setting type="string" name="skin.water2.AddonSetOne.1.Icon">http://downloadicons.net/sites/default/files/random-play-button-icon-blue-40192.png</setting>
        <setting type="string" name="skin.water2.AddonSetOne.1.Path">ActivateWindow(10025,plugin://plugin.video.origin2/?action=channels ,return)</setting>
        <setting type="string" name="skin.water2.AddonSetThree.1.Icon">http://rocketdock.com/images/screenshots/TV-Guide.png</setting>
        <setting type="string" name="skin.water2.AddonSetThree.1.Path">ActivateWindow(10025,plugin://plugin.video.water/?url=null&amp;action=tvguide,return)</setting>




    </skinsettings>
</settings>
