<settings>
    <accessibility>
        <audiohearing default="true">false</audiohearing>
        <audiovisual default="true">false</audiovisual>
        <subhearing default="true">false</subhearing>
    </accessibility>
    <audiocds>
        <autoaction default="true">0</autoaction>
        <ejectonrip default="true">true</ejectonrip>
        <encoder default="true">audioencoder.xbmc.builtin.wav</encoder>
        <recordingpath default="true"></recordingpath>
        <trackpathformat default="true">%A/%A - %B/[%N. ][%A - ]%T</trackpathformat>
        <usecddb default="true">true</usecddb>
    </audiocds>
    <audiooutput>
        <ac3passthrough default="true">true</ac3passthrough>
        <ac3transcode default="true">false</ac3transcode>
        <audiodevice default="true">DIRECTSOUND:default</audiodevice>
        <channels default="true">1</channels>
        <config default="true">2</config>
        <dtshdpassthrough default="true">false</dtshdpassthrough>
        <dtspassthrough default="true">false</dtspassthrough>
        <eac3passthrough default="true">false</eac3passthrough>
        <guisoundmode default="true">1</guisoundmode>
        <maintainoriginalvolume default="true">true</maintainoriginalvolume>
        <passthrough default="true">false</passthrough>
        <passthroughdevice default="true">DIRECTSOUND:default</passthroughdevice>
        <processquality default="true">30</processquality>
        <samplerate default="true">48000</samplerate>
        <stereoupmix default="true">false</stereoupmix>
        <streamsilence default="true">1</streamsilence>
        <truehdpassthrough default="true">false</truehdpassthrough>
    </audiooutput>
    <cache>
        <harddisk default="true">256</harddisk>
    </cache>
    <cacheaudio>
        <dvdrom default="true">256</dvdrom>
        <internet default="true">256</internet>
        <lan default="true">256</lan>
    </cacheaudio>
    <cachedvd>
        <dvdrom default="true">2048</dvdrom>
        <lan default="true">2048</lan>
    </cachedvd>
    <cacheunknown>
        <internet default="true">4096</internet>
    </cacheunknown>
    <cachevideo>
        <dvdrom default="true">2048</dvdrom>
        <internet default="true">4096</internet>
        <lan default="true">2048</lan>
    </cachevideo>
    <debug>
        <extralogging>false</extralogging>
        <screenshotpath default="true"></screenshotpath>
        <setextraloglevel default="true">32768</setextraloglevel>
        <showloginfo default="true">false</showloginfo>
    </debug>
    <disc>
        <playback default="true">0</playback>
    </disc>
    <dvds>
        <automenu default="true">false</automenu>
        <autorun default="true">false</autorun>
        <playerregion default="true">0</playerregion>
    </dvds>
    <epg>
        <daystodisplay default="true">3</daystodisplay>
        <epgupdate default="true">120</epgupdate>
        <hidenoinfoavailable default="true">true</hidenoinfoavailable>
        <ignoredbforclient default="true">false</ignoredbforclient>
        <preventupdateswhileplayingtv default="true">false</preventupdateswhileplayingtv>
        <selectaction default="true">2</selectaction>
    </epg>
    <filelists>
        <allowfiledeletion default="true">false</allowfiledeletion>
        <ignorethewhensorting default="true">true</ignorethewhensorting>
        <showaddsourcebuttons default="true">true</showaddsourcebuttons>
        <showextensions default="true">true</showextensions>
        <showhidden>true</showhidden>
        <showparentdiritems>false</showparentdiritems>
    </filelists>
    <general>
        <addonbrokenfilter default="true">true</addonbrokenfilter>
        <addonforeignfilter default="true">false</addonforeignfilter>
        <addonnotifications default="true">true</addonnotifications>
        <addonupdates default="true">0</addonupdates>
        <systemtotaluptime>2</systemtotaluptime>
        <settinglevel>3</settinglevel>
    </general>
    <input>
        <enablejoystick default="true">true</enablejoystick>
        <enablemouse default="true">true</enablemouse>
    </input>
    <karaoke>
        <autopopupselector default="true">false</autopopupselector>
        <charset default="true">DEFAULT</charset>
        <enabled default="true">false</enabled>
        <font default="true">arial.ttf</font>
        <fontcolors default="true">0</fontcolors>
        <fontheight default="true">36</fontheight>
    </karaoke>
    <locale>
        <audiolanguage default="true">original</audiolanguage>
        <charset default="true">DEFAULT</charset>
        <country default="true">USA (12h)</country>
        <keyboardlayouts default="true">English QWERTY</keyboardlayouts>
        <language default="true">resource.language.en_gb</language>
        <longdateformat default="true">regional</longdateformat>
        <shortdateformat default="true">regional</shortdateformat>
        <speedunit default="true">regional</speedunit>
        <subtitlelanguage default="true">original</subtitlelanguage>
        <temperatureunit default="true">regional</temperatureunit>
        <timeformat default="true">regional</timeformat>
        <timezone default="true">default</timezone>
        <timezonecountry default="true">default</timezonecountry>
        <use24hourclock default="true">regional</use24hourclock>
    </locale>
    <lookandfeel>
        <enablerssfeeds default="true">true</enablerssfeeds>
        <font default="true">Default</font>
        <rssedit default="true"></rssedit>
        <skin>skin.water2</skin>
        <skincolors default="true">SKINDEFAULT</skincolors>
        <skintheme default="true">SKINDEFAULT</skintheme>
        <skinzoom default="true">0</skinzoom>
        <soundskin>OFF</soundskin>
        <startupwindow default="true">10000</startupwindow>
    </lookandfeel>
    <masterlock>
        <maxretries default="true">3</maxretries>
        <startuplock default="true">false</startuplock>
    </masterlock>
    <musicfiles>
        <findremotethumbs default="true">true</findremotethumbs>
        <librarytrackformat default="true"></librarytrackformat>
        <librarytrackformatright default="true"></librarytrackformatright>
        <nowplayingtrackformat default="true"></nowplayingtrackformat>
        <nowplayingtrackformatright default="true"></nowplayingtrackformatright>
        <trackformat default="true">[%N. ]%A - %T</trackformat>
        <trackformatright default="true">%D</trackformatright>
        <usetags default="true">true</usetags>
    </musicfiles>
    <musiclibrary>
        <albumsscraper default="true">metadata.album.universal</albumsscraper>
        <artistsscraper default="true">metadata.artists.universal</artistsscraper>
        <backgroundupdate default="true">false</backgroundupdate>
        <downloadinfo default="true">false</downloadinfo>
        <overridetags default="true">false</overridetags>
        <showallitems default="true">true</showallitems>
        <showcompilationartists default="true">true</showcompilationartists>
        <updateonstartup default="true">false</updateonstartup>
    </musiclibrary>
    <musicplayer>
        <autoplaynextitem default="true">true</autoplaynextitem>
        <crossfade default="true">0</crossfade>
        <crossfadealbumtracks default="true">true</crossfadealbumtracks>
        <queuebydefault default="true">false</queuebydefault>
        <replaygainavoidclipping default="true">false</replaygainavoidclipping>
        <replaygainnogainpreamp default="true">89</replaygainnogainpreamp>
        <replaygainpreamp default="true">89</replaygainpreamp>
        <replaygaintype default="true">1</replaygaintype>
        <seekdelay default="true">750</seekdelay>
        <seeksteps default="true">-60,-30,-10,10,30,60</seeksteps>
        <visualisation default="true">visualization.milkdrop</visualisation>
    </musicplayer>
    <mymusic>
        <defaultlibview default="true"></defaultlibview>
        <songthumbinvis default="true">false</songthumbinvis>
        <startwindow default="true">10501</startwindow>
        <playlist>
            <repeat>false</repeat>
            <shuffle>false</shuffle>
        </playlist>
        <needsupdate>0</needsupdate>
    </mymusic>
    <myvideos>
        <extractchapterthumbs default="true">true</extractchapterthumbs>
        <extractflags default="true">true</extractflags>
        <extractthumb default="true">true</extractthumb>
        <flatten default="true">false</flatten>
        <replacelabels default="true">true</replacelabels>
        <selectaction default="true">1</selectaction>
        <stackvideos default="true">false</stackvideos>
        <watchmodemovies>0</watchmodemovies>
        <watchmodetvshows>0</watchmodetvshows>
        <watchmodemusicvideos>0</watchmodemusicvideos>
        <playlist>
            <repeat>false</repeat>
            <shuffle>false</shuffle>
        </playlist>
        <needsupdate>0</needsupdate>
    </myvideos>
    <network>
        <bandwidth default="true">0</bandwidth>
        <httpproxypassword default="true"></httpproxypassword>
        <httpproxyport default="true">8080</httpproxyport>
        <httpproxyserver default="true"></httpproxyserver>
        <httpproxytype default="true">0</httpproxytype>
        <httpproxyusername default="true"></httpproxyusername>
        <usehttpproxy default="true">false</usehttpproxy>
    </network>
    <pictures>
        <displayresolution default="true">14</displayresolution>
        <generatethumbs default="true">true</generatethumbs>
        <showvideos default="true">true</showvideos>
        <useexifrotation default="true">true</useexifrotation>
        <usetags default="true">true</usetags>
    </pictures>
    <powermanagement>
        <displaysoff default="true">0</displaysoff>
        <shutdownstate default="true">0</shutdownstate>
        <shutdowntime default="true">0</shutdowntime>
        <wakeonaccess default="true">false</wakeonaccess>
    </powermanagement>
    <pvrmanager>
        <backendchannelorder default="true">true</backendchannelorder>
        <enabled default="true">false</enabled>
        <hideconnectionlostwarning default="true">false</hideconnectionlostwarning>
        <syncchannelgroups default="true">true</syncchannelgroups>
        <usebackendchannelnumbers default="true">false</usebackendchannelnumbers>
    </pvrmanager>
    <pvrmenu>
        <closechannelosdonswitch default="true">true</closechannelosdonswitch>
        <displaychannelinfo default="true">5</displaychannelinfo>
        <iconpath default="true"></iconpath>
    </pvrmenu>
    <pvrparental>
        <duration default="true">300</duration>
        <enabled default="true">false</enabled>
        <pin default="true"></pin>
    </pvrparental>
    <pvrplayback>
        <channelentrytimeout default="true">0</channelentrytimeout>
        <confirmchannelswitch default="true">false</confirmchannelswitch>
        <fps default="true">0</fps>
        <playminimized default="true">true</playminimized>
        <scantime default="true">10</scantime>
        <signalquality default="true">true</signalquality>
        <startlast default="true">0</startlast>
    </pvrplayback>
    <pvrpowermanagement>
        <backendidletime default="true">15</backendidletime>
        <dailywakeup default="true">false</dailywakeup>
        <dailywakeuptime default="true">00:00:00</dailywakeuptime>
        <enabled default="true">false</enabled>
        <prewakeup default="true">15</prewakeup>
        <setwakeupcmd default="true"></setwakeupcmd>
    </pvrpowermanagement>
    <pvrrecord>
        <defaultlifetime default="true">99</defaultlifetime>
        <defaultpriority default="true">50</defaultpriority>
        <instantrecordtime default="true">120</instantrecordtime>
        <marginend default="true">0</marginend>
        <marginstart default="true">0</marginstart>
        <timernotifications default="true">true</timernotifications>
    </pvrrecord>
    <scrapers>
        <moviesdefault default="true">metadata.themoviedb.org</moviesdefault>
        <musicvideosdefault default="true">metadata.musicvideos.theaudiodb.com</musicvideosdefault>
        <tvshowsdefault default="true">metadata.tvdb.com</tvshowsdefault>
    </scrapers>
    <screensaver>
        <mode default="true">screensaver.xbmc.builtin.dim</mode>
        <time default="true">3</time>
        <usedimonpause default="true">true</usedimonpause>
        <usemusicvisinstead default="true">true</usemusicvisinstead>
    </screensaver>
    <services>
        <airplay>true</airplay>
        <airplayios8compat default="true">true</airplayios8compat>
        <airplaypassword default="true"></airplaypassword>
        <airplayvolumecontrol default="true">true</airplayvolumecontrol>
        <devicename>waterTV</devicename>
        <esallinterfaces>true</esallinterfaces>
        <escontinuousdelay default="true">25</escontinuousdelay>
        <esenabled default="true">true</esenabled>
        <esinitialdelay default="true">750</esinitialdelay>
        <esmaxclients default="true">20</esmaxclients>
        <esport default="true">9777</esport>
        <esportrange default="true">10</esportrange>
        <upnpannounce default="true">true</upnpannounce>
        <upnpcontroller>true</upnpcontroller>
        <upnplookforexternalsubtitles default="true">false</upnplookforexternalsubtitles>
        <upnprenderer>true</upnprenderer>
        <upnpserver>true</upnpserver>
        <useairplaypassword default="true">false</useairplaypassword>
        <webserver>true</webserver>
        <webserverpassword default="true"></webserverpassword>
        <webserverport>8080</webserverport>
        <webserverusername></webserverusername>
        <webskin default="true">webinterface.default</webskin>
        <zeroconf>true</zeroconf>
    </services>
    <slideshow>
        <displayeffects default="true">true</displayeffects>
        <shuffle default="true">false</shuffle>
        <staytime default="true">5</staytime>
    </slideshow>
    <smb>
        <winsserver default="true">0.0.0.0</winsserver>
        <workgroup default="true">WORKGROUP</workgroup>
    </smb>
    <subtitles>
        <align default="true">0</align>
        <charset default="true">DEFAULT</charset>
        <color default="true">1</color>
        <custompath default="true"></custompath>
        <downloadfirst default="true">false</downloadfirst>
        <font default="true">arial.ttf</font>
        <height default="true">28</height>
        <languages default="true">English</languages>
        <movie default="true"></movie>
        <overrideassfonts default="true">false</overrideassfonts>
        <parsecaptions default="true">false</parsecaptions>
        <pauseonsearch default="true">true</pauseonsearch>
        <stereoscopicdepth default="true">0</stereoscopicdepth>
        <storagemode default="true">0</storagemode>
        <style default="true">1</style>
        <tv default="true"></tv>
    </subtitles>
    <system>
        <playlistspath>special://profile/playlists/</playlistspath>
    </system>
    <videolibrary>
        <actorthumbs default="true">true</actorthumbs>
        <backgroundupdate default="true">false</backgroundupdate>
        <flattentvshows default="true">1</flattentvshows>
        <groupmoviesets default="true">false</groupmoviesets>
        <showallitems default="true">true</showallitems>
        <showunwatchedplots default="true">true</showunwatchedplots>
        <tvshowsincludeallseasonsandspecials default="true">0</tvshowsincludeallseasonsandspecials>
        <tvshowsselectfirstunwatcheditem default="true">0</tvshowsselectfirstunwatcheditem>
        <updateonstartup default="true">false</updateonstartup>
    </videolibrary>
    <videoplayer>
        <adjustrefreshrate default="true">0</adjustrefreshrate>
        <autoplaynextitem default="true">false</autoplaynextitem>
        <errorinaspect default="true">0</errorinaspect>
        <hqscalers default="true">0</hqscalers>
        <pauseafterrefreshchange default="true">0</pauseafterrefreshchange>
        <preferdefaultflag default="true">true</preferdefaultflag>
        <prefervaapirender default="true">true</prefervaapirender>
        <quitstereomodeonstop default="true">true</quitstereomodeonstop>
        <rendermethod default="true">0</rendermethod>
        <seekdelay default="true">750</seekdelay>
        <seeksteps default="true">-600,-300,-180,-60,-30,-10,10,30,60,180,300,600</seeksteps>
        <stereoscopicplaybackmode default="true">0</stereoscopicplaybackmode>
        <stretch43 default="true">0</stretch43>
        <teletextenabled default="true">true</teletextenabled>
        <teletextscale default="true">true</teletextscale>
        <useamcodec default="true">true</useamcodec>
        <usedisplayasclock default="true">false</usedisplayasclock>
        <usedxva2 default="true">true</usedxva2>
        <useomx default="true">true</useomx>
        <useomxplayer default="true">true</useomxplayer>
        <usevaapi default="true">true</usevaapi>
        <usevaapimpeg2 default="true">true</usevaapimpeg2>
        <usevaapimpeg4 default="true">true</usevaapimpeg4>
        <usevaapivc1 default="true">true</usevaapivc1>
        <usevda default="true">true</usevda>
        <usevdpau default="true">true</usevdpau>
        <usevdpaumixer default="true">true</usevdpaumixer>
        <usevdpaumpeg2 default="true">true</usevdpaumpeg2>
        <usevdpaumpeg4 default="true">false</usevdpaumpeg4>
        <usevdpauvc1 default="true">true</usevdpauvc1>
        <usevideotoolbox default="true">true</usevideotoolbox>
    </videoplayer>
    <videoscreen>
        <blankdisplays default="true">false</blankdisplays>
        <fakefullscreen default="true">true</fakefullscreen>
        <limitedrange default="true">false</limitedrange>
        <monitor default="true">Default</monitor>
        <preferedstereoscopicmode default="true">100</preferedstereoscopicmode>
        <resolution>15</resolution>
        <screen>-1</screen>
        <screenmode>WINDOW</screenmode>
        <stereoscopicmode default="true">0</stereoscopicmode>
        <vsync default="true">2</vsync>
    </videoscreen>
    <weather>
        <addon>weather.yahoo</addon>
        <currentlocation default="true">1</currentlocation>
    </weather>
    <window>
        <height default="true">480</height>
        <width default="true">720</width>
    </window>
    <resolutions />
    <defaultvideosettings>
        <deinterlacemode>1</deinterlacemode>
        <interlacemethod>1</interlacemethod>
        <scalingmethod>1</scalingmethod>
        <noisereduction>0.000000</noisereduction>
        <postprocess>false</postprocess>
        <sharpness>0.000000</sharpness>
        <viewmode>0</viewmode>
        <zoomamount>1.000000</zoomamount>
        <pixelratio>1.000000</pixelratio>
        <verticalshift>0.000000</verticalshift>
        <volumeamplification>0.000000</volumeamplification>
        <outputtoallspeakers>false</outputtoallspeakers>
        <showsubtitles>true</showsubtitles>
        <brightness>50.000000</brightness>
        <contrast>50.000000</contrast>
        <gamma>20.000000</gamma>
        <audiodelay>0.000000</audiodelay>
        <subtitledelay>0.000000</subtitledelay>
        <nonlinstretch>false</nonlinstretch>
        <stereomode>0</stereomode>
    </defaultvideosettings>
    <skinsettings>
        <setting type="bool" name="skin.water2.HideAutoMusicViz">false</setting>
        <setting type="bool" name="skin.water2.AutoPartySaver">false</setting>
        <setting type="bool" name="skin.water2.HidePopUpSeekBar">false</setting>
        <setting type="bool" name="skin.water2.NotificationsTopLeft">false</setting>
        <setting type="bool" name="skin.water2.HideBusyAnimation">false</setting>
        <setting type="bool" name="skin.water2.InitialSetUpRun">true</setting>
        <setting type="bool" name="skin.water2.NoAnimateVizFanart">false</setting>
        <setting type="bool" name="skin.water2.HideStartUpBackground">false</setting>
        <setting type="bool" name="skin.water2.UseStartUpPlaylistPath">false</setting>
        <setting type="bool" name="skin.water2.HideKodiIntro">false</setting>
        <setting type="bool" name="skin.water2.SingleGlobalBackground">false</setting>
        <setting type="bool" name="skin.water2.HolidayEffects">false</setting>
        <setting type="bool" name="skin.water2.HideHomeNowPlaying">false</setting>
        <setting type="bool" name="skin.water2.VizOnlyOnHome">false</setting>
        <setting type="bool" name="skin.water2.HideBackgroundCDWall">false</setting>
        <setting type="bool" name="skin.water2.EnableFanartScript">false</setting>
        <setting type="bool" name="skin.water2.HideBackGroundFanart">true</setting>
        <setting type="bool" name="skin.water2.EpisodeBackground">false</setting>
        <setting type="bool" name="skin.water2.EnableAdditionalArtWork">false</setting>
        <setting type="bool" name="skin.water2.HideListItemArtWork">false</setting>
        <setting type="bool" name="skin.water2.DisableClearArt">false</setting>
        <setting type="bool" name="skin.water2.DisableDiscArt">false</setting>
        <setting type="bool" name="skin.water2.DisableLogoArt">false</setting>
        <setting type="bool" name="skin.water2.NoDiffuseVizFanart">false</setting>
        <setting type="bool" name="skin.water2.DisableSlideShowArt">true</setting>
        <setting type="bool" name="skin.water2.NoAnimateFanart">false</setting>
        <setting type="bool" name="skin.water2.HidePVRNowPlaying">false</setting>
        <setting type="bool" name="skin.water2.DisableTVNextAired">true</setting>
        <setting type="bool" name="skin.water2.DisableScriptPlaylist">true</setting>
        <setting type="bool" name="skin.water2.DisableGlobalSearch">true</setting>
        <setting type="bool" name="skin.water2.DisableTVTunes">true</setting>
        <setting type="bool" name="skin.water2.DisableWatchItLater">true</setting>
        <setting type="bool" name="skin.water2.DisableFanartScript">false</setting>
        <setting type="bool" name="skin.water2.Updates_V312">true</setting>
        <setting type="bool" name="skin.water2.Updates_V314">true</setting>
        <setting type="bool" name="skin.water2.EnableHomeStats">false</setting>
        <setting type="bool" name="skin.water2.EnableRainDropEffect">false</setting>
        <setting type="bool" name="skin.water2.UPnP_Mode">false</setting>
        <setting type="bool" name="skin.water2.WrapAroundHomeMenu">false</setting>
        <setting type="bool" name="skin.water2.HideHomeFloor">false</setting>
        <setting type="bool" name="skin.water2.LowerMainMenuBar">true</setting>
        <setting type="bool" name="skin.water2.HideNowPlayingInfo">false</setting>
        <setting type="bool" name="skin.water2.HideTVRecordingInfo">false</setting>
        <setting type="bool" name="skin.water2.HideYearTitle">false</setting>
        <setting type="bool" name="skin.water2.EnableLargeWidgets">false</setting>
        <setting type="bool" name="skin.water2.HideSuggestedMedia">false</setting>
        <setting type="bool" name="skin.water2.HideEpisodeThumb">false</setting>
        <setting type="bool" name="skin.water2.EnableVolumeButtons">false</setting>
        <setting type="bool" name="skin.water2.AutoVisableSubMenu">false</setting>
        <setting type="bool" name="skin.water2.HideNextSongsInfo">false</setting>
        <setting type="bool" name="skin.water2.HideHomePowerBtn">false</setting>
        <setting type="bool" name="skin.water2.HideFavorites">false</setting>
        <setting type="bool" name="skin.water2.HideSystemTime">false</setting>
        <setting type="bool" name="skin.water2.EnablePingWOL">false</setting>
        <setting type="bool" name="skin.water2.HomeMenuNoMovieButton">true</setting>
        <setting type="bool" name="skin.water2.HomeMenuNoVideosButton">true</setting>
        <setting type="bool" name="skin.water2.HomeMenuNoTVShowButton">true</setting>
        <setting type="bool" name="skin.water2.HomeMenuNoMusicButton">true</setting>
        <setting type="bool" name="skin.water2.HomeMenuNoWeatherButton">true</setting>
        <setting type="bool" name="skin.water2.HomeMenuNoPicturesButton">true</setting>
        <setting type="bool" name="skin.water2.EnableFloorReturnButtons">true</setting>
        <setting type="bool" name="skin.water2.HideTopLeftWindows">true</setting>
        <setting type="bool" name="skin.water2.AllScreenTopLeftWidget">true</setting>
        <setting type="bool" name="skin.water2.HidePageCountInfo">true</setting>
        <setting type="bool" name="skin.water2.UseCustomBackground">true</setting>
        <setting type="bool" name="skin.water2.HideSeekBarOSD">false</setting>
        <setting type="bool" name="skin.water2.HideArtWorkOSD">false</setting>
        <setting type="bool" name="skin.water2.HideInfoStartOSD">false</setting>
        <setting type="bool" name="skin.water2.EnablePauseInfo">false</setting>
        <setting type="bool" name="skin.water2.StopAutoScroll">false</setting>
        <setting type="bool" name="skin.water2.EnablePlotInfo">false</setting>
        <setting type="bool" name="skin.water2.HomepageHideRecentlyAddedVideo">false</setting>
        <setting type="bool" name="skin.water2.HomepageHideRecentlyAddedAlbums">false</setting>
        <setting type="bool" name="skin.water2.ShowBackgroundVideo">false</setting>
        <setting type="bool" name="skin.water2.ShowBackgroundVis">false</setting>
        <setting type="bool" name="skin.water2.homepageWeatherinfo">false</setting>
        <setting type="bool" name="skin.water2.homepageMusicinfo">false</setting>
        <setting type="bool" name="skin.water2.homepageVideoinfo">false</setting>
        <setting type="bool" name="skin.confluence.HomepageHideRecentlyAddedVideo">false</setting>
        <setting type="bool" name="skin.confluence.HomepageHideRecentlyAddedAlbums">false</setting>
        <setting type="bool" name="skin.confluence.UseCustomBackground">false</setting>
        <setting type="bool" name="skin.confluence.HideBackGroundFanart">false</setting>
        <setting type="bool" name="skin.confluence.ShowBackgroundVideo">false</setting>
        <setting type="bool" name="skin.confluence.ShowBackgroundVis">false</setting>
        <setting type="bool" name="skin.confluence.homepageWeatherinfo">false</setting>
        <setting type="bool" name="skin.confluence.homepageMusicinfo">false</setting>
        <setting type="bool" name="skin.confluence.homepageVideoinfo">false</setting>
        <setting type="bool" name="skin.confluence.HomeMenuNoMovieButton">false</setting>
        <setting type="bool" name="skin.confluence.HomeMenuNoTVShowButton">false</setting>
        <setting type="bool" name="skin.water2.FixedEndingMenu">false</setting>
        <setting type="bool" name="skin.water2.HideTrailerBtn">false</setting>
        <setting type="bool" name="skin.water2.AutoScroll">false</setting>
        <setting type="bool" name="skin.water2.DisableFloorBtns">false</setting>
        <setting type="bool" name="skin.water2.KioskMode">false</setting>
        <setting type="bool" name="skin.water2.Toggling">false</setting>
        <setting type="bool" name="skin.water2.Contexting">false</setting>
        <setting type="bool" name="skin.water2.WrapMediaViews">false</setting>
        <setting type="bool" name="skin.water2.EnableStatusBanner">false</setting>
        <setting type="bool" name="skin.water2.EnableDVDCases">false</setting>
        <setting type="bool" name="skin.water2.UseDiscTypeCase">false</setting>
        <setting type="bool" name="skin.water2.HideFilenameFlagging">false</setting>
        <setting type="bool" name="skin.water2.MediaShortDescription">false</setting>
        <setting type="bool" name="skin.water2.View515Hidelogo">false</setting>
        <setting type="bool" name="skin.water2.Disable504FanArt">false</setting>
        <setting type="bool" name="skin.water2.Enable515WideBanners">false</setting>
        <setting type="bool" name="skin.water2.HideWatchedMediaStat">false</setting>
        <setting type="bool" name="skin.water2.HideNewMediaStat">false</setting>
        <setting type="bool" name="skin.water2.DisableAutoComplete">false</setting>
        <setting type="bool" name="skin.water2.KeyboardGraphicalTextures">false</setting>
        <setting type="string" name="skin.water2.HomeProgramButton1">plugin.video.water</setting>
        <setting type="string" name="skin.water2.GlobalBackGroundPath">special://home/addons/script.supafav/BG/</setting>
        <setting type="string" name="skin.water2.HolidayThemePath">special://skin/extras/Holiday/xmastree.jpg</setting>
        <setting type="string" name="skin.water2.WeatherFanartDir">special://skin/extras/Weather/</setting>
        <setting type="string" name="skin.water2.HomeItem.1.Fanart">special://home/addons/script.supafav/BG</setting>
        <setting type="string" name="skin.water2.HomeItem.2.Fanart">special://home/addons/script.supafav/BG</setting>
        <setting type="string" name="skin.water2.HomeItem.3.Fanart">special://home/addons/script.supafav/BG</setting>
        <setting type="string" name="skin.water2.HomeItem.4.Fanart">special://skin/backgrounds/tv.jpg</setting>
        <setting type="string" name="skin.water2.HomeItem.5.Fanart">special://skin/backgrounds/videos.jpg</setting>
        <setting type="string" name="skin.water2.HomeItem.6.Fanart">special://skin/backgrounds/videos.jpg</setting>
        <setting type="string" name="skin.water2.HomeItem.7.Fanart">special://home/addons/script.supafav/BG</setting>
        <setting type="string" name="skin.water2.HomeItem.8.Fanart">http://orig04.deviantart.net/4b0f/f/2011/281/a/7/youtube_wallpaper_by_paintingwalls11-d4c6tuv.png</setting>
        <setting type="string" name="skin.water2.HomeItem.9.Fanart">special://skin/backgrounds/programs.jpg</setting>
        <setting type="string" name="skin.water2.HomeItem.10.Fanart">special://skin/backgrounds/musicvideos.jpg</setting>
        <setting type="string" name="skin.water2.HomeItem.11.Fanart">special://skin/backgrounds/playdisc.jpg</setting>
        <setting type="string" name="skin.water2.HomeItem.12.Fanart">special://skin/backgrounds/settings.jpg</setting>
        <setting type="string" name="skin.water2.FanArtCycleRate">10</setting>
        <setting type="string" name="skin.water2.HomeItem.1.Label">Movies</setting>
        <setting type="string" name="skin.water2.HomeItem.1.Path">ActivateWindow(10025,plugin://plugin.video.water/?mode=40&amp;url=null,return)</setting>
        <setting type="string" name="skin.water2.HomeItem.1.Sub">Movies</setting>
        <setting type="string" name="skin.water2.HomeItem.1.Addon">AddonSetOne</setting>
        <setting type="string" name="skin.water2.HomeItem.1.Widget">plugin://plugin.video.origin2/?action=movies&amp;url=trending</setting>
        <setting type="string" name="skin.water2.HomeItem.1.Type">Movies</setting>
        <setting type="string" name="skin.water2.HomeItem.1.Display">Default</setting>
        <setting type="string" name="skin.water2.HomeItem.2.Label">TV Shows</setting>
        <setting type="string" name="skin.water2.HomeItem.2.Path">ActivateWindow(10025,plugin://plugin.video.water/?mode=50&amp;url=null,return)</setting>
        <setting type="string" name="skin.water2.HomeItem.2.Sub">TVShows</setting>
        <setting type="string" name="skin.water2.HomeItem.2.Addon">Pictures</setting>
        <setting type="string" name="skin.water2.HomeItem.2.Widget">plugin://plugin.video.1channel/?mode=GetFilteredResults&amp;section=tv&amp;sort=date</setting>
        <setting type="string" name="skin.water2.HomeItem.2.Type">Pictures</setting>
        <setting type="string" name="skin.water2.HomeItem.2.Display">Default</setting>
        <setting type="string" name="skin.water2.HomeItem.3.Label">Live TV</setting>
        <setting type="string" name="skin.water2.HomeItem.3.Path">ActivateWindow(10025,plugin://plugin.video.water/?mode=60&amp;url=null,return)</setting>
        <setting type="string" name="skin.water2.HomeItem.3.Sub">LiveTV</setting>
        <setting type="string" name="skin.water2.HomeItem.3.Addon">AddonSetThree</setting>
        <setting type="string" name="skin.water2.HomeItem.3.Widget">plugin://plugin.video.ustvnow.tva/?mode=live</setting>
        <setting type="string" name="skin.water2.HomeItem.3.Type">Movies</setting>
        <setting type="string" name="skin.water2.HomeItem.3.Display">Default</setting>
        <setting type="string" name="skin.water2.HomeItem.4.Label">News</setting>
        <setting type="string" name="skin.water2.HomeItem.4.Sub">News</setting>
        <setting type="string" name="skin.water2.HomeItem.4.Addon">AddonSetFour</setting>
        <setting type="string" name="skin.water2.HomeItem.4.Widget">plugin://plugin.program.super.favourites/?folder=news</setting>
        <setting type="string" name="skin.water2.HomeItem.4.Type">Videos</setting>
        <setting type="string" name="skin.water2.HomeItem.4.Display">Default</setting>
        <setting type="string" name="skin.water2.HomeItem.5.Label">Sports</setting>
        <setting type="string" name="skin.water2.HomeItem.5.Sub">Sports</setting>
        <setting type="string" name="skin.water2.HomeItem.5.Addon">AddonSetFive</setting>
        <setting type="string" name="skin.water2.HomeItem.5.Widget">plugin://plugin.program.super.favourites/?folder=sports</setting>
        <setting type="string" name="skin.water2.HomeItem.5.Type">Videos</setting>
        <setting type="string" name="skin.water2.HomeItem.5.Display">Default</setting>
        <setting type="string" name="skin.water2.HomeItem.6.Label">Movies</setting>
        <setting type="string" name="skin.water2.HomeItem.6.Sub">Movies</setting>
        <setting type="string" name="skin.water2.HomeItem.6.Addon">Videos</setting>
        <setting type="string" name="skin.water2.HomeItem.6.Widget">RecentMovies</setting>
        <setting type="string" name="skin.water2.HomeItem.6.Type">Movies</setting>
        <setting type="string" name="skin.water2.HomeItem.6.Display">Database</setting>
        <setting type="string" name="skin.water2.HomeItem.7.Label">[B][COLOR steelblue]M[/COLOR]ORE[/B]</setting>
        <setting type="string" name="skin.water2.HomeItem.7.Path">ActivateWindow(10025,plugin://plugin.program.super.favourites/?folder=more,return)</setting>
        <setting type="string" name="skin.water2.HomeItem.7.Sub">Settings</setting>
        <setting type="string" name="skin.water2.HomeItem.7.Addon">AddonSetTwelve</setting>
        <setting type="string" name="skin.water2.HomeItem.7.Widget">Weather</setting>
        <setting type="string" name="skin.water2.HomeItem.7.Type">System</setting>
        <setting type="string" name="skin.water2.HomeItem.7.Display">Database</setting>
        <setting type="string" name="skin.water2.HomeItem.8.Label">YouTube</setting>
        <setting type="string" name="skin.water2.HomeItem.8.Sub">Concerts</setting>
        <setting type="string" name="skin.water2.HomeItem.8.Addon">AddonSetTen</setting>
        <setting type="string" name="skin.water2.HomeItem.8.Widget">plugin://plugin.video.youtube/special/popular_right_now/</setting>
        <setting type="string" name="skin.water2.HomeItem.8.Type">Videos</setting>
        <setting type="string" name="skin.water2.HomeItem.8.Display">Default</setting>
        <setting type="string" name="skin.water2.HomeItem.9.Label">Programs</setting>
        <setting type="string" name="skin.water2.HomeItem.9.Sub">Programs</setting>
        <setting type="string" name="skin.water2.HomeItem.9.Addon">Programs</setting>
        <setting type="string" name="skin.water2.HomeItem.9.Widget">None</setting>
        <setting type="string" name="skin.water2.HomeItem.9.Type">Programs</setting>
        <setting type="string" name="skin.water2.HomeItem.9.Display">Default</setting>
        <setting type="string" name="skin.water2.HomeItem.10.Label">Stream</setting>
        <setting type="string" name="skin.water2.HomeItem.10.Sub">None</setting>
        <setting type="string" name="skin.water2.HomeItem.10.Addon">None</setting>
        <setting type="string" name="skin.water2.HomeItem.10.Widget">None</setting>
        <setting type="string" name="skin.water2.HomeItem.10.Type">Streaming</setting>
        <setting type="string" name="skin.water2.HomeItem.10.Display">Default</setting>
        <setting type="string" name="skin.water2.HomeItem.11.Label">DVD drive</setting>
        <setting type="string" name="skin.water2.HomeItem.11.Sub">PlayDisc</setting>
        <setting type="string" name="skin.water2.HomeItem.11.Addon">None</setting>
        <setting type="string" name="skin.water2.HomeItem.11.Widget">None</setting>
        <setting type="string" name="skin.water2.HomeItem.11.Type">PlayDisc</setting>
        <setting type="string" name="skin.water2.HomeItem.11.Display">Default</setting>
        <setting type="string" name="skin.water2.HomeItem.12.Label">System</setting>
        <setting type="string" name="skin.water2.HomeItem.12.Sub">Settings</setting>
        <setting type="string" name="skin.water2.HomeItem.12.Addon">None</setting>
        <setting type="string" name="skin.water2.HomeItem.12.Widget">None</setting>
        <setting type="string" name="skin.water2.HomeItem.12.Type">Settings</setting>
        <setting type="string" name="skin.water2.HomeItem.12.Display">Default</setting>
        <setting type="string" name="skin.water2.TopLeftHomeInfo">Weather</setting>
        <setting type="string" name="skin.water2.SubSettings.1.Label">[B]S[COLOR white]ettings[/COLOR][/B]</setting>
        <setting type="string" name="skin.water2.SubSettings.1.Path">ActivateWindow(Settings)</setting>
        <setting type="string" name="skin.water2.SubSettings.2.Path">Hidden</setting>
        <setting type="string" name="skin.water2.SubSettings.3.Path">Hidden</setting>
        <setting type="string" name="skin.water2.SubSettings.4.Path">Hidden</setting>
        <setting type="string" name="skin.water2.SubSettings.5.Path">Hidden</setting>
        <setting type="string" name="skin.water2.SubSettings.6.Path">Hidden</setting>
        <setting type="string" name="skin.water2.SubLiveTV.1.Label">[B]N[COLOR white]ews[/COLOR][/B]</setting>
        <setting type="string" name="skin.water2.SubLiveTV.1.Path">ActivateWindow(10025,plugin://plugin.video.water/?url=null&amp;mode=62,return)</setting>
        <setting type="string" name="skin.water2.SubLiveTV.2.Label">[B]S[COLOR white]ports[/COLOR][/B]</setting>
        <setting type="string" name="skin.water2.SubLiveTV.2.Path">ActivateWindow(10025,plugin://plugin.program.super.favourites/?label=Sports&amp;mode=400&amp;path=special%3A%2F%2Fhome%2Faddons%2Fscript.supafav%2FSuper%20Favourites%5CSports&amp;sf_options=fanart%3Dhttp%3A%2F%2Fwww.wallpaperup.com%2Fuploads%2Fwallpapers%2F2014%2F03%2F27%2F311934%2F2f89d9729679b4252ad07893d49d93e9.jpg%26_options_sf,return)</setting>
        <setting type="string" name="skin.water2.SubLiveTV.3.Label">[B]S[COLOR white]hows[/COLOR][/B]</setting>
        <setting type="string" name="skin.water2.SubLiveTV.3.Path">ActivateWindow(10025,plugin://plugin.video.water/?url=null&amp;mode=65,return)</setting>
        <setting type="string" name="skin.water2.SubLiveTV.4.Label">[B]F[COLOR white]oreign[/COLOR][/B]</setting>
        <setting type="string" name="skin.water2.SubLiveTV.4.Path">ActivateWindow(10025,plugin://plugin.video.water/?url=null&amp;mode=64,return)</setting>
        <setting type="string" name="skin.water2.SubLiveTV.5.Label">Hidden</setting>
        <setting type="string" name="skin.water2.SubLiveTV.5.Path">Hidden</setting>
        <setting type="string" name="skin.water2.SubLiveTV.6.Label">Hidden</setting>
        <setting type="string" name="skin.water2.SubLiveTV.6.Path">Hidden</setting>
        <setting type="string" name="skin.water2.SubLiveTV.7.Label">Hidden</setting>
        <setting type="string" name="skin.water2.SubLiveTV.7.Path">Hidden</setting>
        <setting type="string" name="skin.water2.SubLiveTV.9.Label">Hidden</setting>
        <setting type="string" name="skin.water2.SubLiveTV.9.Path">Hidden</setting>
        <setting type="string" name="skin.water2.SubMovies.1.Label">[B][COLOR white]Recent[/COLOR][/B]ly Added</setting>
        <setting type="string" name="skin.water2.SubMovies.1.Path">ActivateWindow(10025,plugin://plugin.video.water/?url=null&amp;mode=20,return)</setting>
        <setting type="string" name="skin.water2.SubMovies.2.Label">By [B][COLOR white]Year[/COLOR][/B]</setting>
        <setting type="string" name="skin.water2.SubMovies.2.Path">ActivateWindow(10025,plugin://plugin.video.water/?url=null&amp;mode=23,return)</setting>
        <setting type="string" name="skin.water2.SubMovies.3.Label">[B]G[COLOR white]enres[/COLOR][/B]</setting>
        <setting type="string" name="skin.water2.SubMovies.3.Path">ActivateWindow(10025,plugin://plugin.video.water/?url=null&amp;mode=24,return)</setting>
        <setting type="string" name="skin.water2.SubMovies.4.Label">By [B][COLOR white]Actors[/COLOR][/B]</setting>
        <setting type="string" name="skin.water2.SubMovies.4.Path">ActivateWindow(10025,plugin://plugin.video.water/?url=null&amp;mode=27,return)</setting>
        <setting type="string" name="skin.water2.SubMovies.5.Label">[B][COLOR white]Search [COLOR steelblue]Movies[/COLOR][/B]</setting>
        <setting type="string" name="skin.water2.SubMovies.5.Path">ActivateWindow(10025,plugin://plugin.video.water/?url=null&amp;mode=30,return)</setting>
        <setting type="string" name="skin.water2.SubMovies.6.Label">Hidden</setting>
        <setting type="string" name="skin.water2.SubMovies.6.Path">Hidden</setting>
        <setting type="string" name="skin.water2.SubMovies.7.Label">Hidden</setting>
        <setting type="string" name="skin.water2.SubMovies.7.Path">Hidden</setting>
        <setting type="string" name="skin.water2.SubTVShows.1.Label">[B][COLOR white]Recent[/COLOR][/B]ly Added</setting>
        <setting type="string" name="skin.water2.SubTVShows.1.Path">ActivateWindow(10025,plugin://plugin.video.water/?url=null&amp;mode=21,return)</setting>
        <setting type="string" name="skin.water2.SubTVShows.2.Label">[B][COLOR white]New[/COLOR][/B] Shows</setting>
        <setting type="string" name="skin.water2.SubTVShows.2.Path">ActivateWindow(10025,plugin://plugin.video.water/?url=null&amp;mode=22,return)</setting>
        <setting type="string" name="skin.water2.SubTVShows.3.Label">[B]By [COLOR white]Network[/COLOR][/B]</setting>
        <setting type="string" name="skin.water2.SubTVShows.3.Path">ActivateWindow(10025,plugin://plugin.video.water/?url=null&amp;mode=26,return)</setting>
        <setting type="string" name="skin.water2.SubTVShows.4.Label">[B]G[COLOR white]enres[/COLOR][/B]</setting>
        <setting type="string" name="skin.water2.SubTVShows.4.Path">ActivateWindow(10025,plugin://plugin.video.water/?url=null&amp;mode=25,return)</setting>
        <setting type="string" name="skin.water2.SubTVShows.5.Label">[B][COLOR white]Search[/COLOR] [COLOR steelblue]TV[/COLOR][/B]</setting>
        <setting type="string" name="skin.water2.SubTVShows.5.Path">ActivateWindow(10025,plugin://plugin.video.water/?url=null&amp;mode=31,return)</setting>
        <setting type="string" name="skin.water2.SubConcerts.1.Label">[B]S[COLOR white]earch[/COLOR][/B]</setting>
        <setting type="string" name="skin.water2.SubConcerts.1.Path">ActivateWindow(10025,plugin://plugin.video.youtube/kodion/search/list/,return)</setting>
        <setting type="string" name="skin.water2.SubConcerts.2.Label">[B]B[COLOR white]rowse[/COLOR][/B]</setting>
        <setting type="string" name="skin.water2.SubConcerts.2.Path">ActivateWindow(10025,plugin://plugin.video.youtube/special/browse_channels/,return)</setting>
        <setting type="string" name="skin.water2.SubConcerts.3.Label">[B]L[COLOR white]ive[/COLOR][/B]</setting>
        <setting type="string" name="skin.water2.SubConcerts.3.Path">ActivateWindow(10025,plugin://plugin.video.youtube/special/live/,return)</setting>
        <setting type="string" name="skin.water2.SubConcerts.4.Path">Hidden</setting>
        <setting type="string" name="skin.water2.SubConcerts.5.Path">Hidden</setting>
        <setting type="string" name="skin.water2.SubConcerts.6.Label">Hidden</setting>
        <setting type="string" name="skin.water2.AddonSetOne.1.Label">Winter Movies</setting>
        <setting type="string" name="skin.water2.AddonSetOne.1.Icon">http://icons.iconarchive.com/icons/iconshock/christmas/128/snowflake-icon.png</setting>
        <setting type="string" name="skin.water2.AddonSetOne.1.Path">ActivateWindow(10025,plugin://plugin.video.origin2/?action=movies&amp;url=http%3A%2F%2Fwww.imdb.com%2Flist%2Fls066656169 ,return)</setting>
        <setting type="string" name="skin.water2.AddonSetOne.2.Label">Christmas Movies</setting>
        <setting type="string" name="skin.water2.AddonSetOne.2.Icon">http://icons.iconarchive.com/icons/lovuhemant/merry-christmas/128/Santa-icon.png</setting>
        <setting type="string" name="skin.water2.AddonSetOne.2.Path">ActivateWindow(10025,plugin://plugin.video.origin2/?action=movies&amp;url=http%3A%2F%2Fwww.imdb.com%2Flist%2Fls066656656,return)</setting>
        <setting type="string" name="skin.water2.AddonSetThree.1.Label">TV Guide</setting>
        <setting type="string" name="skin.water2.AddonSetThree.1.Icon">http://rocketdock.com/images/screenshots/TV-Guide.png</setting>
        <setting type="string" name="skin.water2.AddonSetThree.1.Path">RunScript(script.waterguide,return)</setting>
        <setting type="string" name="skin.water2.AddonSetTwelve.1.Label">YouTube</setting>
        <setting type="string" name="skin.water2.AddonSetTwelve.1.Icon">http://www.usacapitol.com/SiteAssets/stay-connected/youtube-logo.png</setting>
        <setting type="string" name="skin.water2.AddonSetTwelve.1.Path">ActivateWindow(10025,plugin://plugin.video.youtube/ ,return)</setting>
        <setting type="string" name="skin.water2.AddonSetTwelve.2.Label">Music</setting>
        <setting type="string" name="skin.water2.AddonSetTwelve.3.Label">Documentaries</setting>
        <setting type="string" name="skin.water2.AddonSetTwelve.3.Icon">http://www.filmsite.org/images/documentary-genre.jpg</setting>
        <setting type="string" name="skin.water2.AddonSetTwelve.3.Path">ActivateWindow(10025,plugin://plugin.program.super.favourites/?folder=More/Documentaries,return)</setting>
        <setting type="string" name="skin.water2.AddonSetTwelve.4.Label">KidsTV</setting>
        <setting type="string" name="skin.water2.AddonSetTwelve.4.Icon">http://icons.iconarchive.com/icons/martin-berube/people/256/kid-icon.png</setting>
        <setting type="string" name="skin.water2.AddonSetTwelve.4.Path">ActivateWindow(10025,plugin://plugin.program.super.favourites/?folder=More/KidsTV,return)</setting>
        <setting type="string" name="skin.water2.AddonSetTwelve.5.Label">Stand-Up</setting>
        <setting type="string" name="skin.water2.AddonSetTwelve.5.Icon">https://lh6.ggpht.com/JH8vf9T54XQET1h-BgpvZrXedGkWEqG-K9DSgf_TXlU2r0WpM3NlZ817a3F9Ch83aBg=w150</setting>
        <setting type="string" name="skin.water2.AddonSetTwelve.5.Path">ActivateWindow(10025,plugin://plugin.video.phstreams/?action=directory&amp;url=http%3a%2f%2fone242415.offshorepastebin.com%2fCollections%2fStandup.xml,return)</setting>
        <setting type="string" name="skin.water2.UserConcertsSubMenu">YouTube</setting>

        <setting type="string" name="skin.water2.CustomBackgroundPath">C:\kodi\portable_data\addons\script.video.thelivebox\fanart.jpg</setting>
        <setting type="string" name="skin.water2.HomeVideosButton1">script.video.thelivebox</setting>



        <setting type="string" name="skin.water2.LastVideoPlayed">PlayMedia(&quot;C:\kodi\portable_data\addons\script.video.thelivebox\resources\video\livebox_id_2015.m4v&quot;)</setting>


    </skinsettings>
    <viewstates>
        <musicfiles>
            <viewmode>720896</viewmode>
            <sortmethod>1</sortmethod>
            <sortorder>1</sortorder>
            <sortattributes>0</sortattributes>
        </musicfiles>
        <musiclastfm>
            <viewmode>65536</viewmode>
            <sortmethod>1</sortmethod>
            <sortorder>1</sortorder>
            <sortattributes>0</sortattributes>
        </musiclastfm>
        <musicnavalbums>
            <viewmode>65536</viewmode>
            <sortmethod>1</sortmethod>
            <sortorder>1</sortorder>
            <sortattributes>0</sortattributes>
        </musicnavalbums>
        <musicnavartists>
            <viewmode>65536</viewmode>
            <sortmethod>1</sortmethod>
            <sortorder>1</sortorder>
            <sortattributes>0</sortattributes>
        </musicnavartists>
        <musicnavsongs>
            <viewmode>65536</viewmode>
            <sortmethod>1</sortmethod>
            <sortorder>1</sortorder>
            <sortattributes>0</sortattributes>
        </musicnavsongs>
        <pictures>
            <viewmode>720896</viewmode>
            <sortmethod>1</sortmethod>
            <sortorder>1</sortorder>
            <sortattributes>0</sortattributes>
        </pictures>
        <programs>
            <viewmode>720896</viewmode>
            <sortmethod>1</sortmethod>
            <sortorder>1</sortorder>
            <sortattributes>0</sortattributes>
        </programs>
        <videofiles>
            <viewmode>720896</viewmode>
            <sortmethod>1</sortmethod>
            <sortorder>1</sortorder>
            <sortattributes>0</sortattributes>
        </videofiles>
        <videonavactors>
            <viewmode>65536</viewmode>
            <sortmethod>1</sortmethod>
            <sortorder>1</sortorder>
            <sortattributes>0</sortattributes>
        </videonavactors>
        <videonavepisodes>
            <viewmode>720896</viewmode>
            <sortmethod>21</sortmethod>
            <sortorder>1</sortorder>
            <sortattributes>0</sortattributes>
        </videonavepisodes>
        <videonavgenres>
            <viewmode>65536</viewmode>
            <sortmethod>1</sortmethod>
            <sortorder>1</sortorder>
            <sortattributes>0</sortattributes>
        </videonavgenres>
        <videonavmusicvideos>
            <viewmode>65536</viewmode>
            <sortmethod>1</sortmethod>
            <sortorder>1</sortorder>
            <sortattributes>0</sortattributes>
        </videonavmusicvideos>
        <videonavseasons>
            <viewmode>65536</viewmode>
            <sortmethod>1</sortmethod>
            <sortorder>1</sortorder>
            <sortattributes>0</sortattributes>
        </videonavseasons>
        <videonavtitles>
            <viewmode>65536</viewmode>
            <sortmethod>1</sortmethod>
            <sortorder>1</sortorder>
            <sortattributes>0</sortattributes>
        </videonavtitles>
        <videonavtvshows>
            <viewmode>65536</viewmode>
            <sortmethod>1</sortmethod>
            <sortorder>1</sortorder>
            <sortattributes>0</sortattributes>
        </videonavtvshows>
        <videonavyears>
            <viewmode>65536</viewmode>
            <sortmethod>1</sortmethod>
            <sortorder>1</sortorder>
            <sortattributes>0</sortattributes>
        </videonavyears>
    </viewstates>
    <audio>
        <mute>false</mute>
        <fvolumelevel>1.000000</fvolumelevel>
    </audio>
</settings>
