<sources>
<programs>
<default pathversion="1"></default>
</programs>
<video>
<default pathversion="1"></default><source><name>PVR Recordings</name><path pathversion="1">pvr://recordings/active/Default/</path></source>
<source>
<name>TV</name>
<path pathversion="1">special://home/userdata/addon_data/general.data/TV/</path>
<allowsharing>true</allowsharing>
</source>
<source>
<name>Movies</name>
<path pathversion="1">special://home/userdata/addon_data/general.data/Movies/</path>
<allowsharing>true</allowsharing>
</source>
</video>
<music>
<default pathversion="1"></default>
<source>
<name>Music</name>
<path pathversion="1">special://home/userdata/addon_data/general.data/Music/</path>
<allowsharing>true</allowsharing>
</source>
</music>
<pictures>
<default pathversion="1"></default>
</pictures>
<files>
<default pathversion="1"></default>
<source>
<name>[COLOR blue]Downloaded Files[/COLOR]</name>
<path pathversion="1">/sdcard/Download/</path>
<allowsharing>true</allowsharing>
</source>
</files>
</sources>
https://offshoregit.com/Renegades/Install