<favourites>
	<favourite name="Genesis" thumb="http://s2.postimg.org/cmkrrnydv/genesis.jpg">ActivateWindow(10025,&quot;plugin://plugin.video.genesis/&quot;,return)</favourite>
	<favourite name="Icefilms" thumb="https://raw.githubusercontent.com/Eldorados/eldorado-xbmc-addons/master/repo/plugin.video.icefilms/icon.png">ActivateWindow(10025,&quot;plugin://plugin.video.icefilms/&quot;)</favourite>
	<favourite name="Phoenix" thumb="https://addons.tvaddons.ag/cache/images/3880d90319b7722685146e8b356c08_icon.png">ActivateWindow(10025,&quot;plugin://plugin.video.phstreams/&quot;)</favourite>
	<favourite name="ProjectFreeTV" thumb="http://s20.postimg.org/cx0jfbg0p/project_free_tv.jpg?noCache=1369862974">ActivateWindow(10025,&quot;plugin://plugin.video.pftvso?sf_options=fanart%3Dspecial%3A%2F%2Fhome%2Faddons%5Cplugin.video.pftvso%5Cfanart.jpg%26desc%3DWatch+movies+and+TV+Shows+available+at+projectfreetv.so%26_options_sf&quot;,return)</favourite>
	<favourite name="PrimeWire" thumb="http://2.bp.blogspot.com/-YAzo5Bs4luQ/UprvFdPZQPI/AAAAAAAAAyw/Zsxyy5j4YKo/s1600/icon.png">ActivateWindow(10025,&quot;plugin://plugin.program.super.favourites/?folder=More\Settings\Portal\Popular Addons\PrimeWire&quot;,return)</favourite>
	<favourite name="SALTS" thumb="https://superrepo.org/static/images/icons/original/xplugin.video.salts.png.pagespeed.ic.fEAVpjbkL2.jpg">ActivateWindow(10025,&quot;plugin://plugin.video.salts/&quot;)</favourite>
	<favourite name="USTV VoD" thumb="https://raw.githubusercontent.com/moneymaker365/plugin.video.ustvvod/master/icon.png">ActivateWindow(10025,&quot;plugin://plugin.video.ustvvod/?sf_options=desc%3DYour+Video-on-Demand+streaming+platform+from+US+TV+Networks%26_options_sf&quot;,return)</favourite>
	<favourite name="SportsDevil" thumb="https://www.tvaddons.ag/wp-content/uploads/2015/11/sportsdevil_icon.jpg">ActivateWindow(10025,&quot;plugin://plugin.video.SportsDevil/?sf_options=fanart%3Dspecial%3A%2F%2Fhome%2Faddons%5Cplugin.video.SportsDevil%5Cfanart.jpg%26_options_sf&quot;,return)</favourite>
	<favourite name="Entertainment [B]HUB[/B]" thumb="https://raw.githubusercontent.com/MrEntertainment/backupREPO/master/zips/plugin.video.allinone/icon.png">ActivateWindow(10025,&quot;plugin://plugin.video.allinone?sf_options=fanart%3Dspecial%3A%2F%2Fhome%2Faddons%5Cplugin.video.allinone%5Cfanart.jpg%26desc%3DPlay+a+wide+selection+of+scene+release+movies+and+Tv+shows+from+OCW+releasefree+ClickNWatchOnline+300MbMovies4u+Links+and+loads+more+in+this+%5BCOLOR+lime%5DSUPER+ADDON%5B%2FCOLOR%5D+1000%27s+and+1000%27s+of+movies+and+tv+shows+all+free....+best+hosts+are+vidlocker+hugefiles+vidto+mightyupload+vidbull+180upload+movreel+vidxden+vidbux+and+many+many+more...NOW+WITH+RADIO+STREAMING%26_options_sf&quot;,return)</favourite>
	<favourite name="UKTurk" thumb="special://home/addons\plugin.video.ukturk\icon.png">ActivateWindow(10025,&quot;plugin://plugin.video.ukturk/?sf_options=desc%3DFree+Playlists+courtesy+of+%40uk_turk%26_options_sf&quot;,return)</favourite>
	<favourite name="iSTREAM" thumb="https://superrepo.org/static/images/icons/original/xplugin.video.xunity.png.pagespeed.ic.sSQEImr3sX.png">ActivateWindow(10025,&quot;plugin://script.icechannel?sf_options=fanart%3Dspecial%3A%2F%2Fhome%2Faddons%5Cscript.icechannel%5Cfanart.jpg%26desc%3DiSTREAM%26_options_sf&quot;,return)</favourite>
	<favourite name="Velocity" thumb="https://offshoregit.com/Blazetamer/repo/raw/master/zips/plugin.video.velocity/icon.png">ActivateWindow(10025,&quot;plugin://plugin.video.velocity/&quot;,return)</favourite>
	<favourite name="Castaway" thumb="https://offshoregit.com/natko1412/zips/plugin.video.castaway/icon.png">ActivateWindow(10025,&quot;plugin://plugin.video.castaway?sf_options=fanart%3Dspecial%3A%2F%2Fhome%2Faddons%5Cplugin.video.castaway%5Cfanart.jpg%26desc%3DProvides+access+to+live+content+from+many+sites.%26_options_sf&quot;,return)</favourite>
</favourites>