<favourites>
	<favourite name="tubitv" thumb="http://etcandroid.com/wp-content/uploads/2015/08/tubi-tv-free-tv-movies.png">ActivateWindow(10025,&quot;plugin://plugin.video.tubitv/?sf_options=desc%3DTubi+TV+has+the+largest+library+of+FREE+videos+of+hit+and+cult+TV+shows+and+films%26_options_sf&quot;,return)</favourite>
	<favourite name="PopcornFlix" thumb="http://drogan.x10.mx/PSImages/pf_app.png">ActivateWindow(10025,&quot;plugin://plugin.video.popcornflix/&quot;)</favourite>
	<favourite name="Snagfilms" thumb="https://pbs.twimg.com/profile_images/344513261580445284/d5473f35acf972f382b5dfe659f5adb5_400x400.jpeg">ActivateWindow(10025,&quot;plugin://plugin.video.snagfilms?sf_options=desc%3DSnagFilms+offers+a+broad+collection+of+great+movies+you+can+watch+right+now%26_options_sf&quot;,return)</favourite>
	<favourite name="Crackle" thumb="http://totalxbmc.tv/addons/cache/images/13f642046bc44eae6a1a3fe8228059_icon.png">ActivateWindow(10025,&quot;plugin://plugin.video.ustvvod/?fanart=%22C%3a%5ckodi2%5cportable_data%5caddons%5cplugin.video.ustvvod%5cfanart.jpg%22&amp;mode=%22crackle%22&amp;name=%22Crackle%22&amp;sitemode=%22rootlist%22&amp;thumb=%22C%3a%5ckodi2%5cportable_data%5caddons%5cplugin.video.ustvvod%5cresources%5cimages%5ccrackle.png%22&amp;url=%22%22&quot;)</favourite>
	<favourite name="Crackle Movies" thumb="http://www.wirelessandmobilenews.com/108art/key_art_crackle_movies.jpg">ActivateWindow(10025,&quot;plugin://plugin.video.ustvvod/?fanart=%22C%3a%5ckodi24%5cportable_data%5caddons%5cplugin.video.ustvvod%5cfanart.jpg%22&amp;mode=%22crackle%22&amp;name=%22--Crackle%20Movies%22&amp;sitemode=%22episodes_movies%22&amp;thumb=%22C%3a%5ckodi24%5cportable_data%5caddons%5cplugin.video.ustvvod%5cresources%5cimages%5ccrackle.png%22&amp;url=%22http%3a%2f%2fapi.crackle.com%2fService.svc%2fbrowse%2fmovies%2fall%2fall%2falpha%2fus%3fformat%3djson%22&amp;sf_options=fanart%3Dspecial%3A%2F%2Fhome%2Faddons%5Cplugin.video.ustvvod%5Cfanart.jpg%26_options_sf&quot;)</favourite>
</favourites>