<favourites>
	<favourite name="UFC PPV" thumb="http://s20.postimg.org/k9rewr5lp/UFC_Icon.png">ActivateWindow(10025,&quot;plugin://plugin.video.phstreams/?action=ndmode&amp;audio=0&amp;content=0&amp;fanart=http%3a%2f%2fs20.postimg.org%2fid8xgs00t%2fSports_Background.jpg&amp;image=http%3a%2f%2fs20.postimg.org%2fk9rewr5lp%2fUFC_Icon.png&amp;name=UFC&amp;playable=false&amp;tvshow=0&amp;url=http%3a%2f%2fshanghai.watchkodi.com%2fSections%2fSports%2fSports%2520Replays%2fUFC.xml&amp;sf_options=fanart%3Dhttp%3A%2F%2Fs20.postimg.org%2Fid8xgs00t%2FSports_Background.jpg%26desc%3DDiscover+Great+Streaming+Playlists%21%26_options_sf&quot;,return)</favourite>
	<favourite name="UFC OnDemand" thumb="https://yt3.ggpht.com/-QeD1gcM_f7k/AAAAAAAAAAI/AAAAAAAAAAA/RrU6oF2FBU0/s240-c-k-no/photo.jpg">ActivateWindow(10025,&quot;plugin://plugin.video.youtube/channel/UCvgfXK4nTYKudb0rFR6noLA/&amp;sf_options=&quot;,return)</favourite>
	<favourite name="UFC ON FOX" thumb="https://yt3.ggpht.com/-lj8-zSzRk4E/AAAAAAAAAAI/AAAAAAAAAAA/7PEm8PTojB8/s240-c-k-no/photo.jpg">ActivateWindow(10025,&quot;plugin://plugin.video.youtube/channel/UCv_s-FKXBwsq1zy4GCR3Ycw/&amp;sf_options=&quot;,return)</favourite>
	<favourite name="[COLOR black]Replay - BACKUP[/COLOR]" thumb="http://s14.postimg.org/os4vwebfl/replays.jpg">ActivateWindow(10025,&quot;plugin://plugin.program.super.favourites/?label=[COLOR black]Replay - BACKUP[/COLOR]&amp;mode=400&amp;path=special%3A%2F%2Fhome%2Faddons%2Fscript.supafav%2FSuper%20Favourites%5CSports%5CUFC%5CReplay%20-%20BACKUP&amp;sf_options=fanart%3Dhttp%3A%2F%2Fwww.schoolsplus.co.uk%2Fharrispurley%2Fwp-content%2Fuploads%2Fsites%2F20%2F2014%2F08%2FSP-Harris-Purley-Pitch2.jpg%26_options_sf&quot;)</favourite>
</favourites>