<favourites>
	<favourite name="Relax" thumb="http://a1.mzstatic.com/us/r30/Purple/v4/6f/c1/41/6fc141b5-b7e6-361d-8273-ad78b7daf48c/icon128-2x.png">PlayMedia(&quot;plugin://plugin.video.youtube/play/?playlist_id=PL4166A6B67CF5C6AE&amp;order=shuffle&amp;play=1&amp;sf_options=winID%3D10025%26_options_sf&quot;)</favourite>
	<favourite name="Relax" thumb="http://a1.mzstatic.com/us/r30/Purple/v4/6f/c1/41/6fc141b5-b7e6-361d-8273-ad78b7daf48c/icon128-2x.png">PlayMedia(&quot;plugin://plugin.video.youtube/play/?playlist_id=PL2wOao9a7O2MQeOpykso4_zKAbOkvlA0I&amp;order=shuffle&amp;play=1&amp;sf_options=winID%3D10025%26_options_sf&quot;)</favourite>
	<favourite name="Relax" thumb="http://a1.mzstatic.com/us/r30/Purple/v4/6f/c1/41/6fc141b5-b7e6-361d-8273-ad78b7daf48c/icon128-2x.png">PlayMedia(&quot;plugin://plugin.video.youtube/play/?playlist_id=PLwTK3CGOf7iZBYuIvko3EvuuzlVJZ7uFb&amp;order=shuffle&amp;play=1&amp;sf_options=winID%3D10025%26_options_sf&quot;)</favourite>
	    <favourite name="Relax Live" thumb="C:\Kodi\portable_data\addons\plugin.video.youtube\resources\media\live.png">ActivateWindow(10025,&quot;plugin://plugin.video.youtube/kodion/search/query/?event_type=live&amp;q=relax&amp;search_type=video&quot;,return)</favourite>
    <favourite name="relax HD" thumb="C:\Kodi\portable_data\addons\plugin.video.youtube\resources\media\search.png">ActivateWindow(10025,&quot;plugin://plugin.video.youtube/kodion/search/query/?q=relax%20HD&quot;,return)</favourite>
    <favourite name="relax" thumb="C:\Kodi\portable_data\addons\plugin.video.youtube\resources\media\search.png">ActivateWindow(10025,&quot;plugin://plugin.video.youtube/kodion/search/query/?q=relax&quot;,return)</favourite>
	
</favourites>	