<favourites>
	<favourite name="Video Lectures" thumb="http://www.eduservex.org/images/video-classes.png">ActivateWindow(10025,&quot;plugin://plugin.video.freelecture/&quot;,return)</favourite>
	
	<favourite name="Learning Zone" thumb="https://mir-s3-cdn-cf.behance.net/project_modules/disp/6a293916650219.562af583e1f08.png">ActivateWindow(10025,&quot;plugin://plugin.video.learningzone/?sf_options=desc%3DWelcome+to+the+worlds+largest+collection+of+computer+and+technology+related+tutorials+on+XBMC%2FKODI%26_options_sf&quot;,return)</favourite>
	<favourite name="Teach Yourself" thumb="http://cosmix.offshorepastebin.com/Weblinks/icons/Teachyourselfsection.png">ActivateWindow(10025,&quot;plugin://plugin.video.phstreams/?action=xdirectory&amp;content=0&amp;url=%24doregex%5bdir%5d%7cregex%3db3e939bed804c3730c12925587dbc075&quot;,return)</favourite>
	 <favourite name="Microsoft Virtual Academy" thumb="https://mvastorage.microsoft.com/public/images/MVA-share-logo.png">ActivateWindow(10025,&quot;plugin://plugin.video.virtualacademy/&quot;,return)</favourite>
	<favourite name="TED Talks" thumb="https://superrepo.org/static/images/icons/original/xplugin.video.ted.talks.png.pagespeed.ic.e1aPvybB30.png">ActivateWindow(10025,&quot;plugin://plugin.video.ted.talks/&quot;,return)</favourite>
	<favourite name="Languages 101" thumb="https://i.imgsafe.org/63bbd0f.jpg">ActivateWindow(10025,&quot;plugin://plugin.video.phstreams/?action=directory&amp;content=0&amp;url=http%3A%2F%2Fpastebin.com%2Fraw%2FWNZjMCjr&quot;,return)</favourite>
	
	<favourite name="Khan Academy" thumb="http://main.makeuseoflimited.netdna-cdn.com/wp-content/uploads/2012/11/khan-academy-intro.jpg">ActivateWindow(10025,&quot;plugin://plugin.video.khanacademy/&quot;,return)</favourite>
	<favourite name="thenewboston" thumb="http://addons.kodi.tv/addon-data/cache/Addons/plugin.video.thenewboston/icon.png">ActivateWindow(10025,&quot;plugin://plugin.video.youtube/channel/UCJbPGzawDH1njbqV-D5HqKw/playlists/&quot;,return)</favourite>
	<favourite name="Professor Messer" thumb="https://yt3.ggpht.com/-FAIipL1A_io/AAAAAAAAAAI/AAAAAAAAAAA/2Mbx7YAASm4/s240-c-k-no/photo.jpg">ActivateWindow(10025,&quot;plugin://plugin.video.youtube/channel/UCkefXKtInZ9PLsoGRtml2FQ/&quot;,return)</favourite>
	<favourite name="Engineering TV" thumb="https://raw.githubusercontent.com/willforde/plugin.video.engineeringtv/master/icon.png">ActivateWindow(10025,&quot;plugin://plugin.video.engineeringtv/&quot;,return)</favourite>
	
	<favourite name="Search YouTube" thumb="special://home/addons\plugin.video.youtube\resources\media\new_search.png">ActivateWindow(10025,&quot;plugin://plugin.video.youtube/kodion/search/input/&quot;,return)</favourite>
</favourites>