<favourites>
	<favourite name="NOVA" thumb="http://image.pbs.org/contentchannels/42/TDVVeeJfPQazqZcojhWkQ.jpg">ActivateWindow(10025,&quot;plugin://plugin.video.thinktv/?mode=GE&amp;url=nova%7cepisodes%7c1&quot;,return)</favourite>
	<favourite name="Nature" thumb="http://image.pbs.org/contentchannels/39/AHPdzGz39tKOQyqVp6WQg.jpg">ActivateWindow(10025,&quot;plugin://plugin.video.thinktv/?mode=GE&amp;url=nature%7cepisodes%7c1&quot;,return)</favourite>
	<favourite name="Time Team America" thumb="http://image.pbs.org/contentchannels/51/01PUvdZoCtX70TgCLAMB7g.jpg">ActivateWindow(10025,&quot;plugin://plugin.video.thinktv/?mode=GE&amp;name=Episodes%20(9)&amp;url=time-team-america%7cepisodes%7c1&amp;sf_options=fanart%3Dhttp%3A%2F%2Fimage.pbs.org%2Fcontentchannels%2F51%2F01PUvdZoCtX70TgCLAMB7g.jpg%26_options_sf&quot;,return)</favourite>
	<favourite name="American Experince" thumb="http://image.pbs.org/contentchannels/144/SvOnrJuCkEmlxcSAwFlHBg.jpg">ActivateWindow(10025,&quot;plugin://plugin.video.thinktv/?mode=GE&amp;name=Episodes%20(23)&amp;url=american-experience%7cepisodes%7c1&amp;sf_options=fanart%3Dhttp%3A%2F%2Fimage.pbs.org%2Fcontentchannels%2F144%2FSvOnrJuCkEmlxcSAwFlHBg.jpg%26_options_sf&quot;,return)</favourite>
	<favourite name="History Detectives" thumb="http://image.pbs.org/contentchannels/23/GXnUJ35EMKJFOlLBbkXug.jpg">ActivateWindow(10025,&quot;plugin://plugin.video.thinktv/?mode=GE&amp;name=Episodes%20(60)&amp;url=history-detectives%7cepisodes%7c1&amp;sf_options=fanart%3Dhttp%3A%2F%2Fimage.pbs.org%2Fcontentchannels%2F23%2FGXnUJ35EMKJFOlLBbkXug.jpg%26_options_sf&quot;,return)</favourite>
	<favourite name="More" thumb="special://home/addons\plugin.video.thinktv\icon.png">ActivateWindow(10025,&quot;plugin://plugin.video.thinktv/?sf_options=desc%3DPBS+ThinkTV%26_options_sf&quot;,return)</favourite>
</favourites>