<favourites>
	<favourite name="Pro Sport" thumb="special://home/addons\plugin.video.prosport\icon.png">ActivateWindow(10025,&quot;plugin://plugin.video.prosport/&quot;,return)</favourite>
	<favourite name="[COLOR chartreuse]SportsDevil[/COLOR]" thumb="http://icons.iconarchive.com/icons/pixelpirate/futurama/128/Robot-Devil-icon.png">ActivateWindow(10025,&quot;plugin://plugin.video.SportsDevil&quot;)</favourite>
	<favourite name="[COLOR brown]Bob Sports[/COLOR]" thumb="http://norestrictions.club/norestrictions.club/blue/icons/Bob/Sports.jpg">ActivateWindow(10025,&quot;plugin://plugin.video.bob/?action=directory&amp;content=0&amp;url=http%3a%2f%2fnoobsandnerds.com%2fbob.noobsandnerds.com%2fsports%2flibatinten.xml&quot;,return)</favourite>
	<favourite name="[COLOR crimson]Phoenix Sports[/COLOR]" thumb="http://phoenixtv.offshorepastebin.com/art/main/DRAGONsports.jpg">ActivateWindow(10025,&quot;plugin://plugin.video.phstreams/?action=directory&amp;url=http%3a%2f%2fphoenixtv.offshorepastebin.com%2ftv%2fevents.xml&quot;,return)</favourite>
	<favourite name="Sportie" thumb="">ActivateWindow(10025,&quot;plugin://plugin.video.sportie/&quot;,return)</favourite>
	<favourite name="DC Sports" thumb="special://home/addons\plugin.video.DCSports\icon.png">ActivateWindow(10025,&quot;plugin://plugin.video.DCSports/&quot;,return)</favourite>
	<favourite name="NJM-Soccer" thumb="special://home/addons\plugin.video.NJMSoccer\icon.png">ActivateWindow(10025,&quot;plugin://plugin.video.NJMSoccer/&quot;,return)</favourite>
	<favourite name="UKTurk" thumb="http://metalkettle.co/UKTurk18022016/thumbs/new/Uk%20turk%20thumbnails%20sports.jpg">ActivateWindow(10025,&quot;plugin://plugin.video.ukturk/?description&amp;iconimage=http%3a%2f%2fmetalkettle.co%2fUKTurk18022016%2fthumbs%2fnew%2fUk%2520turk%2520thumbnails%2520sports.jpg&amp;mode=1&amp;name=Sports&amp;url=http%3A%2F%2Fukturk.offshorepastebin.com%2FUKTurk%2FSportsList.txt&amp;sf_options=fanart%3Dspecial%3A%2F%2Fhome%2Faddons%5Cplugin.video.ukturk%5Cfanart.jpg%26_options_sf&quot;,return)</favourite>
	<favourite name="ZemTV Sports" thumb="DefaultFolder.png">ActivateWindow(10025,&quot;plugin://plugin.video.ZemTV-shani/?mode=13&amp;name=Sports&amp;url=Live&amp;sf_options=&quot;,return)</favourite>
	<favourite name="PAC12" thumb="http://x.pac-12.com/profiles/pac12/modules/features/pac12_standings/images/pac12.png">ActivateWindow(10025,&quot;plugin://plugin.program.super.favourites/?label=[COLOR azure]College Sports[/COLOR]&amp;mode=400&amp;folder=Sports%5CCollege%20Sports&amp;sf_options=fanart%3DNULL%26_options_sf&quot;,return)</favourite>
	<favourite name="MAMAHD UFC Links" thumb="http://dkrepo.netai.net/UltimateUfc/UFC%20Art/Other/Mamahd.png">ActivateWindow(10025,&quot;plugin://plugin.video.ufc-finest/?description&amp;fanart=http%3a%2f%2fdkrepo.netai.net%2fUltimateUfc%2fUFC%2520Art%2fOther%2fMamahd.jpg&amp;mode=11&amp;name=%5bCOLOR%20white%5dM%5b%2fCOLOR%5d%5bCOLOR%20red%5dA%5b%2fCOLOR%5d%5bCOLOR%20white%5dM%5b%2fCOLOR%5d%5bCOLOR%20red%5dA%5b%2fCOLOR%5d%5bCOLOR%20white%5dH%5b%2fCOLOR%5d%5bCOLOR%20red%5dD%5b%2fCOLOR%5d%20%5bCOLOR%20white%5dUFC%5b%2fCOLOR%5d%20%5bCOLOR%20red%5dLinks%5b%2fCOLOR%5d&amp;url=http%3a%2f%2fmamahd.com%2fboxing-wwe-ufc-live-streaming.html&quot;,return)</favourite>
	<favourite name="Sports" thumb="special://home/addons\plugin.video.sanctuary\icon.png">ActivateWindow(10025,&quot;plugin://plugin.video.sanctuary/?description&amp;extra&amp;fanart=C%3a%5ckodi%5cportable_data%5caddons%5cplugin.video.sanctuary%5cfanart.jpg&amp;iconimage=C%3a%5ckodi%5cportable_data%5caddons%5cplugin.video.sanctuary%5cicon.png&amp;mode=40&amp;name=Sports&amp;url&amp;sf_options=fanart%3Dspecial%3A%2F%2Fhome%2Faddons%5Cplugin.video.sanctuary%5Cfanart.jpg%26meta%3Dlabel%253DSports%2526userrating%253DListItem.userrating%2526title%253DSports%26_options_sf&quot;,return)</favourite>
</favourites>