<favourites>
	<favourite name="[COLOR aqua]Channels[/COLOR]" thumb="https://lh3.ggpht.com/SIUMgUFGwAeTPpbM3Dkld_9us-puS3feyY4fjqVyo6w7XeJ5csix1t7L9eQjCGzbRPM=w300">ActivateWindow(10025,&quot;plugin://plugin.program.super.favourites/?label=Channels&amp;mode=400&amp;folder=Sports%2FChannels&amp;sf_options=fanart%3DC%3A%5Ckodi%5Caddons%5Cplugin.program.super.favourites%5Cfanart.jpg%26_options_sf&quot;,return)</favourite>
	<favourite name="[COLOR chartreuse]Castaway[/COLOR]" thumb="https://offshoregit.com/natko1412/zips/plugin.video.castaway/icon.png">ActivateWindow(10025,&quot;plugin://plugin.video.castaway?sf_options=fanart%3Dspecial%3A%2F%2Fhome%2Faddons%5Cplugin.video.castaway%5Cfanart.jpg%26desc%3DProvides+access+to+live+content+from+many+sites.%26_options_sf&quot;,return)</favourite>
	<favourite name="[COLOR chartreuse]SportsDevil[/COLOR]" thumb="http://icons.iconarchive.com/icons/pixelpirate/futurama/128/Robot-Devil-icon.png">ActivateWindow(10025,&quot;plugin://plugin.video.SportsDevil&quot;)</favourite>
	<favourite name="[COLOR blue]ZemTV Sports[/COLOR]" thumb="DefaultFolder.png">ActivateWindow(10025,&quot;plugin://plugin.video.ZemTV-shani/?mode=13&amp;name=Sports&amp;url=Live&amp;sf_options=&quot;,return)</favourite>
	<favourite name="UKTurk" thumb="http://metalkettle.co/UKTurk18022016/thumbs/new/Uk%20turk%20thumbnails%20sports.jpg">ActivateWindow(10025,&quot;plugin://plugin.video.ukturk/?description&amp;iconimage=http%3a%2f%2fmetalkettle.co%2fUKTurk18022016%2fthumbs%2fnew%2fUk%2520turk%2520thumbnails%2520sports.jpg&amp;mode=1&amp;name=Sports&amp;url=http%3a%2f%2fmetalkettle.co%2fUKTurk18022016%2fSportsList.txt&amp;sf_options=fanart%3Dspecial%3A%2F%2Fhome%2Faddons%5Cplugin.video.ukturk%5Cfanart.jpg%26_options_sf&quot;,return)</favourite>
	<favourite name="Phoenix Sports" thumb="http://phoenixtv.offshorepastebin.com/art/main/DRAGONsports.jpg">ActivateWindow(10025,&quot;plugin://plugin.video.phstreams/?action=directory&amp;url=http%3a%2f%2fphoenixtv.offshorepastebin.com%2ftv%2fevents.xml&quot;,return)</favourite>
	<favourite name="Sport365.live" thumb="http://img.phone.baidu.com/public/uploads/store_10/8/7/2/e145061a53cfc8d643199aaeb87c74b3_130x130.png">ActivateWindow(10025,&quot;plugin://plugin.video.ZemTV-shani/?mode=56&amp;name=Sport365.live&amp;url=sss&quot;,return)</favourite>
	<favourite name="ZonaSports" thumb="">ActivateWindow(10025,&quot;plugin://plugin.video.ZemTV-shani/?mode=68&amp;name=Mona&amp;url=sss&quot;,return)</favourite>
	<favourite name="[COLOR black]BETA[/COLOR]" thumb="special://home/addons\plugin.video.FSSport\icon.png">ActivateWindow(10025,&quot;plugin://plugin.program.super.favourites/?label=BETA&amp;mode=400&amp;folder=Sports%2FSports%20Addons%2FBETA&amp;sf_options=fanart%3DC%3A%5Ckodi%5Caddons%5Cplugin.program.super.favourites%5Cfanart.jpg%26_options_sf&quot;)</favourite>
</favourites>