<favourites>
	<favourite name="NATGEO" thumb="http://cdn.vaughnsoft.com/vaughnsoft/vaughn/img_profiles/lmshows_ngbbc_320.jpg">PlayMedia(&quot;plugin://plugin.stream.vaughnlive.tv/?sourcetype=auto&amp;title=vaughn&amp;url=http%3A%2F%2Fvaughnlive.tv%2Flmshows_ngbbc&amp;section=&amp;site=&amp;mode=PlayLiveStream&amp;channel=lmshows_ngbbc&quot;)</favourite>
	<favourite name="Science, History, Anthrapology" thumb="http://cdn.vaughnsoft.com/vaughnsoft/vaughn/img_profiles/historyscienceetc_320.jpg">PlayMedia(&quot;plugin://plugin.stream.vaughnlive.tv/?sourcetype=auto&amp;title=vaughn&amp;url=http%3A%2F%2Fvaughnlive.tv%2Fhistoryscienceetc&amp;section=&amp;site=&amp;mode=PlayLiveStream&amp;channel=historyscienceetc&quot;)</favourite>
	<favourite name="Ancient Warriors, Cosmos, Wormhole, Mythbusters, Meteorite Men" thumb="http://cdn.vaughnsoft.com/vaughnsoft/vaughn/img_profiles/discoveryhouse_320.jpg">PlayMedia(&quot;plugin://plugin.stream.vaughnlive.tv/?sourcetype=auto&amp;title=vaughn&amp;url=http%3A%2F%2Fvaughnlive.tv%2Fdiscoveryhouse&amp;section=&amp;site=&amp;mode=PlayLiveStream&amp;channel=discoveryhouse&quot;)</favourite>
	<favourite name="Man Vs Wild" thumb="http://cdn.vaughnsoft.com/vaughnsoft/vaughn/img_profiles/lmshows_mws_320.jpg">PlayMedia(&quot;plugin://plugin.stream.vaughnlive.tv/?sourcetype=auto&amp;title=vaughn&amp;url=http%3A%2F%2Fvaughnlive.tv%2Flmshows_mws&amp;section=&amp;site=&amp;mode=PlayLiveStream&amp;channel=lmshows_mws&quot;)</favourite>
	<favourite name="Pawn Shows" thumb="http://cdn.vaughnsoft.com/vaughnsoft/vaughn/img_profiles/lmshows_hps_320.jpg">PlayMedia(&quot;plugin://plugin.stream.vaughnlive.tv/?sourcetype=auto&amp;title=vaughn&amp;url=http%3A%2F%2Fvaughnlive.tv%2Flmshows_hps&amp;section=&amp;site=&amp;mode=PlayLiveStream&amp;channel=lmshows_hps&quot;)</favourite>
	<favourite name="MasterChef" thumb="http://cdn.vaughnsoft.com/vaughnsoft/vaughn/img_profiles/changoxpr_320.jpg">PlayMedia(&quot;plugin://plugin.stream.vaughnlive.tv/?sourcetype=auto&amp;img=http%3A%2F%2Fcdn.vaughnsoft.com%2Fvaughnsoft%2Fvaughn%2Fimg_profiles%2Fchangoxpr_320.jpg&amp;title=changoxpr&amp;url=http%3A%2F%2Fvaughnlive.tv%2Fchangoxpr&amp;section=&amp;site=&amp;mode=PlayLiveStream&amp;fimg=http%3A%2F%2Fcdn.vaughnsoft.com%2Fvaughnsoft%2Fvaughnlive%2Fimg_backgrounds%2Fchangoxpr.jpg&amp;channel=changoxpr&quot;)</favourite>
	<favourite name="Shark Tank" thumb="http://cdn.vaughnsoft.com/vaughnsoft/vaughn/img_profiles/111aaacharkreality_320.jpg">PlayMedia(&quot;plugin://plugin.stream.vaughnlive.tv/?sourcetype=auto&amp;img=http%3A%2F%2Fcdn.vaughnsoft.com%2Fvaughnsoft%2Fvaughn%2Fimg_profiles%2F111aaacharkreality_320.jpg&amp;title=111aaacharkreality&amp;url=http%3A%2F%2Fvaughnlive.tv%2F111aaacharkreality&amp;section=&amp;site=&amp;mode=PlayLiveStream&amp;fimg=http%3A%2F%2Fcdn.vaughnsoft.com%2Fvaughnsoft%2Fvaughnlive%2Fimg_backgrounds%2F111aaacharkreality.jpg&amp;channel=111aaacharkreality&quot;)</favourite>
	<favourite name="Military History" thumb="http://cdn.vaughnsoft.com/vaughnsoft/vaughn/img_profiles/military_history_320.jpg">PlayMedia(&quot;plugin://plugin.stream.vaughnlive.tv/?sourcetype=auto&amp;img=http%3A%2F%2Fcdn.vaughnsoft.com%2Fvaughnsoft%2Fvaughn%2Fimg_profiles%2Fmilitary_history_320.jpg&amp;title=military+history&amp;url=http%3A%2F%2Fvaughnlive.tv%2Fmilitary_history&amp;section=&amp;site=&amp;mode=PlayLiveStream&amp;fimg=http%3A%2F%2Fcdn.vaughnsoft.com%2Fvaughnsoft%2Fvaughnlive%2Fimg_backgrounds%2Fmilitary_history.jpg&amp;channel=military_history&quot;)</favourite>
</favourites>