<favourites>
	<favourite name="Captain Planet" thumb="http://epguides.com/CaptainPlanet/cast.jpg">ActivateWindow(10025,&quot;plugin://plugin.video.funniermoments/?image=C%3a%5ckodi15f%5cportable_data%5caddons%5cplugin.video.funniermoments%5cicon.png&amp;mode=500&amp;page=1&amp;title=Captain%20Planet%20(26%20videos)&amp;url=http%3a%2f%2fwww.funniermoments.com%2fbrowse-captainplanet-videos-1-date.html&quot;,return)</favourite>
	<favourite name="C.O.P.S (1988)" thumb="http://www.funniermoments.com/uploads/tm_category_img/68_category_img_th.jpg">ActivateWindow(10025,&quot;plugin://plugin.video.funniermoments/?image=C%3a%5ckodi15f%5cportable_data%5caddons%5cplugin.video.funniermoments%5cicon.png&amp;mode=500&amp;page=1&amp;title=C.O.P.S%20(1988)%20(65%20videos)&amp;url=http%3a%2f%2fwww.funniermoments.com%2fbrowse-cops-videos-1-date.html&quot;,return)</favourite>
	<favourite name="Robocop [The Animated Series] (12 videos)" thumb="  ">ActivateWindow(10025,&quot;plugin://plugin.video.funniermoments/?image=C%3a%5ckodi15f%5cportable_data%5caddons%5cplugin.video.funniermoments%5cicon.png&amp;mode=500&amp;page=1&amp;title=Robocop%20%5bThe%20Animated%20Series%5d%20(12%20videos)&amp;url=http%3a%2f%2fwww.funniermoments.com%2fbrowse-robocop-videos-1-date.html&quot;,return)</favourite>
	<favourite name="Street Sharks" thumb="http://www.funniermoments.com/uploads/tm_category_img/93_category_img_th.jpg">ActivateWindow(10025,&quot;plugin://plugin.video.funniermoments/?image=C%3a%5ckodi151%5cportable_data%5caddons%5cplugin.video.funniermoments%5cicon.png&amp;mode=500&amp;page=1&amp;title=Street%20Sharks%20(40%20videos)&amp;url=http%3a%2f%2fwww.funniermoments.com%2fbrowse-streetsharks-videos-1-date.html&quot;,return)</favourite>
	<favourite name="The Tick)" thumb="http://www.funniermoments.com/uploads/tm_category_img/85_category_img_th.jpg">ActivateWindow(10025,&quot;plugin://plugin.video.funniermoments/?image=C%3a%5ckodi151%5cportable_data%5caddons%5cplugin.video.funniermoments%5cicon.png&amp;mode=500&amp;page=1&amp;title=The%20Tick%20(36%20videos)&amp;url=http%3a%2f%2fwww.funniermoments.com%2fbrowse-tick-videos-1-date.html&quot;,return)</favourite>
	<favourite name="GI Joe 1985 (Series)" thumb="http://i.adrise.tv/7_2_1.png">ActivateWindow(10025,&quot;plugin://plugin.video.tubitv/?mode=GE&amp;name=GI%20Joe%201985%20(Series)&amp;url=.%2fvideo%3fid%3d101266%26title%3dS01%3aE06_-_United_We_Stand%7cGI%20Joe%201985%20(Series)&quot;,return)</favourite>
	<favourite name="Conan The Adventurer (Series)" thumb="http://i.adrise.tv/5_2_1.png">ActivateWindow(10025,&quot;plugin://plugin.video.tubitv/?mode=GE&amp;name=Conan%20The%20Adventurer%20(Series)&amp;url=.%2fvideo%3fid%3d98742%26title%3dS01%3aE01_-_The_Night_of_the_Fiery_Tears%7cConan%20The%20Adventurer%20(Series)&quot;,return)</favourite>
	<favourite name="GI Joe 1985 (Series)" thumb="http://i.adrise.tv/7_2_1.png">ActivateWindow(10025,&quot;plugin://plugin.video.tubitv/?mode=GE&amp;name=GI%20Joe%201985%20(Series)&amp;url=.%2fvideo%3fid%3d101266%26title%3dS01%3aE06_-_United_We_Stand%7cGI%20Joe%201985%20(Series)&quot;,return)</favourite>
	<favourite name="GI Joe - RAH (Series)" thumb="http://i.adrise.tv/8_2_1.png">ActivateWindow(10025,&quot;plugin://plugin.video.tubitv/?mode=GE&amp;name=GI%20Joe%20-%20RAH%20(Series)&amp;url=.%2fvideo%3fid%3d183513%26title%3dS01%3aE01_-_The_Pyramid_of_Darkness%2c_Pt.1%3a_The_Further_Adventures_of_G.I._Joe%7cGI%20Joe%20-%20RAH%20(Series)&quot;,return)</favourite>
	<favourite name="Transformers Cybertron (Series)" thumb="http://i.adrise.tv/3_2_1.png">ActivateWindow(10025,&quot;plugin://plugin.video.tubitv/?mode=GE&amp;name=Transformers%20Cybertron%20(Series)&amp;url=.%2fvideo%3fid%3d110903%26title%3dS01%3aE01_-_Fallen%7cTransformers%20Cybertron%20(Series)&quot;,return)</favourite>
	<favourite name="Transformers: Armada (Series)" thumb="http://i.adrise.tv/9_2_1.png">ActivateWindow(10025,&quot;plugin://plugin.video.tubitv/?mode=GE&amp;name=Transformers%3a%20Armada%20(Series)&amp;url=.%2fvideo%3fid%3d98772%26title%3dS01%3aE01_-_First_Encounter%7cTransformers%3a%20Armada%20(Series)&quot;,return)</favourite>
	<favourite name="Transformers Energon (Series)" thumb="http://i.adrise.tv/4_2_1.png">ActivateWindow(10025,&quot;plugin://plugin.video.tubitv/?mode=GE&amp;name=Transformers%20Energon%20(Series)&amp;url=.%2fvideo%3fid%3d104022%26title%3dS01%3aE01_-_Cybertron_City%7cTransformers%20Energon%20(Series)&quot;,return)</favourite>
	<favourite name="Transformers - The Animated Series (Series)" thumb="http://i.adrise.tv/17_2_1.png">ActivateWindow(10025,&quot;plugin://plugin.video.tubitv/?mode=GE&amp;name=Transformers%20-%20The%20Animated%20Series%20(Series)&amp;url=.%2fvideo%3fid%3d101267%26title%3dS01%3aE01_-_Transform_And_Roll_Out!__Part_1%7cTransformers%20-%20The%20Animated%20Series%20(Series)&quot;,return)</favourite>
	<favourite name="Transformers Generation 1 (Series)" thumb="http://i.adrise.tv/10_2_1.png">ActivateWindow(10025,&quot;plugin://plugin.video.tubitv/?mode=GE&amp;name=Transformers%20Generation%201%20(Series)&amp;url=.%2fvideo%3fid%3d111770%26title%3dS01%3aE01_-_More_Than_Meets_The_Eye%2c_Part_1%7cTransformers%20Generation%201%20(Series)&quot;,return)</favourite>
	<favourite name="GI Joe Renegades (Series)" thumb="http://i.adrise.tv/12_2_1.png">ActivateWindow(10025,&quot;plugin://plugin.video.tubitv/?mode=GE&amp;name=GI%20Joe%20Renegades%20(Series)&amp;url=.%2fvideo%3fid%3d113645%26title%3dS01%3aE01_-_The_Descent%2c_Pt._1%7cGI%20Joe%20Renegades%20(Series)&quot;,return)</favourite>
</favourites>