<favourites>
	<favourite name="Search Movies" thumb="http://www.filmgator.com/black/pics/tour_search.png">ActivateWindow(10025,&quot;plugin://plugin.video.origin2/?action=movieSearch&amp;sf_options=&quot;,return)</favourite>
	<favourite name="Search Actors" thumb="">ActivateWindow(10025,&quot;plugin://plugin.video.origin2/?action=moviePerson&amp;sf_options=&quot;,return)</favourite>
	
	
	<favourite name="" thumb="">ActivateWindow(10025,&quot;&quot;,return)</favourite>
	<favourite name="" thumb="">ActivateWindow(10025,&quot;&quot;,return)</favourite>
	<favourite name="Search Movies - SALTS" thumb="">ActivateWindow(10025,&quot;plugin://plugin.video.salts/?mode=search&amp;section=Movies&amp;sf_options=&quot;,return)</favourite>
	
	<favourite name="Search Movies - ZEN" thumb="http://www.filmgator.com/black/pics/tour_search.png">ActivateWindow(10025,&quot;plugin://plugin.video.zen/?action=movieSearch&amp;sf_options=&quot;,return)</favourite>
	
</favourites>