<favourites>
	<favourite name="[B]Channels[/B]" thumb="special://home/addons\plugin.video.youtube\resources\media\channels.png">ActivateWindow(10025,&quot;plugin://plugin.video.youtube/kodion/search/query/?q=%23documentaryfilms&amp;search_type=channel&amp;sf_options=fanart%3Dspecial%3A%2F%2Fhome%2Faddons%5Cplugin.video.youtube%5Cresources%5Cmedia%5Cfanart.jpg%26_options_sf/&amp;sf_options=&quot;,return)</favourite>
	<favourite name="Documentary Films" thumb="https://yt3.ggpht.com/-ZCw3tOEkrsg/AAAAAAAAAAI/AAAAAAAAAAA/ib3gBftnpfM/s240-c-k-no/photo.jpg">ActivateWindow(10025,&quot;plugin://plugin.video.youtube/channel/UCFNOfDYPymk6Z_O8Pd94JDg/&amp;sf_options=&quot;,return)</favourite>
	<favourite name="World Documentary Films" thumb="https://yt3.ggpht.com/-xro0nyuRMgE/AAAAAAAAAAI/AAAAAAAAAAA/8o4bBnrQcA4/s240-c-k-no/photo.jpg">ActivateWindow(10025,&quot;plugin://plugin.video.youtube/channel/UCT2MBfODjPqoafZAdROdhVg/&amp;sf_options=&quot;,return)</favourite>
	<favourite name="Wildlife Documentary Films" thumb="https://yt3.ggpht.com/-lgOmajYIqhc/AAAAAAAAAAI/AAAAAAAAAAA/2zeoIm22t1M/s240-c-k-no/photo.jpg">ActivateWindow(10025,&quot;plugin://plugin.video.youtube/channel/UC6j4L9gEgJgjVW4CUuqn1cA/&amp;sf_options=&quot;,return)</favourite>
	<favourite name="AMAZING DOCUMENTARY FILMS" thumb="https://yt3.ggpht.com/-Tec_dp-ZIvc/AAAAAAAAAAI/AAAAAAAAAAA/98-xMXvduJw/s240-c-k-no/photo.jpg">ActivateWindow(10025,&quot;plugin://plugin.video.youtube/channel/UCS7TfLei64l_J49vOMl_-yw/&amp;sf_options=&quot;,return)</favourite>
	<favourite name="Top Documentary Films HD" thumb="https://yt3.ggpht.com/--2324mKeFy0/AAAAAAAAAAI/AAAAAAAAAAA/HNsgdIEuADk/s240-c-k-no/photo.jpg">ActivateWindow(10025,&quot;plugin://plugin.video.youtube/channel/UCG-jzQI7XKEPfCfyEpVkDTw/&amp;sf_options=&quot;,return)</favourite>
	<favourite name="Documentary Films" thumb="https://yt3.ggpht.com/-OWLAkSjLxHg/AAAAAAAAAAI/AAAAAAAAAAA/yqNSMyn4SQU/s240-c-k-no/photo.jpg">ActivateWindow(10025,&quot;plugin://plugin.video.youtube/channel/UCGG4hOeW8VKZN4OltQg9NOg/&amp;sf_options=&quot;,return)</favourite>
	<favourite name="World Documentary Films" thumb="https://yt3.ggpht.com/-NGZvRtM9d5U/AAAAAAAAAAI/AAAAAAAAAAA/ra4WvofB1z0/s240-c-k-no/photo.jpg">ActivateWindow(10025,&quot;plugin://plugin.video.youtube/channel/UC7q70UEiM7BMxqA72_vC8mQ/&amp;sf_options=&quot;,return)</favourite>
	<favourite name="Amazing Documentary Films" thumb="https://yt3.ggpht.com/-sKaRTdKoXPI/AAAAAAAAAAI/AAAAAAAAAAA/eYzSvWq_P0w/s240-c-k-no/photo.jpg">ActivateWindow(10025,&quot;plugin://plugin.video.youtube/channel/UChrxTt337MzvC11Jea9FpEw/&amp;sf_options=&quot;,return)</favourite>
	<favourite name="Documentary Films Channel" thumb="https://yt3.ggpht.com/-cNYx5BIS3rc/AAAAAAAAAAI/AAAAAAAAAAA/g1oLHCBk31A/s240-c-k-no/photo.jpg">ActivateWindow(10025,&quot;plugin://plugin.video.youtube/channel/UCgh4sR5PoDmYf0O5DvbqNVQ/&amp;sf_options=&quot;,return)</favourite>
	<favourite name="World Documentary Films" thumb="https://yt3.ggpht.com/-Of1DF0CGiqk/AAAAAAAAAAI/AAAAAAAAAAA/r9Bj_YNxkHY/s240-c-k-no/photo.jpg">ActivateWindow(10025,&quot;plugin://plugin.video.youtube/channel/UCu0AHiRkmFccCXoJjcWlBWA/&amp;sf_options=&quot;,return)</favourite>
	<favourite name="Amazing Documentary Films" thumb="https://yt3.ggpht.com/-ZDaMI1pl2xc/AAAAAAAAAAI/AAAAAAAAAAA/nyvIR9r_ZCQ/s240-c-k-no/photo.jpg">ActivateWindow(10025,&quot;plugin://plugin.video.youtube/channel/UCELM2whE23EvVoFY-G08FPQ/&amp;sf_options=&quot;,return)</favourite>
	<favourite name="Geographic TV" thumb="https://yt3.ggpht.com/-d7diZiskz28/AAAAAAAAAAI/AAAAAAAAAAA/Wilwa8GlvjI/s240-c-k-no/photo.jpg">ActivateWindow(10025,&quot;plugin://plugin.video.youtube/channel/UCKdOt6Kd7qVly7fkzpEP03g/&amp;sf_options=&quot;,return)</favourite>
	<favourite name="National Geographic MegaFactories" thumb="https://yt3.ggpht.com/-j0a5c0SRL0g/AAAAAAAAAAI/AAAAAAAAAAA/ejDessmb_vg/s240-c-k-no/photo.jpg">ActivateWindow(10025,&quot;plugin://plugin.video.youtube/channel/UCsCXOEblQn0V1hN9UxnHmdA/&amp;sf_options=&quot;,return)</favourite>
	<favourite name="World Documentary Movies" thumb="https://yt3.ggpht.com/-wmgupNlMAuU/AAAAAAAAAAI/AAAAAAAAAAA/i18wHYL0w4Q/s240-c-k-no/photo.jpg">ActivateWindow(10025,&quot;plugin://plugin.video.youtube/channel/UC-w7zlHKdPCniIilV_P65Bw/&amp;sf_options=&quot;,return)</favourite>
	<favourite name="BIOGRAPHY DOCUMENTARY" thumb="https://yt3.ggpht.com/-RdEW3xah828/AAAAAAAAAAI/AAAAAAAAAAA/aj0iJPUhE0I/s240-c-k-no/photo.jpg">ActivateWindow(10025,&quot;plugin://plugin.video.youtube/channel/UCHCm4vvWco51DuplB--OFZg/&amp;sf_options=&quot;,return)</favourite>
	<favourite name="History Documentary" thumb="https://yt3.ggpht.com/-jiKpXvhuhKo/AAAAAAAAAAI/AAAAAAAAAAA/jINE6bPmQro/s240-c-k-no/photo.jpg">ActivateWindow(10025,&quot;plugin://plugin.video.youtube/channel/UCaXsssMMYcVSwdY3VpriCZg/&amp;sf_options=&quot;,return)</favourite>
	<favourite name="World Documentary HD" thumb="https://yt3.ggpht.com/-jyHI_BfK5vk/AAAAAAAAAAI/AAAAAAAAAAA/zd1jXxHzP7Y/s240-c-k-no/photo.jpg">ActivateWindow(10025,&quot;plugin://plugin.video.youtube/channel/UCpOtExup11cFzXiObrmdrpg/&amp;sf_options=&quot;,return)</favourite>
	<favourite name="Documentary TV" thumb="https://yt3.ggpht.com/-ZNth0AcfItc/AAAAAAAAAAI/AAAAAAAAAAA/LT5_WKP7zFU/s240-c-k-no/photo.jpg">ActivateWindow(10025,&quot;plugin://plugin.video.youtube/channel/UC0DQWMBaRAq1lmo9jVPqc2w/&amp;sf_options=&quot;,return)</favourite>
	<favourite name="Amazing TV" thumb="https://yt3.ggpht.com/-XTNbjdlmPjw/AAAAAAAAAAI/AAAAAAAAAAA/rCtmvqNuI3c/s240-c-k-no/photo.jpg">ActivateWindow(10025,&quot;plugin://plugin.video.youtube/channel/UCwb3vjzCsgzd6XkV5LMmeUA/&amp;sf_options=&quot;,return)</favourite>
	<favourite name="Documentary Videos" thumb="https://yt3.ggpht.com/-0BxEG9NO9R8/AAAAAAAAAAI/AAAAAAAAAAA/lU4-_iTN2GE/s240-c-k-no/photo.jpg">ActivateWindow(10025,&quot;plugin://plugin.video.youtube/channel/UCNPstQhfSfDabZxrLz6BqMw/&amp;sf_options=&quot;,return)</favourite>
</favourites>