<?xml version="1.0" encoding="UTF-8" standalone="yes"?>
<addon id="plugin.audio.pandoki"
       name="Pandora"
       version="0.0.0.1"
       provider-name="">
    <requires>
        <import addon="xbmc.python" version="2.1.0"/>
		<import addon="repository.gomioa" />
		
    </requires>
    <extension point="xbmc.python.pluginsource"
               library="default.py">
        <provides>audio</provides>
    </extension>
    <extension point="xbmc.addon.metadata">
        <platform>all</platform>
        <license>GPL 2.0</license>
        <summary lang="en"></summary>
        <description lang="en"></description>
		<disclaimer lang="en">The author does not host or distribute any of the content displayed by this addon. The author does not have any affiliation with the content provider.</disclaimer>        
    </extension>
</addon>
