<favourites>
	<favourite name="In progress TV shows" thumb="DefaultInProgressShows.png">ActivateWindow(10025,&quot;library://video/inprogressshows.xml/&amp;sf_options=&quot;,return)</favourite>
	<favourite name="Recently added episodes" thumb="DefaultRecentlyAddedEpisodes.png">ActivateWindow(10025,&quot;library://video/recentlyaddedepisodes.xml/&amp;sf_options=&quot;,return)</favourite>
	<favourite name="Title" thumb="DefaultFolder.png">ActivateWindow(10025,&quot;videodb://tvshows/titles/&amp;sf_options=&quot;,return)</favourite>
	<favourite name="Genres" thumb="DefaultFolder.png">ActivateWindow(10025,&quot;videodb://tvshows/genres/&amp;sf_options=&quot;,return)</favourite>
	<favourite name="Year" thumb="DefaultFolder.png">ActivateWindow(10025,&quot;videodb://tvshows/years/&amp;sf_options=&quot;,return)</favourite>
	<favourite name="Actors" thumb="DefaultActor.png">ActivateWindow(10025,&quot;videodb://tvshows/actors/&amp;sf_options=&quot;,return)</favourite>
	<favourite name="Studios" thumb="DefaultFolder.png">ActivateWindow(10025,&quot;videodb://tvshows/studios/&amp;sf_options=&quot;,return)</favourite>
	<favourite name="Tags" thumb="DefaultFolder.png">ActivateWindow(10025,&quot;videodb://tvshows/tags/&amp;sf_options=&quot;,return)</favourite>
</favourites>