<favourites>
	<favourite name="Search Movies" thumb="http://www.filmgator.com/black/pics/tour_search.png">ActivateWindow(10025,&quot;plugin://plugin.video.origin2/?action=movieSearch&amp;sf_options=&quot;,return)</favourite>
	<favourite name="Search Actors" thumb="http://googledrive.com/host/0B-bY5h-uWEgZQVJQZ0lzUTdBeFE/icons/test2/search_user.png">ActivateWindow(10025,&quot;plugin://plugin.video.origin2/?action=moviePerson&amp;sf_options=&quot;,return)</favourite>
	<favourite name="Search Movies - SALTS" thumb="">ActivateWindow(10025,&quot;plugin://plugin.video.salts/?mode=search&amp;section=Movies&amp;sf_options=&quot;,return)</favourite>
	<favourite name="" thumb="">PlayMedia(&quot;plugin://plugin.video.none?sf_options=winID%3D10025%26_options_sf&quot;,return)</favourite>
	<favourite name="[COLOR black]Search Movies - METAQ[/COLOR]" thumb="">PlayMedia(&quot;plugin://plugin.video.metalliq/movies/search?sf_options=winID%3D10025%26_options_sf&quot;,return)</favourite>
	<favourite name="[COLOR black]Search Movies - Specto[/COLOR]" thumb="special://home/addons\plugin.video.specto\resources\media\gone\movieSearch.jpg">ActivateWindow(10025,&quot;plugin://plugin.video.specto/?action=movieSearch&quot;,return)</favourite>
	<favourite name="[COLOR black]Search Movies - Exodus[/COLOR]" thumb="special://home/addons\script.exodus.artwork\resources\media\exodus\search.png">ActivateWindow(10025,&quot;plugin://plugin.video.water/?url=null&amp;mode=95&quot;,return)</favourite>
	<favourite name="[COLOR black]Search Movies - PrimeWire[/COLOR]" thumb="">PlayMedia(&quot;plugin://plugin.video.1channel/?section=movie&amp;mode=GetSearchQuery&amp;next_mode=Search&amp;sf_options=winID%3D10025%26_options_sf&quot;,return)</favourite>
	<favourite name="[COLOR black]Search Movies - META[/COLOR]" thumb="">PlayMedia(&quot;plugin://plugin.video.meta/movies/search?sf_options=winID%3D10025%26_options_sf&quot;,return)</favourite>
</favourites>