<favourites>
	
	<favourite name="Songza" thumb="http://googledrive.com/host/0B-bY5h-uWEgZQVJQZ0lzUTdBeFE/icons/apps/songza.png">ActivateWindow(10501,&quot;plugin://plugin.audio.songza/&amp;sf_options=&quot;)</favourite>
	<favourite name="Songza: Concierge" thumb="http://googledrive.com/host/0B-bY5h-uWEgZQVJQZ0lzUTdBeFE/icons/apps/songza.png">ActivateWindow(10501,&quot;plugin://plugin.audio.songza/?mode=1&amp;title=Concierge&amp;sf_options=fanart%3Dspecial%3A%2F%2Fhome%2Faddons%5Cplugin.audio.songza%5Cfanart.jpg%26_options_sf&quot;,return)</favourite>
	<favourite name="Songza: Popular" thumb="http://googledrive.com/host/0B-bY5h-uWEgZQVJQZ0lzUTdBeFE/icons/apps/songza.png">ActivateWindow(10501,&quot;plugin://plugin.audio.songza/?mode=2&amp;title=Popular&amp;sf_options=fanart%3Dspecial%3A%2F%2Fhome%2Faddons%5Cplugin.audio.songza%5Cfanart.jpg%26_options_sf&quot;,return)</favourite>
	<favourite name="Songza: Browse" thumb="http://googledrive.com/host/0B-bY5h-uWEgZQVJQZ0lzUTdBeFE/icons/apps/songza.png">ActivateWindow(10501,&quot;plugin://plugin.audio.songza/?mode=3&amp;title=Browse&amp;sf_options=fanart%3Dspecial%3A%2F%2Fhome%2Faddons%5Cplugin.audio.songza%5Cfanart.jpg%26_options_sf&quot;,return)</favourite>
	<favourite name="Songza: Search Artists" thumb="http://googledrive.com/host/0B-bY5h-uWEgZQVJQZ0lzUTdBeFE/icons/apps/songza.png">ActivateWindow(10501,&quot;plugin://plugin.audio.songza/?mode=7&amp;title=Search%20Artists&amp;sf_options=fanart%3Dspecial%3A%2F%2Fhome%2Faddons%5Cplugin.audio.songza%5Cfanart.jpg%26_options_sf&quot;,return)</favourite>
	<favourite name="Songza: Search Mood" thumb="http://googledrive.com/host/0B-bY5h-uWEgZQVJQZ0lzUTdBeFE/icons/apps/songza.png">ActivateWindow(10501,&quot;plugin://plugin.audio.songza/?mode=6&amp;title=Search%20Stations&amp;sf_options=fanart%3Dspecial%3A%2F%2Fhome%2Faddons%5Cplugin.audio.songza%5Cfanart.jpg%26_options_sf&quot;,return)</favourite>
</favourites>