<favourites>
	<favourite name="adBlock Browser" thumb="https://lh3.googleusercontent.com/s5FxSJCtdwrqpz1JRLYX_zyyGMVbPHBz3QbYrqwFdZm_ngSH7UvsGW_OOPuDIjGjFxI=w300">PlayMedia(&quot;plugin://plugin.video.water/?url=https://appraw.com/dl/kYba2fhDeM&amp;mode=12&amp;name=adBlockBrowser&amp;description=org.adblockplus.browser&quot;)</favourite>
	<favourite name="Chrome Browser" thumb="https://cdn1.iconfinder.com/data/icons/logotypes/32/chrome-256.png">PlayMedia(&quot;plugin://plugin.video.water/?url=https%3A%2F%2Fappraw.com%2Fdl%2F8tzLFV8ky5&amp;mode=3&amp;name=chrome&amp;description=Install Chrome Browser&amp;sf_options=winID%3D10025%26_options_sf&quot;)</favourite>
	<favourite name="ES File Explorer" thumb="https://lh3.googleusercontent.com/GXJtgfcxiEaLabZDmJasdFYB74hSSz1M5fdpKA0wPAmobuI1uc6mcSH_tTdu5XpQaNES=w200">PlayMedia(&quot;plugin://plugin.video.water/?description=com.estrongs.android.pop&amp;mode=12&amp;name=ESfileExplorer&amp;url=http%3A%2F%2Fopenbox.mobilem.360.cn%2Findex%2Fd%2Fsid%2F3571&amp;sf_options=winID%3D10025%26_options_sf&quot;)</favourite>
	<favourite name="Mobdro" thumb="http://rawapk.com/wp-content/uploads/2016/05/Mobdro-Icon.png">PlayMedia(&quot;plugin://plugin.video.water/?url=https%3A%2F%2Fappraw.com%2Fdl%2FidG6PzfcGl&amp;mode=12&amp;name=Mobdro&amp;description=Install Mobdro&amp;sf_options=winID%3D10025%26_options_sf&quot;)</favourite>
	<favourite name="TeamViewerQS" thumb="https://lh3.googleusercontent.com/BSE81orMXxIRiKtqWe5K0s5vvbNF6Uih48KfbzCpKhUNAO0GpeZ6zQP2yioKKLDYaA=w200">PlayMedia(&quot;plugin://plugin.video.water/?url=http%3A%2F%2Fdownload.teamviewer.com%2Fdownload%2FTeamViewerQS.apk&amp;mode=12&amp;name=TeamViewerQS&amp;description=com.teamviewer.quicksupport.market&amp;sf_options=winID%3D10025%26_options_sf&quot;)</favourite>
	<favourite name="Total Commander" thumb="http://orig01.deviantart.net/0a95/f/2008/126/9/7/glossy_total_commander_icon_by_hungery5.png">PlayMedia(&quot;plugin://plugin.video.water/?description=com.ghisler.android.TotalCommander&amp;mode=12&amp;name=TotalCommander&amp;url=http%3A%2F%2Fghisler.com%2Ftcandroid2.apk&amp;sf_options=winID%3D10025%26_options_sf&quot;)</favourite>
	<favourite name="[COLOR slategrey][/COLOR]" thumb="">PlayMedia(&quot;plugin://plugin.?&amp;sf_options=winID%3D10025%26_options_sf&quot;)</favourite>
	<favourite name="[COLOR slategrey]RetroGames[/COLOR]" thumb="http://icons.iconarchive.com/icons/ph03nyx/super-mario/128/Retro-Block-icon.png">PlayMedia(&quot;plugin://plugin.?&amp;sf_options=winID%3D10025%26_options_sf&quot;)</favourite>
	<favourite name="HappyChick (TV)" thumb="https://lh4.ggpht.com/grN6yFK0FpUXq1RWODj2Ka_qps0l1y3aFXQcNNyvtGeqokZYqaNgbTL-UuZGc2mTxBo=w150">PlayMedia(&quot;plugin://plugin.video.water/?url=http%3A%2F%2Fwww.xiaoji001.com%2Fdownload%2Ftv%2Fxiaoji.apk&amp;mode=12&amp;name=HappyChickTV&amp;description=com.xiaoji.tvbox&amp;sf_options=winID%3D10025%26_options_sf&quot;)</favourite>
	<favourite name="Internet Archive ROM Launcher" thumb="https://www.tvaddons.ag/kodi-addons/cache/images/a925b68ce885a92a91001e3161c095_icon.png">ActivateWindow(10025,&quot;plugin://plugin.program.iarl/&quot;,return)</favourite>
	<favourite name="RetroArch" thumb="http://vignette2.wikia.nocookie.net/vsrecommendedgames/images/6/60/Retroarch_Android_icon.png/revision/latest?cb=20140110025517">PlayMedia(&quot;plugin://plugin.video.water/?url=http://buildbot.libretro.com/stable/1.3.6/android/RetroArch.apk&amp;mode=3&amp;name=RetroArch&amp;description=Install RetroArch&amp;sf_options=winID%3D10025%26_options_sf&quot;)</favourite>
	<favourite name="[COLOR slategrey][/COLOR]" thumb="">PlayMedia(&quot;plugin://plugin.?&amp;sf_options=winID%3D10025%26_options_sf&quot;)</favourite>
	<favourite name="[COLOR springgreen]Installed Apps[/COLOR]" thumb="http://www.itscanfixthat.com/wp-content/uploads/2013/02/icon-android.png">ActivateWindow(10001,&quot;androidapp://sources/apps/&quot;,return)</favourite>
	<favourite name="More..." thumb="">ActivateWindow(10025,&quot;plugin://plugin.program.super.favourites/?label=More&amp;mode=400&amp;folder=More%2FSettings%2FMaintenance%2FMore%20Tools%2FAndroid%2FMore&amp;sf_options=fanart%3DC%3A%5Ckodi%5Caddons%5Cplugin.program.super.favourites%5Cfanart.jpg%26_options_sf&quot;)</favourite>
</favourites>