<favourites>
<favourite name="PrimeWire Movies" thumb="special://home\addons\plugin.video.1channel\art\themes\Glossy_Black\search.png">ActivateWindow(10025,&quot;plugin://plugin.video.1channel/?mode=Search&amp;section=movies&amp;query=[%SF%]&amp;sf_options=fanart%3Dspecial%3A%2F%2Fhome%2Faddons%5Cplugin.video.1channel%5Cfanart.jpg%26_options_sf&quot;)</favourite>
	
<favourite name="PrimeWire TV" thumb="special://home\addons\plugin.video.1channel\art\themes\Glossy_Black\search.png">ActivateWindow(10025,&quot;plugin://plugin.video.1channel/?mode=Search&amp;section=tv&amp;query=[%SF%]&amp;sf_options=fanart%3Dspecial%3A%2F%2Fhome%2Faddons%5Cplugin.video.1channel%5Cfanart.jpg%26_options_sf&quot;)</favourite>

<favourite name="YouTube" thumb="special://home\addons\plugin.video.youtube\icon.png">ActivateWindow(10025,&quot;plugin://plugin.video.youtube/kodion/search/query/?q=[%SF%]&amp;sf_options=fanart%3Dspecial%3A%2F%2Fhome%2Faddons%5Cplugin.video.youtube%5Cfanart.jpg%26_options_sf&quot;)</favourite>

<favourite name="SALTS Movies" thumb="special://home\addons\plugin.video.salts\icon.png">ActivateWindow(10025,&quot;plugin://plugin.video.salts/?query=[%SF%]&amp;section=Movies&amp;mode=search_results&amp;sf_options=fanart%3Dspecial%3A%2F%2Fhome%2Faddons%5Cplugin.video.salts%5Cfanart.jpg%26_options_sf&quot;,return)</favourite>
<favourite name="SALTS TV Shows" thumb="special://home\addons\plugin.video.salts\icon.png">ActivateWindow(10025,&quot;plugin://plugin.video.salts/?query=[%SF%]&amp;section=TV&amp;mode=search_results&amp;sf_options=fanart%3Dspecial%3A%2F%2Fhome%2Faddons%5Cplugin.video.salts%5Cfanart.jpg%26_options_sf&quot;,return)</favourite>

<favourite name="Exodus Movies" thumb="special://home/addons/script.exodus.artwork\resources\media\exodus\search.png">ActivateWindow(10025,&quot;plugin://plugin.video.exodus/?action=movieSearch&amp;query=[%SF%]&amp;sf_options=fanart%3Dspecial%3A%2F%2Fhome%2Faddons%5Cplugin.video.exodus%5Cfanart.jpg%26_options_sf&quot;)</favourite>
<favourite name="Exodus TV" thumb="special://home/addons/script.exodus.artwork\resources\media\exodus\search.png">ActivateWindow(10025,&quot;plugin://plugin.video.exodus/?action=tvSearch&amp;query=[%SF%]&amp;sf_options=fanart%3Dspecial%3A%2F%2Fhome%2Faddons%5Cplugin.video.exodus%5Cfanart.jpg%26_options_sf&quot;)</favourite>

<favourite name="Exodus Movies (by Actor)" thumb="special://home/addons/script.exodus.artwork\resources\media\exodus\people-search.png">ActivateWindow(10025,&quot;plugin://plugin.video.exodus/?action=moviePerson&amp;query=[%SF%]&amp;sf_options=fanart%3Dspecial%3A%2F%2Fhome%2Faddons%5Cplugin.video.exodus%5Cfanart.jpg%26_options_sf&quot;)</favourite>
	
<favourite name="Exodus TV (by Actor)" thumb="special://home/addons/script.exodus.artwork\resources\media\exodus\people-search.png">ActivateWindow(10025,&quot;plugin://plugin.video.exodus/?action=tvPerson&amp;query=[%SF%]&amp;sf_options=fanart%3Dspecial%3A%2F%2Fhome%2Faddons%5Cplugin.video.exodus%5Cfanart.jpg%26_options_sf&quot;)</favourite>


<favourite name="Icefilms" thumb="special://home\addons\plugin.video.icefilms\resources\art\search.png">ActivateWindow(10025,&quot;plugin://plugin.video.icefilms/?mode=5555&amp;name=Search&amp;url=http%3a%2f%2fwww.icefilms.info%2f&amp;nextPage=0&amp;search=[%SF%]&amp;sf_options=fanart%3Dspecial%3A%2F%2Fhome%2Faddons%5Cplugin.video.icefilms%5Cfanart.jpg%26_options_sf&quot;)</favourite>
	
<favourite name="ProjectFreeTV" thumb="special://home/addons\plugin.video.projectfreetv/icons/Search.png">ActivateWindow(10025,&quot;plugin://plugin.video.projectfreetv/?mode=search&amp;section=all&amp;name=[%SF%]&amp;sf_options=fanart%3Dspecial%3A%2F%2Fhome%2Faddons%5Cplugin.video.projectfreetv%5Cfanart.jpg%26_options_sf&quot;,return)</favourite>
	
<favourite name="MP3 Artists" thumb="special://home\addons\plugin.audio.mp3streams\icon.png">ActivateWindow(10502,&quot;plugin://plugin.audio.mp3streams/?mode=27&amp;name=[%SF%]&amp;url=url&amp;sf_options=fanart%3Dspecial%3A%2F%2Fhome%2Faddons%5Cplugin.audio.mp3streams%5Cfanart.jpg%26_options_sf&quot;)</favourite>
	
<favourite name="MP3 Albums" thumb="special://home\addons\plugin.audio.mp3streams\icon.png">ActivateWindow(10502,&quot;plugin://plugin.audio.mp3streams/?mode=25&amp;name=[%SF%]&amp;url=url&amp;sf_options=fanart%3Dspecial%3A%2F%2Fhome%2Faddons%5Cplugin.audio.mp3streams%5Cfanart.jpg%26_options_sf&quot;)</favourite>
	
<favourite name="MP3 Songs" thumb="special://home\addons\plugin.audio.mp3streams\icon.png">ActivateWindow(10502,&quot;plugin://plugin.audio.mp3streams/?mode=26&amp;name=[%SF%]&amp;url=url&amp;sf_options=fanart%3Dspecial%3A%2F%2Fhome%2Faddons%5Cplugin.audio.mp3streams%5Cfanart.jpg%26_options_sf&quot;)</favourite>
	

	

	


	
<favourite name="Google Images" thumb="special://home/addons\plugin.image.google\icon.png">	ActivateWindow(10025,&quot;plugin://plugin.image.google/?mode=103&amp;name=Search%20icon&amp;page=1&amp;url=q%3d[%SF+%]&quot;,return)</favourite>

<favourite name="Google Images (Wallpaper)" thumb="special://home/addons\plugin.image.google\icon.png">	ActivateWindow(10025,&quot;plugin://plugin.image.google/?mode=103&amp;page=1&amp;name=Search%20icon&amp;url=q%3d[%SF+%]%2bWallpaper&quot;,return)</favourite>

<favourite name="Red Bull TV" thumb="special://home/addons/plugin.video.redbull.tv/icon.png">ActivateWindow(10025,"plugin://plugin.video.redbull.tv/kodion/search/query/?q=[%SF%]",return)</favourite>
<favourite name="TED Talks" thumb="special://home/addons/plugin.video.ted.talks/icon.png">ActivateWindow(10025,"plugin://plugin.video.ted.talks/?mode=searchMore&search_term=[%SF%]&page=0",return)</favourite>
	

<favourite name="Meta Movies" thumb="special://home/addons\plugin.video.meta\resources\img\movies.png">ActivateWindow(10025,&quot;plugin://plugin.video.meta/movies/search_term/[%SF%]/1?sf_options=fanart%3Dspecial%3A%2F%2Fhome%2Faddons%5Cplugin.video.meta%5Cfanart.jpg%26_options_sf&quot;,return)</favourite>

<favourite name="Meta TV Shows" thumb="special://home/addons\plugin.video.meta\resources\img\tv.png">ActivateWindow(10025,&quot;plugin://plugin.video.meta/tv/search_term/[%SF%]/1?sf_options=fanart%3Dspecial%3A%2F%2Fhome%2Faddons%5Cplugin.video.meta%5Cfanart.jpg%26_options_sf&quot;,return)</favourite>

</favourites>