<favourites>
	<favourite name="Sprout" thumb="special://home/addons\plugin.video.sprout\icon.png">ActivateWindow(10025,&quot;plugin://plugin.video.sprout/?sf_options=fanart%3Dspecial%3A%2F%2Fhome%2Faddons%5Cplugin.video.sprout%5Cfanart.jpg%26_options_sf&quot;,return)</favourite>
	<favourite name="Binky TV" thumb="http://xty.me/xunitytalk/addons/plugin.video.binkytv/icon.png">ActivateWindow(10025,&quot;plugin://plugin.video.binkytv?sf_options=fanart%3Dhttp%3A%2F%2Fxty.me%2Fxunitytalk%2Faddons%2Fplugin.video.binkytv%2Ffanart.jpg%26winID%3D10040%26desc%3DChannels+for+kids+from+youtube.%26_options_sf&quot;,return)</favourite>
	<favourite name="Kiddie Cartoons" thumb="special://home/addons\plugin.video.kiddiecartoons\icon.png">ActivateWindow(10025,&quot;plugin://plugin.video.kiddiecartoons/?sf_options=fanart%3Dspecial%3A%2F%2Fhome%2Faddons%5Cplugin.video.kiddiecartoons%5Cfanart.jpg%26_options_sf&quot;,return)</favourite>
	<favourite name="Barney" thumb="http://i.ytimg.com/vi/Hb57QtoLNfg/default.jpg">ActivateWindow(10025,&quot;plugin://plugin.video.kiddiecartoons/?description&amp;mode=1&amp;name=%5bCOLOR%20gold%5dBarney%5b%2fCOLOR%5d&amp;url=38&amp;sf_options=fanart%3Dspecial%3A%2F%2Fhome%2Faddons%5Cplugin.video.kiddiecartoons%5Cfanart.jpg%26_options_sf&quot;,return)</favourite>
	<favourite name="Berenstain Bears" thumb="http://i.ytimg.com/vi/xP7erqqvBkU/default.jpg">ActivateWindow(10025,&quot;plugin://plugin.video.kiddiecartoons/?description&amp;mode=1&amp;name=%5bCOLOR%20gold%5dBerenstain%20Bears%5b%2fCOLOR%5d&amp;url=57&amp;sf_options=fanart%3Dspecial%3A%2F%2Fhome%2Faddons%5Cplugin.video.kiddiecartoons%5Cfanart.jpg%26_options_sf&quot;,return)</favourite>
	<favourite name="Kids Tube" thumb="special://home/addons\plugin.video.kids-tube\icon.png">ActivateWindow(10025,&quot;plugin://plugin.video.kids-tube?sf_options=fanart%3Dspecial%3A%2F%2Fhome%2Faddons%5Cplugin.video.kids-tube%5Cfanart.jpg%26desc%3DYouTube+Channels+of+Fun+and+Educational+videos+for+kids%26_options_sf&quot;,return)</favourite>
	<favourite name="Autism Help and Support" thumb="special://home/addons\plugin.video.autism\icon.png">ActivateWindow(10025,&quot;plugin://plugin.video.autism/&quot;,return)</favourite>
</favourites>