<favourites>
	<favourite name="Highlights" thumb="special://home/addons\plugin.video.castaway/resources/media/nbacom.jpeg">ActivateWindow(10025,&quot;plugin://plugin.video.castaway/?category=basketball&amp;mode=open_demand_cat&amp;site=nbacom&amp;url=http%3a%2f%2fsearchapp2.nba.com%2fnba-search%2fquery.jsp%3fsection%3dgames%252F%2a%257Cchannels%252Fplayoffs%26sort%3drecent%26hide%3dtrue%26type%3dadvvideo%26npp%3d15%26start%3d1&amp;sf_options=fanart%3Dspecial%3A%2F%2Fhome%2Faddons%5Cplugin.video.castaway%2Ffanart.jpg%26_options_sf&quot;,return)</favourite>
	<favourite name="[COLOR blue]Live Games[/COLOR]" thumb="DefaultFolder.png">ActivateWindow(10025,&quot;plugin://plugin.video.prosport/?away&amp;home&amp;mode=nba&amp;url&quot;,return)</favourite>
	<favourite name="[COLOR blue]Live Games - Backup[/COLOR]" thumb="special://home/addons\plugin.video.castaway\resources/media/nbastream.png">ActivateWindow(10025,&quot;plugin://plugin.video.castaway/?mode=open_live_sport&amp;site=nbastream&amp;sf_options=fanart%3Dspecial%3A%2F%2Fhome%2Faddons%5Cplugin.video.castaway%2Ffanart.jpg%26_options_sf&quot;,return)</favourite>
	
	<favourite name="NBA Replay" thumb="DefaultFolder.png">ActivateWindow(10025,&quot;plugin://plugin.video.prosport/?away&amp;home&amp;mode=nbaarch&amp;url&quot;,return)</favourite>
	
	<favourite name="Top Plays" thumb="special://home/addons\plugin.video.castaway/resources/media/nbacom.jpeg">ActivateWindow(10025,&quot;plugin://plugin.video.castaway/?category=basketball&amp;mode=open_demand_cat&amp;site=nbacom&amp;url=http%3a%2f%2fsearchapp2.nba.com%2fnba-search%2fquery.jsp%3fsection%3dchannels%252Ftop_plays%26sort%3drecent%26hide%3dtrue%26type%3dadvvideo%26npp%3d15%26start%3d1&amp;sf_options=fanart%3Dspecial%3A%2F%2Fhome%2Faddons%5Cplugin.video.castaway%2Ffanart.jpg%26_options_sf&quot;,return)</favourite>
	<favourite name="NBA.com" thumb="special://home/addons\plugin.video.castaway/resources/media/nbacom.jpeg">ActivateWindow(10025,&quot;plugin://plugin.video.castaway/?category=basketball&amp;mode=open_demand_cat&amp;site=nbacom&amp;url=http%3a%2f%2fsearchapp2.nba.com%2fnba-search%2fquery.jsp%3fsection%3dchannels%252F%2a%257Cgames%252F%2a%257Cflip_video_diaries%257Cfiba%26sort%3drecent%26hide%3dtrue%26type%3dadvvideo%26npp%3d15%26start%3d1&amp;sf_options=fanart%3Dspecial%3A%2F%2Fhome%2Faddons%5Cplugin.video.castaway%2Ffanart.jpg%26_options_sf&quot;,return)</favourite>

</favourites>