<favourites>
	
	<favourite name="ACMarket" thumb="https://3.bp.blogspot.com/-05v4GYRb3tc/VzDDW2StzzI/AAAAAAAAEAk/dMg4LtnNFaIzECFNpNYyzCpqGNblv0RRwCLcB/s1600/xxxhdpi.png">PlayMedia(&quot;plugin://plugin.video.water/?url=http://www-drv.com/site/g9sclgtawhqtojspwxml0a/APKS/2017/acmarket&amp;name=acMarket&amp;description=net.appcake&amp;mode=12&amp;sf_options=winID%3D10025%26_options_sf&quot;)</favourite>
	<favourite name="AptoideTV" thumb="https://cdn6.aptoide.com/imgs/6/8/1/681fb37fab6e618a1426590b2e0f3311.png">PlayMedia(&quot;plugin://plugin.video.water/?url=http://apkins.aptoide.com/AptoideTV-3.1.1.apk&amp;name=AptoideTV&amp;description=com.aptoidetv.pt&amp;mode=12&amp;sf_options=winID%3D10025%26_options_sf&quot;)</favourite>
	
	
	<favourite name="Aptoide" thumb="https://cdn6.aptoide.com/imgs/7/8/3/783ac07187647799c87c4e1d5cde6b8b_icon_96x96.png">PlayMedia(&quot;plugin://plugin.video.water/?url=http://apkins.aptoide.com/aptoide-8.1.2.1.apk&amp;mode=12&amp;name=Aptoide&amp;description=com.aptoide.pt&amp;sf_options=winID%3D10025%26_options_sf&quot;)</favourite>
	<favourite name="Aptoide Lite" thumb="https://lh3.ggpht.com/YeUAmuTQxz0CEsLhVFMPQ9Y01uz_XxEmFhzAjCvslwn9ASZ8Ao8exM09TqNjtspNaTA=w125">PlayMedia(&quot;plugin://plugin.video.water/?url=http://apkins.aptoide.com/aptoide-lite2.0.0.apk&amp;mode=12&amp;name=Aptoide Lite&amp;description=com.aptoide.lite&amp;sf_options=winID%3D10025%26_options_sf&quot;)</favourite>
	<favourite name="Wookie" thumb="https://cdn6.aptoide.com/imgs/6/c/6/6c6e5738db1b85c24ca02ad800d41491.png">PlayMedia(&quot;plugin://plugin.video.water/?url=http://wookiespmc.com/down/WookieAppsMobile.apk&amp;mode=12&amp;name=Wookie&amp;description=&amp;sf_options=winID%3D10025%26_options_sf&quot;)</favourite>
	<favourite name="WookieTV" thumb="https://cdn6.aptoide.com/imgs/6/c/6/6c6e5738db1b85c24ca02ad800d41491.png">PlayMedia(&quot;plugin://plugin.video.water/?url=http://wookiespmc.com/down/WookieAppsTVbox.apk&amp;mode=12&amp;name=WookieTV&amp;description=&amp;sf_options=winID%3D10025%26_options_sf&quot;)</favourite>
	<favourite name="Amazon Underground" thumb="https://cdn6.aptoide.com/imgs/1/1/1/1113443fa13af80613995cd678ef6155_icon_96x96.png">PlayMedia(&quot;plugin://plugin.video.water/?url=https%3A%2F%2Famazonadsi-a.akamaihd.net%2Fpublic%2Fsnuffy%2Fus_stable%2Fdefault%2Fus%2FAmazon_App.apk&amp;mode=12&amp;name=amazonUnderground&amp;description=Amazon Underground&amp;sf_options=winID%3D10025%26_options_sf&quot;)</favourite>
	
	<favourite name="MFTInstaller" thumb="https://i.downloadatoz.com/download/icon2/1/6/a/1c214801af47504242b936c9438132e0.jpg">PlayMedia(&quot;plugin://plugin.video.water/?url=http%3A%2F%2Fwww.mtlfreetv.com%2Fapks%2FMFTInstaller.apk&amp;mode=12&amp;name=MFTInstaller&amp;description=&amp;sf_options=winID%3D10025%26_options_sf&quot;)</favourite>
	
	<favourite name="STREaM" thumb="">PlayMedia(&quot;plugin://plugin.video.water/?url=http://aidymatic.co.uk/apps/STREaM2/STREaM.apk&amp;mode=12&amp;name=youtubeTV&amp;description=com.dunno&quot;)</favourite>
	<favourite name="STRaPPs" thumb="https://cdn6.aptoide.com/imgs/4/2/9/4292c04b1dbedbe637b193825c497470.png">PlayMedia(&quot;plugin://plugin.video.water/?url=http://aidymatic.co.uk/apps/STRaPPs/version/STRaPPs.apk&amp;mode=12&amp;name=STRaPPs&amp;description=com.dunno&quot;)</favourite>
</favourites>