<favourites>
	<favourite name="By Genre" thumb="http://thumbs.dreamstime.com/t/film-genre-squared-app-icon-set-flat-style-vector-illustrations-long-shadows-49654570.jpg">ActivateWindow(10025,&quot;plugin://plugin.video.origin2/?action=movieGenres&amp;sf_options=&quot;,return)</favourite>
	<favourite name="By Year" thumb="http://googledrive.com/host/0B-bY5h-uWEgZQVJQZ0lzUTdBeFE/icons/year.png">ActivateWindow(10025,&quot;plugin://plugin.video.origin2/?action=movieYears&amp;sf_options=&quot;,return)</favourite>
	<favourite name="By Actor" thumb="http://googledrive.com/host/0B-bY5h-uWEgZQVJQZ0lzUTdBeFE/icons/test/actors.png">ActivateWindow(10025,&quot;plugin://plugin.video.origin2/?action=moviePersons&amp;sf_options=fanart%3Dspecial%3A%2F%2Fhome%2Faddons%5Cplugin.video.genesis%5Cresources%5Cmedia%5Cgone%5Cfanart.jpg%26_options_sf&quot;,return)</favourite>
	<favourite name="BoxSets" thumb="http://media.christianproductsdirect.com.au/media/catalog/product/cache/1/image/310x/9df78eab33525d08d6e5fb8d27136e95/c/a/cache_92_167_3_fle-12-fle-collection.png">ActivateWindow(10025,&quot;plugin://plugin.video.phstreams/?action=directory&amp;url=http%3a%2f%2ftnpb.offshorepastebin.com%2fDirectories%2fMovies%2520Directories%2fBoxsets%2520Directory.xml&quot;,return)</favourite>
	<favourite name="In Theaters" thumb="http://www.iconeasy.com/icon/png/Movie%20%26%20TV/Curtains/TheatreSpotlights.png">ActivateWindow(10025,&quot;plugin://plugin.video.origin2/?action=movies&amp;url=theaters&amp;sf_options=&quot;,return)</favourite>
	<favourite name="Websites *" thumb="http://www.communityinformaticsprojects.org/prairienet2/images/Internet-Explorer-Icon.png">ActivateWindow(10025,&quot;plugin://plugin.program.super.favourites/?sf_options=&amp;mode=400&amp;path=special%3A%2F%2Fhome%2Faddons%2Fscript.supafav%2FSuper%20Favourites/Movies/Websites&amp;sf_options=&quot;,return)</favourite>
	<favourite name="IMDB" thumb="special://home/addons\script.extendedinfo\icon.png">RunScript(&quot;script.extendedinfo/?sf_options=fanart%3Dspecial%3A%2F%2Fhome%2Faddons%5Cscript.extendedinfo%5Cfanart.jpg%26desc%3DThis+script+offers+various+possibilities+to+display+online+content+inside+skins+as+well+as+a+complete+MovieDB+browser+including+info+dialogs+for+various+media+types.+Used+services+are+themoviedb.org%2C+theaudiodb.org%2C+rottentomatoes.com%2C+Trakt.TV%2C+omdbapi.com+and+a+lot+more.+Needs+skin+implementation+for+lot+of+functions.%26_options_sf&quot;)</favourite>
</favourites>