<?xml version="1.0" encoding="UTF-8"?>
<addon id="skin.watertv" version="0.8.0.0" name="waterTV Jarvis" provider-name="mod by waterTV OG phil65, Piers, YLLOW_DRAGON">
	<requires>
		<import addon="xbmc.gui" version="5.10.0"/>
	</requires>
	<extension
		point="xbmc.gui.skin"
		defaultthemename="Textures.xbt"
		debugging="false"
		effectslowdown="1.0">
		<res width="1920" height="1080" aspect="16:9" default="true" folder="1080i" />
	</extension>
	<extension point="xbmc.addon.metadata">
		<summary lang="bg_BG">Estuary облик от phil65 и Piers. (стандартния облик на Kodi)</summary>
		<summary lang="cs_CZ">Estary skin od phil65 a Piers. (Výchozí skin Kodi)</summary>
		<summary lang="de_DE">Estuary skin by phil65 and Piers. (Kodi Standardskin)</summary>
		<summary lang="en_GB">Estuary skin by phil65 and Piers. (Kodi's default skin)</summary>
		<summary lang="en_US">Estuary skin by phil65 and Piers. (Kodi's default skin)</summary>
		<summary lang="fr_FR">Estuary, un habillage par phil65 et Piers (habillage d'origine de Kodi).</summary>
		<summary lang="hr_HR">Estuary presvlaka autora phil65 i Piersa. (uobičajena Kodi presvlaka)</summary>
		<summary lang="hu_HU">Estuary felszín. Készítette phil65 és Piers. (Kodi alapértelmezett felszín)</summary>
		<summary lang="it_IT">Skin Estuary da phil65 e Piers. (Skin predefinita di Kodi)</summary>
		<summary lang="lt_LT">Estuary teminė išvaizda, kurią sukūrė phil65 ir Piers. (Numatytoji Kodi teminė išvaizda)</summary>
		<summary lang="ms_MY">Kulit Estuary oleh phil65 dan rakan-rakan. (Kulit lalai Kodi)</summary>
		<summary lang="nl_NL">Estuary skin door phil65 en Piers. (Kodi's standaard skin)</summary>
		<summary lang="pt_BR">Skin Esturay por phil65 e Piers. (Skin padrão do Kodi)</summary>
		<summary lang="sk_SK">Vzhľad Estuary, vytvorili phil65 a Piers. (predvolený vzhľad pre Kodi)</summary>
		<summary lang="sr_RS@latin">Maska Estuary autora phil65 i Piers. (Podrazumevana Kodi maska)</summary>
		<summary lang="sv_SE">Estuary-skin av phil65 och Piers. (Kodi's standard-skin)</summary>
		<summary lang="tr_TR">Estuary dış görünümü. phil65 ve Piers (Kodi'nin varsayılan dış görünümü)</summary>
		<description lang="bg_BG">Estuary е стандартният облик на Kodi 17 и по-новите версии. Целта е да се улеснят хората които се сблъскват за първи път с Kodi.</description>
		<description lang="cs_CZ">Estuary je výchozí skin pro Kodi 17.0 a výše. Jeho snahou je zjednodušit používání Kodi pro nové uživatele.</description>
		<description lang="de_DE">Estuary ist der Standardskin für Kodi 17.0 und höher. Ziel war es, einen einfach zu bedienenden Skin für neue Kodi-User zu entwickeln.</description>
		<description lang="en_GB">Estuary is the default skin for Kodi 17.0 and above. It attempts to be easy for first time Kodi users to understand and use.</description>
		<description lang="en_US">Estuary is the default skin for Kodi 17.0 and above. It attempts to be easy for first time Kodi users to understand and use.</description>
		<description lang="fr_FR">Estuary est l'habillage d'origine pour Kodi 17.0 et supérieur. Il est facile à comprendre et à utiliser pour les utilisateurs novices de Kodi..</description>
		<description lang="hr_HR">Estuary je uobičajena presvlaka za Kodi 17.0 i novije inačice. To je pokušaj da se novim korisnicima olakša prvo korištenje i kasnija upotreba Kodija.</description>
		<description lang="hu_HU">Estuary az alapértelmezett felszín a 17.0 és újabb Kodi kiadásokban.  Könnyen kezelhető újonc Kodi felhasználóknak is.</description>
		<description lang="it_IT">Estuary è la skin predefinita di Kodi 17.0 e successivi. Cerca di essere facile da capire e usare per i nuovi utenti di Kodi.</description>
		<description lang="lt_LT">Estuary yra numatytoji Kodi 17.0 ir aukštesnių versijų teminė išvaizda. Jos tikslas tapti lengvai suprantama ir naudojama naujiems Kodi vartotojams.</description>
		<description lang="ms_MY">Estuary ialah kulit lalai untuk Kodi 17.0 dan ke atas. Kulit yang mudah digunakan buat pengguna Kodi kali pertama untuk memahami dan menggunakannya.</description>
		<description lang="nl_NL">Estuary is de standaard skin voor Kodi 17.0 en hoger. Het tracht eenvoudig te begrijpen en te gebruiken te zijn voor beginnende Kodi gebruikers.</description>
		<description lang="pt_BR">Estuary é a skin padrão para o Kodi 17.0 e acima. Objetiva ser fácil para usuários que iniciam no Kodi pela primeira vez, facilitando aprendizagem de uso do mesmo.</description>
		<description lang="sk_SK">Estuary je predvolený vzhľad pre Kodi 17.0 a vyššie. Pokúša sa byť pre prvotných používateľov Kodi jednoduchým na pochopenie a používanie.</description>
		<description lang="sv_SE">Estuary är standard-skin för Kodi 17.0 och uppåt. Det försöker att vara lättförståeligt för förstagångsanvändare av Kodi att förstå och använda.</description>
		<description lang="tr_TR">Estuary Kodi 17.0 ve yukarısı için varsayılan dış görünümdür. İlk kez Kodi kullananlar için anlaşılması ve kullanımı kolaydır.</description>
		<disclaimer lang="bg_BG">Estuary е стандартният облик на Kodi. Премахването му може да предизвика проблеми</disclaimer>
		<disclaimer lang="cs_CZ">Estuary je výchozí skin pro Kodi, jeho odebráním může dojít k potížím.</disclaimer>
		<disclaimer lang="de_DE">Estuary ist der Standardskin von Kodi. Ein Entfernen des Skins kann Probleme verursachen.</disclaimer>
		<disclaimer lang="en_GB">Estuary is the default skin for Kodi, removing it may cause issues</disclaimer>
		<disclaimer lang="en_US">Estuary is the default skin for Kodi, removing it may cause issues</disclaimer>
		<disclaimer lang="fi_FI">Estuary on Kodin oletusteema, sen poisto voi aiheuttaa ongelmia</disclaimer>
		<disclaimer lang="fr_FR">Estuary est l'habillage d'origine de Kodi, le retirer peut créer des problèmes</disclaimer>
		<disclaimer lang="hr_HR">Estuary je uobičajena presvlaka za Kodi, njegovim uklanjanjem može uzrokovati poteškoće</disclaimer>
		<disclaimer lang="hu_HU">Az Estuary az alapértelmezett Kodi felszín. Eltávolítása problémákat okozhat.</disclaimer>
		<disclaimer lang="it_IT">Estuary è la skin predefinita di Kodi, rimuoverla potrebbe causare problemi</disclaimer>
		<disclaimer lang="lt_LT">Estuary yra numatytoji Kodi teminė išvaizda, jos pašalinimas gali sukelti problemų</disclaimer>
		<disclaimer lang="ms_MY">Estuary ialah kulit lalai Kodi, mengubahnya boleh menimbulkan isu.</disclaimer>
		<disclaimer lang="nl_NL">Estuary is de standaard skin voor Kodi, het verwijderen van Estuary kan leiden tot problemen.</disclaimer>
		<disclaimer lang="pt_BR">Estuary é a skin padrão para o Kodi, removendo-a pode causar problemas</disclaimer>
		<disclaimer lang="sk_SK">Estuary je predvolený vzhľad pre Kodi, jeho odstránenie môže spôsobiť problémy</disclaimer>
		<disclaimer lang="sr_RS@latin">Estuary je podrazumevana maska za Kodi, uklanjanje može izazvati probleme</disclaimer>
		<disclaimer lang="tr_TR">Estuary Kodi için varsayılan dış görünümdür, kaldırmak sorunlara yol açabilir</disclaimer>
		<platform>all</platform>
		<license>CC BY-SA 4.0, GNU GENERAL PUBLIC LICENSE Version 2.0</license>
		<forum>http://forum.kodi.tv/</forum>
		<source>https://github.com/xbmc/skin.estuary/</source>
	</extension>
</addon>
