<?xml version="1.0" encoding="UTF-8" standalone="yes"?>

<addon id="repo.watertest" name="waterREPO test" version="1.0.0b" provider-name="w">
	<extension point="xbmc.addon.repository" name="waterREPO">
	<dir>
	<info compressed="false">https://raw.github.com/watermouf/sanjuan/master/repo/plugins</info>
		<checksum>https://raw.github.com/watermouf/sanjuan/master/repo/plugins.hash</checksum>
		<datadir zip="true">https://raw.github.com/watermouf/sanjuan/master/repo/</datadir>
	</dir>
	<info compressed="false">https://raw.github.com/watermouf/sanjuan/master/repo/plugins</info>
		<checksum>https://raw.github.com/watermouf/sanjuan/master/repo/plugins.hash</checksum>
		<datadir zip="true">https://raw.github.com/watermouf/sanjuan/master/repo/</datadir>
	</extension>
	<extension point="xbmc.addon.metadata">
		<summary></summary>
		<description></description>
		<platform></platform>
	</extension>
</addon>

