<favourites>
    <favourite name="History Channel" thumb="http://a3.mzstatic.com/us/r30/Purple7/v4/2c/26/4d/2c264df5-bd10-e0f4-bd07-a6f4772f0a4f/icon175x175.png">ActivateWindow(10025,&quot;plugin://plugin.video.youtube/kodion/search/query/?q=history%20channel&quot;,return)</favourite>
	<favourite name="*Time Team Seasons 1 - 10" thumb="https://images.duckduckgo.com/iu/?u=https%3A%2F%2Fyy1.staticflickr.com%2F6088%2F6035367264_a77ff3d4d3_z.jpg&amp;f=1">ActivateWindow(10025,&quot;plugin://plugin.video.youtube/playlist/PL152bjytsMC4iT-6j0i5XL0X0iFvzFMSs/&quot;,return)</favourite>
    <favourite name="*Time Team Seasons 11 - 20" thumb="https://images.duckduckgo.com/iu/?u=https%3A%2F%2Fyy1.staticflickr.com%2F6088%2F6035367264_a77ff3d4d3_z.jpg&amp;f=1">ActivateWindow(10025,&quot;plugin://plugin.video.youtube/playlist/PL152bjytsMC4ZNf81GfG-Zssyy80yO2HZ/&quot;,return)</favourite>
    <favourite name="*Time Team America, Tony Robinson and More" thumb="https://images.duckduckgo.com/iu/?u=http%3A%2F%2Fwww.world-archaeology.com%2Fwp-content%2Fuploads%2F2012%2F04%2FTime-Team-America-logi.jpg&amp;f=1">ActivateWindow(10025,&quot;plugin://plugin.video.youtube/playlist/PL152bjytsMC77DGLArw00z61LWsBXFQmj/&quot;,return)</favourite>
    <favourite name="*Timewatch - Time Travellers*" thumb="https://i.ytimg.com/i/77T6JqYcTGOZOiB9XLHJlQ/mq1.jpg">ActivateWindow(10025,&quot;plugin://plugin.video.youtube/playlist/PL152bjytsMC5Xi648qL0kMADk06InTqgG/&quot;,return)</favourite>
    <favourite name="Z-Mysteries" thumb="https://yt3.ggpht.com/-qz_C_iuNwr4/AAAAAAAAAAI/AAAAAAAAAAA/Pt_LbVSb36s/s100-c-k-no/photo.jpg">ActivateWindow(10025,&quot;plugin://plugin.video.youtube/channel/UCsEv7pk3lgX0es3CAvKCYeQ/&quot;,return)</favourite>
    <favourite name="The Greek and Roman Civilizations" thumb="https://yt3.ggpht.com/-eoJapHgWtmo/AAAAAAAAAAI/AAAAAAAAAAA/IgJk8vqjgok/s100-c-k-no/photo.jpg">ActivateWindow(10025,&quot;plugin://plugin.video.youtube/channel/UC2FAMzBBVlhyOWMTc6SLFlw/&quot;,return)</favourite>
    <favourite name="BEST Documentaries" thumb="https://yt3.ggpht.com/-iOouVWpX-g4/AAAAAAAAAAI/AAAAAAAAAAA/lN9Ozy9gO1s/s100-c-k-no/photo.jpg">ActivateWindow(10025,&quot;plugin://plugin.video.youtube/channel/UCUR7DG5xaHpo1GyIPEGISIw/&quot;,return)</favourite>
    <favourite name="Three Kingdoms (95 episodes - Eng sub)" thumb="https://yt3.ggpht.com/-GDs9cb2om8c/AAAAAAAAAAI/AAAAAAAAAAA/GLUCwMmVJ4I/s100-c-k-no/photo.jpg">ActivateWindow(10025,&quot;plugin://plugin.video.youtube/playlist/PLCldpz_Pc1FrGQLsaxaV0kVPqmXN_nanN/&quot;,return)</favourite>
    <favourite name="Mega Historical Documentaries" thumb="https://yt3.ggpht.com/-dpmp-YUPgEE/AAAAAAAAAAI/AAAAAAAAAAA/M1icEinmgwE/s100-c-k-no/photo.jpg">ActivateWindow(10025,&quot;plugin://plugin.video.youtube/channel/UCSulo8_9_xLwIyYhaEYFQag/&quot;,return)</favourite>
    <favourite name="All Histories (check playlist)" thumb="https://yt3.ggpht.com/-XWpJdd60KKo/AAAAAAAAAAI/AAAAAAAAAAA/0u1G_zV7dVE/s100-c-k-no/photo.jpg">ActivateWindow(10025,&quot;plugin://plugin.video.youtube/channel/UCBsHVT_fAGIZG56oh8nWR_Q/&quot;,return)</favourite>
    <favourite name="Real Crusade History (check playlist)" thumb="https://yt3.ggpht.com/-ScdZUgpB_Qg/AAAAAAAAAAI/AAAAAAAAAAA/Ng-3qq0ON7I/s100-c-k-no/photo.jpg">ActivateWindow(10025,&quot;plugin://plugin.video.youtube/channel/UCpiumHmUE5EZeLTftxv9qGw/&quot;,return)</favourite>
    <favourite name="*The Ancient World" thumb="https://yt3.ggpht.com/-eUcc0Fcrm1s/AAAAAAAAAAI/AAAAAAAAAAA/bKfgkr4ecYk/s100-c-k-no/photo.jpg">ActivateWindow(10025,&quot;plugin://plugin.video.youtube/playlist/PL152bjytsMC5giQaRkK6f5xQC_2dvAeKb/&quot;,return)</favourite>
    <favourite name="*History Series (1)" thumb="https://i.ytimg.com/i/l8Q_4U0J131KFObW759tpA/mq1.jpg">ActivateWindow(10025,&quot;plugin://plugin.video.youtube/playlist/PL152bjytsMC4dn12Yx7CyaIlyTXyfDdrD/&quot;,return)</favourite>
    <favourite name="*History Series (2)" thumb="https://i.ytimg.com/i/EiFmdT9cN-m7IIFtDXrvIw/mq1.jpg">ActivateWindow(10025,&quot;plugin://plugin.video.youtube/playlist/PL152bjytsMC62UzE1wwOTWfVjRKGYTZvF/&quot;,return)</favourite>
    <favourite name="*Britain" thumb="https://yt3.ggpht.com/-ODnq3rmhjNw/AAAAAAAAAAI/AAAAAAAAAAA/gcSd8e04xvo/s100-c-k-no/photo.jpg">ActivateWindow(10025,&quot;plugin://plugin.video.youtube/playlist/PL152bjytsMC4-YHtvjpH4H2tNkJCKEd1s/&quot;,return)</favourite>
    <favourite name="*Ireland, Scotland and Wales" thumb="https://yt3.ggpht.com/-p9aR_pSZI9s/AAAAAAAAAAI/AAAAAAAAAAA/g6FQIrn8isc/s100-c-k-no/photo.jpg">ActivateWindow(10025,&quot;plugin://plugin.video.youtube/playlist/PL152bjytsMC6YLLpF71WvkV2PPq-hR55i/&quot;,return)</favourite>
    <favourite name="*Roman History" thumb="https://yt3.ggpht.com/-qcbRj6D7QK8/AAAAAAAAAAI/AAAAAAAAAAA/nN2Y7NpvMV0/s100-c-k-no/photo.jpg">ActivateWindow(10025,&quot;plugin://plugin.video.youtube/playlist/PL152bjytsMC5fdzzzgQf85DZUXJBhudpm/&quot;,return)</favourite>
    <favourite name="*Greek History" thumb="https://yt3.ggpht.com/-0MBE_PU19Q8/AAAAAAAAAAI/AAAAAAAAAAA/Xt9lmrfWAYE/s100-c-k-no/photo.jpg">ActivateWindow(10025,&quot;plugin://plugin.video.youtube/playlist/PL152bjytsMC6pVpwLD7Xax1QMhs_B0QMF/&quot;,return)</favourite>
    <favourite name="*Egyptian History" thumb="https://yt3.ggpht.com/-w4Xnrm0pfZA/AAAAAAAAAAI/AAAAAAAAAAA/U2e4yYnFVMY/s100-c-k-no/photo.jpg">ActivateWindow(10025,&quot;plugin://plugin.video.youtube/playlist/PL152bjytsMC7XMsTB65J6e9OkQyAXFnf7/&quot;,return)</favourite>
    <favourite name="*Spain" thumb="https://i.ytimg.com/i/zETNrck_DGdaUpXVplR7XQ/mq1.jpg">ActivateWindow(10025,&quot;plugin://plugin.video.youtube/playlist/PL152bjytsMC6ZD1oip2wOk5O_V-Nf51MG/&quot;,return)</favourite>
    <favourite name="*America" thumb="https://i.ytimg.com/i/ZiLCQOXHa3zo-OMJfniXuQ/mq1.jpg">ActivateWindow(10025,&quot;plugin://plugin.video.youtube/playlist/PL152bjytsMC6WvxSjTpTXuJAyE1SC9ANZ/&quot;,return)</favourite>
    <favourite name="*Russia" thumb="https://i.ytimg.com/i/FAUx-pCbnNBS1bldHK4HNg/mq1.jpg">ActivateWindow(10025,&quot;plugin://plugin.video.youtube/playlist/PL152bjytsMC7tNpr8_TYaorit57Ckq9hU/&quot;,return)</favourite>
    <favourite name="*India" thumb="https://i.ytimg.com/i/6Tvle_6AtcwJllqZYbiiWA/mq1.jpg">ActivateWindow(10025,&quot;plugin://plugin.video.youtube/playlist/PL152bjytsMC4D7uHsQ9Ohm_Rls8HBZS9a/&quot;,return)</favourite>
    <favourite name="*China" thumb="https://yt3.ggpht.com/-UfeFKXcDFEg/AAAAAAAAAAI/AAAAAAAAAAA/nb9DY1_e_vU/s100-c-k-no/photo.jpg">ActivateWindow(10025,&quot;plugin://plugin.video.youtube/playlist/PL152bjytsMC7_7ASf9UAA1iJGnjiQfU9A/&quot;,return)</favourite>
    <favourite name="*Japan" thumb="https://yt3.ggpht.com/-KlfzfXgSuDw/AAAAAAAAAAI/AAAAAAAAAAA/sU-J1CbbPbw/s100-c-k-no/photo.jpg">ActivateWindow(10025,&quot;plugin://plugin.video.youtube/playlist/PL152bjytsMC4EPwMUgRcqhBGbsYT9zKFK/&quot;,return)</favourite>
    <favourite name="*Turkey" thumb="https://i.ytimg.com/i/3E-WqUQn8YOTMdrafPRC_g/mq1.jpg">ActivateWindow(10025,&quot;plugin://plugin.video.youtube/playlist/PL152bjytsMC7cOUG1D4IuQuKvjA0jQDl5/&quot;,return)</favourite>
    <favourite name="*South America" thumb="https://i.ytimg.com/i/WTVublxceKFqtVnrknFnJQ/mq1.jpg">ActivateWindow(10025,&quot;plugin://plugin.video.youtube/playlist/PL152bjytsMC6cBDD6TWFATb4wJBUL95Rd/&quot;,return)</favourite>
    <favourite name="*France" thumb="https://i.ytimg.com/i/oYUp7WQSXTMUOzZ4AStPHQ/mq1.jpg">ActivateWindow(10025,&quot;plugin://plugin.video.youtube/playlist/PL152bjytsMC5i41MA-Cdcmi9oXrOhRbTG/&quot;,return)</favourite>
    <favourite name="*Australia" thumb="https://i.ytimg.com/i/9QK-CcQxqUIdQad3xxdstg/mq1.jpg">ActivateWindow(10025,&quot;plugin://plugin.video.youtube/playlist/PL152bjytsMC7Rc2GtOF1UL1w01OygvdfE/&quot;,return)</favourite>
    <favourite name="*Biography" thumb="https://i.ytimg.com/i/v1117GQurI9ygrA22uBIbg/mq1.jpg">ActivateWindow(10025,&quot;plugin://plugin.video.youtube/playlist/PL152bjytsMC7EjdYnGPuDg6etK8yk-UFN/&quot;,return)</favourite>
    <favourite name="*History - Movies" thumb="https://yt3.ggpht.com/-mAVsa8Zk6LU/AAAAAAAAAAI/AAAAAAAAAAA/FK0JKY33cmk/s100-c-k-no/photo.jpg">ActivateWindow(10025,&quot;plugin://plugin.video.youtube/playlist/PL152bjytsMC6fWFVHqexlDboViFEIsGDg/&quot;,return)</favourite>
    <favourite name="*World War I" thumb="https://yt3.ggpht.com/-DSClpp-Z15U/AAAAAAAAAAI/AAAAAAAAAAA/r04jne1S8Bs/s100-c-k-no/photo.jpg">ActivateWindow(10025,&quot;plugin://plugin.video.youtube/playlist/PL152bjytsMC4Np0ckVc83HA-bC3ivxMRI/&quot;,return)</favourite>
    <favourite name="*World War II" thumb="https://yt3.ggpht.com/-kBm2ZFJxk_M/AAAAAAAAAAI/AAAAAAAAAAA/qA23BlUExGY/s100-c-k-no/photo.jpg">ActivateWindow(10025,&quot;plugin://plugin.video.youtube/playlist/PL152bjytsMC5wjqK6bXCARgHM6pRneYKs/&quot;,return)</favourite>
    <favourite name="*Battles Through History" thumb="https://i.ytimg.com/i/chZ9npE_jx0SULBeM3Tx_w/mq1.jpg">ActivateWindow(10025,&quot;plugin://plugin.video.youtube/playlist/PL152bjytsMC6o3cTgHXzGzOnFoLVQfvsH/&quot;,return)</favourite>
    <favourite name="*All At Sea" thumb="https://i.ytimg.com/i/AY4NW6sLdg1cX0gJn6zeVA/mq1.jpg">ActivateWindow(10025,&quot;plugin://plugin.video.youtube/playlist/PL152bjytsMC7UxxXcG2aVCPo_ItqZg-GB/&quot;,return)</favourite>
    <favourite name="*History - Series (3)" thumb="https://yt3.ggpht.com/-aCYojEnOIY8/AAAAAAAAAAI/AAAAAAAAAAA/1PfqtgIHsRA/s100-c-k-no/photo.jpg">ActivateWindow(10025,&quot;plugin://plugin.video.youtube/playlist/PL152bjytsMC7HUL4K5EYsOrsn92JnUh0Z/&quot;,return)</favourite>
    <favourite name="*History - Documentaries" thumb="https://yt3.ggpht.com/-fwWFhEkKNVY/AAAAAAAAAAI/AAAAAAAAAAA/zaf89-TpJfA/s100-c-k-no/photo.jpg">ActivateWindow(10025,&quot;plugin://plugin.video.youtube/playlist/PL152bjytsMC5GUmj1-v7VNWxDostRymeY/&quot;,return)</favourite>
    <favourite name="*More History Documentaries" thumb="https://yt3.ggpht.com/-nazqfy_ixgo/AAAAAAAAAAI/AAAAAAAAAAA/yJ5GN7ZW5PM/s100-c-k-no/photo.jpg">ActivateWindow(10025,&quot;plugin://plugin.video.youtube/playlist/PL152bjytsMC4fprSWSah3KMbjvEjZU_5q/&quot;,return)</favourite>
    <favourite name="Lunar Module 5 (Space Missions)" thumb="https://yt3.ggpht.com/-fGf9PQsPPRc/AAAAAAAAAAI/AAAAAAAAAAA/uKc5JeHvKIg/s100-c-k-no/photo.jpg">ActivateWindow(10025,&quot;plugin://plugin.video.youtube/channel/UC9joNm8jec_JdGF7UBFY2GA/&quot;,return)</favourite>
    <favourite name="*Sporting History" thumb="https://yt3.ggpht.com/-y8bzAKL35T0/AAAAAAAAAAI/AAAAAAAAAAA/5Y9Nx0IZm_4/s100-c-k-no/photo.jpg">ActivateWindow(10025,&quot;plugin://plugin.video.youtube/playlist/PL152bjytsMC4YagWpnkcayYe7VwoiWv5V/&quot;,return)</favourite>
    <favourite name="*MegaStructures" thumb="https://i.ytimg.com/i/FVWpq2o6CgdbU3Pt8T_SCw/mq1.jpg">ActivateWindow(10025,&quot;plugin://plugin.video.youtube/playlist/PL152bjytsMC6xXamnNsrmDXaZetKL9EXH/&quot;,return)</favourite>
    <favourite name="*History of Music" thumb="https://i.ytimg.com/i/pfis2fWtev5QhxwDNIIeLA/mq1.jpg?v=4fc532bd">ActivateWindow(10025,&quot;plugin://plugin.video.youtube/playlist/PL152bjytsMC6PQ1x_B5JN2MEuTZwH-Y3R/&quot;,return)</favourite>
    <favourite name="Music Makers - History" thumb="https://i.ytimg.com/i/Lq8QV6FbgDqOZNiw2H7h5A/mq1.jpg">ActivateWindow(10025,&quot;plugin://plugin.video.youtube/playlist/PL152bjytsMC5jRx_eUEvTJKudxLOYZfXL/&quot;,return)</favourite>
    <favourite name="*Seconds from Disaster and Others" thumb="https://yt3.ggpht.com/-hr6Zg3tvNHc/AAAAAAAAAAI/AAAAAAAAAAA/Crrl0ZX2vhg/s100-c-k-no/photo.jpg">ActivateWindow(10025,&quot;plugin://plugin.video.youtube/playlist/PL152bjytsMC4WcEI21ze2IfcAFRyxj8gi/&quot;,return)</favourite>
    <favourite name="Archanth (Check Playlists)" thumb="https://yt3.ggpht.com/-ff2dkyZfaug/AAAAAAAAAAI/AAAAAAAAAAA/XyeiWj6IOps/s100-c-k-no/photo.jpg">ActivateWindow(10025,&quot;plugin://plugin.video.youtube/channel/UC8nk3dP5q5z_z60n0DRWgeQ/&quot;,return)</favourite>
    <favourite name="British Military and History" thumb="https://yt3.ggpht.com/-B6uEYDm4-Dw/AAAAAAAAAAI/AAAAAAAAAAA/-kymqRL9Ls4/s100-c-k-no/photo.jpg">ActivateWindow(10025,&quot;plugin://plugin.video.youtube/playlist/PL57C1E76348A209F3/&quot;,return)</favourite>
    <favourite name="Mega Disasters" thumb="https://yt3.ggpht.com/-jK6d7QEdI-0/AAAAAAAAAAI/AAAAAAAAAAA/iFmdLKMSiQU/s100-c-k-no/photo.jpg">ActivateWindow(10025,&quot;plugin://plugin.video.youtube/channel/UCgLTuWANjVycg1qYHYPxmnA/&quot;,return)</favourite>
    <favourite name="*Prehistoric Life" thumb="https://i.ytimg.com/i/MsOe2Vd2WlDf8KAyUoUYCA/mq1.jpg">ActivateWindow(10025,&quot;plugin://plugin.video.youtube/playlist/PL152bjytsMC4ELQL-cyB4HcR5RR4y8jmI/&quot;,return)</favourite>
    <favourite name="*Religion" thumb="https://i.ytimg.com/i/9JYXcR3t__0GgX_Lsq8x_g/mq1.jpg">ActivateWindow(10025,&quot;plugin://plugin.video.youtube/playlist/PL152bjytsMC6pOots5SAORgX49LXO7Gfv/&quot;,return)</favourite>
    <favourite name="*Mysteries at the ..." thumb="https://i.ytimg.com/i/TxkQOhw1n3VzXTMchpkBNw/mq1.jpg">ActivateWindow(10025,&quot;plugin://plugin.video.youtube/playlist/PL152bjytsMC5D2o3yzMATpE9_S2yP3vuB/&quot;,return)</favourite>
</favourites>
