<favourites>
	<favourite name="UFC - NJM" thumb="http://e1.365dm.com/15/11/768x432/scott-quigg-carl-frampton-tale-of-the-tape_3371970.jpg?20151102153901">ActivateWindow(10025,&quot;plugin://plugin.video.NJMSoccer/?fanart&amp;mode=1&amp;name=%5bB%5d---%3d%3d%3d%5bCOLOR%20red%5dFIGHT%5b%2fCOLOR%5d%5bCOLOR%20blue%5d%20NIGHT%5b%2fCOLOR%5d%3d%3d%3d---%5b%2fB%5d&amp;url=http%3a%2f%2fnjmsoccer.kodistream.info%2frh_boxing.xml&quot;,return)</favourite>
	<favourite name="UFC - Money" thumb="">ActivateWindow(10025,&quot;plugin://plugin.video.MoneySports/&amp;sf_options=?fanart=http%3a%2f%2ffcbusiness.co.uk%2fblog%2ffolderofcontent%2fuploads%2f2013%2f04%2ftwitterfield.jpg&amp;mode=1&amp;name=%5bCOLOR%20lawngreen%5dMATCHDAY%5b%2fCOLOR%5d%20TWITTER%20STREAMS%20(%20MAINLY%20%5bCOLOR%20lawngreen%5dHD%5b%2fCOLOR%5d%20)%20(%20%5bCOLOR%20red%5dALSO%20PPVS%5b%2fCOLOR%5d%20)&amp;url=http%3a%2f%2fwww.4legends.co.uk%2fMoneySports%2fppvlive.XML&quot;,return)</favourite>
	<favourite name="UFC - Dimsports" thumb="special://home/addons\plugin.video.castaway\resources/media/icons/fighting.png">ActivateWindow(10025,&quot;plugin://plugin.video.castaway/?mode=open_sport_cat&amp;site=dimsport&amp;url=http%3a%2f%2fidimsports.eu%2fboxing-wwe-ufc.html&quot;,return)</favourite>
	<favourite name="Atdhenet.tv" thumb="special://home/addons\plugin.video.castaway\resources/media/atdhe.jpg">ActivateWindow(10025,&quot;plugin://plugin.video.castaway/?mode=open_live_sport&amp;site=atdhe&amp;sf_options=fanart%3Dspecial%3A%2F%2Fhome%2Faddons%5Cplugin.video.castaway%2Ffanart.jpg%26_options_sf&quot;,return)</favourite>
	<favourite name="Rojadirecta.me" thumb="special://home/addons\plugin.video.castaway\resources/media/roja.jpg">ActivateWindow(10025,&quot;plugin://plugin.video.castaway/?mode=open_live_sport&amp;site=rojadirecta&quot;,return)</favourite>
	<favourite name="BETA" thumb="C:\kodi\addons\plugin.program.super.favourites\icon.png">ActivateWindow(10025,&quot;plugin://plugin.program.super.favourites/?label=BETA&amp;mode=400&amp;folder=Sports%2FUFC%2FLive%20Events%2FBETA&amp;sf_options=fanart%3DNULL%26_options_sf&quot;)</favourite>
</favourites>