<favourites>
	<favourite name="VICE" thumb="http://thetvdb.com/banners/posters/264739-6.jpg">ActivateWindow(10025,&quot;plugin://plugin.video.origin2/?action=seasons&amp;imdb=tt2782710&amp;tvdb=264739&amp;tvshowtitle=VICE&amp;year=2013&amp;sf_options=fanart%3Dhttp%3A%2F%2Fthetvdb.com%2Fbanners%2Ffanart%2Foriginal%2F264739-3.jpg%26desc%3DVICE+is+unlike+any+TV+news+program+you%E2%80%99ve+ever+seen%2C+and+it%E2%80%99s+not+even+remotely+like+anything+you%E2%80%99ll+see+on+the+24%2F7+cable+news+channels.+Its+area+of+interest+is+the+world+%E2%80%94+the+entire+world%2C+not+just+the+suburb+beyond+where+you+live+%E2%80%94+and+the+emphasis+is+on+international+news.%26_options_sf&quot;,return)</favourite>
	<favourite name="The Eighties" thumb="http://thetvdb.com/banners/posters/309108-2.jpg">ActivateWindow(10025,&quot;plugin://plugin.video.origin2/?action=seasons&amp;imdb=tt5144776&amp;tvdb=309108&amp;tvshowtitle=The%20Eighties&amp;year=2016&amp;sf_options=fanart%3Dhttp%3A%2F%2Fthetvdb.com%2Fbanners%2Ffanart%2Foriginal%2F309108-1.jpg%26desc%3DThe+third+installment+from+executive+producers+Tom+Hanks%2C+Gary+Goetzman+and+Mark+Herzog%2C+following+in+the+footsteps+of+critically-acclaimed+series+%60%60The+Sixties%27%27+and+%60%60The+Seventies%2C%27%27+tackles+10+years+shaped+by+exceptionalism+and+excess.+Like+its+predecessors%2C+%60%60The+Eighties%27%27+intersperses+rare+archival+newsreel+footage%2C+interviews%2C+and+comments+by+historians%2C+journalists%2C+politicians%2C+celebrities+and+others%2C+painting+a+perspective-rich+picture+of+a+vibrant+decade.+Episodes+examine+the+age+of+Reagan%2C+the+AIDS+crisis%2C+the+end+of+the+Cold+War%2C+Wall+Street+corruption%2C+the+evolving+TV+and+music+scene%2C+and+everything+in+between.%26_options_sf&quot;,return)</favourite>
	<favourite name="The Brink" thumb="http://thetvdb.com/banners/posters/278469-3.jpg">ActivateWindow(10025,&quot;plugin://plugin.video.origin2/?action=seasons&amp;imdb=tt3216586&amp;tvdb=278469&amp;tvshowtitle=The%20Brink&amp;year=2015&amp;sf_options=fanart%3Dhttp%3A%2F%2Fthetvdb.com%2Fbanners%2Ffanart%2Foriginal%2F278469-1.jpg%26desc%3DAn+epic+dark+comedy+focusing+on+a+geopolitical+crisis+and+its+effect+on+three+disparate+and+desperate+men%3A+U.S.+Secretary+of+State+Walter+Larson%3B+Alex+Talbot%2C+a+lowly+Foreign+Service+officer%3B+and+Zeke+Tilson%2C+an+ace+Navy+fighter+pilot.+These+three+compromised+souls+must+pull+through+the+chaos+around+them+to+save+the+planet+from+World+War+III.%26_options_sf&quot;,return)</favourite>
	<favourite name="Impractical Jokers" thumb="http://thetvdb.com/banners/posters/254243-5.jpg">ActivateWindow(10025,&quot;plugin://plugin.video.origin2/?action=seasons&amp;imdb=tt2100976&amp;tvdb=254243&amp;tvshowtitle=Impractical%20Jokers&amp;year=2011&amp;sf_options=fanart%3Dhttp%3A%2F%2Fthetvdb.com%2Fbanners%2Ffanart%2Foriginal%2F254243-7.jpg%26desc%3DThis+hidden-camera+series+follows+four+lifelong+friends+--+Brian+%22Q%22%27+Quinn%2C+James+%22Murr%22%27+Murray%2C+Joe+Gatto+and+Sal+Vulcano+--+who+take+dares+to+an+outrageous+level.+Since+they+were+young%2C+the+quartet+have+challenged+one+another+to+do+ridiculous+dares+in+public.+On+the+show%2C+to+find+out+who+is+best+under+pressure%2C+the+guys+compete+in+awkward+and+outrageous+hidden-camera+hijinks.+At+the+end+of+each+episode%2C+the+loser+must+perform+what+is+deemed+to+be+the+most-mortifying+challenge+yet.%26_options_sf&quot;,return)</favourite>
	<favourite name="Late Night With Colbert" thumb="http://ia.media-imdb.com/images/M/MV5BMTY2NDY3OTk3NF5BMl5BanBnXkFtZTgwODE2MjI1NjE@._V1_SX214_AL_.jpg">ActivateWindow(10025,&quot;plugin://plugin.video.ustvvod/?fanart=%22C%3a%5ckodi2%5cportable_data%5caddons%5cplugin.video.ustvvod%5cfanart.jpg%22&amp;mode=%22cbs%22&amp;name=%22Full%20Episodes%22&amp;sitemode=%22episodes%22&amp;thumb=%22C%3a%5ckodi15final1%5cportable_data%5caddons%5cplugin.video.ustvvod%5cresources%5cimages%5ccbs.png%22&amp;url=%22http%3a%2f%2fwww.cbs.com%2fcarousels%2fvideosBySection%2f240233%2foffset%2f0%2flimit%2f100%2fxs%2f0%2f%22&amp;sf_options=fanart%3DC%3A%5Ckodi2%5Cportable_data%5Caddons%5Cplugin.video.ustvvod%5Cfanart.jpg%26desc%3DCBS+was+established+in+1928%2C+when+founder+William+Paley+purchased+16+independent+radio+stations+and+christened+them+the+Columbia+Broadcast+System.+Today%2C+with+more+than+200+television+stations+and+affiliates+reaching+virtually+every+home+in+the+United+States%2C+CBS%27s+total+primetime+network+lineup+is+watched+by+more+than+130+million+people+a+week+during+the+2010%2F2011+season.+The+Network+has+the+%231+drama%2Fscripted+program%2C+NCIS%3B+%231+sitcom%2C+TWO+AND+A+HALF+MEN%3B+%231+newsmagazine%2C+60+MINUTES%3B+and+%231+daytime+drama%2C+THE+YOUNG+AND+THE+RESTLESS.+Its+programming+arms+include+CBS+Entertainment%2C+CBS+News+and+CBS+Sports.%26_options_sf&quot;,return)</favourite>
	<favourite name="Huang&apos;s World (Season 1)" thumb="https://i.ytimg.com/vi/Rix7OL8vOIE/mqdefault.jpg">ActivateWindow(10025,&quot;plugin://plugin.video.youtube/channel/UCaLfMkkHhSA_LaCta0BzyhQ/playlist/PLnPDn1Lb79JEb7YK2N7WGItv1jVDd9u_8/&quot;,return)</favourite>
	<favourite name="Huang&apos;s World (Season 2)" thumb="https://i.ytimg.com/vi/QligM6VuM_4/mqdefault.jpg">ActivateWindow(10025,&quot;plugin://plugin.video.youtube/channel/UCaLfMkkHhSA_LaCta0BzyhQ/playlist/PLnPDn1Lb79JEvKZ42CFMsV-DUuUCsx1R_/&quot;,return)</favourite>
	<favourite name="The Big Short (2015)" thumb="https://walter.trakt.us/images/movies/000/199/563/posters/medium/ca03e20826.jpg">ActivateWindow(10025,&quot;plugin://plugin.video.origin2/?action=sources&amp;imdb=tt1596363&amp;meta=%7b%22rating%22%3a%20%227.8%22%2c%20%22votes%22%3a%20%22134%2c307%22%2c%20%22code%22%3a%20%22tt1596363%22%2c%20%22cast%22%3a%20%5b%5b%22Ryan%20Gosling%22%2c%20%22%22%5d%2c%20%5b%22Rudy%20Eisenzopf%22%2c%20%22%22%5d%2c%20%5b%22Casey%20Groves%22%2c%20%22%22%5d%2c%20%5b%22Charlie%20Talbert%22%2c%20%22%22%5d%5d%2c%20%22plot%22%3a%20%22Three%20separate%20but%20parallel%20stories%20of%20the%20U.S%20mortgage%20housing%20crisis%20of%202005%20are%20told.%20Michael%20Burry%2c%20an%20eccentric%20ex-physician%20turned%20one-eyed%20Scion%20Capital%20hedge%20fund%20manager%2c%20has%20traded%20traditional%20office%20attire%20for%20shorts%2c%20bare%20feet%20and%20a%20Supercuts%20haircut.%20He%20believes%20that%20the%20US%20housing%20market%20is%20built%20on%20a%20bubble%20that%20will%20burst%20within%20the%20next%20few%20years.%20Autonomy%20within%20the%20company%20allows%20Burry%20to%20do%20largely%20as%20he%20pleases%2c%20so%20Burry%20proceeds%20to%20bet%20against%20the%20housing%20market%20with%20the%20banks%2c%20who%20are%20more%20than%20happy%20to%20accept%20his%20proposal%20for%20something%20that%20has%20never%20happened%20in%20American%20history.%20The%20banks%20believe%20that%20Burry%20is%20a%20crackpot%20and%20therefore%20are%20confident%20in%20that%20they%20will%20win%20the%20deal.%20Jared%20Vennett%20with%20Deutschebank%20gets%20wind%20of%20what%20Burry%20is%20doing%20and%2c%20as%20an%20investor%20believes%20he%20too%20can%20cash%20in%20on%20Burry%27s%20beliefs.%20An%20errant%20telephone%20call%20to%20FrontPoint%20Partners%20gets%20this%20information%20into%20the%20hands%20of%20Mark%20Baum%2c%20an%20idealist%20who%20is%20fed%20up%20with%20the%20corruption%20in%20the%20financial%20industry.%20Baum%20and%20his%20associates%2c%20who%20work%20at%20an%20arms%20length%20under%20Morgan%20Stanley%2c%20decide%20to%20join%20forces%20with%20Vennett%20despite%20not%20totally%20trusting%20him.%20In%20addition%20to%20Burry%27s%20information%2c%20they%20further%20believe%20that%20most%20of%20the%20mortgages%20are%20overrated%20by%20the%20bond%20agencies%2c%20with%20the%20banks%20collating%20all%20the%20sub-prime%20mortgages%20under%20AAA%20packages.%20Charlie%20Geller%20and%20Jamie%20Shipley%2c%20who%20are%20minor%20players%20in%20a%20%2430%20million%20start-up%20garage%20company%20called%20Brownfield%2c%20get%20a%20hold%20of%20Vennett%27s%20prospectus%20on%20the%20matter.%20Wanting%20in%20on%20the%20action%20but%20not%20having%20the%20official%20clout%20to%20play%2c%20they%20decide%20to%20call%20an%20old%20%5c%22friend%5c%22%2c%20retired%20investment%20banker%20Ben%20Rickert%2c%20to%20help%20out.%20All%20three%20of%20these%20groups%20work%20on%20the%20premise%20that%20the%20banks%20are%20stupid%20and%20don%27t%20know%20what%27s%20going%20on%2c%20while%20for%20them%20to%20win%2c%20the%20general%20economy%20has%20to%20lose%2c%20which%20means%20the%20suffering%20of%20the%20general%20investor%20who%20trusts%20the%20financial%20institutions.%20That%20latter%20aspect%20may%20not%20sit%20well%20with%20Baum.%20Some%20of%20these%20assumptions%20may%20be%20incorrect%20and%20may%20be%20far%20more%20manipulative%20than%20they%20could%20have%20ever%20imagined%2c%20which%20in%20turn%20may%20throw%20curves%20into%20the%20process.%22%2c%20%22fanart%22%3a%20%22https%3a%2f%2fwalter.trakt.us%2fimages%2fmovies%2f000%2f199%2f563%2ffanarts%2foriginal%2f2f14af72ea.jpg%22%2c%20%22mpaa%22%3a%20%22R%22%2c%20%22title%22%3a%20%22The%20Big%20Short%22%2c%20%22originaltitle%22%3a%20%22The%20Big%20Short%22%2c%20%22poster%22%3a%20%22https%3a%2f%2fwalter.trakt.us%2fimages%2fmovies%2f000%2f199%2f563%2fposters%2fmedium%2fca03e20826.jpg%22%2c%20%22next%22%3a%20%22http%3a%2f%2fapi-v2launch.trakt.tv%2fmovies%2ftrending%3flimit%3d40%26page%3d2%22%2c%20%22director%22%3a%20%22Adam%20McKay%22%2c%20%22writer%22%3a%20%22Charles%20Randolph%20%2f%20Adam%20McKay%20%2f%20Michael%20Lewis%22%2c%20%22imdb%22%3a%20%22tt1596363%22%2c%20%22premiered%22%3a%20%222015-12-23%22%2c%20%22year%22%3a%20%222015%22%2c%20%22duration%22%3a%20%227800%22%2c%20%22genre%22%3a%20%22Biography%20%2f%20Comedy%20%2f%20Drama%22%2c%20%22trailer%22%3a%20%22plugin%3a%2f%2fplugin.video.origin2%2f%3faction%3dtrailer%26name%3dThe%2bBig%2bShort%2b%25282015%2529%22%2c%20%22metacache%22%3a%20true%7d&amp;title=The%20Big%20Short&amp;year=2015&amp;sf_options=fanart%3Dhttps%3A%2F%2Fwalter.trakt.us%2Fimages%2Fmovies%2F000%2F199%2F563%2Ffanarts%2Foriginal%2F2f14af72ea.jpg%26desc%3DThree+separate+but+parallel+stories+of+the+U.S+mortgage+housing+crisis+of+2005+are+told.+Michael+Burry%2C+an+eccentric+ex-physician+turned+one-eyed+Scion+Capital+hedge+fund+manager%2C+has+traded+traditional+office+attire+for+shorts%2C+bare+feet+and+a+Supercuts+haircut.+He+believes+that+the+US+housing+market+is+built+on+a+bubble+that+will+burst+within+the+next+few+years.+Autonomy+within+the+company+allows+Burry+to+do+largely+as+he+pleases%2C+so+Burry+proceeds+to+bet+against+the+housing+market+with+the+banks%2C+who+are+more+than+happy+to+accept+his+proposal+for+something+that+has+never+happened+in+American+history.+The+banks+believe+that+Burry+is+a+crackpot+and+therefore+are+confident+in+that+they+will+win+the+deal.+Jared+Vennett+with+Deutschebank+gets+wind+of+what+Burry+is+doing+and%2C+as+an+investor+believes+he+too+can+cash+in+on+Burry%27s+beliefs.+An+errant+telephone+call+to+FrontPoint+Partners+gets+this+information+into+the+hands+of+Mark+Baum%2C+an+idealist+who+is+fed+up+with+the+corruption+in+the+financial+industry.+Baum+and+his+associates%2C+who+work+at+an+arms+length+under+Morgan+Stanley%2C+decide+to+join+forces+with+Vennett+despite+not+totally+trusting+him.+In+addition+to+Burry%27s+information%2C+they+further+believe+that+most+of+the+mortgages+are+overrated+by+the+bond+agencies%2C+with+the+banks+collating+all+the+sub-prime+mortgages+under+AAA+packages.+Charlie+Geller+and+Jamie+Shipley%2C+who+are+minor+players+in+a+%2430+million+start-up+garage+company+called+Brownfield%2C+get+a+hold+of+Vennett%27s+prospectus+on+the+matter.+Wanting+in+on+the+action+but+not+having+the+official+clout+to+play%2C+they+decide+to+call+an+old+%22friend%22%2C+retired+investment+banker+Ben+Rickert%2C+to+help+out.+All+three+of+these+groups+work+on+the+premise+that+the+banks+are+stupid+and+don%27t+know+what%27s+going+on%2C+while+for+them+to+win%2C+the+general+economy+has+to+lose%2C+which+means+the+suffering+of+the+general+investor+who+trusts+the+financial+institutions.+That+latter+aspect+may+not+sit+well+with+Baum.+Some+of+these+assumptions+may+be+incorrect+and+may+be+far+more+manipulative+than+they+could+have+ever+imagined%2C+which+in+turn+may+throw+curves+into+the+process.%26_options_sf&quot;,return)</favourite>
	<favourite name="Sicario (2015)" thumb="https://walter.trakt.us/images/movies/000/171/369/posters/medium/842f74bbfe.jpg">ActivateWindow(10025,&quot;plugin://plugin.video.origin2/?action=sources&amp;imdb=tt3397884&amp;meta=%7b%22rating%22%3a%20%227.7%22%2c%20%22code%22%3a%20%22tt3397884%22%2c%20%22poster%22%3a%20%22https%3a%2f%2fwalter.trakt.us%2fimages%2fmovies%2f000%2f171%2f369%2fposters%2fmedium%2f842f74bbfe.jpg%22%2c%20%22director%22%3a%20%22Denis%20Villeneuve%22%2c%20%22genre%22%3a%20%22Action%20%2f%20Crime%20%2f%20Drama%22%2c%20%22imdb%22%3a%20%22tt3397884%22%2c%20%22year%22%3a%20%222015%22%2c%20%22duration%22%3a%20%227260%22%2c%20%22banner%22%3a%20%22https%3a%2f%2fwalter.trakt.us%2fimages%2fmovies%2f000%2f171%2f369%2fbanners%2foriginal%2f12e03f3a73.jpg%22%2c%20%22metacache%22%3a%20true%2c%20%22plot%22%3a%20%22When%20drug%20violence%20worsens%20on%20the%20USA%20Mexico%20border%2c%20the%20FBI%20sends%20an%20idealistic%20agent%2c%20Kate%20Macer%20(Emily%20Blunt)%20on%20a%20mission%20to%20eradicate%20a%20drug%20cartel%20responsible%20for%20a%20bomb%20that%20had%20killed%20members%20of%20her%20team.%22%2c%20%22votes%22%3a%20%22161%2c525%22%2c%20%22title%22%3a%20%22Sicario%22%2c%20%22fanart%22%3a%20%22https%3a%2f%2fwalter.trakt.us%2fimages%2fmovies%2f000%2f171%2f369%2ffanarts%2foriginal%2f4f9caecbdf.jpg%22%2c%20%22mpaa%22%3a%20%22R%22%2c%20%22writer%22%3a%20%22Taylor%20Sheridan%22%2c%20%22premiered%22%3a%20%222015-10-02%22%2c%20%22next%22%3a%20%22http%3a%2f%2fapi-v2launch.trakt.tv%2fmovies%2ftrending%3flimit%3d40%26page%3d2%22%2c%20%22originaltitle%22%3a%20%22Sicario%22%2c%20%22cast%22%3a%20%5b%5b%22Emily%20Blunt%22%2c%20%22%22%5d%2c%20%5b%22Benicio%20Del%20Toro%22%2c%20%22%22%5d%2c%20%5b%22Josh%20Brolin%22%2c%20%22%22%5d%2c%20%5b%22Victor%20Garber%22%2c%20%22%22%5d%5d%2c%20%22trailer%22%3a%20%22plugin%3a%2f%2fplugin.video.origin2%2f%3faction%3dtrailer%26name%3dSicario%2b%25282015%2529%22%7d&amp;title=Sicario&amp;year=2015&amp;sf_options=fanart%3Dhttps%3A%2F%2Fwalter.trakt.us%2Fimages%2Fmovies%2F000%2F171%2F369%2Ffanarts%2Foriginal%2F4f9caecbdf.jpg%26desc%3DWhen+drug+violence+worsens+on+the+USA+Mexico+border%2C+the+FBI+sends+an+idealistic+agent%2C+Kate+Macer+%28Emily+Blunt%29+on+a+mission+to+eradicate+a+drug+cartel+responsible+for+a+bomb+that+had+killed+members+of+her+team.%26_options_sf&quot;,return)</favourite>
	<favourite name="Sicario (2015)" thumb="https://walter.trakt.us/images/movies/000/171/369/posters/medium/842f74bbfe.jpg">ActivateWindow(10025,&quot;plugin://plugin.video.origin2/?action=sources&amp;imdb=tt3397884&amp;meta=%7b%22rating%22%3a%20%227.7%22%2c%20%22code%22%3a%20%22tt3397884%22%2c%20%22poster%22%3a%20%22https%3a%2f%2fwalter.trakt.us%2fimages%2fmovies%2f000%2f171%2f369%2fposters%2fmedium%2f842f74bbfe.jpg%22%2c%20%22director%22%3a%20%22Denis%20Villeneuve%22%2c%20%22genre%22%3a%20%22Action%20%2f%20Crime%20%2f%20Drama%22%2c%20%22imdb%22%3a%20%22tt3397884%22%2c%20%22year%22%3a%20%222015%22%2c%20%22duration%22%3a%20%227260%22%2c%20%22banner%22%3a%20%22https%3a%2f%2fwalter.trakt.us%2fimages%2fmovies%2f000%2f171%2f369%2fbanners%2foriginal%2f12e03f3a73.jpg%22%2c%20%22metacache%22%3a%20true%2c%20%22plot%22%3a%20%22When%20drug%20violence%20worsens%20on%20the%20USA%20Mexico%20border%2c%20the%20FBI%20sends%20an%20idealistic%20agent%2c%20Kate%20Macer%20(Emily%20Blunt)%20on%20a%20mission%20to%20eradicate%20a%20drug%20cartel%20responsible%20for%20a%20bomb%20that%20had%20killed%20members%20of%20her%20team.%22%2c%20%22votes%22%3a%20%22161%2c525%22%2c%20%22title%22%3a%20%22Sicario%22%2c%20%22fanart%22%3a%20%22https%3a%2f%2fwalter.trakt.us%2fimages%2fmovies%2f000%2f171%2f369%2ffanarts%2foriginal%2f4f9caecbdf.jpg%22%2c%20%22mpaa%22%3a%20%22R%22%2c%20%22writer%22%3a%20%22Taylor%20Sheridan%22%2c%20%22premiered%22%3a%20%222015-10-02%22%2c%20%22next%22%3a%20%22http%3a%2f%2fapi-v2launch.trakt.tv%2fmovies%2ftrending%3flimit%3d40%26page%3d3%22%2c%20%22originaltitle%22%3a%20%22Sicario%22%2c%20%22cast%22%3a%20%5b%5b%22Emily%20Blunt%22%2c%20%22%22%5d%2c%20%5b%22Benicio%20Del%20Toro%22%2c%20%22%22%5d%2c%20%5b%22Josh%20Brolin%22%2c%20%22%22%5d%2c%20%5b%22Victor%20Garber%22%2c%20%22%22%5d%5d%2c%20%22trailer%22%3a%20%22plugin%3a%2f%2fplugin.video.origin2%2f%3faction%3dtrailer%26name%3dSicario%2b%25282015%2529%22%7d&amp;title=Sicario&amp;year=2015&amp;sf_options=fanart%3Dhttps%3A%2F%2Fwalter.trakt.us%2Fimages%2Fmovies%2F000%2F171%2F369%2Ffanarts%2Foriginal%2F4f9caecbdf.jpg%26desc%3DWhen+drug+violence+worsens+on+the+USA+Mexico+border%2C+the+FBI+sends+an+idealistic+agent%2C+Kate+Macer+%28Emily+Blunt%29+on+a+mission+to+eradicate+a+drug+cartel+responsible+for+a+bomb+that+had+killed+members+of+her+team.%26_options_sf&quot;,return)</favourite>
	<favourite name="Star Wars: Episode VII - The Force Awakens (2015)" thumb="https://walter.trakt.us/images/movies/000/094/024/posters/medium/45feef2558.jpg">ActivateWindow(10025,&quot;plugin://plugin.video.origin2/?action=sources&amp;imdb=tt2488496&amp;meta=%7b%22rating%22%3a%20%228.4%22%2c%20%22code%22%3a%20%22tt2488496%22%2c%20%22poster%22%3a%20%22https%3a%2f%2fwalter.trakt.us%2fimages%2fmovies%2f000%2f094%2f024%2fposters%2fmedium%2f45feef2558.jpg%22%2c%20%22director%22%3a%20%22J.J.%20Abrams%22%2c%20%22genre%22%3a%20%22Action%20%2f%20Adventure%20%2f%20Fantasy%22%2c%20%22imdb%22%3a%20%22tt2488496%22%2c%20%22year%22%3a%20%222015%22%2c%20%22duration%22%3a%20%228100%22%2c%20%22banner%22%3a%20%22https%3a%2f%2fwalter.trakt.us%2fimages%2fmovies%2f000%2f094%2f024%2fbanners%2foriginal%2fb20b70cbf5.jpg%22%2c%20%22metacache%22%3a%20true%2c%20%22plot%22%3a%20%2230%20years%20after%20the%20defeat%20of%20Darth%20Vader%20and%20the%20Empire%2c%20Rey%2c%20a%20scavenger%20from%20the%20planet%20Jakku%2c%20finds%20a%20BB-8%20droid%20that%20knows%20the%20whereabouts%20of%20the%20long%20lost%20Luke%20Skywalker.%20Rey%2c%20as%20well%20as%20a%20rogue%20stormtrooper%20and%20two%20smugglers%2c%20are%20thrown%20into%20the%20middle%20of%20a%20battle%20between%20the%20Resistance%20and%20the%20daunting%20legions%20of%20the%20First%20Order.%22%2c%20%22votes%22%3a%20%22457%2c987%22%2c%20%22title%22%3a%20%22Star%20Wars%3a%20Episode%20VII%20-%20The%20Force%20Awakens%22%2c%20%22fanart%22%3a%20%22https%3a%2f%2fwalter.trakt.us%2fimages%2fmovies%2f000%2f094%2f024%2ffanarts%2foriginal%2f707a0ae2ab.jpg%22%2c%20%22mpaa%22%3a%20%22PG-13%22%2c%20%22writer%22%3a%20%22Lawrence%20Kasdan%20%2f%20J.J.%20Abrams%20%2f%20Michael%20Arndt%20%2f%20George%20Lucas%22%2c%20%22premiered%22%3a%20%222015-12-18%22%2c%20%22next%22%3a%20%22http%3a%2f%2fapi-v2launch.trakt.tv%2fmovies%2ftrending%3flimit%3d40%26page%3d2%22%2c%20%22originaltitle%22%3a%20%22Star%20Wars%3a%20The%20Force%20Awakens%22%2c%20%22cast%22%3a%20%5b%5b%22Harrison%20Ford%22%2c%20%22%22%5d%2c%20%5b%22Mark%20Hamill%22%2c%20%22%22%5d%2c%20%5b%22Carrie%20Fisher%22%2c%20%22%22%5d%2c%20%5b%22Adam%20Driver%22%2c%20%22%22%5d%5d%2c%20%22trailer%22%3a%20%22plugin%3a%2f%2fplugin.video.origin2%2f%3faction%3dtrailer%26name%3dStar%2bWars%253A%2bThe%2bForce%2bAwakens%2b%25282015%2529%22%7d&amp;title=Star%20Wars%3a%20The%20Force%20Awakens&amp;year=2015&amp;sf_options=fanart%3Dhttps%3A%2F%2Fwalter.trakt.us%2Fimages%2Fmovies%2F000%2F094%2F024%2Ffanarts%2Foriginal%2F707a0ae2ab.jpg%26desc%3D30+years+after+the+defeat+of+Darth+Vader+and+the+Empire%2C+Rey%2C+a+scavenger+from+the+planet+Jakku%2C+finds+a+BB-8+droid+that+knows+the+whereabouts+of+the+long+lost+Luke+Skywalker.+Rey%2C+as+well+as+a+rogue+stormtrooper+and+two+smugglers%2C+are+thrown+into+the+middle+of+a+battle+between+the+Resistance+and+the+daunting+legions+of+the+First+Order.%26_options_sf&quot;,return)</favourite>
	<favourite name="Bridge of Spies (2015)" thumb="https://walter.trakt.us/images/movies/000/193/081/posters/medium/57fa47d7a4.jpg">ActivateWindow(10025,&quot;plugin://plugin.video.origin2/?action=sources&amp;imdb=tt3682448&amp;meta=%7b%22rating%22%3a%20%227.6%22%2c%20%22code%22%3a%20%22tt3682448%22%2c%20%22poster%22%3a%20%22https%3a%2f%2fwalter.trakt.us%2fimages%2fmovies%2f000%2f193%2f081%2fposters%2fmedium%2f57fa47d7a4.jpg%22%2c%20%22director%22%3a%20%22Steven%20Spielberg%22%2c%20%22genre%22%3a%20%22Drama%20%2f%20History%20%2f%20Thriller%22%2c%20%22imdb%22%3a%20%22tt3682448%22%2c%20%22year%22%3a%20%222015%22%2c%20%22duration%22%3a%20%228520%22%2c%20%22banner%22%3a%20%22https%3a%2f%2fwalter.trakt.us%2fimages%2fmovies%2f000%2f193%2f081%2fbanners%2foriginal%2f15da33317d.jpg%22%2c%20%22metacache%22%3a%20true%2c%20%22plot%22%3a%20%22In%20the%20cold%20war%2c%20a%20lawyer%2c%20James%20B.%20Donovan%20is%20recruited%20by%20the%20CIA%20and%20involved%20in%20an%20intense%20negotiation%20mission%20to%20release%20and%20exchange%20a%20CIA%20U-2%20spy-plane%20pilot%2c%20Francis%20G.%20Powers.%20The%20pilot%20was%20arrested%20alive%20after%20his%20plane%20was%20shot%20down%20by%20the%20Soviet%20Union%20during%20a%20mission%20and%20stays%20in%20the%20company%20of%20a%20KGB%20intelligence%20officer%2c%20Rudolf%20Abel%2c%20who%20was%20arrested%20for%20espionage%20in%20the%20US.%22%2c%20%22votes%22%3a%20%22138%2c390%22%2c%20%22title%22%3a%20%22Bridge%20of%20Spies%22%2c%20%22fanart%22%3a%20%22https%3a%2f%2fwalter.trakt.us%2fimages%2fmovies%2f000%2f193%2f081%2ffanarts%2foriginal%2f482d91f1c5.jpg%22%2c%20%22mpaa%22%3a%20%22PG-13%22%2c%20%22writer%22%3a%20%22Matt%20Charman%20%2f%20Ethan%20Coen%20%2f%20Joel%20Coen%22%2c%20%22premiered%22%3a%20%222015-10-16%22%2c%20%22next%22%3a%20%22http%3a%2f%2fapi-v2launch.trakt.tv%2fmovies%2ftrending%3flimit%3d40%26page%3d3%22%2c%20%22originaltitle%22%3a%20%22Bridge%20of%20Spies%22%2c%20%22cast%22%3a%20%5b%5b%22Mark%20Rylance%22%2c%20%22%22%5d%2c%20%5b%22Domenick%20Lombardozzi%22%2c%20%22%22%5d%2c%20%5b%22Victor%20Verhaeghe%22%2c%20%22%22%5d%2c%20%5b%22Mark%20Fichera%22%2c%20%22%22%5d%5d%2c%20%22trailer%22%3a%20%22plugin%3a%2f%2fplugin.video.origin2%2f%3faction%3dtrailer%26name%3dBridge%2bof%2bSpies%2b%25282015%2529%22%7d&amp;title=Bridge%20of%20Spies&amp;year=2015&amp;sf_options=fanart%3Dhttps%3A%2F%2Fwalter.trakt.us%2Fimages%2Fmovies%2F000%2F193%2F081%2Ffanarts%2Foriginal%2F482d91f1c5.jpg%26desc%3DIn+the+cold+war%2C+a+lawyer%2C+James+B.+Donovan+is+recruited+by+the+CIA+and+involved+in+an+intense+negotiation+mission+to+release+and+exchange+a+CIA+U-2+spy-plane+pilot%2C+Francis+G.+Powers.+The+pilot+was+arrested+alive+after+his+plane+was+shot+down+by+the+Soviet+Union+during+a+mission+and+stays+in+the+company+of+a+KGB+intelligence+officer%2C+Rudolf+Abel%2C+who+was+arrested+for+espionage+in+the+US.%26_options_sf&quot;,return)</favourite>
	<favourite name="Fuller House" thumb="http://thetvdb.com/banners/seasons/301236-1-4.jpg">ActivateWindow(10025,&quot;plugin://plugin.video.origin2/?action=episodes&amp;imdb=tt3986586&amp;season=1&amp;tvdb=301236&amp;tvshowtitle=Fuller%20House&amp;year=2016&amp;sf_options=fanart%3Dhttp%3A%2F%2Fthetvdb.com%2Fbanners%2Ffanart%2Foriginal%2F301236-7.jpg%26desc%3DRecently+widowed+D.J.+Tanner-Fuller+gets+help+from+her+sister+Stephanie+and+best+friend+Kimmy+when+the+women+move+in+with+their+families+to+help+D.J.+raise+her+children+in+this+spin-off+series.%26_options_sf&quot;,return)</favourite>
	<favourite name="The Ranch" thumb="http://thetvdb.com/banners/seasons/305165-1.jpg">ActivateWindow(10025,&quot;plugin://plugin.video.origin2/?action=episodes&amp;imdb=tt4998212&amp;season=1&amp;tvdb=305165&amp;tvshowtitle=The%20Ranch&amp;year=2016&amp;sf_options=fanart%3Dhttp%3A%2F%2Fthetvdb.com%2Fbanners%2Ffanart%2Foriginal%2F305165-6.jpg%26desc%3DThe+son+of+a+Colorado+rancher+returns+home+from+a+semi-pro+football+career+to+run+the+family+business.%26_options_sf&quot;,return)</favourite>
	<favourite name="11.22.63" thumb="http://thetvdb.com/banners/seasons/301824-1.jpg">ActivateWindow(10025,&quot;plugin://plugin.video.origin2/?action=episodes&amp;imdb=tt2879552&amp;season=1&amp;tvdb=301824&amp;tvshowtitle=11.22.63&amp;year=2016&amp;sf_options=fanart%3Dhttp%3A%2F%2Fthetvdb.com%2Fbanners%2Ffanart%2Foriginal%2F301824-4.jpg%26desc%3DImagine+having+the+power+to+change+history.+Would+you+journey+down+the+%22rabbit+hole%22%3F+This+event+series+follows+Jake+Epping%2C+an+ordinary+high+school+teacher%2C+presented+with+the+unthinkable+mission+of+traveling+back+in+time+to+prevent+the+assassination+of+John+F.+Kennedy+on+November+22%2C+1963.+Jake+travels+to+the+past+in+order+to+solve+the+most+enduring+mystery+of+the+20th+century%3A+who+killed+JFK%2C+and+could+it+have+been+stopped%3F+But+as+Jake+will+learn%2C+the+past+does+not+want+to+be+changed.+And+trying+to+divert+the+course+of+history+may+prove+fatal.%26_options_sf&quot;,return)</favourite>
	<favourite name="the Brink" thumb="http://thetvdb.com/banners/seasons/278469-1.jpg">ActivateWindow(10025,&quot;plugin://plugin.video.origin2/?action=episodes&amp;imdb=tt3216586&amp;season=1&amp;tvdb=278469&amp;tvshowtitle=The%20Brink&amp;year=2015&amp;sf_options=fanart%3Dhttp%3A%2F%2Fthetvdb.com%2Fbanners%2Ffanart%2Foriginal%2F278469-1.jpg%26desc%3DAn+epic+dark+comedy+focusing+on+a+geopolitical+crisis+and+its+effect+on+three+disparate+and+desperate+men%3A+U.S.+Secretary+of+State+Walter+Larson%3B+Alex+Talbot%2C+a+lowly+Foreign+Service+officer%3B+and+Zeke+Tilson%2C+an+ace+Navy+fighter+pilot.+These+three+compromised+souls+must+pull+through+the+chaos+around+them+to+save+the+planet+from+World+War+III.%26_options_sf&quot;,return)</favourite>
	<favourite name="the Eighties" thumb="http://thetvdb.com/banners/posters/309108-2.jpg">ActivateWindow(10025,&quot;plugin://plugin.video.origin2/?action=episodes&amp;imdb=tt5144776&amp;season=1&amp;tvdb=309108&amp;tvshowtitle=The%20Eighties&amp;year=2016&amp;sf_options=fanart%3Dhttp%3A%2F%2Fthetvdb.com%2Fbanners%2Ffanart%2Foriginal%2F309108-1.jpg%26desc%3DThe+third+installment+from+executive+producers+Tom+Hanks%2C+Gary+Goetzman+and+Mark+Herzog%2C+following+in+the+footsteps+of+critically-acclaimed+series+%60%60The+Sixties%27%27+and+%60%60The+Seventies%2C%27%27+tackles+10+years+shaped+by+exceptionalism+and+excess.+Like+its+predecessors%2C+%60%60The+Eighties%27%27+intersperses+rare+archival+newsreel+footage%2C+interviews%2C+and+comments+by+historians%2C+journalists%2C+politicians%2C+celebrities+and+others%2C+painting+a+perspective-rich+picture+of+a+vibrant+decade.+Episodes+examine+the+age+of+Reagan%2C+the+AIDS+crisis%2C+the+end+of+the+Cold+War%2C+Wall+Street+corruption%2C+the+evolving+TV+and+music+scene%2C+and+everything+in+between.%26_options_sf&quot;,return)</favourite>
</favourites>