<favourites>
	<favourite name="Sports Films" thumb="http://s28.postimg.org/m39uqniy5/Sports_Films.jpg">ActivateWindow(10025,&quot;plugin://plugin.video.phstreams/?action=ndmode&amp;audio=0&amp;content=0&amp;fanart=http%3a%2f%2fcoolbackgroundhd.com%2fwp-content%2fuploads%2f2015%2f04%2fangels-wings-fire-wallpaper.jpg&amp;image=http%3a%2f%2fs28.postimg.org%2fm39uqniy5%2fSports_Films.jpg&amp;name=Sports%20Films&amp;playable=false&amp;tvshow=0&amp;url=http%3a%2f%2fgibraltar.watchkodi.com%2fSports%2fSports_Directory.xml&amp;sf_options=fanart%3Dhttp%3A%2F%2Fcoolbackgroundhd.com%2Fwp-content%2Fuploads%2F2015%2F04%2Fangels-wings-fire-wallpaper.jpg%26desc%3DDiscover+Great+Streaming+Playlists%21%26_options_sf&quot;,return)</favourite>
	<favourite name="Sports Doc&apos;s" thumb="http://s15.postimg.org/5xw0lhdsb/Sports_Docs.jpg">ActivateWindow(10025,&quot;plugin://plugin.video.phstreams/?action=ndmode&amp;audio=0&amp;content=0&amp;fanart=http%3a%2f%2fcoolbackgroundhd.com%2fwp-content%2fuploads%2f2015%2f04%2fangels-wings-fire-wallpaper.jpg&amp;image=http%3a%2f%2fs15.postimg.org%2f5xw0lhdsb%2fSports_Docs.jpg&amp;name=Sports%20Documentaries&amp;playable=false&amp;tvshow=0&amp;url=http%3a%2f%2fgibraltar.watchkodi.com%2fMisc%2fsportdocs.xml&amp;sf_options=fanart%3Dhttp%3A%2F%2Fcoolbackgroundhd.com%2Fwp-content%2Fuploads%2F2015%2F04%2Fangels-wings-fire-wallpaper.jpg%26desc%3DDiscover+Great+Streaming+Playlists%21%26_options_sf&quot;,return)</favourite>
	<favourite name="ESPN 30 For 30" thumb="http://s27.postimg.org/4b8n64foz/Espn30.jpg">ActivateWindow(10025,&quot;plugin://plugin.video.phstreams/?action=ndmode&amp;audio=0&amp;content=0&amp;fanart=http%3a%2f%2fcoolbackgroundhd.com%2fwp-content%2fuploads%2f2015%2f04%2fangels-wings-fire-wallpaper.jpg&amp;image=http%3a%2f%2fs27.postimg.org%2f4b8n64foz%2fEspn30.jpg&amp;name=ESPN%2030%20For%2030&amp;playable=false&amp;tvshow=0&amp;url=http%3a%2f%2fgibraltar.watchkodi.com%2fMisc%2f30for30.xml&amp;sf_options=fanart%3Dhttp%3A%2F%2Fcoolbackgroundhd.com%2Fwp-content%2Fuploads%2F2015%2F04%2Fangels-wings-fire-wallpaper.jpg%26desc%3DDiscover+Great+Streaming+Playlists%21%26_options_sf&quot;,return)</favourite>
	<favourite name="Boxing Movies" thumb="http://s6.postimg.org/yfh7pkttt/On_The_Ropes.png">ActivateWindow(10025,&quot;plugin://plugin.video.phstreams/?action=ndmode&amp;audio=0&amp;content=0&amp;fanart=http%3a%2f%2fs6.postimg.org%2f4ph8mo5q9%2fBackdrop.png&amp;image=http%3a%2f%2fs6.postimg.org%2fyfh7pkttt%2fOn_The_Ropes.png&amp;name=%5bCOLOR%20orangered%5dO%5b%2fCOLOR%5d%5bCOLOR%20white%5dN%5b%2fCOLOR%5d%20%5bCOLOR%20orangered%5dT%5b%2fCOLOR%5d%5bCOLOR%20white%5dHE%5b%2fCOLOR%5d%20%5bCOLOR%20orangered%5dR%5b%2fCOLOR%5d%5bCOLOR%20white%5dOPES%5b%2fCOLOR%5d&amp;playable=false&amp;tvshow=0&amp;url=http%3a%2f%2fzenica.watchkodi.com%2fThemes%2fOn%2520The%2520Ropes.xml&quot;,return)</favourite>
	<favourite name="Classic Sports Movies" thumb="http://i1295.photobucket.com/albums/b636/beatbox8501/HIGHLIGHTS_zpsim3trylt.png">ActivateWindow(10025,&quot;plugin://plugin.video.streamengine/?date&amp;description&amp;iconimage=http%3a%2f%2fi1295.photobucket.com%2falbums%2fb636%2fbeatbox8501%2fHIGHLIGHTS_zpsim3trylt.png&amp;mode=1&amp;name=SPORTS%20MOVIES&amp;page&amp;play&amp;url=https%3a%2f%2fpastebin.com%2fraw.php%3fi%3djzLmMmZi&amp;sf_options=fanart%3Dhttp%3A%2F%2Fi1295.photobucket.com%2Falbums%2Fb636%2Fbeatbox8501%2Fwallpaper_zpsopwvguho.jpg%26_options_sf&quot;,return)</favourite>
</favourites>