<favourites>
	<favourite name="Her Place" thumb="http://honolulu.watchkodi.com/myicon.jpg">ActivateWindow(10025,&quot;plugin://plugin.video.phstreams/?action=ndmode&amp;audio=0&amp;content=0&amp;fanart=C%3a%5ckodi%5cportable_data%5caddons%5cplugin.video.phstreams%5cfanart.jpg&amp;image=http%3a%2f%2fhonolulu.watchkodi.com%2fmyicon.jpg&amp;name=Her%20Place&amp;playable=false&amp;tvshow=0&amp;url=http%3a%2f%2fhonolulu.watchkodi.com%2fmaindir%2fmain.xml&amp;sf_options=fanart%3Dspecial%3A%2F%2Fhome%2Faddons%5Cplugin.video.phstreams%5Cfanart.jpg%26desc%3DDiscover+Great+Streaming+Playlists%21%26_options_sf&quot;,return)</favourite>
	<favourite name="New Releases" thumb="http://1.bp.blogspot.com/-WHsuK6uVWY8/VGpDGNjqwOI/AAAAAAAAKac/uCtVtXKZv4Q/s1600/movies_and_popcorn_folder_icon_by_matheusgrilo-d7ay4tw.png">ActivateWindow(10025,&quot;plugin://plugin.video.phstreams/?action=ndmode&amp;audio=0&amp;content=0&amp;fanart=http%3a%2f%2fs6.postimg.org%2f4e7vodlfl%2f14266.jpg&amp;image=http%3a%2f%2f1.bp.blogspot.com%2f-WHsuK6uVWY8%2fVGpDGNjqwOI%2fAAAAAAAAKac%2fuCtVtXKZv4Q%2fs1600%2fmovies_and_popcorn_folder_icon_by_matheusgrilo-d7ay4tw.png&amp;name=%5bCOLOR%20blue%5dNew%20Releases%20for%20Women%5b%2fCOLOR%5d&amp;playable=false&amp;tvshow=0&amp;url=http%3a%2f%2fhonolulu.watchkodi.com%2fPlaylists%2fNew%2520Releases.xml&amp;sf_options=fanart%3Dhttp%3A%2F%2Fs6.postimg.org%2F4e7vodlfl%2F14266.jpg%26desc%3DDiscover+Great+Streaming+Playlists%21%26_options_sf&quot;,return)</favourite>
	<favourite name="Drama" thumb="http://icons.iconarchive.com/icons/sirubico/movie-genre/256/Drama-icon.png">ActivateWindow(10025,&quot;plugin://plugin.video.origin2/?action=movies&amp;url=http%3a%2f%2fapi.themoviedb.org%2f3%2fdiscover%2fmovie%3fapi_key%3d%25s%26with_genres%3d18%26primary_release_date.gte%3d2014-11-09%26primary_release_date.lte%3d2015-11-09%26page%3d1&amp;sf_options=fanart%3Dspecial%3A%2F%2Fhome%2Faddons%5Cplugin.video.origin2%5Cresources%5Cmedia%5Cgone%5Cfanart.jpg%26_options_sf&quot;,return)</favourite>
	<favourite name="Romance" thumb="http://icons.iconarchive.com/icons/sirubico/movie-genre/256/Romance-icon.png">ActivateWindow(10025,&quot;plugin://plugin.video.origin2/?action=movies&amp;url=http%3a%2f%2fapi.themoviedb.org%2f3%2fdiscover%2fmovie%3fapi_key%3d%25s%26with_genres%3d10749%26primary_release_date.gte%3d2014-11-09%26primary_release_date.lte%3d2015-11-09%26page%3d1&amp;sf_options=fanart%3Dspecial%3A%2F%2Fhome%2Faddons%5Cplugin.video.origin2%5Cresources%5Cmedia%5Cgone%5Cfanart.jpg%26_options_sf&quot;,return)</favourite>
</favourites>