<favourites>
	<favourite name="[COLOR chartreuse]Clear[/COLOR] Packages" thumb="http://icdn.pro/images/en/z/i/zip-archive-box-icone-3857-128.png">PlayMedia(&quot;plugin://plugin.video.water/?description&amp;mode=7&amp;name=DELETE%20PACKAGES&amp;url=url&amp;&amp;sf_options=winID%3D10025%26_options_sf&quot;,return)</favourite>
	<favourite name="" thumb="">PlayMedia(&quot;plugin://plugin.video.none?sf_options=winID%3D10025%26_options_sf&quot;,return)</favourite>
	<favourite name="Update" thumb="http://googledrive.com/host/0B-bY5h-uWEgZQVJQZ0lzUTdBeFE/icons/apps/water.png">ActivateWindow(10001,&quot;plugin://plugin.video.water/?content_type=executable&quot;)</favourite>
	<favourite name="" thumb="">PlayMedia(&quot;plugin://plugin.video.none?sf_options=winID%3D10025%26_options_sf&quot;,return)</favourite>
	<favourite name="More Tools" thumb="http://b.dryicons.com/images/icon_sets/coquette_part_7_icons_set/png/128x128/toolbox.png">ActivateWindow(10025,&quot;plugin://plugin.program.super.favourites/?sf_options=&amp;mode=400&amp;path=special%3A%2F%2Fhome%2Faddons%2Fscript.supafav%2FSuper%20Favourites/More/Settings/Maintenance/More Tools&amp;sf_options=&quot;,return)</favourite>
</favourites>