<favourites>
	<favourite name="NBC Sports" thumb="http://static.wixstatic.com/media/fefd1f_da8842f45aae6ab60b81b8ada2b414e0.jpg">PlayMedia(&quot;http://54.177.79.231/server/play/nbcsnxctg/master.m3u8?sf_options=winID%3D10025%26_options_sf&quot;)</favourite>
	<favourite name="Golf Channel" thumb="http://images.bwwstatic.com/columnpic7/216010CE4-98D9-AF3E-251224A0ED270B54.jpg">PlayMedia(&quot;http://tvegolf-i.Akamaihd.net/hls/live/218225/golfx/4296k/prog.m3u8?sf_options=winID%3D10025%26_options_sf&quot;)</favourite>
	<favourite name="SKY Sports" thumb="https://pbs.twimg.com/profile_images/504278813644054528/lSkPHorY.png">ActivateWindow(10025,&quot;plugin://plugin.program.super.favourites/?label=SKY Sports&amp;mode=400&amp;folder=Sports%2FSKY%20Sports&amp;sf_options=fanart%3DC%3A%5Ckodi%5Caddons%5Cplugin.program.super.favourites%5Cfanart.jpg%26_options_sf&quot;)</favourite>
	<favourite name="[B]BT Sports[/B]" thumb="http://static.trustedreviews.com/94/0000286fc/7300/BT-Sport.jpg">ActivateWindow(10025,&quot;plugin://plugin.video.AlphaMovies/?fanart=https%3a%2f%2fb13cab4e7da1629821ed5d4f8efff86a521c0a80.googledrive.com%2fhost%2f0B_wmPHe0B1PFV0dWUEEycm9DT2M%2f4K%2520Ghosts%2520II.jpg&amp;mode=1&amp;name=%5bB%5dBT%20Sports%5b%2fB%5d&amp;url=https%3a%2f%2fe3c55643dd2984aba81c55cfefefe66154af4424.googledrive.com%2fhost%2f0B0-Dtcj4ShdyamlyYk8tTDhod2c%2fBt%2520Sports.txt&quot;,return)</favourite>
	<favourite name="PAC12" thumb="http://x.pac-12.com/profiles/pac12/modules/features/pac12_standings/images/pac12.png">ActivateWindow(10025,&quot;plugin://plugin.program.super.favourites/?label=[COLOR azure]College Sports[/COLOR]&amp;mode=400&amp;path=special%3A%2F%2Fhome%2Faddons%2Fscript.supafav%2FSuper%20Favourites%5CSports%5CCollege%20Sports&amp;sf_options=fanart%3DNULL%26_options_sf&quot;,return)</favourite>
	<favourite name="Sports Addons" thumb="special://home/addons\plugin.video.prosport\icon.png">ActivateWindow(10025,&quot;plugin://plugin.program.super.favourites/?label=Sports Addons&amp;mode=400&amp;folder=Sports%2FSports%20Addons&amp;sf_options=fanart%3Dspecial%3A%2F%2Fhome%2Faddons%5Cplugin.program.super.favourites%5Cfanart.jpg%26_options_sf&quot;)</favourite>
</favourites>