<favourites>
	<favourite name="Al Jazeera" thumb="special://home/addons\plugin.video.aljazeera\icon.png">ActivateWindow(10025,&quot;plugin://plugin.video.aljazeera/?sf_options=desc%3D%22Drawing+on+the+legacy+of+the+groundbreaking+Al+Jazeera+Arabic+channel%2C+Al+Jazeera+English+was+launched+on+November+15%2C+2006+to+more+than+80+million+households+worldwide.%5BCR%5D%5BCR%5D+The+24-hour+news+and+current+affairs+channel+is+the+first+international+English-language+news+channel+to+broadcast+across+the+globe+from+the+Middle+East.%5BCR%5D%5BCR%5D+Al+Jazeera%27s+global+footprint+continues+to+grow+and+now+broadcasts+to+more+than+220+million+households+on+six+continents+in+more+than+100+countries.%5BCR%5D%5BCR%5D+Our+channel+is+broadcast+from+four+strategic+broadcast+centres%3A+Doha%2C+Kuala+Lumpur%2C+London%2C+and+Washington+DC.+Unlike+other+international+channels%2C+we+broadcast+from+our+different+centres%2C+as+the+world+turns%2C+providing+the+most+comprehensive+and+contextual+news+coverage.%5BCR%5D%5BCR%5D+Our+mission+is+to+provide+independent%2C+impartial+news+for+an+international+audience+and+to+offer+a+voice+to+a+diversity+of+perspectives+from+under-reported+regions.%5BCR%5D%5BCR%5D+In+addition%2C+the+channel+aims+to+balance+the+information+flow+between+the+South+and+the+North.%5BCR%5D%5BCR%5D+The+channel+of+reference+for+the+Middle+East+and+Africa%2C+Al+Jazeera+has+unique+access+to+some+of+the+world%E2%80%99s+most+troubled+and+controversial+locations.+Our+determination+and+ability+to+accurately+reflect+the+truth+on+the+ground+in+regions+torn+by+conflict+and+poverty+has+set+our+content+apart.%22%5BCR%5D%5BCR%5D+Source%3A+Al+Jazeera%26_options_sf&quot;,return)</favourite>
	<favourite name="Canadian Broadcasting Corporation" thumb="special://home/addons\plugin.video.cbc\icon.png">ActivateWindow(10025,&quot;plugin://plugin.video.cbc?sf_options=fanart%3Dspecial%3A%2F%2Fhome%2Faddons%5Cplugin.video.cbc%5Cfanart.jpg%26desc%3DCBC+Videos.+CBC.ca+is+Canada%27s+Online+Information+Source.+Comprehensive+web+site+for+news%2C+entertainment%2C+sports%2C+and+business.%26_options_sf&quot;,return)</favourite>
	<favourite name="CBSN News Live" thumb="special://home/addons\plugin.video.cbsn\icon.png">ActivateWindow(10025,&quot;plugin://plugin.video.cbsn?sf_options=fanart%3Dspecial%3A%2F%2Fhome%2Faddons%5Cplugin.video.cbsn%5Cfanart.jpg%26desc%3DCBSN+News+Live.+CBSN+News+video+feed+with+upto+1080+resolution.%26_options_sf&quot;,return)</favourite>
	<favourite name="CBSnews.com" thumb="special://home/addons\plugin.video.cbsnews_com\icon.png">ActivateWindow(10025,&quot;plugin://plugin.video.cbsnews_com/?sf_options=desc%3DVarious+news+and+shows+%2860+Minutes%2C+48+Hours%2C+...%29%26_options_sf&quot;,return)</favourite>
	<favourite name="CNN" thumb="https://i.ytimg.com/i/upvZG-5ko_eiXAupbDfxWw/mq1.jpg">ActivateWindow(10025,&quot;plugin://plugin.video.youtube/channel/UCupvZG-5ko_eiXAupbDfxWw/&quot;,return)</favourite>
	<favourite name="Fox News" thumb="special://home/addons\plugin.video.fox.news\icon.png">ActivateWindow(10025,&quot;plugin://plugin.video.fox.news/?sf_options=desc%3DWatch+videos+from+video.foxnews.com+%26+video.foxbusiness.com.%26_options_sf&quot;,return)</favourite>
	<favourite name="i24 News" thumb="special://home/addons\plugin.video.i24News\icon.png">ActivateWindow(10025,&quot;plugin://plugin.video.i24News?sf_options=fanart%3Dspecial%3A%2F%2Fhome%2Faddons%5Cplugin.video.i24News%5Cfanart.jpg%26desc%3Di24News+is+an+international+24-hour+news+and+current+affairs+television+channel+based+in+Jaffa+Port%2C+Tel+Aviv%2C+Israel.+It+broadcasts+in+English%2C+French+and+Arabic.%26_options_sf&quot;,return)</favourite>
	<favourite name="Russia Today News" thumb="special://home/addons\plugin.video.rt\icon.png">ActivateWindow(10025,&quot;plugin://plugin.video.rt/&quot;,return)</favourite>
	<favourite name="Sports Illustrated" thumb="special://home/addons\plugin.video.si\icon.png">ActivateWindow(10025,&quot;plugin://plugin.video.si?sf_options=fanart%3Dspecial%3A%2F%2Fhome%2Faddons%5Cplugin.video.si%5Cfanart.jpg%26desc%3DSports+Illustrated+Online+for+XBMC.+Sport+Illustrated+is+the+premier+magazine+for+Sports.+SI.com+is+a+24%2F7+sports+news+website+delivers+more+than+150+original+stories+to+users+each+week.++Coverage+includes+NFL%2C+MLB%2C+NHL%2C+NBA%2C+College+Football%2C+College+Basketball%2C+NASCAR%2C+Golf%2C+Boxing%2C+Horse+Racing%2C+Soccer+and+Tennis.++SI+Now+provides+new%2C+in-depth+interviews+and+commentary+on+sports+events+globally.+The+Swim+Daily+provides+videos+and+interviews+with+the+famous+SI+Swimsuit+Issue+Models.%26_options_sf&quot;,return)</favourite>
	<favourite name="TIME.com" thumb="special://home/addons\plugin.video.time_com\icon.png">ActivateWindow(10025,&quot;plugin://plugin.video.time_com/?sf_options=desc%3DWatch+videos+from+the+TIME+magazine%26_options_sf&quot;,return)</favourite>
	<favourite name="The Wall Street Journal Live" thumb="special://home/addons\plugin.video.wsj\icon.png">ActivateWindow(10025,&quot;plugin://plugin.video.wsj?sf_options=fanart%3Dspecial%3A%2F%2Fhome%2Faddons%5Cplugin.video.wsj%5Cfanart.jpg%26desc%3DThe+Wall+Street+Journal+Live+XBMC+Plugin%26_options_sf&quot;,return)</favourite>
	<favourite name="Democracy Now!" thumb="special://home/addons\plugin.video.democracynow\icon.png">ActivateWindow(10025,&quot;plugin://plugin.video.democracynow?sf_options=fanart%3Dspecial%3A%2F%2Fhome%2Faddons%5Cplugin.video.democracynow%5Cfanart.jpg%26desc%3DDemocracy+Now%21+is+a+syndicated+program+of+news%2C+analysis%2C+and+opinion+aired+by+more+than+700+radio+and+television%2C+satellite+and+cable+TV+networks+in+North+America.+Democracy+Now%21+serves+as+the+flagship+program+for+the+Pacifica+Radio+network.%26_options_sf&quot;,return)</favourite>
	<favourite name="DN!" thumb="special://home/addons\plugin.video.chakra.dn\icon.png">ActivateWindow(10025,&quot;plugin://plugin.video.chakra.dn/?sf_options=desc%3DAddon+for+watching+daily+shows+from+the+independent+news+organisation%2C+Democracy+Now%26_options_sf&quot;,return)</favourite>
	<favourite name="TheBlaze TV" thumb="special://home/addons\plugin.video.theblaze\icon.png">ActivateWindow(10025,&quot;plugin://plugin.video.theblaze?sf_options=fanart%3Dspecial%3A%2F%2Fhome%2Faddons%5Cplugin.video.theblaze%5Cfanart.jpg%26desc%3DTheBlaze+TV+features+The+Glenn+Beck+Program%2C+plus+a+full+slate+of+original+programming+including+a+nightly+news+show%2C+documentaries%2C+reality+TV%2C+programming+for+your+kids+and+specials+covering+a+myriad+of+entertaining+and+enlightening+topics.+All+programming+is+broadcast+in+HD+and+is+available+live+or+On+Demand.%26_options_sf&quot;,return)</favourite>
	<favourite name="On Aol" thumb="special://home/addons\plugin.video.on_aol\icon.png">ActivateWindow(10025,&quot;plugin://plugin.video.on_aol?sf_options=fanart%3Dspecial%3A%2F%2Fhome%2Faddons%5Cplugin.video.on_aol%5Cfanart.jpg%26desc%3DThis+add-on+lets+you+watch+videos+from+Aol%27s+video+portal+on.aol.com.%0A++++++++There+is+a+large+variety+of+content+from+Aol+and+their+many+partners+from+across+the+web.%26_options_sf&quot;,return)</favourite>
	<favourite name="New York Times Video" thumb="special://home/addons\plugin.video.nytimes\icon.png">ActivateWindow(10025,&quot;plugin://plugin.video.nytimes?sf_options=fanart%3Dspecial%3A%2F%2Fhome%2Faddons%5Cplugin.video.nytimes%5Cfanart.jpg%26desc%3DNews+and+opinion+video+from+the+The+New+York+Times.+Breaking+News%2C+investigative+reporting+%2C+national+and+international+coverage.+Style%2C+art%2C+science+and+more.%26_options_sf&quot;,return)</favourite>
	<favourite name="NBC Sports Live Extra" thumb="special://home/addons\plugin.video.nbcsnliveextra-beta\icon.png">ActivateWindow(10025,&quot;plugin://plugin.video.nbcsnliveextra?sf_options=fanart%3Dspecial%3A%2F%2Fhome%2Faddons%5Cplugin.video.nbcsnliveextra-beta%5Cfanart.jpg%26desc%3DNBC+Sports+Live+Extra+is+a+service+that+allows+you+to+watch+NBC+Sports+coverage+of+live+events+from+NBC+and+NBCSports+Network%26_options_sf&quot;,return)</favourite>
	<favourite name="ESPN 3" thumb="special://home/addons\plugin.video.espn_3\icon.png">ActivateWindow(10025,&quot;plugin://plugin.video.espn_3?sf_options=fanart%3Dspecial%3A%2F%2Fhome%2Faddons%5Cplugin.video.espn_3%5Cfanart.jpg%26desc%3DWatch+full+live+streaming+sporting+events+and+replays+on+ESPN+3%2C+including+football%2C+baseball%2C+cricket%2C+soccer%2C+and+basketball+events.%26_options_sf&quot;,return)</favourite>
</favourites>