<favourites>
	<favourite name="PPV" thumb="http://dkrepo.netai.net/UltimateUfc/UFC%20Art/Other/Fight.png">ActivateWindow(10025,&quot;plugin://plugin.video.ufc-finest/?description&amp;fanart=http%3a%2f%2fdkrepo.netai.net%2fUltimateUfc%2fUFC%2520Art%2fOther%2fUfcFightnight.jpg&amp;mode=1&amp;name=%5bCOLOR%20white%5d%5bB%5dUFC%5b%2fB%5d%5b%2fCOLOR%5d%20%5bCOLOR%20red%5d%5bB%5dNights%5b%2fB%5d%5b%2fCOLOR%5d%20%5bCOLOR%20white%5d%5bB%5d%5b%2fB%5d%5b%2fCOLOR%5d&amp;url=http%3a%2f%2fdkrepo.netai.net%2fUltimateUfc%2fUFCSelect.xml&quot;,return)</favourite>
	<favourite name="Fight Night" thumb="http://dkrepo.netai.net/UltimateUfc/UFC%20Art/Other/FightPass.png">ActivateWindow(10025,&quot;plugin://plugin.video.ufc-finest/?description&amp;fanart=http%3a%2f%2fdkrepo.netai.net%2fUltimateUfc%2fUFC%2520Art%2fOther%2fUfcFightnight.jpg&amp;mode=1&amp;name=%5bCOLOR%20white%5d%5bB%5dUFC%5b%2fB%5d%5b%2fCOLOR%5d%20%5bCOLOR%20red%5d%5bB%5dFight%5b%2fB%5d%5b%2fCOLOR%5d%20%5bCOLOR%20white%5d%5bB%5dNights%5b%2fB%5d%5b%2fCOLOR%5d&amp;url=http%3a%2f%2fdkrepo.netai.net%2fUltimateUfc%2fFightNight.xml&quot;,return)</favourite>
	<favourite name="Bellator" thumb="http://dkrepo.netai.net/UltimateUfc/UFC%20Art/Other/ballator.png">ActivateWindow(10025,&quot;plugin://plugin.video.ufc-finest/?description&amp;fanart=http%3a%2f%2fdkrepo.netai.net%2fUltimateUfc%2fUFC%2520Art%2fOther%2fUfcFightnight.jpg&amp;mode=1&amp;name=%5bCOLOR%20white%5d%5bB%5dUFC%5b%2fB%5d%5b%2fCOLOR%5d%20%5bCOLOR%20red%5d%5bB%5dBellator%5b%2fB%5d%5b%2fCOLOR%5d%20%5bCOLOR%20white%5d%5bB%5dEvents%5b%2fB%5d%5b%2fCOLOR%5d&amp;url=http%3a%2f%2fdkrepo.netai.net%2fUltimateUfc%2fBallator.xml&quot;,return)</favourite>
	<favourite name="Ultimate Fighter" thumb="http://dkrepo.netai.net/UltimateUfc/UFC%20Art/Other/Ultimate.png">ActivateWindow(10025,&quot;plugin://plugin.video.ufc-finest/?description&amp;fanart=http%3a%2f%2fdkrepo.netai.net%2fUltimateUfc%2fUFC%2520Art%2fOther%2fUltimate.jpg&amp;mode=1&amp;name=%5bCOLOR%20white%5d%5bB%5dUltimate%5b%2fB%5d%5b%2fCOLOR%5d%20%5bCOLOR%20red%5d%5bB%5dFighter%5b%2fB%5d%5b%2fCOLOR%5d&amp;url=http%3a%2f%2fdkrepo.netai.net%2fUltimateUfc%2fUltimate.xml&quot;,return)</favourite>
</favourites>