<favourites>
	<favourite name="Boxing Streams" thumb="DefaultFolder.png">ActivateWindow(10025,&quot;plugin://plugin.video.prosport/&amp;?mode=topics&amp;next_url&amp;url=Boxingstreams&quot;,return)</favourite>
	<favourite name="MMA Streams" thumb="DefaultFolder.png">ActivateWindow(10025,&quot;plugin://plugin.video.prosport/&amp;?mode=topics&amp;next_url&amp;url=MMAstreams&quot;,return)</favourite>
	<favourite name="NJM - PPV" thumb="">ActivateWindow(10025,&quot;plugin://plugin.video.NJMSoccer/?fanart&amp;mode=1&amp;name=%5bB%5d---%3d%3d%3d%5bCOLOR%20red%5dFIGHT%5b%2fCOLOR%5d%5bCOLOR%20blue%5d%20NIGHT%5b%2fCOLOR%5d%3d%3d%3d---%5b%2fB%5d&amp;url=http%3a%2f%2fnjmsoccer.kodistream.info%2frh_boxing.xml&quot;,return)</favourite>
	<favourite name="Wiz1.net *" thumb="special://home/addons\plugin.video.castaway\resources/media/wiz1.png">ActivateWindow(10025,&quot;plugin://plugin.video.castaway/?mode=open_live_sport&amp;site=wiz1&amp;sf_options=fanart%3Dspecial%3A%2F%2Fhome%2Faddons%5Cplugin.video.castaway%2Ffanart.jpg%26_options_sf&quot;,return)</favourite>
	<favourite name="Zunox.hk *" thumb="special://home/addons\plugin.video.castaway\resources/media/zunox.jpg">ActivateWindow(10025,&quot;plugin://plugin.video.castaway/?mode=open_live_sport&amp;site=zunox&amp;sf_options=fanart%3Dspecial%3A%2F%2Fhome%2Faddons%5Cplugin.video.castaway%2Ffanart.jpg%26_options_sf&quot;,return)</favourite>
	<favourite name="DimSports" thumb="special://home/addons\plugin.video.castaway\resources/media/icons/fighting.png">ActivateWindow(10025,&quot;plugin://plugin.video.castaway/?mode=open_sport_cat&amp;site=dimsport&amp;url=http%3a%2f%2fidimsports.eu%2fboxing-wwe-ufc.html&quot;,return)</favourite>
	<favourite name="One Events" thumb="http://phoenixtv.offshorepastebin.com/art/tv/oneeventsicon.jpg">ActivateWindow(10025,&quot;plugin://plugin.video.phstreams/?action=directory&amp;url=http%3a%2f%2fone242415.offshorepastebin.com%2fLIVESTREAM%2fOneSports.xml&amp;sf_options=fanart%3Dspecial%3A%2F%2Fhome%2Faddons%5Cplugin.video.phstreams%5Cfanart.jpg%26_options_sf&quot;,return)</favourite>
	<favourite name="[B]VT SPORTS[/B]" thumb="http://s5.postimg.org/4vavhx43r/Online_Sports_isn_t_it_Fun.jpg">ActivateWindow(10025,&quot;plugin://plugin.video.VidTime/?icon=http%3a%2f%2fs5.postimg.org%2f4vavhx43r%2fOnline_Sports_isn_t_it_Fun.jpg&amp;mode=VT%20SPORTS&amp;sf_options=fanart%3Dspecial%3A%2F%2Fhome%2Faddons%5Cplugin.video.VidTime%5Cfanart.jpg%26_options_sf&quot;,return)</favourite>
	<favourite name="VC Events" thumb="http://phoenixtv.offshorepastebin.com/art/tv/vceventsicon.jpg">ActivateWindow(10025,&quot;plugin://plugin.video.phstreams/?action=directory&amp;url=http%3a%2f%2fvalhalla.offshorepastebin.com%2fVC%2fVC%2520events.xml&amp;sf_options=fanart%3Dspecial%3A%2F%2Fhome%2Faddons%5Cplugin.video.phstreams%5Cfanart.jpg%26_options_sf&quot;,return)</favourite>
</favourites>