<favourites>
	<favourite name="The Mutts Nuts" thumb="special://home/addons\plugin.video.mutttsnutz\icon.png">ActivateWindow(10025,&quot;plugin://plugin.video.mutttsnutz/?sf_options=fanart%3Dspecial%3A%2F%2Fhome%2Faddons%5Cplugin.video.mutttsnutz%5Cfanart.jpg%26_options_sf&quot;,return)</favourite>
	<favourite name="Movies XK" thumb="special://home/addons\plugin.video.moviexk\icon.png">ActivateWindow(10025,&quot;plugin://plugin.video.moviexk/&quot;)</favourite>
	<favourite name="[COLOR yellow]Movie Night[/COLOR]" thumb="special://home/addons\plugin.video.movienight\icon.png">ActivateWindow(10025,&quot;plugin://plugin.video.movienight?sf_options=fanart%3Dspecial%3A%2F%2Fhome%2Faddons%5Cplugin.video.movienight%5Cfanart.jpg%26_options_sf&quot;,return)</favourite>
	<favourite name="Filmikz" thumb="special://home/addons\plugin.video.filmikz\icon.png">ActivateWindow(10025,&quot;plugin://plugin.video.filmikz?sf_options=fanart%3Dspecial%3A%2F%2Fhome%2Faddons%5Cplugin.video.filmikz%5Cfanart.jpg%26desc%3DWatch+Movies+And+TV+Shows+from+Filmikz.ch%26_options_sf&quot;,return)</favourite>
	<favourite name="Movies XL" thumb="special://home/addons\plugin.video.moviesxl\icon.png">ActivateWindow(10025,&quot;plugin://plugin.video.moviesxl?sf_options=fanart%3Dspecial%3A%2F%2Fhome%2Faddons%5Cplugin.video.moviesxl%5Cfanart.jpg%26desc%3DA+wide+selection+of+movies+from+Movies+XL...%26_options_sf&quot;,return)</favourite>
	<favourite name="Movies4ME" thumb="special://home/addons\plugin.video.movies4me\icon.png">ActivateWindow(10025,&quot;plugin://plugin.video.movies4me?sf_options=fanart%3Dspecial%3A%2F%2Fhome%2Faddons%5Cplugin.video.movies4me%5Cfanart.jpg%26desc%3DSD+or+HD%2C+it%27s+your+choice.+Watch+your+favourite+movies+with+one+click.%26_options_sf&quot;,return)</favourite>
	<favourite name="MovieStorm" thumb="special://home/addons\plugin.video.moviestorm\icon.png">ActivateWindow(10025,&quot;plugin://plugin.video.moviestorm?sf_options=fanart%3Dspecial%3A%2F%2Fhome%2Faddons%5Cplugin.video.moviestorm%5Cfanart.jpg%26desc%3DStream+movies+and+TV+shows+from+moviestorm.eu%26_options_sf&quot;,return)</favourite>
	<favourite name="Online HD Movies" thumb="special://home/addons\plugin.video.onlinehdmovies\icon.png">ActivateWindow(10025,&quot;plugin://plugin.video.onlinehdmovies?sf_options=fanart%3Dspecial%3A%2F%2Fhome%2Faddons%5Cplugin.video.onlinehdmovies%5Cfanart.jpg%26desc%3DA+wide+selection+of+movies+from+Online+HD+Movies...%26_options_sf&quot;,return)</favourite>
	<favourite name="One Click Watch" thumb="special://home/addons\plugin.video.oneclickwatch\icon.png">ActivateWindow(10025,&quot;plugin://plugin.video.oneclickwatch?sf_options=fanart%3Dspecial%3A%2F%2Fhome%2Faddons%5Cplugin.video.oneclickwatch%5Cfanart.jpg%26desc%3DPlay+a+wide+selection+of+scene+release+movies+Tv+shows+%2B+sport+from+One+Click+Watch+always+first+with+new+%2B+old+releases%26_options_sf&quot;,return)</favourite>
	<favourite name="Online Movies Pro" thumb="special://home/addons\plugin.video.onlinemovies\icon.png">ActivateWindow(10025,&quot;plugin://plugin.video.onlinemovies?sf_options=fanart%3Dspecial%3A%2F%2Fhome%2Faddons%5Cplugin.video.onlinemovies%5Cfanart.jpg%26_options_sf&quot;,return)</favourite>
	<favourite name="VideoPhile" thumb="special://home/addons\plugin.video.videophile\icon.png">ActivateWindow(10025,&quot;plugin://plugin.video.videophile/?sf_options=fanart%3Dspecial%3A%2F%2Fhome%2Faddons%5Cplugin.video.videophile%5Cfanart.jpg%26_options_sf&quot;,return)</favourite>
	<favourite name="Z-Movies" thumb="http://xty.me/xunitytalk/addons/plugin.video.zmovies/icon.png">ActivateWindow(10025,&quot;plugin://plugin.video.zmovies/?sf_options=fanart%3Dspecial%3A%2F%2Fhome%2Faddons%5Cplugin.video.zmovies%5Cfanart.jpg%26_options_sf&quot;,return)</favourite>
	<favourite name="StreamBeta" thumb="special://home/addons\plugin.video.streamBeta\icon.png">ActivateWindow(10025,&quot;plugin://plugin.video.streamBeta/?sf_options=desc%3DEnjoy+a+variety+of+content%2C+from+your+favorite+TV+shows+to+the+latest+movies%21%26_options_sf&quot;,return)</favourite>
	<favourite name="Prime Links" thumb="special://home/addons\plugin.video.myvideolinks\icon.png">ActivateWindow(10025,&quot;plugin://plugin.video.myvideolinks?sf_options=fanart%3Dspecial%3A%2F%2Fhome%2Faddons%5Cplugin.video.myvideolinks%5Cfanart.jpg%26desc%3DStream+a+wide+selection+of+movies+and+tv+shows+from+Prime+Links+great+3D+1080p+mp4+and+mkv+old+and+new+movies...%26_options_sf&quot;,return)</favourite>
	<favourite name="[COLOR crimson]Ororo TV[/COLOR]" thumb="special://home/addons\plugin.video.ororotv\icon.png">ActivateWindow(10025,&quot;plugin://plugin.video.ororotv?sf_options=fanart%3Dspecial%3A%2F%2Fhome%2Faddons%5Cplugin.video.ororotv%5Cfanart.jpg%26desc%3DVisit+TVADDONS.ag+for+support%26_options_sf&quot;,return)</favourite>
	<favourite name="Viooz" thumb="special://home/addons\plugin.video.viooz.co\icon.png">ActivateWindow(10025,&quot;plugin://plugin.video.viooz.co?sf_options=fanart%3Dspecial%3A%2F%2Fhome%2Faddons%5Cplugin.video.viooz.co%5Cfanart.jpg%26desc%3DVisit+TVADDONS.ag+for+support%26_options_sf&quot;,return)</favourite>
	<favourite name="Vodlocker" thumb="special://home/addons\plugin.video.mdvodlocker\icon.png">ActivateWindow(10025,&quot;plugin://plugin.video.mdvodlocker?sf_options=fanart%3Dspecial%3A%2F%2Fhome%2Faddons%5Cplugin.video.mdvodlocker%5Cfanart.jpg%26desc%3DStream+Your+Favourite+Movies+From+The+www.vodlockerx.com+Website%26_options_sf&quot;,return)</favourite>
	<favourite name="Alluc" thumb="special://home/addons\plugin.video.alluc.api\icon.png">ActivateWindow(10025,&quot;plugin://plugin.video.alluc.api?sf_options=fanart%3Dspecial%3A%2F%2Fhome%2Faddons%5Cplugin.video.alluc.api%5Cfanart.jpg%26desc%3DTurns+kodi+into+an+instant+free+on-demand+media-center.+Browse+and+play+movies+and+series+found+all+over+the+internet.%26_options_sf&quot;,return)</favourite>
	<favourite name="alluc" thumb="special://home/addons\plugin.video.alluc\icon.png">ActivateWindow(10025,&quot;plugin://plugin.video.alluc?sf_options=fanart%3Dspecial%3A%2F%2Fhome%2Faddons%5Cplugin.video.alluc%5Cfanart.jpg%26desc%3DPlay+a+wide+selection+of+movies+and+TV+shows+from+alluc.to%26_options_sf&quot;,return)</favourite>
	<favourite name="Bunkford" thumb="special://home/addons\plugin.video.bunkford\icon.png">ActivateWindow(10025,&quot;plugin://plugin.video.bunkford?sf_options=fanart%3Dspecial%3A%2F%2Fhome%2Faddons%5Cplugin.video.bunkford%5Cfanart.jpg%26desc%3DA+video+plugin+maintaned+by+bunkford+for+sites+such+as+iserie.es+and+bunnymovie.com.+These+are+one+click+sources%2C+so+no+messing+around+with+bad+links.+%0A%09%09%09%09%0A%09%09As+far+as+I+know+you+can+only+access+content+off+these+sites+on+iDevices%2C+but+you+can+go+to+the+following+links+on+any+computer+and+register.%0A%09%09Then+put+in+your+login+and+password+in+plugin+settings.%0A%09%09%0A%09%09Go+to+http%3A%2F%2Fiseri.es%2Fwp-login.php%3Faction%3Dregister+to+register+for+iseri.es%0A%09%09Go+to+http%3A%2F%2Fbunnymovie.com%2Fwp-login.php%3Faction%3Dregister+to+register+for+bunnymovie%26_options_sf&quot;,return)</favourite>
	<favourite name="Universal Media Provider" thumb="special://home/addons\plugin.program.ump\icon.png">ActivateWindow(10025,&quot;plugin://plugin.program.ump/?content_type=video&amp;sf_options=desc%3DUniversal+Media+Provider%26_options_sf&quot;,return)</favourite>
	<favourite name="Vidics" thumb="http://www.vidics.ch/images/logo-vid.png">ActivateWindow(10025,&quot;plugin://plugin.video.vidics/?sf_options=fanart%3Dspecial%3A%2F%2Fhome%2Faddons%5Cplugin.video.vidics%5Cfanart.jpg%26_options_sf&quot;,return)</favourite>
	<favourite name="DIJ Entertainments" thumb="special://home/addons\plugin.video.dijentertainments\icon.png">ActivateWindow(10025,&quot;plugin://plugin.video.dijentertainments?sf_options=fanart%3Dspecial%3A%2F%2Fhome%2Faddons%5Cplugin.video.dijentertainments%5Cfanart.jpg%26_options_sf&quot;,return)</favourite>
	<favourite name="Origin" thumb="http://t12.deviantart.net/DF8L0VIvT-jyOvF16aLKwbLM8yU=/300x200/filters:fixed_height(100,100):origin()/pre09/a58e/th/pre/f/2015/077/6/e/sega_genesis_logo_icon_1_by_mitchmanusa-d8m93e6.png">ActivateWindow(10025,&quot;plugin://plugin.video.origin?sf_options=fanart%3Dspecial%3A%2F%2Fhome%2Faddons%5Cplugin.video.origin%5Cfanart.jpg%26desc%3DThe+%5BB%5DOrigin%5B%2FB%5D.+Genesis+with+%5BCOLOR+red%5DDownload%5B%2FCOLOR%5D+feature%26_options_sf&quot;,return)</favourite>
</favourites>