<favourites>
	<favourite name="Movies" thumb="DefaultFolder.png">ActivateWindow(10025,&quot;plugin://plugin.video.veetle/?category=10&quot;,return)</favourite>
	<favourite name="Veetle *" thumb="http://tvpass.net/images/software/veetlelogo.png">PlayMedia(&quot;plugin://plugin.video.veetle/?category=20&quot;,isdir)&amp;sf_options=winID%3D10025%26_options_sf&quot;)</favourite>
	<favourite name="LMShows.com" thumb="special://home/addons\plugin.video.castaway\resources/media/lmshows.jpg">ActivateWindow(10025,&quot;plugin://plugin.video.castaway/?mode=open_live_tv&amp;site=lmshows&amp;sf_options=fanart%3Dspecial%3A%2F%2Fhome%2Faddons%5Cplugin.video.castaway%2Ffanart.jpg%26_options_sf&quot;,return)</favourite>
	<favourite name="Vaughn *" thumb="special://home/addons\plugin.stream.vaughnlive.tv\art\misc.jpg">PlayMedia(&quot;plugin://plugin.stream.vaughnlive.tv/?cat=misc&amp;mode=BrowseCat3&amp;site&amp;type=php&quot;,isdir)&amp;sf_options=fanart%3Dspecial%3A%2F%2Fhome%2Faddons%5Cplugin.stream.vaughnlive.tv%5Cfanart.jpg%26winID%3D10025%26_options_sf&quot;)</favourite>
	<favourite name="Movies *" thumb="DefaultFolder.png">PlayMedia(&quot;plugin://plugin.video.veetle/?category=10&quot;,isdir)&amp;sf_options=winID%3D10025%26_options_sf&quot;)</favourite>
	<favourite name="More" thumb="http://cdn.vaughnsoft.com/vaughnsoft/vaughn/img_profiles/castlehawkthorne_320.jpg">ActivateWindow(10025,&quot;plugin://plugin.program.super.favourites/?label=More&amp;mode=400&amp;folder=LiveTV%2FShows%2FMore&amp;sf_options=fanart%3DNULL%26_options_sf&quot;)</favourite>
	<favourite name="Veetle" thumb="http://tvpass.net/images/software/veetlelogo.png">ActivateWindow(10025,&quot;plugin://plugin.video.veetle/?category=20&quot;,return)</favourite>
	<favourite name="[COLOR FFFFFFFF]beavishead[/COLOR]" thumb="http://cdn.vaughnsoft.com/vaughnsoft/vaughn/img_profiles/beavishead_320.jpg">PlayMedia(&quot;plugin://plugin.stream.vaughnlive.tv/?sourcetype=auto&amp;img=http%3A%2F%2Fcdn.vaughnsoft.com%2Fvaughnsoft%2Fvaughn%2Fimg_profiles%2Fbeavishead_320.jpg&amp;title=beavishead&amp;url=http%3A%2F%2Fvaughnlive.tv%2Fbeavishead&amp;section=&amp;site=&amp;mode=PlayLiveStream&amp;fimg=http%3A%2F%2Fcdn.vaughnsoft.com%2Fvaughnsoft%2Fvaughnlive%2Fimg_backgrounds%2Fbeavishead.jpg&amp;channel=beavishead&amp;sf_options=winID%3D10025%26_options_sf&quot;)</favourite>
	<favourite name="Man Vs Wild" thumb="http://thetvdb.com/banners/_cache/posters/79545-3.jpg">PlayMedia(&quot;plugin://plugin.stream.vaughnlive.tv/?sourcetype=auto&amp;title=vaughn&amp;url=http%3A%2F%2Fvaughnlive.tv%2Flmshows_mws&amp;section=&amp;site=&amp;mode=PlayLiveStream&amp;channel=lmshows_mws&amp;sf_options=winID%3D10025%26_options_sf&quot;)</favourite>
	<favourite name="MasterChef" thumb="http://thetvdb.com/banners/_cache/posters/167751-7.jpg">PlayMedia(&quot;plugin://plugin.stream.vaughnlive.tv/?sourcetype=auto&amp;img=http%3A%2F%2Fcdn.vaughnsoft.com%2Fvaughnsoft%2Fvaughn%2Fimg_profiles%2Fchangoxpr_320.jpg&amp;title=changoxpr&amp;url=http%3A%2F%2Fvaughnlive.tv%2Fchangoxpr&amp;section=&amp;site=&amp;mode=PlayLiveStream&amp;fimg=http%3A%2F%2Fcdn.vaughnsoft.com%2Fvaughnsoft%2Fvaughnlive%2Fimg_backgrounds%2Fchangoxpr.jpg&amp;channel=changoxpr&amp;sf_options=winID%3D10025%26_options_sf&quot;)</favourite>
	<favourite name="COPS" thumb="http://thetvdb.com/banners/_cache/posters/74709-1.jpg">PlayMedia(&quot;plugin://plugin.stream.vaughnlive.tv/?sourcetype=auto&amp;title=vaughn&amp;url=http%3A%2F%2Fvaughnlive.tv%2Fprofe3196&amp;section=&amp;site=&amp;mode=PlayLiveStream&amp;channel=profe3196&amp;sf_options=winID%3D10025%26_options_sf&quot;)</favourite>
	<favourite name="Raymond..." thumb="http://thetvdb.com/banners/_cache/posters/73663-2.jpg">PlayMedia(&quot;plugin://plugin.stream.vaughnlive.tv/?sourcetype=auto&amp;title=improv+comedy2&amp;url=http%3A%2F%2Fvaughnlive.tv%2Fimprov_comedy2&amp;mode=PlayLiveStream&amp;fimg=http%3A%2F%2Fcdn.vaughnsoft.com%2Fvaughnsoft%2Fvaughnlive%2Fimg_backgrounds%2Fimprov_comedy2.jpg&amp;channel=improv_comedy2&amp;sf_options=winID%3D10025%26_options_sf&quot;)</favourite>
	<favourite name="Home Improvement" thumb="http://thetvdb.com/banners/_cache/posters/77537-1.jpg">PlayMedia(&quot;plugin://plugin.stream.vaughnlive.tv/?sourcetype=auto&amp;title=vaughn&amp;url=http%3A%2F%2Fvaughnlive.tv%2Flmshows_hi&amp;section=&amp;site=&amp;mode=PlayLiveStream&amp;channel=lmshows_hi&amp;sf_options=winID%3D10025%26_options_sf&quot;)</favourite>
	<favourite name="Ancient Aliens" thumb="http://thetvdb.com/banners/_cache/posters/101501-1.jpg">PlayMedia(&quot;plugin://plugin.stream.vaughnlive.tv/?sourcetype=auto&amp;img=http%3A%2F%2Fcdn.vaughnsoft.com%2Fvaughnsoft%2Fvaughn%2Fimg_profiles%2Faliensandufos_320.jpg&amp;title=aliensandufos&amp;url=http%3A%2F%2Fvaughnlive.tv%2Faliensandufos&amp;section=&amp;site=&amp;mode=PlayLiveStream&amp;fimg=http%3A%2F%2Fcdn.vaughnsoft.com%2Fvaughnsoft%2Fvaughnlive%2Fimg_backgrounds%2Faliensandufos.jpg&amp;channel=aliensandufos&amp;sf_options=winID%3D10025%26_options_sf&quot;)</favourite>
	<favourite name="Ali G: Show" thumb="http://thetvdb.com/banners/_cache/posters/72359-1.jpg">PlayMedia(&quot;plugin://plugin.stream.vaughnlive.tv/?sourcetype=auto&amp;title=aligshow&amp;url=http%3A%2F%2Fvaughnlive.tv%2Faligshow&amp;mode=PlayLiveStream&amp;channel=aligshow&amp;sf_options=winID%3D10025%26_options_sf&quot;)</favourite>
	<favourite name="Married With Children" thumb="http://thetvdb.com/banners/_cache/posters/76385-9.jpg">PlayMedia(&quot;plugin://plugin.stream.vaughnlive.tv/?sourcetype=auto&amp;title=vaughn&amp;url=http%3A%2F%2Fvaughnlive.tv%2Flmshows_mwc&amp;section=&amp;site=&amp;mode=PlayLiveStream&amp;channel=lmshows_mwc&amp;sf_options=winID%3D10025%26_options_sf&quot;)</favourite>
</favourites>