<favourites>
	<favourite name="Brand New Episodes" thumb="http://www.iconarchive.com/download/i85595/graphicloads/100-flat/new.ico">ActivateWindow(10025,&quot;plugin://plugin.video.allinone/?mode=GetTitles1&amp;numOfPages=1&amp;section=ALL&amp;startPage=1&amp;url=http%3a%2f%2fawesomedl.ru%2f%2f&amp;sf_options=&quot;,return)</favourite>
	<favourite name="Recently Updated Shows" thumb="http://www.waltinpa.com/wp-content/uploads/2015/08/8b9f927f763b78de890fdff3bf5041bda5210d4e_updatestamp.png">ActivateWindow(10025,&quot;plugin://plugin.video.1channel/?mode=GetFilteredResults&amp;section=tv&amp;sort=date&quot;,return)</favourite>
	
	<favourite name="Brand New In HD *" thumb="special://home/addons\plugin.video.mdwatchtvseries\icon.png">ActivateWindow(10025,&quot;plugin://plugin.video.mdwatchtvseries/?description&amp;iconimage=C%3a%5ckodi%5cportable_data%5caddons%5cplugin.video.mdwatchtvseries%5cicon.png&amp;mode=1&amp;name=%5bB%5d%5bCOLOR%20red%5dClick%20Here%20For%20Latest%20Episodes%20Added%5b%2fCOLOR%5d%5b%2fB%5d&amp;url=http%3a%2f%2fseriestv.us%2f&quot;,return)</favourite>
	<favourite name="" thumb="">PlayMedia(&quot;plugin://plugin.video.none?sf_options=winID%3D10025%26_options_sf&quot;,return)</favourite>
	<favourite name="[COLOR azure]More...[/COLOR]" thumb="http://www.mathpen.co.uk/images/add.png">ActivateWindow(10025,&quot;plugin://plugin.program.super.favourites/?sf_options=&amp;mode=400&amp;path=special%3A%2F%2Fhome%2Faddons%2Fscript.supafav%2FSuper%20Favourites/TV Shows/Recently Added/More&amp;sf_options=&quot;,return)</favourite>
</favourites>