<favourites>
	<favourite name="[COLOR burlywood]Play[/COLOR] - NES" thumb="">PlayMedia(&quot;plugin://plugin.video.water/?url=https%3A%2F%2Fdroidsticks-my.sharepoint.com%2Fpersonal%2Fdroidsticks_droidsticks_onmicrosoft_com%2F_layouts%2F15%2Fdownload.aspx%3Fguestaccesstoken%3DbD%252fuonDE7aBp%252bRKLbYDVhpL45di9v1D2CHRoh8b0Wxw%253d%26docid%3D0136fa1204148432690bb8018cc727266&amp;mode=12&amp;name=NES.emu&amp;description=snes9x&amp;sf_options=winID%3D10025%26_options_sf&quot;)</favourite>
	<favourite name="[COLOR burlywood]Play[/COLOR] - SNES - snex9x" thumb="">PlayMedia(&quot;plugin://plugin.video.water/?url=http://www.explusalpha.com/home/snes9x-ex/downloads/Snes9xEX-9-1.5.34.apk&amp;mode=12&amp;name=snes9x&amp;description=snes9x&amp;sf_options=winID%3D10025%26_options_sf&quot;)</favourite>
	<favourite name="[COLOR burlywood]Play[/COLOR] - SNES - SuperRetro16" thumb="">PlayMedia(&quot;plugin://plugin.video.water/?url=http://transform.mega-tron.tv/APKs/SuperRetro16_1.6.7.apk&amp;mode=12&amp;name=snes9x&amp;description=com.bubblezapgames.supergnes&amp;sf_options=winID%3D10025%26_options_sf&quot;)</favourite>
	<favourite name="[COLOR burlywood]Play[/COLOR] - SEGA Genesis - GENPLUSDroid" thumb="">PlayMedia(&quot;plugin://plugin.video.water/?url=https%3A%2F%2Fdroidsticks-my.sharepoint.com%2Fpersonal%2Fdroidsticks_droidsticks_onmicrosoft_com%2F_layouts%2F15%2Fguestaccess.aspx%3Fguestaccesstoken%3DXagmwr9wywGY%252faJxM8r%252bMVGgxoZj3F%252fzyJeD7DQiVLs%253d%26docid%3D0926b083d2e3f4ffcac60315f2a4a0107&amp;mode=12&amp;name=GENPLUSDroid&amp;description=snes9x&amp;sf_options=winID%3D10025%26_options_sf&quot;)</favourite>
	<favourite name="[COLOR burlywood]Play[/COLOR] - SEGA Genesis - MD.emu" thumb="">PlayMedia(&quot;plugin://plugin.video.water/?url=http://transform.mega-tron.tv/APKs/MD.emu_1.5.28.apk&amp;mode=12&amp;name=GENPLUSDroid&amp;description=snes9x&amp;sf_options=winID%3D10025%26_options_sf&quot;)</favourite>
	<favourite name="[COLOR burlywood]Play[/COLOR] - N64" thumb="">PlayMedia(&quot;plugin://plugin.video.water/?url=http://bit.ly/2bjW8H6&amp;docid=0035ae75843694099b46d722b74fd5638&amp;mode=12&amp;name=N64Emulator&amp;description=&amp;sf_options=winID%3D10025%26_options_sf&quot;)</favourite>
	<favourite name="[COLOR burlywood]Play[/COLOR] - N64 - Mupen64" thumb="">PlayMedia(&quot;plugin://plugin.video.water/?url=https%3A%2F%2Fdroidsticks-my.sharepoint.com%2Fpersonal%2Fdroidsticks_droidsticks_onmicrosoft_com%2F_layouts%2F15%2Fguestaccess.aspx%3Fguestaccesstoken%3DLqiQPkHWsiAhADNMIqMUju4L0D%252f5%252b7h9UaEUEb%252f7x0I%253d%26docid%3D0176e2166fe4541cdb695de2c68d3a461&amp;mode=12&amp;name=mupen64&amp;description=Install N64 Emulator&amp;sf_options=winID%3D10025%26_options_sf&quot;)</favourite>
	<favourite name="[COLOR burlywood]Play[/COLOR] - GameCube - Dolphin" thumb="">PlayMedia(&quot;plugin://plugin.video.water/?url=https%3A%2F%2Fwww.dropbox.com%2Fs%2Fqkfsva461f5hpub%2FGamecube.apk%3Fdl%3D1&amp;mode=12&amp;name=GameCube Emulator&amp;description=Install GameCube Emulator&amp;sf_options=winID%3D10025%26_options_sf&quot;)</favourite>
	<favourite name="[COLOR burlywood]Play[/COLOR] - Playstation - EPSXe" thumb="">PlayMedia(&quot;plugin://plugin.video.water/?url=https%3A%2F%2Fdroidsticks-my.sharepoint.com%2Fpersonal%2Fdroidsticks_droidsticks_onmicrosoft_com%2F_layouts%2F15%2Fguestaccess.aspx%3Fguestaccesstoken%3DS5HCXa%252f9kVUODsqIMLcUVo34GhOt2HYdizjkS4CLHos%253d%26docid%3D0b2be213cedb94e8e9c678037c7c35d61&amp;mode=12&amp;name=EPSXe&amp;description=Install GameCube Emulator&amp;sf_options=winID%3D10025%26_options_sf&quot;)</favourite>
	<favourite name="[COLOR burlywood]Play[/COLOR] - PSP - PPSSPP" thumb="">PlayMedia(&quot;plugin://plugin.video.water/?url=http://www.ppsspp.org/files/1_2_2/ppsspp.apk&amp;mode=12&amp;name=PPSSPP&amp;description=&amp;sf_options=winID%3D10025%26_options_sf&quot;)</favourite>
	<favourite name="[COLOR white]ROM Downloaders[/COLOR] - RomsPro" thumb="">PlayMedia(&quot;plugin://plugin.video.water/?url=https%3A%2F%2Fwww.dropbox.com%2Fs%2Fknoa4ukq3xvt9a1%2FRomsPro.apk%3Fdl%3D1%26&amp;mode=12&amp;name=RomsPro&amp;description=com.123&amp;sf_options=winID%3D10025%26_options_sf&quot;)</favourite>
	<favourite name="[COLOR white]ROM Downloaders[/COLOR] - RomBuddy" thumb="">PlayMedia(&quot;plugin://plugin.video.water/?url=https%3A%2F%2Fwww.dropbox.com%2Fs%2Fyxnmm31grx6ueoy%2FRom_Buddy.apk%3Fdl%3D1&amp;mode=12&amp;name=RomBuddy&amp;description=com.123&amp;sf_options=winID%3D10025%26_options_sf&quot;)</favourite>
</favourites>