<favourites>
	<favourite name="Atdhenet.tv" thumb="special://home/addons\plugin.video.castaway\resources/media/atdhe.jpg">ActivateWindow(10025,&quot;plugin://plugin.video.castaway/?mode=open_live_sport&amp;site=atdhe&amp;sf_options=fanart%3Dspecial%3A%2F%2Fhome%2Faddons%5Cplugin.video.castaway%2Ffanart.jpg%26_options_sf&quot;,return)</favourite>
	<favourite name="TWITTER STREAMS ( MAINLY HD )" thumb="http://s2.stliq.com/c/l/0/0f/18075473_soccer-players-on-twitter-seguiamo-le-notizie-su-calciatori-squadre-di-calcio-2.png">ActivateWindow(10025,&quot;plugin://plugin.video.MoneySports/?fanart=http%3a%2f%2ffcbusiness.co.uk%2fblog%2ffolderofcontent%2fuploads%2f2013%2f04%2ftwitterfield.jpg&amp;mode=1&amp;name=TWITTER%20STREAMS%20(%20MAINLY%20HD%20)&amp;url=http%3a%2f%2fwww.4legends.co.uk%2fMoneySports%2fppvlive.XML&amp;sf_options=fanart%3Dhttp%3A%2F%2Ffcbusiness.co.uk%2Fblog%2Ffolderofcontent%2Fuploads%2F2013%2F04%2Ftwitterfield.jpg%26_options_sf&quot;,return)</favourite>
	<favourite name="cricfree.sx" thumb="DefaultFolder.png">ActivateWindow(10025,&quot;plugin://plugin.video.ZemTV-shani/?mode=41&amp;name=cricfree.sx&amp;url=sss&quot;,return)</favourite>
	<favourite name="Wiz1.net" thumb="special://home/addons\plugin.video.castaway\resources/media/wiz1.png">ActivateWindow(10025,&quot;plugin://plugin.video.castaway/?mode=open_live_sport&amp;site=wiz1&amp;sf_options=fanart%3Dspecial%3A%2F%2Fhome%2Faddons%5Cplugin.video.castaway%2Ffanart.jpg%26_options_sf&quot;,return)</favourite>
	<favourite name="Zunox.hk" thumb="special://home/addons\plugin.video.castaway\resources/media/zunox.jpg">ActivateWindow(10025,&quot;plugin://plugin.video.castaway/?mode=open_live_sport&amp;site=zunox&amp;sf_options=fanart%3Dspecial%3A%2F%2Fhome%2Faddons%5Cplugin.video.castaway%2Ffanart.jpg%26_options_sf&quot;,return)</favourite>
	<favourite name="Streamsports.me" thumb="special://home/addons\plugin.video.castaway\resources/media/streamsports.png">ActivateWindow(10025,&quot;plugin://plugin.video.castaway/?mode=open_live_sport&amp;site=streamsports&amp;sf_options=fanart%3Dspecial%3A%2F%2Fhome%2Faddons%5Cplugin.video.castaway%2Ffanart.jpg%26_options_sf&quot;,return)</favourite>
	<favourite name="[B]Live Now[/B]" thumb="special://home/addons\plugin.video.castaway\resources/media/live.png">ActivateWindow(10025,&quot;plugin://plugin.video.castaway/?mode=open_sport_cat&amp;site=vipbox&amp;url=http%3a%2f%2fwww.vipleague.me%2flive-now.html&amp;sf_options=fanart%3Dspecial%3A%2F%2Fhome%2Faddons%5Cplugin.video.castaway%2Ffanart.jpg%26_options_sf&quot;,return)</favourite>
	<favourite name="Vipleague.me" thumb="special://home/addons\plugin.video.castaway\resources/media/vipbox.png">ActivateWindow(10025,&quot;plugin://plugin.video.castaway/?mode=open_live_sport&amp;site=vipbox&amp;sf_options=fanart%3Dspecial%3A%2F%2Fhome%2Faddons%5Cplugin.video.castaway%2Ffanart.jpg%26_options_sf&quot;,return)</favourite>
	<favourite name="Rojadirecta.me" thumb="special://home/addons\plugin.video.castaway\resources/media/roja.jpg">ActivateWindow(10025,&quot;plugin://plugin.video.castaway/?mode=open_live_sport&amp;site=rojadirecta&amp;sf_options=fanart%3Dspecial%3A%2F%2Fhome%2Faddons%5Cplugin.video.castaway%2Ffanart.jpg%26_options_sf&quot;,return)</favourite>
	<favourite name="Livetv.sx" thumb="special://home/addons\plugin.video.castaway\resources/media/livetv.png">ActivateWindow(10025,&quot;plugin://plugin.video.castaway/?mode=open_live_sport&amp;site=livetv&amp;sf_options=fanart%3Dspecial%3A%2F%2Fhome%2Faddons%5Cplugin.video.castaway%2Ffanart.jpg%26_options_sf&quot;,return)</favourite>
</favourites>