<favourites>
	<favourite name="Live Events" thumb="http://dkrepo.netai.net/UltimateUfc/UFC%20Art/UFCtv/tvicon.png">ActivateWindow(10025,&quot;plugin://plugin.video.ufc-finest/?description&amp;fanart=http%3a%2f%2fdkrepo.netai.net%2fUltimateUfc%2fUFC%2520Art%2fUFCtv%2fUFCtv.jpg&amp;mode=1&amp;name=%5bCOLOR%20white%5d%5bB%5dUFC%5b%2fB%5d%5b%2fCOLOR%5d%20%5bCOLOR%20red%5d%5bB%5dTV%5b%2fB%5d%5b%2fCOLOR%5d&amp;url=http%3a%2f%2fdkrepo.netai.net%2fUltimateUfc%2fUFCTv.xml&quot;,return)</favourite>
	<favourite name="[COLOR blue]BT Sport 2[/COLOR] - HD!" thumb="http://www.thelogodb.com/images/media/logo/vwxvty1433360911.png">PlayMedia(&quot;plugin://plugin.video.f4mTester/?url=http://149.202.201.221:8000/live/fr443500/75019pa/281.ts&amp;streamtype=TSDOWNLOADER&amp;sf_options=winID%3D10025%26_options_sf&quot;)</favourite>
	<favourite name="[COLOR blue]BT Sport 2[/COLOR] - Zem" thumb="http://smarterlogix.com/iosSecureApps/PakIndiaTVHD/V1-2/Images/football.jpg">PlayMedia(&quot;http://149.202.85.84:8080/NWFPbeETy-2/counter2/index.m3u8?sf_options=winID%3D10025%26_options_sf&quot;)</favourite>
	<favourite name="[COLOR blue]BT Sport 2[/COLOR] - Zem2" thumb="http://smarterlogix.com/iosSecureApps/PakIndiaTVHD/V1-2/Images/football.jpg">PlayMedia(&quot;http://149.202.207.8:8080/NWFPbeETy-2/counter1/index.m3u8?sf_options=winID%3D10025%26_options_sf&quot;)</favourite>
	<favourite name="[COLOR blue]BT Sport 2[/COLOR] - VT" thumb="http://www.lyngsat-logo.com/hires/bb/bt_sport_2.png">PlayMedia(&quot;plugin://plugin.video.VidTime/?url=http%3A%2F%2Fwww.liveonlinetv247.info%2Fbtsport2.php&amp;icon=http%3A%2F%2Fwww.lyngsat-logo.com%2Fhires%2Fbb%2Fbt_sport_2.png&amp;mode=ONTV&amp;name=%5BCOLOR+white%5DBT+Sport+2%5B%2FCOLOR%5D&amp;sf_options=winID%3D10025%26_options_sf&quot;)</favourite>
	<favourite name="[COLOR blue]BT Sport 2[/COLOR] - Goo" thumb="http://www.streamgaroo.com/images/streams/93/stm/145926040161.jpg">ActivateWindow(10025,&quot;plugin://plugin.video.castaway/?img=http%3a%2f%2fwww.streamgaroo.com%2fimages%2fstreams%2f93%2fstm%2f145926040161.jpg&amp;mode=get_tv_event&amp;site=streamgaroo&amp;title=BT%20SPORT%202%20UK&amp;url=http%3a%2f%2fwww.streamgaroo.com%2flive-television%2funited-kingdom%2fbt-sport-2-uk-live-stream&quot;,return)</favourite>
	<favourite name="[COLOR chartreuse]BT Sport 2[/COLOR] - MamaHD" thumb="special://home/addons\plugin.video.SportsDevil\resources\images\channels/bt_sport_2.png">ActivateWindow(10025,&quot;plugin://plugin.video.SportsDevil/?item=title.tmp%3dBT%2bSport%2b2%26catcher%3dstreams%26title%3dBT%2bSport%2b2%26url%3dhttp%253A%252F%252Fmamahd.com%252Flive%252Fwatch-bt-sport-2-live-stream-1.html%26videoTitle%3dBT%2bSport%2b2%26director%3dmamahd.com%26genre%3dTV%26referer%3dhttp%253A%252F%252Fmamahd.com%252Flive%252F%26definedIn%3dtv%252Fmamahd.com.cfg%26icon.tmp%3dhttp%253A%252F%252Fmamahd.com%252Flive%252Fimages%252Fchannels%252Fbt.png%26type%3drss%26icon%3dC%253A%255Ckodi%255Cportable_data%255Caddons%255Cplugin.video.SportsDevil%255Cresources%255Cimages%255Cchannels%252Fbt_sport_2.png&amp;mode=1&quot;,return)</favourite>
	<favourite name="[COLOR blue]BT Sport 2[/COLOR] - HDfree.tv" thumb="special://home/addons\plugin.video.SportsDevil\resources\images\channels/bt_sport_2.png">ActivateWindow(10025,&quot;plugin://plugin.video.SportsDevil/?item=catcher%3dstreams%26title%3dBT%2bSport%2b2%26url%3dhttp%253A%252F%252Ffreehdsport.com%252Fbt2.html%26videoTitle%3dBT%2bSport%2b2%26director%3dHDFree.tv%26genre%3dTV%26referer%3dhttp%253A%252F%252Ffreehdsport.com%252Fhttp%253A%252F%252Ffreehdsport.com%252F%26definedIn%3dtv%252Ffreesport.cfg%26type%3drss%26icon%3dC%253A%255Ckodi%255Cportable_data%255Caddons%255Cplugin.video.SportsDevil%255Cresources%255Cimages%255Cchannels%252Fbt_sport_2.png&amp;mode=1&quot;,return)</favourite>
	<favourite name="[COLOR chartreuse]BT Sport 2[/COLOR] - HDCric" thumb="http://www.hdcric.com/other-sports-live-streaming">PlayMedia(&quot;plugin://plugin.video.ZemTV-shani/?url=http%3A%2F%2Fwatch.hdcric.com%2Fbt-sport-2-live-streaming&amp;mode=27&amp;name=Bt2&amp;sf_options=winID%3D10025%26_options_sf&quot;)</favourite>
	<favourite name="[COLOR blue]BT Sport 2[/COLOR] - iBrod" thumb="http://ibrod.tv/images/logo.png">ActivateWindow(10025,&quot;plugin://plugin.video.SportsDevil/?item=plot%3dWatch%2bBT%2bsports%2b2%2bOnline%26catcher%3dstreams%26title%3dBT%2bSPORTS%2b2%26url%3dhttp%253A%252F%252Fibrod.tv%252Fbtsports2.html%26videoTitle%3dBT%2bSPORTS%2b2%26director%3dibrod.tv%26genre%3dLive%2bTV%26referer%3dhttp%253A%252F%252Fibrod.tv%252Fbtsports2.html%26definedIn%3dtv%252Fibrod.tv.cfg%26type%3drss%26icon%3dhttp%253A%252F%252Fibrod.tv%252Fimages%252Flogo.png&amp;mode=1&quot;,return)</favourite>
	<favourite name="UFC - DimSports" thumb="special://home/addons\plugin.video.castaway\resources/media/icons/fighting.png">ActivateWindow(10025,&quot;plugin://plugin.video.castaway/?mode=open_sport_cat&amp;site=dimsport&amp;url=http%3a%2f%2fidimsports.eu%2fboxing-wwe-ufc.html&quot;,return)</favourite>
	<favourite name="UFC - WizHD" thumb="special://home/addons\plugin.video.castaway\resources/media/icons/fighting.png">ActivateWindow(10025,&quot;plugin://plugin.video.castaway/?mode=open_sport_cat&amp;site=wizhdsports&amp;url=http%3a%2f%2fwizhdsports.com%2fsports%2fUFC.html&quot;,return)</favourite>
	<favourite name="UFC - LiveTV" thumb="special://home/addons\plugin.video.castaway\resources/media/icons/fighting.png">ActivateWindow(10025,&quot;plugin://plugin.video.castaway/?mode=open_sport_cat&amp;site=livetv&amp;url=http%3a%2f%2fxliveru.sx%2fen%2fallupcomingsports%2f75%2f&quot;,return)</favourite>
	<favourite name="[COLOR blue]BT Sport 2[/COLOR] - Turk" thumb="http://metalkettle.co/logos/logos1/BT%20Sport%202.png">PlayMedia(&quot;plugin://plugin.video.ukturk/?url=http%3A%2F%2Fmetalkettle.co%2FUKTurk18022016%2FSportsList.txt&amp;mode=5&amp;name=BT+Sport+2&amp;iconimage=http%3A%2F%2Fmetalkettle.co%2Flogos%2Flogos1%2FBT%2520Sport%25202.png&amp;description=BTSPORT2&amp;sf_options=winID%3D10025%26_options_sf&quot;)</favourite>
</favourites>