<favourites>
	<favourite name="Crime" thumb="https://pbs.twimg.com/profile_images/556805890817658881/iMsru_J2_400x400.jpeg">ActivateWindow(10025,&quot;plugin://plugin.video.yt-crime?sf_options=fanart%3Dspecial%3A%2F%2Fhome%2Faddons%5Cplugin.video.yt-crime%5Cfanart.jpg%26desc%3DA+megamix+of+True+Crime+channels+and+playlists+from+YouTube%2C+First+48%2C+Serial+Killers.%26_options_sf&quot;,return)</favourite>
	<favourite name="Crackle" thumb="https://raw.githubusercontent.com/moneymaker365/plugin.video.ustvvod/master/resources/images/crackle.png">ActivateWindow(10025,&quot;plugin://plugin.video.ustvvod/?fanart=%22C%3a%5ckodi2%5cportable_data%5caddons%5cplugin.video.ustvvod%5cfanart.jpg%22&amp;mode=%22crackle%22&amp;name=%22Crackle%22&amp;sitemode=%22rootlist%22&amp;thumb=%22C%3a%5ckodi2%5cportable_data%5caddons%5cplugin.video.ustvvod%5cresources%5cimages%5ccrackle.png%22&amp;url=%22%22&quot;)</favourite>
	<favourite name="ABC" thumb="https://raw.githubusercontent.com/moneymaker365/plugin.video.ustvvod/master/resources/images/abcchannel.png">ActivateWindow(10025,&quot;plugin://plugin.video.ustvvod/?fanart=%22C%3a%5ckodi2%5cportable_data%5caddons%5cplugin.video.ustvvod%5cfanart.jpg%22&amp;mode=%22abcchannel%22&amp;name=%22ABC%22&amp;sitemode=%22rootlist%22&amp;thumb=%22C%3a%5ckodi2%5cportable_data%5caddons%5cplugin.video.ustvvod%5cresources%5cimages%5cabcchannel.png%22&amp;url=%22%22&quot;)</favourite>
	<favourite name="NBC" thumb="https://raw.githubusercontent.com/moneymaker365/plugin.video.ustvvod/master/resources/images/nbc.png">ActivateWindow(10025,&quot;plugin://plugin.video.ustvvod/?fanart=%22C%3a%5ckodi2%5cportable_data%5caddons%5cplugin.video.ustvvod%5cfanart.jpg%22&amp;mode=%22nbc%22&amp;name=%22NBC%22&amp;sitemode=%22rootlist%22&amp;thumb=%22C%3a%5ckodi2%5cportable_data%5caddons%5cplugin.video.ustvvod%5cresources%5cimages%5cnbc.png%22&amp;url=%22%22&quot;)</favourite>
	<favourite name="NBC (WNBC)" thumb="special://home/addons\plugin.video.wnbc\icon.png">ActivateWindow(10025,&quot;plugin://plugin.video.wnbc/&quot;)</favourite>
	<favourite name="FOX" thumb="https://raw.githubusercontent.com/moneymaker365/plugin.video.ustvvod/master/resources/images/fox.png">ActivateWindow(10025,&quot;plugin://plugin.video.ustvvod/?fanart=%22C%3a%5ckodi2%5cportable_data%5caddons%5cplugin.video.ustvvod%5cfanart.jpg%22&amp;mode=%22fox%22&amp;name=%22FOX%22&amp;sitemode=%22rootlist%22&amp;thumb=%22C%3a%5ckodi2%5cportable_data%5caddons%5cplugin.video.ustvvod%5cresources%5cimages%5cfox.png%22&amp;url=%22%22&quot;)</favourite>
	<favourite name="CBS" thumb="https://raw.githubusercontent.com/moneymaker365/plugin.video.ustvvod/master/resources/images/cbs.png">ActivateWindow(10025,&quot;plugin://plugin.video.ustvvod/?fanart=%22C%3a%5ckodi2%5cportable_data%5caddons%5cplugin.video.ustvvod%5cfanart.jpg%22&amp;mode=%22cbs%22&amp;name=%22CBS%22&amp;sitemode=%22rootlist%22&amp;thumb=%22C%3a%5ckodi2%5cportable_data%5caddons%5cplugin.video.ustvvod%5cresources%5cimages%5ccbs.png%22&amp;url=%22%22&quot;)</favourite>
	<favourite name="CBS (WRAL)" thumb="special://home/addons\plugin.video.wral\icon.png">ActivateWindow(10025,&quot;plugin://plugin.video.wral/&quot;)</favourite>
	<favourite name="The CW" thumb="https://raw.githubusercontent.com/moneymaker365/plugin.video.ustvvod/master/resources/images/thecw.png">ActivateWindow(10025,&quot;plugin://plugin.video.ustvvod/?fanart=%22C%3a%5ckodi2%5cportable_data%5caddons%5cplugin.video.ustvvod%5cfanart.jpg%22&amp;mode=%22thecw%22&amp;name=%22The%20CW%22&amp;sitemode=%22rootlist%22&amp;thumb=%22C%3a%5ckodi2%5cportable_data%5caddons%5cplugin.video.ustvvod%5cresources%5cimages%5cthecw.png%22&amp;url=%22%22&quot;)</favourite>
	<favourite name="PBS" thumb="https://raw.githubusercontent.com/moneymaker365/plugin.video.ustvvod/master/resources/images/pbs.png">ActivateWindow(10025,&quot;plugin://plugin.video.ustvvod/?fanart=%22C%3a%5ckodi2%5cportable_data%5caddons%5cplugin.video.ustvvod%5cfanart.jpg%22&amp;mode=%22pbs%22&amp;name=%22PBS%22&amp;sitemode=%22rootlist%22&amp;thumb=%22C%3a%5ckodi2%5cportable_data%5caddons%5cplugin.video.ustvvod%5cresources%5cimages%5cpbs.png%22&amp;url=%22%22&quot;)</favourite>
	<favourite name="Comedy Central" thumb="https://raw.githubusercontent.com/moneymaker365/plugin.video.ustvvod/master/resources/images/comedy.png">ActivateWindow(10025,&quot;plugin://plugin.video.ustvvod/?fanart=%22C%3a%5ckodi2%5cportable_data%5caddons%5cplugin.video.ustvvod%5cfanart.jpg%22&amp;mode=%22comedy%22&amp;name=%22Comedy%20Central%22&amp;sitemode=%22rootlist%22&amp;thumb=%22C%3a%5ckodi2%5cportable_data%5caddons%5cplugin.video.ustvvod%5cresources%5cimages%5ccomedy.png%22&amp;url=%22%22&quot;)</favourite>
	<favourite name="History" thumb="https://raw.githubusercontent.com/moneymaker365/plugin.video.ustvvod/master/resources/images/history.png">ActivateWindow(10025,&quot;plugin://plugin.video.ustvvod/?fanart=%22C%3a%5ckodi2%5cportable_data%5caddons%5cplugin.video.ustvvod%5cfanart.jpg%22&amp;mode=%22history%22&amp;name=%22History%22&amp;sitemode=%22rootlist%22&amp;thumb=%22C%3a%5ckodi2%5cportable_data%5caddons%5cplugin.video.ustvvod%5cresources%5cimages%5chistory.png%22&amp;url=%22%22&quot;)</favourite>
	<favourite name="Syfy" thumb="http://mirrors.kodi.tv/addons/gotham/plugin.video.syfy/icon.png">ActivateWindow(10025,&quot;plugin://plugin.video.syfy/&quot;)</favourite>
	<favourite name="TBS" thumb="https://raw.githubusercontent.com/moneymaker365/plugin.video.ustvvod/master/resources/images/tbs.png">ActivateWindow(10025,&quot;plugin://plugin.video.ustvvod/?fanart=%22C%3a%5ckodi2%5cportable_data%5caddons%5cplugin.video.ustvvod%5cfanart.jpg%22&amp;mode=%22tbs%22&amp;name=%22TBS%22&amp;sitemode=%22rootlist%22&amp;thumb=%22C%3a%5ckodi2%5cportable_data%5caddons%5cplugin.video.ustvvod%5cresources%5cimages%5ctbs.png%22&amp;url=%22%22&quot;)</favourite>
	<favourite name="TNT" thumb="https://raw.githubusercontent.com/moneymaker365/plugin.video.ustvvod/master/resources/images/tnt.png">ActivateWindow(10025,&quot;plugin://plugin.video.ustvvod/?fanart=%22C%3a%5ckodi2%5cportable_data%5caddons%5cplugin.video.ustvvod%5cfanart.jpg%22&amp;mode=%22tnt%22&amp;name=%22TNT%22&amp;sitemode=%22rootlist%22&amp;thumb=%22C%3a%5ckodi2%5cportable_data%5caddons%5cplugin.video.ustvvod%5cresources%5cimages%5ctnt.png%22&amp;url=%22%22&quot;)</favourite>
	<favourite name="Travel Channel" thumb="http://www.gvtel.com/images/app_desktop/travel_icon.png">ActivateWindow(10025,&quot;plugin://plugin.video.travel/&quot;)</favourite>
	<favourite name="truTV" thumb="https://raw.githubusercontent.com/moneymaker365/plugin.video.ustvvod/master/resources/images/trutv.png">ActivateWindow(10025,&quot;plugin://plugin.video.ustvvod/?fanart=%22C%3a%5ckodi2%5cportable_data%5caddons%5cplugin.video.ustvvod%5cfanart.jpg%22&amp;mode=%22trutv%22&amp;name=%22truTV%22&amp;sitemode=%22rootlist%22&amp;thumb=%22C%3a%5ckodi2%5cportable_data%5caddons%5cplugin.video.ustvvod%5cresources%5cimages%5ctrutv.png%22&amp;url=%22%22&quot;)</favourite>
	<favourite name="TV Land" thumb="https://raw.githubusercontent.com/moneymaker365/plugin.video.ustvvod/master/resources/images/tvland.png">ActivateWindow(10025,&quot;plugin://plugin.video.ustvvod/?fanart=%22C%3a%5ckodi2%5cportable_data%5caddons%5cplugin.video.ustvvod%5cfanart.jpg%22&amp;mode=%22tvland%22&amp;name=%22TV%20Land%22&amp;sitemode=%22rootlist%22&amp;thumb=%22C%3a%5ckodi2%5cportable_data%5caddons%5cplugin.video.ustvvod%5cresources%5cimages%5ctvland.png%22&amp;url=%22%22&quot;)</favourite>
	<favourite name="VH1" thumb="https://raw.githubusercontent.com/moneymaker365/plugin.video.ustvvod/master/resources/images/vh1.png">ActivateWindow(10025,&quot;plugin://plugin.video.ustvvod/?fanart=%22C%3a%5ckodi2%5cportable_data%5caddons%5cplugin.video.ustvvod%5cfanart.jpg%22&amp;mode=%22vh1%22&amp;name=%22VH1%22&amp;sitemode=%22rootlist%22&amp;thumb=%22C%3a%5ckodi2%5cportable_data%5caddons%5cplugin.video.ustvvod%5cresources%5cimages%5cvh1.png%22&amp;url=%22%22&quot;)</favourite>
	<favourite name="A&amp;E" thumb="http://www.emeraldcoastgranicrete.com/wp-content/uploads/2012/04/a-and-e-old-logo.png">ActivateWindow(10025,&quot;plugin://plugin.video.ustvvod/?fanart=%22C%3a%5ckodi2%5cportable_data%5caddons%5cplugin.video.ustvvod%5cfanart.jpg%22&amp;mode=%22aetv%22&amp;name=%22A%26E%22&amp;sitemode=%22rootlist%22&amp;thumb=%22C%3a%5ckodi2%5cportable_data%5caddons%5cplugin.video.ustvvod%5cresources%5cimages%5caetv.png%22&amp;url=%22%22&quot;)</favourite>
	<favourite name="ABC Family" thumb="http://www.twcondemand.com/images/ServiceContent/354_634962647908183979.png">ActivateWindow(10025,&quot;plugin://plugin.video.abcfamily?sf_options=desc%3DABC+Family+Channel+Programs+in+1080%26_options_sf&quot;,return)</favourite>
	<favourite name="Bravo" thumb="http://mirrors.kodi.tv/addons/gotham/plugin.video.bravo/icon.png">ActivateWindow(10025,&quot;plugin://plugin.video.bravo/&quot;)</favourite>
	<favourite name="CMT" thumb="http://apk-dl.com/detail/image/com.mtvn.cmtandroid-w250.png">ActivateWindow(10025,&quot;plugin://plugin.video.ustvvod/?fanart=%22C%3a%5ckodi2%5cportable_data%5caddons%5cplugin.video.ustvvod%5cfanart.jpg%22&amp;mode=%22cmt%22&amp;name=%22CMT%22&amp;sitemode=%22rootlist%22&amp;thumb=%22C%3a%5ckodi2%5cportable_data%5caddons%5cplugin.video.ustvvod%5cresources%5cimages%5ccmt.png%22&amp;url=%22%22&quot;)</favourite>
	<favourite name="Lifetime" thumb="https://raw.githubusercontent.com/moneymaker365/plugin.video.ustvvod/master/resources/images/lifetime.png">ActivateWindow(10025,&quot;plugin://plugin.video.ustvvod/?fanart=%22C%3a%5ckodi2%5cportable_data%5caddons%5cplugin.video.ustvvod%5cfanart.jpg%22&amp;mode=%22lifetime%22&amp;name=%22Lifetime%22&amp;sitemode=%22rootlist%22&amp;thumb=%22C%3a%5ckodi2%5cportable_data%5caddons%5cplugin.video.ustvvod%5cresources%5cimages%5clifetime.png%22&amp;url=%22%22&quot;)</favourite>
	<favourite name="LogoTV" thumb="https://raw.githubusercontent.com/moneymaker365/plugin.video.ustvvod/master/resources/images/logotv.png">ActivateWindow(10025,&quot;plugin://plugin.video.ustvvod/?fanart=%22C%3a%5ckodi2%5cportable_data%5caddons%5cplugin.video.ustvvod%5cfanart.jpg%22&amp;mode=%22logotv%22&amp;name=%22LogoTV%22&amp;sitemode=%22rootlist%22&amp;thumb=%22C%3a%5ckodi2%5cportable_data%5caddons%5cplugin.video.ustvvod%5cresources%5cimages%5clogotv.png%22&amp;url=%22%22&quot;)</favourite>
	<favourite name="Oxygen" thumb="https://raw.githubusercontent.com/moneymaker365/plugin.video.ustvvod/master/resources/images/oxygen.png">ActivateWindow(10025,&quot;plugin://plugin.video.oxygen/&quot;)</favourite>
	<favourite name="DIY Network " thumb="http://cdn.ulive.com/88/cc/a2d6350a4fcdbbcf946c50ad0ac1/diy-logo-source.png">ActivateWindow(10025,&quot;plugin://plugin.video.diy/&quot;)</favourite>
	<favourite name="Cooking Channel" thumb="http://static01.uverse.com/web_files/NEXTGEN/web_files/images/Network%20Logos/network-page/cooking_channel_277x85.png">ActivateWindow(10025,&quot;plugin://plugin.video.cook/&quot;)</favourite>
	<favourite name="Food Network" thumb="https://upload.wikimedia.org/wikipedia/commons/thumb/d/d8/Food_Network.svg/135px-Food_Network.svg.png">ActivateWindow(10025,&quot;plugin://plugin.video.foodnetwork/&quot;)</favourite>
	<favourite name="Food Network Canada" thumb="http://www.foodnetwork.ca/static/content/food-network/images/food_network_canada_logo.png">ActivateWindow(10025,&quot;plugin://plugin.video.foodnetwork.canada?sf_options=fanart%3Dspecial%3A%2F%2Fhome%2Faddons%5Cplugin.video.foodnetwork.canada%5Cfanart.jpg%26desc%3DPlay+videos+from+the+Food+Network+Canada+Network%26_options_sf&quot;,return)</favourite>
	<favourite name="HGTV" thumb="http://cdn.ulive.com/d6/3b/3d1c2f7e41a289f7d55ba7f55349/hgtv-logo-source-page.png">ActivateWindow(10025,&quot;plugin://plugin.video.hgtv/&quot;)</favourite>
	<favourite name="HGTV Canada" thumb="http://mirrors.kodi.tv/addons/jarvis/plugin.video.hgtv.canada/icon.png">ActivateWindow(10025,&quot;plugin://plugin.video.hgtv.canada?sf_options=fanart%3Dspecial%3A%2F%2Fhome%2Faddons%5Cplugin.video.hgtv.canada%5Cfanart.jpg%26desc%3DPlay+videos+from+the+HGTV+Canada+Network%26_options_sf&quot;,return)</favourite>
	<favourite name="Spike TV" thumb="special://home/addons\plugin.video.ustvvod\resources\images\spike.png">ActivateWindow(10025,&quot;plugin://plugin.video.ustvvod/?fanart=%22C%3a%5ckodi%5cportable_data%5caddons%5cplugin.video.ustvvod%5cfanart.jpg%22&amp;mode=%22spike%22&amp;name=%22Spike%20TV%22&amp;sitemode=%22rootlist%22&amp;thumb=%22C%3a%5ckodi%5cportable_data%5caddons%5cplugin.video.ustvvod%5cresources%5cimages%5cspike.png%22&amp;url=%22%22&amp;sf_options=fanart%3Dspecial%3A%2F%2Fhome%2Faddons%5Cplugin.video.ustvvod%5Cfanart.jpg%26desc%3DSpike+TV+knows+what+guys+like.+The+brand+speaks+to+the+bold%2C+adventuresome+side+of+men+with+action-packed+entertainment%2C+including+a+mix+of+comedy%2C+blockbuster+movies%2C+sports%2C+innovative+originals+and+live+events.+Popular+shows+like+The+Ultimate+Fighter%2C+TNA+iMPACT%21%2C+Video+Game+Awards%2C+DEA%2C+MANswers%2C+MXC%2C+and+CSI%3A+Crime+Scene+Investigation%2C+plus+the+Star+Wars+and+James+Bond+movie+franchises%2C+position+Spike+TV+as+the+leader+in+entertainment+for+men.%26_options_sf&quot;,return)</favourite>
	<favourite name="SnagFilms" thumb="special://home/addons\plugin.video.snagfilms\icon.png">ActivateWindow(10025,&quot;plugin://plugin.video.snagfilms/?mode=GM&amp;url=http%3a%2f%2fwww.snagfilms.com%2fshows%2f&amp;sf_options=fanart%3Dspecial%3A%2F%2Fhome%2Faddons%5Cplugin.video.snagfilms%5Cfanart.jpg%26_options_sf&quot;,return)</favourite>
	<favourite name="Popcornflix" thumb="special://home/addons\plugin.video.popcornflix\icon.png">ActivateWindow(10025,&quot;plugin://plugin.video.popcornflix/?mode=GM&amp;name=%5bCOLOR%20blue%5dTV%20Series%5b%2fCOLOR%5d&amp;url=%2ftv-shows-and-series&amp;sf_options=fanart%3Dspecial%3A%2F%2Fhome%2Faddons%5Cplugin.video.popcornflix%5Cfanart.jpg%26_options_sf&quot;,return)</favourite>
</favourites>