<favourites>
	<favourite name="[COLOR blue]FOX[/COLOR] Sports 1" thumb="http://aframe.com/blog/wp-content/uploads/2014/03/FOX-Sports-1300x204-250x170.png">PlayMedia(&quot;http://ftve7300-i.akamaihd.net/hls/live/216995/fs1/3964k/prog.m3u8?sf_options=winID%3D10025%26_options_sf&quot;)</favourite>
	<favourite name="[COLOR blue]FOX[/COLOR] Sports 2" thumb="https://upload.wikimedia.org/wikipedia/en/7/7e/Fox_Sports_2_logo.png">PlayMedia(&quot;http://ftve7300-i.akamaihd.net/hls/live/216996/fs2/1264k/prog.m3u8?sf_options=winID%3D10025%26_options_sf&quot;)</favourite>
	<favourite name="[COLOR gold]NFL[/COLOR] Network" thumb="http://static01.uverse.com/web_files/NEXTGEN/web_files/images/Network%20Logos/network-page/NFL_Network_325x70.png">PlayMedia(&quot;http://nflsvglagame1-i.akamaihd.net/hls/live/223206/NFL_Mobile/2015Mobile_NFLN_2000k.m3u8?sf_options=winID%3D10025%26_options_sf&quot;)</favourite>
	<favourite name="[COLOR gold]NFL[/COLOR] Now" thumb="http://windowsphonedaily.com/wp-content/uploads/2014/08/nfl-now-icon.png">PlayMedia(&quot;http://nflioslivesvg2-i.akamaihd.net/hls/live/221521/nflioslive/2015HackerNow_w99d9.m3u8?sf_options=winID%3D10025%26_options_sf&quot;)</favourite>
	<favourite name="NBC Golf" thumb="https://upload.wikimedia.org/wikipedia/en/e/e4/NBC_Golf_logo.png">PlayMedia(&quot;plugin://plugin.video.phstreams/?name=NBC+Golf+HD+1080p&amp;url=http%3A%2F%2Ftvegolf-i.Akamaihd.net%2Fhls%2Flive%2F218225%2Fgolfx%2F4296k%2Fprog.m3u8%7CX-Forwarded-For%3D209.239.112.104&amp;audio=0&amp;image=http%3A%2F%2Fimg1.wikia.nocookie.net%2F__cb20100323073441%2Flogopedia%2Fimages%2F3%2F3a%2FGolf_Channel_2008.png&amp;fanart=http%3A%2F%2Fs20.postimg.org%2Fid8xgs00t%2FSports_Background.jpg&amp;playable=false&amp;tvshow=0&amp;content=0&amp;action=resolveUrl&amp;sf_options=fanart%3Dhttp%3A%2F%2Fs20.postimg.org%2Fid8xgs00t%2FSports_Background.jpg%26winID%3D10025%26desc%3DDiscover+Great+Streaming+Playlists%21%26_options_sf&quot;)</favourite>
	<favourite name="College Sports" thumb="http://www.ncaa.org/sites/all/themes/victory/logo.png">ActivateWindow(10025,&quot;plugin://plugin.program.super.favourites/?folder=Sports/Sports Channels/College Sports&quot;,return)</favourite>
	<favourite name="Box Nation" thumb="http://static-files.cdnandroid.com/3c/cf/ee/4d/imagen-boxnation-tv-0thumb.jpg">PlayMedia(&quot;plugin://plugin.video.pakindia/?url=http%3A%2F%2Fcric.dynns.com%3A1935%2Fiptv%2Fboxnation%2Fplaylist.m3u8&amp;mode=200&amp;name=box+nation&amp;iconimage=http%3A%2F%2Fcdnimg.dynns.com%2Fiptvpanelnew%2Fprog_data%2Fthumbs%2F386854131f58a556343e056f03626e00boxnation.jpg&amp;sf_options=winID%3D10025%26_options_sf&quot;)</favourite>
	<favourite name="BT Sport 1" thumb="http://footballontv.com/img/channels/square-300/BT-Sport-1.png">PlayMedia(&quot;plugin://plugin.video.pakindia/?url=http%3A%2F%2Fcric.dynns.com%3A1935%2Fiptv%2Fbt1%2Fplaylist.m3u8&amp;mode=200&amp;name=bt1&amp;iconimage=http%3A%2F%2Fcdnimg.dynns.com%2Fiptvpanelnew%2Fprog_data%2Fthumbs%2Fcdfa4c42f465a5a66871587c69fcfa34bt1.jpg&amp;sf_options=winID%3D10025%26_options_sf&quot;)</favourite>
	<favourite name="BT Sport 2" thumb="http://footballontv.com/img/channels/square-300/BT-Sport-2.png">PlayMedia(&quot;plugin://plugin.video.pakindia/?url=http%3A%2F%2Fcric.dynns.com%3A1935%2Fiptv%2Fbt2%2Fplaylist.m3u8&amp;mode=200&amp;name=bt2&amp;iconimage=http%3A%2F%2Fcdnimg.dynns.com%2Fiptvpanelnew%2Fprog_data%2Fthumbs%2Fe46709aa58ba51019b4e6c1b23d9ae03bt2.jpg&amp;sf_options=winID%3D10025%26_options_sf&quot;)</favourite>
	<favourite name="[COLOR blue]SKY[/COLOR] Sports 1" thumb="http://tvcric.co/wp-content/uploads/2014/04/Sky-Sports-1-logo-Live-Streaming-Watch-Online-HD.jpg">PlayMedia(&quot;http://cds.a3g6t8m9.hwcdn.net/caliveorigin/skysports1.stream/chunklist.m3u8?sf_options=winID%3D10025%26_options_sf&quot;)</favourite>
	<favourite name="[COLOR blue]SKY[/COLOR] Sports 2" thumb="http://www.bangladeshtigers.com/images/skysports2.jpg">PlayMedia(&quot;http://cds.a3g6t8m9.hwcdn.net/caliveorigin/skysports2.stream/chunklist.m3u8?sf_options=winID%3D10025%26_options_sf&quot;)</favourite>
	<favourite name="[COLOR blue]SKY[/COLOR] Sports 3" thumb="http://tv.mobilenet-ups.com/wp-content/uploads/2015/05/Sky_3.jpg">PlayMedia(&quot;http://cds.a3g6t8m9.hwcdn.net/caliveorigin/skysports3.stream/chunklist.m3u8?sf_options=winID%3D10025%26_options_sf&quot;)</favourite>
	<favourite name="[COLOR blue]SKY[/COLOR] Sports 4" thumb="http://tvcric.co/wp-content/uploads/2014/05/Sky-Sports-4-Logo-Live-Streaming-Watch-Online.jpg">PlayMedia(&quot;http://cds.a3g6t8m9.hwcdn.net/caliveorigin/skysports4.stream/chunklist.m3u8?sf_options=winID%3D10025%26_options_sf&quot;)</favourite>
	<favourite name="[COLOR blue]SKY[/COLOR] Sports 5" thumb="http://sporttvone.com/wp-content/uploads/2015/01/13-615x400.jpg">PlayMedia(&quot;http://cds.a3g6t8m9.hwcdn.net/caliveorigin/skysports5.stream/chunklist.m3u8?sf_options=winID%3D10025%26_options_sf&quot;)</favourite>
	<favourite name="Zeus Sport" thumb="http://s6.postimg.org/jj51b8q01/zeussport.png">ActivateWindow(10025,&quot;plugin://plugin.video.zeus/?description&amp;iconimage=http%3a%2f%2fs6.postimg.org%2fjj51b8q01%2fzeussport.png&amp;mode=20&amp;name=%5bCOLOR%20white%5d%5bB%5dLIVE%20SPORT%5b%2fB%5d%5b%2fCOLOR%5d&amp;url=ieSUr9sZ&amp;sf_options=fanart%3Dhttp%3A%2F%2Fs6.postimg.org%2Fjj51b8q01%2Fzeussport.png%26_options_sf&quot;,return)</favourite>
	<favourite name="MamaHD" thumb="special://home/addons\plugin.video.SportsDevil\resources\images\mamahd.png">ActivateWindow(10025,&quot;plugin://plugin.video.SportsDevil/?item=title%3dMamaHD.com%26url%3dtv%252Fmamahd.com.cfg%26definedIn%3dtv.cfg%26director%3dmamahd.com%26genre%3dTV%26type%3drss%26icon%3dC%253A%255Ckodi15final1%255Cportable_data%255Caddons%255Cplugin.video.SportsDevil%255Cresources%255Cimages%255Cmamahd.png&amp;mode=1&amp;sf_options=fanart%3Dspecial%3A%2F%2Fhome%2Faddons%5Cplugin.video.SportsDevil%5Cfanart.jpg%26_options_sf&quot;,return)</favourite>
	<favourite name="HDFreeTV" thumb="special://home/addons\plugin.video.SportsDevil\resources\images\hdfree.png">ActivateWindow(10025,&quot;plugin://plugin.video.SportsDevil/?item=title%3dHDFree.tv%26url%3dtv%252Fhdfree.tv.cfg%26definedIn%3dtv.cfg%26director%3dHDFree.tv%26genre%3dTV%26type%3drss%26icon%3dC%253A%255CUsers%255CUser%255CAppData%255CRoaming%255CKodi%255Caddons%255Cplugin.video.SportsDevil%255Cresources%255Cimages%255Chdfree.png&amp;mode=1&amp;sf_options=fanart%3Dspecial%3A%2F%2Fhome%2Faddons%5Cplugin.video.SportsDevil%5Cfanart.jpg%26_options_sf&quot;,return)</favourite>
	<favourite name="[COLOR whitesmoke].More Channels[/COLOR]" thumb="http://syncmobiledealer.com/wp-content/uploads/2015/05/sports-1024x576.png">ActivateWindow(10025,&quot;plugin://plugin.program.super.favourites/?folder=Sports/Sports Channels/.More Channels&quot;,return)</favourite>
	<favourite name="[COLOR blue]SportsDevil[/COLOR]" thumb="http://icons.iconarchive.com/icons/pixelpirate/futurama/128/Robot-Devil-icon.png">ActivateWindow(10025,&quot;plugin://plugin.video.SportsDevil/?sf_options=fanart%3Dspecial%3A%2F%2Fhome%2Faddons%5Cplugin.video.SportsDevil%5Cfanart.jpg%26_options_sf&quot;)</favourite>
</favourites>