<?xml version="1.0" encoding="UTF-8" standalone="yes"?>

<addon id="repo.water" name="waterREPO beta" version="1.0.2" provider-name="w">
	<extension point="xbmc.addon.repository" name="waterREPO beta">
	<dir>
	<info compressed="false">https://raw.github.com/watermouf/sanjuan/master/BETA/plugins</info>
		<checksum>https://raw.github.com/watermouf/sanjuan/master/BETA/plugins.hash</checksum>
		<datadir zip="true">https://raw.github.com/watermouf/sanjuan/master/BETA/</datadir>
	</dir>

	</extension>
	<extension point="xbmc.addon.metadata">
		<summary></summary>
		<description></description>
		<platform></platform>
	</extension>
</addon>

