<favourites>
	<favourite name="[COLOR blue]Shows - vTV[/COLOR]" thumb="https://googledrive.com/host/0B-bY5h-uWEgZQVJQZ0lzUTdBeFE/icons/apps/veetle.jpg">ActivateWindow(10025,&quot;plugin://plugin.video.veetle/?category=20&quot;)</favourite>
	<favourite name="VaughnLive - Misc" thumb="special://home/addons\plugin.stream.vaughnlive.tv\art\misc.jpg">ActivateWindow(10025,&quot;plugin://plugin.stream.vaughnlive.tv/?cat=misc&amp;mode=BrowseCat3&amp;site&amp;type=php&amp;sf_options=fanart%3Dspecial%3A%2F%2Fhome%2Faddons%5Cplugin.stream.vaughnlive.tv%5Cfanart.jpg%26_options_sf&quot;,return)</favourite>
	<favourite name="[COLOR blue]Shows - TGUN[/COLOR]" thumb="special://home/addons\plugin.video.tgun/icons/newtv.png">ActivateWindow(10025,&quot;plugin://plugin.video.tgun/?mode=tvchannels&amp;page_num=1&amp;url=http%3a%2f%2fwww.tgun.tv%2fmenus%2fshows%2fchmenu.php&quot;,return)</favourite>
	<favourite name="Christmas Cartoon Marathon" thumb="http://www.thecartoonlogo.com/cartoon-logo-images/cartoon-character-logo-18.gif">PlayMedia(&quot;http://veetle.com/index.php/hls/streamMbrFast/52115f38c3e89_/stream.m3u8?&amp;sf_options=winID%3D10025%26_options_sf&quot;)</favourite>
	<favourite name="Big Bang Theory" thumb="">PlayMedia(&quot;http://veetle.com/index.php/hls/streamMbrFast/566daedcda31c_/stream.m3u8?sf_options=winID%3D10025%26_options_sf&quot;)</favourite>
	<favourite name="FBI" thumb="">PlayMedia(&quot;http://veetle.com/index.php/hls/streamMbrFast/50bd64fd087cb_/stream.m3u8?sf_options=winID%3D10025%26_options_sf&quot;)</favourite>
	<favourite name="Futurama" thumb="http://www.silverkgallery.com.au/Futurama/futurama_title_screen.gif">PlayMedia(&quot;http://veetle.com/index.php/hls/streamMbrFast/55f2fc8090f16_/stream.m3u8?sf_options=winID%3D10025%26_options_sf&quot;)</favourite>
	<favourite name="Simpsons" thumb="http://seeklogo.com/images/H/homero-simpsons-front-logo-2B497EF5DB-seeklogo.com.gif">PlayMedia(&quot;http://veetle.com/index.php/hls/streamMbrfast/52dada61bdf13_/stream.m3u8?sf_options=winID%3D10025%26_options_sf&quot;)</favourite>
	<favourite name="South Park" thumb="http://tvtvtv.ru/icons/logo_4527.png">PlayMedia(&quot;http://veetle.com/index.php/hls/streamMbrFast/541c316fe8423_/stream.m3u8?sf_options=winID%3D10025%26_options_sf&quot;)</favourite>
	<favourite name="Game of Thrones" thumb="http://cdn.europosters.eu/image/750/posters/game-of-thrones-logo-i21034.jpg">PlayMedia(&quot;http://veetle.com/index.php/hls/streamMbrFast/55ef84119738b_/stream.m3u8?sf_options=winID%3D10025%26_options_sf&quot;)</favourite>
	<favourite name="StarGate SG1" thumb="http://ednys.free.fr/fig/Stargate_SG1_arm_patch.jpg">PlayMedia(&quot;http://veetle.com/index.php/hls/streamMbrFast/53f4d3cfbfad1_/stream.m3u8?sf_options=winID%3D10025%26_options_sf&quot;)</favourite>
	<favourite name="StarTrek TNG" thumb="https://img0.etsystatic.com/000/0/5909386/il_570xN.255522404.jpg">PlayMedia(&quot;http://veetle.com/index.php/hls/streamMbrFast/51e482fa02883_/stream.m3u8?sf_options=winID%3D10025%26_options_sf&quot;)</favourite>
	<favourite name="Impractical Jokers" thumb="http://cdn.vaughnsoft.com/vaughnsoft/vaughn/img_profiles/lmshows_ij_320.jpg">PlayMedia(&quot;plugin://plugin.stream.vaughnlive.tv/?sourcetype=auto&amp;title=vaughn&amp;url=http%3A%2F%2Fvaughnlive.tv%2Flmshows_ij&amp;section=&amp;site=&amp;mode=PlayLiveStream&amp;channel=lmshows_ij&amp;sf_options=winID%3D10025%26_options_sf&quot;)</favourite>
	<favourite name="Home Improvment" thumb="http://cdn.vaughnsoft.com/vaughnsoft/vaughn/img_profiles/lmshows_hi_320.jpg">PlayMedia(&quot;plugin://plugin.stream.vaughnlive.tv/?sourcetype=auto&amp;title=vaughn&amp;url=http%3A%2F%2Fvaughnlive.tv%2Flmshows_hi&amp;section=&amp;site=&amp;mode=PlayLiveStream&amp;channel=lmshows_hi&amp;sf_options=winID%3D10025%26_options_sf&quot;)</favourite>
	<favourite name="Duck Dynasty" thumb="http://cdn.vaughnsoft.com/vaughnsoft/vaughn/img_profiles/lmshows_dd_320.jpg">PlayMedia(&quot;plugin://plugin.stream.vaughnlive.tv/?sourcetype=auto&amp;title=vaughn&amp;url=http%3A%2F%2Fvaughnlive.tv%2Flmshows_dd&amp;section=&amp;site=&amp;mode=PlayLiveStream&amp;channel=lmshows_dd&amp;sf_options=winID%3D10025%26_options_sf&quot;)</favourite>
	<favourite name="Married With Children" thumb="http://cdn.vaughnsoft.com/vaughnsoft/vaughn/img_profiles/lmshows_mwc_320.jpg">PlayMedia(&quot;plugin://plugin.stream.vaughnlive.tv/?sourcetype=auto&amp;title=vaughn&amp;url=http%3A%2F%2Fvaughnlive.tv%2Flmshows_mwc&amp;section=&amp;site=&amp;mode=PlayLiveStream&amp;channel=lmshows_mwc&amp;sf_options=winID%3D10025%26_options_sf&quot;)</favourite>
	<favourite name="NATGEO" thumb="http://cdn.vaughnsoft.com/vaughnsoft/vaughn/img_profiles/lmshows_ngbbc_320.jpg">PlayMedia(&quot;plugin://plugin.stream.vaughnlive.tv/?sourcetype=auto&amp;title=vaughn&amp;url=http%3A%2F%2Fvaughnlive.tv%2Flmshows_ngbbc&amp;section=&amp;site=&amp;mode=PlayLiveStream&amp;channel=lmshows_ngbbc&amp;sf_options=winID%3D10025%26_options_sf&quot;)</favourite>
	<favourite name="Science, History, Anthrapology" thumb="http://cdn.vaughnsoft.com/vaughnsoft/vaughn/img_profiles/historyscienceetc_320.jpg">PlayMedia(&quot;plugin://plugin.stream.vaughnlive.tv/?sourcetype=auto&amp;title=vaughn&amp;url=http%3A%2F%2Fvaughnlive.tv%2Fhistoryscienceetc&amp;section=&amp;site=&amp;mode=PlayLiveStream&amp;channel=historyscienceetc&amp;sf_options=winID%3D10025%26_options_sf&quot;)</favourite>
	<favourite name="Ancient Warriors, Cosmos, Wormhole, Mythbusters, Meteorite Men" thumb="http://cdn.vaughnsoft.com/vaughnsoft/vaughn/img_profiles/discoveryhouse_320.jpg">PlayMedia(&quot;plugin://plugin.stream.vaughnlive.tv/?sourcetype=auto&amp;title=vaughn&amp;url=http%3A%2F%2Fvaughnlive.tv%2Fdiscoveryhouse&amp;section=&amp;site=&amp;mode=PlayLiveStream&amp;channel=discoveryhouse&amp;sf_options=winID%3D10025%26_options_sf&quot;)</favourite>
	<favourite name="Man Vs Wild" thumb="http://cdn.vaughnsoft.com/vaughnsoft/vaughn/img_profiles/lmshows_mws_320.jpg">PlayMedia(&quot;plugin://plugin.stream.vaughnlive.tv/?sourcetype=auto&amp;title=vaughn&amp;url=http%3A%2F%2Fvaughnlive.tv%2Flmshows_mws&amp;section=&amp;site=&amp;mode=PlayLiveStream&amp;channel=lmshows_mws&amp;sf_options=winID%3D10025%26_options_sf&quot;)</favourite>
	<favourite name="Pawn Shows" thumb="http://cdn.vaughnsoft.com/vaughnsoft/vaughn/img_profiles/lmshows_hps_320.jpg">PlayMedia(&quot;plugin://plugin.stream.vaughnlive.tv/?sourcetype=auto&amp;title=vaughn&amp;url=http%3A%2F%2Fvaughnlive.tv%2Flmshows_hps&amp;section=&amp;site=&amp;mode=PlayLiveStream&amp;channel=lmshows_hps&amp;sf_options=winID%3D10025%26_options_sf&quot;)</favourite>
	<favourite name="UFC" thumb="http://cdn.vaughnsoft.com/vaughnsoft/vaughn/img_profiles/profe3193_320.jpg">PlayMedia(&quot;plugin://plugin.stream.vaughnlive.tv/?sourcetype=auto&amp;title=vaughn&amp;url=http%3A%2F%2Fvaughnlive.tv%2Fprofe3193&amp;section=&amp;site=&amp;mode=PlayLiveStream&amp;channel=profe3193&amp;sf_options=winID%3D10025%26_options_sf&quot;)</favourite>
	<favourite name="COPS" thumb="http://cdn.vaughnsoft.com/vaughnsoft/vaughn/img_profiles/profe3196_320.jpg">PlayMedia(&quot;plugin://plugin.stream.vaughnlive.tv/?sourcetype=auto&amp;title=vaughn&amp;url=http%3A%2F%2Fvaughnlive.tv%2Fprofe3196&amp;section=&amp;site=&amp;mode=PlayLiveStream&amp;channel=profe3196&amp;sf_options=winID%3D10025%26_options_sf&quot;)</favourite>
	<favourite name="Crime Shows 3" thumb="http://cdn.vaughnsoft.com/vaughnsoft/vaughn/img_profiles/profe3197_320.jpg">PlayMedia(&quot;plugin://plugin.stream.vaughnlive.tv/?sourcetype=auto&amp;title=vaughn&amp;url=http%3A%2F%2Fvaughnlive.tv%2Fprofe3197&amp;section=&amp;site=&amp;mode=PlayLiveStream&amp;channel=profe3197&amp;sf_options=winID%3D10025%26_options_sf&quot;)</favourite>
	<favourite name="Crime Shows" thumb="http://cdn.vaughnsoft.com/vaughnsoft/vaughn/img_profiles/crimecentral_320.jpg">PlayMedia(&quot;plugin://plugin.stream.vaughnlive.tv/?sourcetype=auto&amp;title=vaughn&amp;url=http%3A%2F%2Fvaughnlive.tv%2Fcrimecentral&amp;section=&amp;site=&amp;mode=PlayLiveStream&amp;channel=crimecentral&amp;sf_options=winID%3D10025%26_options_sf&quot;)</favourite>
</favourites>