<favourites>
	<favourite name="Weather Settings" thumb="http://www.iconarchive.com/download/i94398/bokehlicia/captiva/weather.ico">ActivateWindow(weathersettings)</favourite>
	<favourite name="Check For Updates" thumb="">PlayMedia(&quot;plugin://plugin.video.water/?url=http%3A%2F%2Ftiny.cc.com&amp;mode=10&amp;name=Check+For+Updates&amp;iconimage=&amp;fanart=C%3A%5Ckodi%5Cportable_data%5Caddons%5Cplugin.video.water%5Cfanart.jpg&amp;description=&amp;sf_options=winID%3D10025%26_options_sf&quot;)</favourite>
	<favourite name="[COLOR black]Maintenance[/COLOR]" thumb="https://rilshahril.files.wordpress.com/2014/02/maintenance-icon-128.png">ActivateWindow(10025,&quot;plugin://plugin.video.water/&quot;,return)</favourite>
	<favourite name="[COLOR black]System[/COLOR]" thumb="https://lh4.ggpht.com/lQ3HQcoNO7KAuMSiTD_FmU6CsKFTBn7P_qaY5WXJfnjvVQg7AF_hx9g3JkW-vWfE9DQ=w300">ActivateWindow(10025,&quot;plugin://plugin.program.super.favourites/?label=System&amp;mode=400&amp;sf_options=&amp;mode=400&amp;path=special%3A%2F%2Fhome%2Faddons%2Fscript.supafav%2FSuper%20Favourites/More%2FSettings%5CSystem&amp;sf_options=fanart%3DNULL%26_options_sf&amp;sf_options=&quot;)</favourite>
	<favourite name="Android apps" thumb="DefaultProgram.png">ActivateWindow(10001,&quot;androidapp://sources/apps/&quot;,return)</favourite>
</favourites>