<favourites>
	<favourite name="Android apps" thumb="http://www.itscanfixthat.com/wp-content/uploads/2013/02/icon-android.png">ActivateWindow(10001,&quot;androidapp://sources/apps/&quot;,return)</favourite>
	<favourite name="Weather Settings" thumb="http://www.iconarchive.com/download/i94398/bokehlicia/captiva/weather.ico">ActivateWindow(weathersettings)</favourite>
	<favourite name="Maintenance" thumb="https://rilshahril.files.wordpress.com/2014/02/maintenance-icon-128.png">ActivateWindow(10025,&quot;plugin://plugin.video.water/&quot;,return)</favourite>
	<favourite name="[COLOR azure]FileManager[/COLOR]" thumb="http://files.softicons.com/download/system-icons/crystal-project-icons-by-everaldo-coelho/png/256x256/apps/file-manager.png">ActivateWindow(FileManager)</favourite>
	<favourite name="[COLOR azure]System Info[/COLOR]" thumb="http://findicons.com/files/icons/1261/sticker_system/256/get_info.png">ActivateWindow(systeminfo)</favourite>
	<favourite name="[COLOR black]System[/COLOR]" thumb="https://lh4.ggpht.com/lQ3HQcoNO7KAuMSiTD_FmU6CsKFTBn7P_qaY5WXJfnjvVQg7AF_hx9g3JkW-vWfE9DQ=w300">ActivateWindow(10025,&quot;plugin://plugin.program.super.favourites/?label=System&amp;mode=400&amp;sf_options=&amp;mode=400&amp;path=special%3A%2F%2Fhome%2Faddons%2Fscript.supafav%2FSuper%20Favourites/More%2FSettings%5CSystem&amp;sf_options=fanart%3DNULL%26_options_sf&amp;sf_options=&quot;)</favourite>
</favourites>