<favourites>
	<favourite name="[COLOR blue]Live[/COLOR] Games [COLOR black] - ProSports[/COLOR]" thumb="https://www.mlbstatic.com/mlb.com/builds/site-core/8a1b123c6d57e89471233245b055a46ff73f575a_1490893516/images/favicon.png">ActivateWindow(10025,&quot;plugin://plugin.video.prosport/?away&amp;home&amp;mode=mlb&amp;url&amp;sf_options=&quot;,return)</favourite>
	 
	<favourite name="[COLOR blue]Live[/COLOR] Games [COLOR black] - StreamHunter[/COLOR]" thumb="">ActivateWindow(10025,&quot;plugin://plugin.video.SportsDevil/?item=title%3dBasketball%26url%3dhttp%253A%252F%252Fwww.batmanstream.com%252Fbaseball-live-streaming-video.html%26cfg%3dlshunter-new.cfg%2540Events%26definedIn%3dlivesports%252Flshunter-new.cfg%26director%3dLSHunter.tv%26genre%3dLive%2bSports%26type%3drss%26icon%3d&amp;mode=1&quot;,return)</favourite>
	<favourite name="[COLOR blue]Live[/COLOR] Games [COLOR black] - StreamHD.eu[/COLOR]" thumb="">ActivateWindow(10025,&quot;plugin://plugin.video.SportsDevil/?item=videoTitle%3d%252ASchedule%252A%26title%3d%252ASchedule%252A%26url%3dhttp%3A%2F%2Fwww.streamhd.eu%2Fmlb%2Findex.php%26cfg%3dstreamhd.eu.cfg%2540Schedule%26definedIn%3dtv%252Fstreamhd.eu.cfg%26director%3dstreamhd.eu%26genre%3dTV%26type%3donce%26icon%3d&amp;mode=1&quot;,return)</favourite>
	<favourite name="[COLOR blue]Live[/COLOR] Games [COLOR black] - [COLOR black]DimSports[/COLOR]" thumb="">ActivateWindow(10025,&quot;plugin://plugin.video.SportsDevil/?item=title%3dBasketball%26url%3dhttp%253A%252F%252Fwww.idimsports.eu%252Fbaseball.html%26cfg%3ddimsports.eu.links.cfg%26definedIn%3dlivesports%252Fdimsports.eu.cfg%26director%3ddimsports.eu%26genre%3dLive%2bSports%26type%3drss%26icon%3d&amp;mode=1&quot;,return)</favourite>
	
</favourites>