<favourites>
	<favourite name="Latest Documentaries" thumb="special://home/addons\plugin.video.pftvso/art/themes/Blue/Genre.png">ActivateWindow(10025,&quot;plugin://plugin.video.pftvso/?mode=open_genre&amp;page=1&amp;slug=documentary&quot;,return)</favourite>
	<favourite name="Documentary Shows" thumb="http://s6.postimg.org/99ytnv01t/Series.png">ActivateWindow(10025,&quot;plugin://plugin.video.phstreams/?action=ndmode&amp;audio=0&amp;content=0&amp;fanart=http%3a%2f%2fs6.postimg.org%2f4ph8mo5q9%2fBackdrop.png&amp;image=http%3a%2f%2fs6.postimg.org%2f99ytnv01t%2fSeries.png&amp;name=%5bCOLOR%20orangered%5dD%5b%2fCOLOR%5d%5bCOLOR%20white%5dOCU-%5b%2fCOLOR%5d%5bCOLOR%20orangered%5dS%5b%2fCOLOR%5d%5bCOLOR%20white%5dERIES%5b%2fCOLOR%5d&amp;playable=false&amp;tvshow=0&amp;url=http%3a%2f%2fzenica.watchkodi.com%2fDirectories%2fDocs%2520Directories%2fDocu%2520Series%2520Directory.xml&amp;sf_options=fanart%3Dhttp%3A%2F%2Fs6.postimg.org%2F4ph8mo5q9%2FBackdrop.png%26desc%3DDiscover+Great+Streaming+Playlists%21%26_options_sf&quot;,return)</favourite>
	<favourite name="Smithsonian Channel" thumb="http://mirrors.kodi.tv/addons/gotham/plugin.video.smithsonian/icon.png">ActivateWindow(10025,&quot;plugin://plugin.video.smithsonian/&quot;)</favourite>
	<favourite name="XiveTV Documentaries" thumb="https://yt3.ggpht.com/-3QSaQa74Ids/AAAAAAAAAAI/AAAAAAAAAAA/tb3yzKTWgGY/s240-c-k-no/photo.jpg">ActivateWindow(10025,&quot;plugin://plugin.video.youtube/channel/UC62NeTy6Ocd5Jmh_963mLFg/&quot;,return)</favourite>
	<favourite name="Vice" thumb="http://googledrive.com/host/0B-bY5h-uWEgZQVJQZ0lzUTdBeFE/icons/apps/vice.gif">ActivateWindow(10025,&quot;plugin://plugin.video.youtube/user/vice/&quot;,return)</favourite>
	<favourite name="Vice News" thumb="http://googledrive.com/host/0B-bY5h-uWEgZQVJQZ0lzUTdBeFE/icons/apps/vicenews.jpg">ActivateWindow(10025,&quot;plugin://plugin.video.youtube/user/vicenews/&quot;,return)</favourite>
	<favourite name="Addons" thumb="https://f.vimeocdn.com/images_v6/awards/category_icons/vfa_icon_encap_series.png">ActivateWindow(10025,&quot;plugin://plugin.program.super.favourites/?folder=More\Documentaries\Addons&quot;,return)</favourite>
	<favourite name="NOVA" thumb="http://image.pbs.org/contentchannels/42/TDVVeeJfPQazqZcojhWkQ.jpg">ActivateWindow(10025,&quot;plugin://plugin.video.thinktv/?mode=GC&amp;name=NOVA&amp;url=nova%7chttp%3a%2f%2fimage.pbs.org%2fcontentchannels%2f42%2fTDVVeeJfPQazqZcojhWkQ.jpg%7chttp%3a%2f%2fimage.pbs.org%2fcontentchannels%2f42%2fTDVVeeJfPQazqZcojhWkQ.jpg&amp;sf_options=fanart%3Dhttp%3A%2F%2Fimage.pbs.org%2Fcontentchannels%2F42%2FTDVVeeJfPQazqZcojhWkQ.jpg%26desc%3DNOVA+brings+you+stories+from+the+frontlines+of+science+and+engineering%2C+answering+the+big+questions+of+today+and+tomorrow%2C+from+how+our+ancestors+lived%2C+to+whether+parallel+universes+exist%2C+to+how+technology+will+transform+our+lives.+Visit+the+official+website+to+watch+full-length+documentaries%2C+or+explore+our+world+through+short-form+video%2C+on+our+digital+publication+NOVA+Next%2C+and+on+social+media.%26_options_sf&quot;,return)</favourite>
	<favourite name="Nature" thumb="http://image.pbs.org/contentchannels/39/AHPdzGz39tKOQyqVp6WQg.jpg">ActivateWindow(10025,&quot;plugin://plugin.video.thinktv/?mode=GC&amp;name=Nature&amp;url=nature%7chttp%3a%2f%2fimage.pbs.org%2fcontentchannels%2f39%2fAHPdzGz39tKOQyqVp6WQg.jpg%7chttp%3a%2f%2fimage.pbs.org%2fcontentchannels%2f39%2fAHPdzGz39tKOQyqVp6WQg.jpg&amp;sf_options=fanart%3Dhttp%3A%2F%2Fimage.pbs.org%2Fcontentchannels%2F39%2FAHPdzGz39tKOQyqVp6WQg.jpg%26desc%3DFor+more+than+a+quarter-century%2C+NATURE+has+brought+the+beauty+and+wonder+of+the+natural+world+into+American+homes%2C+becoming+in+the+process+the+benchmark+of+natural+history+programs+on+television.+Watch+Wednesdays%2C++8%2F7c.%26_options_sf&quot;,return)</favourite>
	<favourite name="Episodes (9)" thumb="http://image.pbs.org/contentchannels/51/01PUvdZoCtX70TgCLAMB7g.jpg">ActivateWindow(10025,&quot;plugin://plugin.video.thinktv/?mode=GE&amp;name=Episodes%20(9)&amp;url=time-team-america%7cepisodes%7c1&amp;sf_options=fanart%3Dhttp%3A%2F%2Fimage.pbs.org%2Fcontentchannels%2F51%2F01PUvdZoCtX70TgCLAMB7g.jpg%26_options_sf&quot;,return)</favourite>
	<favourite name="Episodes (23)" thumb="http://image.pbs.org/contentchannels/144/SvOnrJuCkEmlxcSAwFlHBg.jpg">ActivateWindow(10025,&quot;plugin://plugin.video.thinktv/?mode=GE&amp;name=Episodes%20(23)&amp;url=american-experience%7cepisodes%7c1&amp;sf_options=fanart%3Dhttp%3A%2F%2Fimage.pbs.org%2Fcontentchannels%2F144%2FSvOnrJuCkEmlxcSAwFlHBg.jpg%26_options_sf&quot;,return)</favourite>
	<favourite name="Episodes (60)" thumb="http://image.pbs.org/contentchannels/23/GXnUJ35EMKJFOlLBbkXug.jpg">ActivateWindow(10025,&quot;plugin://plugin.video.thinktv/?mode=GE&amp;name=Episodes%20(60)&amp;url=history-detectives%7cepisodes%7c1&amp;sf_options=fanart%3Dhttp%3A%2F%2Fimage.pbs.org%2Fcontentchannels%2F23%2FGXnUJ35EMKJFOlLBbkXug.jpg%26_options_sf&quot;,return)</favourite>
	<favourite name="Clips (3581)" thumb="http://image.pbs.org/contentchannels/6/G0oUBMJsWakD6U8F6zZjeg.jpg">ActivateWindow(10025,&quot;plugin://plugin.video.thinktv/?mode=GE&amp;name=Clips%20(3581)&amp;url=antiques-roadshow%7cclips%7c1&amp;sf_options=fanart%3Dhttp%3A%2F%2Fimage.pbs.org%2Fcontentchannels%2F6%2FG0oUBMJsWakD6U8F6zZjeg.jpg%26_options_sf&quot;,return)</favourite>
</favourites>