<favourites>
	<favourite name="VEVO" thumb="http://www.androvid.de/images/icon/VEVO.png">ActivateWindow(10025,&quot;plugin://plugin.video.myvevo?sf_options=fanart%3Dspecial%3A%2F%2Fhome%2Faddons%5Cplugin.video.myvevo%5Cfanart.jpg%26desc%3DWatch+music+videos%2C+artist+videos%2C+and+original+shows+on+VEVO+and+VEVO+TV%26_options_sf&quot;,return)</favourite>
	<favourite name="RadioTunes" thumb="special://home/addons\plugin.video.phstreams/resources/media/phradios/radiotunes-icon.png">ActivateWindow(10025,&quot;plugin://plugin.video.phstreams/?action=radiotunes&amp;fanart=radiotunes-fanart.jpg&amp;image=radiotunes-icon.png&amp;sf_options=fanart%3Dspecial%3A%2F%2Fhome%2Faddons%5Cplugin.video.phstreams%2Fresources%2Fmedia%2Fphradios%2Fradiotunes-fanart.jpg%26_options_sf&quot;,return)</favourite>
	<favourite name="Jango" thumb="https://lh5.ggpht.com/T2CRrdn38OemfMd5TZWwjI21oPms5epKfjenrK6jvZ4gCFw7YeipKbMwo5XbK7HhWA">ActivateWindow(10025,&quot;plugin://plugin.audio.jango?sf_options=fanart%3Dspecial%3A%2F%2Fhome%2Faddons%5Cplugin.audio.jango%5Cfanart.jpg%26desc%3DFree+internet+radio.+Listen+to+hundreds+of+genre+stations+or+create+your+own+with+your+favorite+music.%26_options_sf&quot;,return)</favourite>
	<favourite name="YouTube" thumb="http://www.usacapitol.com/SiteAssets/stay-connected/youtube-logo.png">ActivateWindow(10025,&quot;plugin://plugin.video.youtube/&quot;,return)</favourite>
	<favourite name="Google Music" thumb="http://icons.iconarchive.com/icons/alecive/flatwoken/512/Apps-Google-Music-icon.png">ActivateWindow(10501,&quot;plugin://plugin.audio.googlemusic.exp?sf_options=fanart%3Dspecial%3A%2F%2Fhome%2Faddons%5Cplugin.audio.googlemusic.exp%5Cfanart.jpg%26desc%3DPlugin+that+lets+you+play+music+from+Google+Music.%26_options_sf&quot;,return)</favourite>
	<favourite name="Spotify Playlists" thumb="http://3.bp.blogspot.com/-8etXhhjZDe8/UMCD-sjk_VI/AAAAAAAAAaA/yYNrpv_6LNA/s1600/winpho.png">ActivateWindow(10501,&quot;plugin://plugin.video.spotitube/?limit&amp;mode=spotifyMain&amp;type&amp;url&quot;,return)</favourite>
	<favourite name="Billboard" thumb="http://3diz6f2vh2xx4v5zz43owe81.wpengine.netdna-cdn.com/wp-content/uploads/2014/03/twitter-and-billboard-256w.png">ActivateWindow(10501,&quot;plugin://plugin.video.spotitube/?limit&amp;mode=billboardMain&amp;type&amp;url&quot;,return)</favourite>
	<favourite name="iTunes Charts" thumb="http://vignette4.wikia.nocookie.net/logopedia/images/c/c0/ITunes_oldicon.png/revision/latest?cb=20130928132754">ActivateWindow(10501,&quot;plugin://plugin.video.spotitube/?limit&amp;mode=itunesMain&amp;type&amp;url&quot;,return)</favourite>
	<favourite name="iTunes Podcasts" thumb="http://googledrive.com/host/0B-bY5h-uWEgZQVJQZ0lzUTdBeFE/icons/apps/podcast.png">ActivateWindow(10501,&quot;plugin://plugin.video.itunes_podcasts/?content_type=audio&quot;)</favourite>
	<favourite name="SoundCloud" thumb="http://googledrive.com/host/0B-bY5h-uWEgZQVJQZ0lzUTdBeFE/icons/apps/soundcloud.jpg">ActivateWindow(10501,&quot;plugin://plugin.audio.soundcloud/&quot;)</favourite>
	<favourite name="MP3 Streams" thumb="http://googledrive.com/host/0B-bY5h-uWEgZQVJQZ0lzUTdBeFE/icons/apps/mp3streams.png">ActivateWindow(10501,&quot;plugin://plugin.audio.mp3streams/?sf_options=fanart%3Dspecial%3A%2F%2Fhome%2Faddons%5Cplugin.audio.mp3streams%5Cfanart.jpg%26_options_sf&quot;)</favourite>
	<favourite name="Songza" thumb="http://googledrive.com/host/0B-bY5h-uWEgZQVJQZ0lzUTdBeFE/icons/apps/songza.png">ActivateWindow(10501,&quot;plugin://plugin.audio.songza/&quot;)</favourite>
	<favourite name="[COLOR white]MUSIC VIDEOS[/COLOR]" thumb="http://i1295.photobucket.com/albums/b636/beatbox8501/MUSIC_zps1eeiyeer.png">ActivateWindow(10025,&quot;plugin://plugin.video.streamengine/?date&amp;description&amp;iconimage=http%3a%2f%2fi1295.photobucket.com%2falbums%2fb636%2fbeatbox8501%2fMUSIC_zps1eeiyeer.png&amp;mode=1&amp;name=%5bCOLOR%20white%5dMUSIC%20VIDEOS%5b%2fCOLOR%5d&amp;page&amp;play&amp;url=https%3a%2f%2fpastebin.com%2fraw.php%3fi%3dxxNGeW8i&amp;sf_options=fanart%3Dhttp%3A%2F%2Fi1295.photobucket.com%2Falbums%2Fb636%2Fbeatbox8501%2Fwallpaper_zpsopwvguho.jpg%26_options_sf&quot;,return)</favourite>
	<favourite name="Broadcastify" thumb="http://googledrive.com/host/0B-bY5h-uWEgZQVJQZ0lzUTdBeFE/icons/apps/broadcastify.jpg">ActivateWindow(10501,&quot;plugin://plugin.audio.radioreference/?action=states&amp;extra&amp;page&amp;plot&amp;thumbnail=C%3a%5cGOBOX%5cportable_data%5caddons%5cplugin.audio.radioreference%5cresources%5cflags%5c1.png&amp;title=United%20States&amp;url=http%3a%2f%2fwww.broadcastify.com%2flisten%2fcoid%2f1&quot;)</favourite>
	<favourite name="Hype Machine" thumb="special://home/addons\plugin.audio.hypem_com\icon.png">ActivateWindow(10501,&quot;plugin://plugin.audio.hypem_com/&quot;)</favourite>
	<favourite name="Hype Machine" thumb="DefaultMusicVideos.png">ActivateWindow(10501,&quot;plugin://plugin.video.spotitube/?limit&amp;mode=hypemMain&amp;type&amp;url&quot;,return)</favourite>
	<favourite name="Music Box" thumb="http://findicons.com/files/icons/1004/aqua_value/256/music_box.png">ActivateWindow(10501,&quot;plugin://plugin.audio.musicbox/&quot;)</favourite>
	<favourite name="asbook.ru" thumb="http://googledrive.com/host/0B-bY5h-uWEgZQVJQZ0lzUTdBeFE/icons/apps/asbook.jpg">ActivateWindow(10501,&quot;plugin://plugin.audio.asbook.ru/&quot;)</favourite>
	<favourite name="Books Should Be Free" thumb="http://googledrive.com/host/0B-bY5h-uWEgZQVJQZ0lzUTdBeFE/icons/apps/bookshouldbfree.png">ActivateWindow(10501,&quot;plugin://plugin.audio.booksshouldbefree/&quot;)</favourite>
</favourites>