<favourites>
	<favourite name="[COLOR blue]Live[/COLOR] Games [COLOR black] - ProSports[/COLOR]" thumb="http://img13.deviantart.net/1ece/i/2005/332/7/1/nhl_logo_by_smilersmiles.png">ActivateWindow(10025,&quot;plugin://plugin.video.prosport/?away&amp;home&amp;mode=nhl&amp;url&amp;sf_options=&quot;,return)</favourite>
	<favourite name="[COLOR blue]Live[/COLOR] Games [COLOR black] - StreamHunter[/COLOR]" thumb="http://img13.deviantart.net/1ece/i/2005/332/7/1/nhl_logo_by_smilersmiles.png">ActivateWindow(10025,&quot;plugin://plugin.video.SportsDevil/?item=title%3dHockey%26url%3dhttp%253A%252F%252Fwww.batmanstream.com%252Fhockey-live-streaming-video-2015.html%26cfg%3dlshunter-new.cfg%2540Events%26definedIn%3dlivesports%252Flshunter-new.cfg%26director%3dLSHunter.tv%26genre%3dLive%2bSports%26type%3drss%26icon%3dC%253A%255Ckodi%255Cportable_data%255Caddons%255Cplugin.video.SportsDevil%255Cresources%255Cimages%255Clshunter_tv.png&amp;mode=1&quot;,return)</favourite>
	<favourite name="[COLOR blue]Live[/COLOR] Games [COLOR black] - B-Streams[/COLOR]" thumb="http://img13.deviantart.net/1ece/i/2005/332/7/1/nhl_logo_by_smilersmiles.png">ActivateWindow(10025,&quot;plugin://plugin.video.SportsDevil/?item=title%3dBundesliga-Streams.net%26url%3dlivesports%252Fbundesliga-streams.net.cfg%26definedIn%3dlivesports.cfg%26director%3dbundesliga-streams.net%26genre%3dLive%2bSports%26type%3drss%26icon%3dC%253A%255Ckodi%255Cportable_data%255Caddons%255Cplugin.video.SportsDevil%255Cresources%255Cimages%255Cbundesligastream.png&amp;mode=1&quot;,return)</favourite>
	<favourite name="[COLOR blue]Live[/COLOR] Games [COLOR black] - DimSports[/COLOR]" thumb="http://img13.deviantart.net/1ece/i/2005/332/7/1/nhl_logo_by_smilersmiles.png">ActivateWindow(10025,&quot;plugin://plugin.video.SportsDevil/?item=title%3dIce%2bHockey%26url%3dhttp%253A%252F%252Fwww.idimsports.eu%252Fice-hockey.html%26cfg%3ddimsports.eu.links.cfg%26definedIn%3dlivesports%252Fdimsports.eu.cfg%26director%3ddimsports.eu%26genre%3dLive%2bSports%26type%3drss%26icon%3dC%253A%255Ckodi%255Cportable_data%255Caddons%255Cplugin.video.SportsDevil%255Cresources%255Cimages%255Csports%252FIce%2bHockey.png&amp;mode=1&quot;,return)</favourite>
	<favourite name="" thumb="">ActivateWindow(10025,&quot;plugin://plugin.video.null&quot;)</favourite>
	<favourite name="[COLOR blue]NHL Replays[/COLOR]" thumb="">ActivateWindow(10025,&quot;plugin://plugin.video.projectm/?fanart=http%3a%2f%2f3dhub.netne.net%2fimages%2fproject-d-large.jpg&amp;mode=1&amp;name=%5bB%5d%5bCOLOR%20deepskyblue%5dNHL%20REPLAYS%5b%2fCOLOR%5d%5b%2fB%5d&amp;url=http%3a%2f%2f3dhub.netne.net%2fprojectd%2fnhl.xml&quot;,return)</favourite>
	<favourite name="[COLOR black]NHL Replay[/COLOR]" thumb="http://img13.deviantart.net/1ece/i/2005/332/7/1/nhl_logo_by_smilersmiles.png">ActivateWindow(10025,&quot;plugin://plugin.video.prosport/?away&amp;home&amp;mode=xrnhlarch&amp;url&quot;,return)</favourite>
</favourites>