<favourites>
	<favourite name="BigTenNetwork" thumb="">PlayMedia(&quot;plugin://plugin.video.castaway/?url=http%3A%2F%2Fcastalba.tv%2Fchannel%2F25222&amp;play=True&amp;mode=play&amp;img=http%3A%2F%2Fcastalba.tv%2Fimages%2Fchannel.gif&amp;title=BTN+&amp;sf_options=fanart%3Dspecial%3A%2F%2Fhome%2Faddons%5Cplugin.video.castaway%2Ffanart.jpg%26winID%3D10025%26_options_sf&quot;)</favourite>
	<favourite name="[COLOR gold]PAC-12[/COLOR]: National" thumb="http://x.pac-12.com/profiles/pac12/modules/features/pac12_standings/images/pac12.png">PlayMedia(&quot;http://xrxs.net/video/live-p12netw-4728.m3u8?sf_options=winID%3D10025%26_options_sf&quot;)</favourite>
	<favourite name="[COLOR gold]PAC-12[/COLOR]: Arizona" thumb="http://x.pac-12.com/profiles/pac12/modules/features/pac12_standings/images/pac12.png">PlayMedia(&quot;http://xrxs.net/video/live-p12ariz-4728.m3u8?sf_options=winID%3D10025%26_options_sf&quot;)</favourite>
	<favourite name="[COLOR gold]PAC-12[/COLOR]: Bay Area" thumb="http://x.pac-12.com/profiles/pac12/modules/features/pac12_standings/images/pac12.png">PlayMedia(&quot;http://xrxs.net/video/live-p12baya-4728.m3u8?sf_options=winID%3D10025%26_options_sf&quot;)</favourite>
	<favourite name="[COLOR gold]PAC-12[/COLOR]: L.A." thumb="http://x.pac-12.com/profiles/pac12/modules/features/pac12_standings/images/pac12.png">PlayMedia(&quot;http://xrxs.net/video/live-p12losa-4728.m3u8?sf_options=winID%3D10025%26_options_sf&quot;)</favourite>
	<favourite name="[COLOR gold]PAC-12[/COLOR]: Mountain" thumb="http://x.pac-12.com/profiles/pac12/modules/features/pac12_standings/images/pac12.png">PlayMedia(&quot;http://xrxs.net/video/live-p12moun-4728.m3u8?sf_options=winID%3D10025%26_options_sf&quot;)</favourite>
	<favourite name="[COLOR gold]PAC-12[/COLOR]: Washington" thumb="http://x.pac-12.com/profiles/pac12/modules/features/pac12_standings/images/pac12.png">PlayMedia(&quot;http://xrxs.net/video/live-p12wash-4728.m3u8?sf_options=winID%3D10025%26_options_sf&quot;)</favourite>
	<favourite name="[COLOR gold]PAC-12[/COLOR]: Oregon" thumb="http://x.pac-12.com/profiles/pac12/modules/features/pac12_standings/images/pac12.png">PlayMedia(&quot;http://xrxs.net/video/live-p12oreg-4728.m3u8?sf_options=winID%3D10025%26_options_sf&quot;)</favourite>
</favourites>