<favourites>
	<favourite name="AppStarter" thumb="">PlayMedia(&quot;plugin://plugin.video.water/?url=https%3A%2F%2Fgithub.com%2Fsphinx02%2FAppStarter%2Freleases%2Fdownload%2Fv4.0%2FAppStarter-v4.0.apk&amp;mode=3&amp;name=FireStopper&amp;description=Install AppStarter&amp;sf_options=winID%3D10025%26_options_sf&quot;)</favourite>
	<favourite name="FireStopper" thumb="">PlayMedia(&quot;plugin://plugin.video.water/?url=http%3A%2F%2Fforum.xda-developers.com%2Fattachment.php%3Fattachmentid%3D3709025%26d%3D1459908921&amp;mode=3&amp;name=FireStopper&amp;description=Install FireStopper&amp;sf_options=winID%3D10025%26_options_sf&quot;)</favourite>
	<favourite name="MouseToggle" thumb="">PlayMedia(&quot;plugin://plugin.video.water/?url=http://tbbostv.co.uk/build/Mouse Toggle 1.06.apk&amp;mode=12&amp;name=MouseToggle&amp;description=Install Mouse Toggle FOR FIRETV ONLY!!!&amp;sf_options=winID%3D10025%26_options_sf&quot;)</favourite>
	
		<favourite name="" thumb="">PlayMedia(&quot;?sf_options=winID%3D10025%26_options_sf&quot;)</favourite>
	<favourite name="Update Kodi to 16.1" thumb="https://s3.amazonaws.com/f.cl.ly/items/2o1p032L301o2l282w1I/androidtest.png">PlayMedia(&quot;plugin://plugin.video.water/?url=http%3A%2F%2Fmirrors.kodi.tv%2Freleases%2Fandroid%2Farm%2Fkodi-16.1-Jarvis-armeabi-v7a.apk&amp;mode=12&amp;name=Kodi_161&amp;description=kodi&amp;sf_options=winID%3D10025%26_options_sf&quot;)</favourite>
	<favourite name="Update SPMC to 16.4" thumb="https://lh3.googleusercontent.com/qB5b-0UXb5Dk_m1sRAgnSYj7qmTO2lCKqUhOOksXq2XfrRLBxvQlF2Kl_WyVs_0JlGM=w175">PlayMedia(&quot;plugin://plugin.video.water/?url=https://github.com/koying/SPMC/releases/download/16.4.2-spmc/SPMC-armeabi-v7a_16.4.2.apk&amp;mode=12&amp;name=SPMC_164&amp;description=spmc&amp;sf_options=winID%3D10025%26_options_sf&quot;)</favourite>
	<favourite name="Update SPMC BETA to 16.5 BETA" thumb="https://lh3.googleusercontent.com/qB5b-0UXb5Dk_m1sRAgnSYj7qmTO2lCKqUhOOksXq2XfrRLBxvQlF2Kl_WyVs_0JlGM=w175">PlayMedia(&quot;plugin://plugin.video.water/?url=http://download.semperpax.com/spmc/android-arm/SPMC-20160830-5f2b4bf--armeabi-v7a.apk&amp;mode=12&amp;name=SPMC_164&amp;description=spmc&amp;sf_options=winID%3D10025%26_options_sf&quot;)</favourite>
	<favourite name="Click HERE if your not sure if you have [COLOR blue]Kodi/SPMC[/COLOR]" thumb="http://findicons.com/files/icons/1261/sticker_system/256/get_info.png">ActivateWindow(systeminfo)</favourite>
</favourites>