<favourites>
	<favourite name="Veetle" thumb="https://googledrive.com/host/0B-bY5h-uWEgZQVJQZ0lzUTdBeFE/icons/apps/veetle.jpg">PlayMedia(&quot;plugin://plugin.video.veetle/?category=20&quot;,isdir)&amp;sf_options=winID%3D10025%26_options_sf&quot;)</favourite>
	<favourite name="Movies" thumb="DefaultFolder.png">PlayMedia(&quot;plugin://plugin.video.veetle/?category=10&quot;,isdir)&amp;sf_options=winID%3D10025%26_options_sf&quot;)</favourite>
	<favourite name="Vaughn" thumb="special://home/addons\plugin.stream.vaughnlive.tv\art\misc.jpg">PlayMedia(&quot;plugin://plugin.stream.vaughnlive.tv/?cat=misc&amp;mode=BrowseCat3&amp;site&amp;type=php&amp;sf_options=fanart%3Dspecial%3A%2F%2Fhome%2Faddons%5Cplugin.stream.vaughnlive.tv%5Cfanart.jpg%26_options_sf&quot;,isdir)</favourite>
	<favourite name="Vaughn" thumb="special://home/addons\plugin.stream.vaughnlive.tv\art\misc.jpg">ActivateWindow(10025,&quot;plugin://plugin.stream.vaughnlive.tv/?cat=misc&amp;mode=BrowseCat3&amp;site&amp;type=php&amp;sf_options=fanart%3Dspecial%3A%2F%2Fhome%2Faddons%5Cplugin.stream.vaughnlive.tv%5Cfanart.jpg%26_options_sf&quot;)</favourite>
</favourites>