<favourites>
	<favourite name="Recently Updated Shows" thumb="special://home/addons\script.1channel.themepak\art\themes\Classic\date_added.png">ActivateWindow(10025,&quot;plugin://plugin.video.1channel/?mode=GetFilteredResults&amp;section=tv&amp;sort=date&amp;sf_options=fanart%3Dspecial%3A%2F%2Fhome%2Faddons%5Cscript.1channel.themepak%5Cart%5Cthemes%5CClassic%5Cfanart.png%26_options_sf&quot;,return)</favourite>
	<favourite name="Brand New Episodes" thumb="special://home/addons\script.1channel.themepak\art\themes\classic\date_added.png">ActivateWindow(10025,&quot;plugin://plugin.video.allinone/?mode=GetTitles1&amp;numOfPages=1&amp;section=ALL&amp;startPage=1&amp;url=http%3a%2f%2fawesomedl.ru%2f%2f&amp;sf_options=&quot;,return)</favourite>
	<favourite name="" thumb="">PlayMedia(&quot;plugin://plugin.video.none?sf_options=winID%3D10025%26_options_sf&quot;,return)</favourite>
	<favourite name="[COLOR azure]More...[/COLOR]" thumb="special://home/addons\plugin.video.teevee/icon.png">ActivateWindow(10025,&quot;plugin://plugin.program.super.favourites/?sf_options=&amp;mode=400&amp;path=special%3A%2F%2Fhome%2Faddons%2Fscript.supafav%2FSuper%20Favourites/TV Shows/Recently Added/More&amp;sf_options=&quot;,return)</favourite>
	<favourite name="[COLOR black]DVR - NOT WORKING YET[/COLOR]" thumb="1http://a256.phobos.apple.com/us/r1000/117/Purple/v4/d8/9c/bf/d89cbf5c-ddd2-9ed6-823d-eac626bca32b/mzl.niiptuxr.png">ActivateWindow(10025,&quot;plugin://plugin.video.salts/?mode=my_calendar&amp;sf_options=fanart%3Dspecial%3A%2F%2Fhome%2Faddons%5Cplugin.video.salts%5Cart%5Cthemes%5CIconic%5Cfanart.jpg%26_options_sf&quot;,return)</favourite>
	<favourite name="[COLOR black]Login DVR[/COLOR]" thumb="">ActivateWindow(10025,&quot;plugin://plugin.video.origin2/?action=authTrakt&quot;,return)</favourite>
	<favourite name="[COLOR darkkhaki]DVR[/COLOR]" thumb="http://googledrive.com/host/0B-bY5h-uWEgZQVJQZ0lzUTdBeFE/icons/tivo2.png">ActivateWindow(10025,&quot;plugin://plugin.video.origin2/?action=calendar&amp;url=mycalendar&amp;sf_options=&quot;,return)</favourite>
</favourites>