<favourites>
	<favourite name="[COLOR blue]Live Games[/COLOR]" thumb="DefaultFolder.png">ActivateWindow(10025,&quot;plugin://plugin.video.prosport/?away&amp;home&amp;mode=nfl&amp;url&quot;,return)</favourite>
	<favourite name="NFL Replay" thumb="DefaultFolder.png">ActivateWindow(10025,&quot;plugin://plugin.video.prosport/?away&amp;home&amp;mode=nflarch&amp;url&quot;,return)</favourite>
	<favourite name="NFL Teams" thumb="special://home/addons\plugin.video.nfl-teams\icon.png">ActivateWindow(10025,&quot;plugin://plugin.video.nfl-teams?sf_options=fanart%3Dspecial%3A%2F%2Fhome%2Faddons%5Cplugin.video.nfl-teams%5Cfanart.jpg%26desc%3DVideos+from+the+NFL+teams%27+homepages.+Highlights%2C+interviews%2C+analytics+and+cheerleaders.%26_options_sf&quot;,return)</favourite>
	<favourite name="NFL.com" thumb="special://home/addons\plugin.video.nfl.com\icon.png">ActivateWindow(10025,&quot;plugin://plugin.video.nfl.com/?sf_options=fanart%3Dspecial%3A%2F%2Fhome%2Faddons%5Cplugin.video.nfl.com%5Cfanart.jpg%26_options_sf&quot;,return)</favourite>
</favourites>