<favourites>
	 <favourite name="Latest Episodes - daretv - thedarewatch.com" thumb="">ActivateWindow(10025,&quot;plugin://plugin.video.dare_tv/?description&amp;iconimage=&amp;mode=1&amp;name=&amp;url=http%3a%2f%2fwww.thedarewatch.com%2fnew-shows&quot;,return)</favourite>
    <favourite name="Latest Episodes - filmemporium - thewatchseries.ru" thumb="">ActivateWindow(10025,&quot;plugin://plugin.video.filmemporium_gw/?description&amp;iconimage=&amp;mode=5&amp;name=&amp;url=https%3a%2f%2fthewatchseries.ru%2fnew-release%3fpage%3d1&quot;,return)</favourite>
	 
    <favourite name="Latest Episodes - seriesaddicts - watchepisodeseries.com">ActivateWindow(10025,&quot;plugin://plugin.video.seriesaddicts/?mode=7&amp;name=&amp;url=http%3a%2f%2fwww.watchepisodeseries.com%2f&quot;,return)</favourite>
    <favourite name="Latest Episodes - 123movies - gomovies.to">ActivateWindow(10025,&quot;plugin://plugin.video.md123movies/?content=tvshows&amp;mode=2&amp;name=&amp;url=http%3a%2f%2fgomovies.to%2fmovie%2ffilter%2fseries%2flatest%2fall%2fall%2fall%2fall%2fall&quot;,return)</favourite>
	<favourite name="Latest Episodes - movieecho">ActivateWindow(10025,&quot;plugin://plugin.video.movieecho/?mode=7&amp;name=&amp;url=http%3a%2f%2fwww.movieecho.com%2f%3ftv%3d%26sort%3ddate&quot;,return)</favourite>
	<favourite name="Latest Episodes - MDwatchseries - mywatchseries.to" thumb="">ActivateWindow(10025,&quot;plugin://plugin.video.mdws/?content=episodes&amp;fan_art=&amp;infolabels=%7b%7d&amp;mode=1&amp;name=&amp;url=http%3a%2f%2fmywatchseries.to%2flatest&quot;,return)</favourite>
	
	
  
      <favourite name="">ActivateWindow(10025,&quot;&quot;,return)</favourite>
	
	
     <favourite name="DareTV">ActivateWindow(10025,&quot;plugin://plugin.video.dare_tv/&quot;,return)</favourite>
    
    <favourite name="123Movies">ActivateWindow(10025,&quot;plugin://plugin.video.md123movies/&quot;,return)</favourite>

    <favourite name="SeriesAddict">ActivateWindow(10025,&quot;plugin://plugin.video.seriesaddicts/&quot;,return)</favourite>

        <favourite name="OpenLoad">ActivateWindow(10025,&quot;plugin://plugin.video.openloadmovies/&quot;,return)</favourite>
		
		<favourite name="InTheMovies">ActivateWindow(10025,&quot;plugin://plugin.video.inthemovies/&quot;,return)</favourite>
		
		<favourite name="">ActivateWindow(10025,&quot;&quot;,return)</favourite>
		
		<favourite name="New Releases - inthemovies" thumb="">ActivateWindow(10025,&quot;plugin://plugin.video.inthemovies/?description&amp;iconimage=&amp;mode=3&amp;name=&amp;url=http%3a%2f%2fhollymoviehd.com&quot;,return)</favourite>
    <favourite name="Recommended - inthemovies" thumb="">ActivateWindow(10025,&quot;plugin://plugin.video.inthemovies/?description&amp;iconimage=&amp;mode=1&amp;name=&amp;url=http%3a%2f%2fhollymoviehd.com%2ftag%2frecommended%2f&quot;,return)</favourite>
		<favourite name="TV Shows - openload">ActivateWindow(10025,&quot;plugin://plugin.video.openloadmovies/?mode=8&amp;name=&amp;url=http%3a%2f%2fpubfilmonline.net%2ftvseries%2f&quot;,return)</favourite>
	 <favourite name="Featured - openload">ActivateWindow(10025,&quot;plugin://plugin.video.openloadmovies/?mode=5&amp;name=&amp;url=http%3a%2f%2fpubfilmonline.net%2fgenre%2ffeatured%2f&quot;,return)</favourite>
    <favourite name="Trending - openload">ActivateWindow(10025,&quot;plugin://plugin.video.openloadmovies/?mode=5&amp;name=&amp;url=http%3a%2f%2fpubfilmonline.net%2ftrending%2f%3fget%3dmovies&quot;,return)</favourite>
    <favourite name="2017 - openload">ActivateWindow(10025,&quot;plugin://plugin.video.openloadmovies/?mode=5&amp;name=&amp;url=http%3a%2f%2fpubfilmonline.net%2frelease%2f2017%2f&quot;,return)</favourite>
    <favourite name="Release Year - openload">ActivateWindow(10025,&quot;plugin://plugin.video.openloadmovies/?mode=4&amp;name=&amp;url=http%3a%2f%2fpubfilmonline.net%2ftrending%2f&quot;,return)</favourite>
	
	
    
	
	<favourite name="SCREEN SAVERS" thumb="https://i.imgsafe.org/c438da4549.jpg">ActivateWindow(10025,&quot;plugin://plugin.video.phstreams/?action=directory&amp;content=0&amp;url=http%3a%2f%2fone242415.offshorepastebin.com%2fCollections%2fscreensaver.xml&quot;,return)</favourite>
</favourites>
