<favourites>
	<favourite name="[COLOR burlywood]SportsDevil[/COLOR]" thumb="http://icons.iconarchive.com/icons/pixelpirate/futurama/128/Robot-Devil-icon.png">ActivateWindow(10025,&quot;plugin://plugin.video.SportsDevil/?sf_options=fanart%3Dspecial%3A%2F%2Fhome%2Faddons%5Cplugin.video.SportsDevil%5Cfanart.jpg%26_options_sf&quot;)</favourite>
	<favourite name="IPTV Sports" thumb="DefaultFolder.png">ActivateWindow(10025,&quot;plugin://plugin.video.ZemTV-shani/?mode=46&amp;name=IPTV%20Sports&amp;url=sss&quot;,return)</favourite>
	<favourite name="IPTV Sports - Backup" thumb="special://home/addons\plugin.video.uktvnow\resources\art\sport.PNG">ActivateWindow(10025,&quot;plugin://plugin.video.uktvnow/?description&amp;mode=1&amp;name=Sports&amp;url=5&amp;sf_options=fanart%3Dspecial%3A%2F%2Fhome%2Faddons%5Cplugin.video.uktvnow%5Cfanart.jpg%26_options_sf&quot;,return)</favourite>
	<favourite name="I4ATV Sports" thumb="DefaultVideo.png">ActivateWindow(10025,&quot;plugin://plugin.video.i4atv/?genre_id=6&amp;genre_name=Sports&amp;mode=channels&amp;portal=%7b%22name%22%3a%20%22%5bCOLOR%20red%5dLive%20I4ATV%5b%2fCOLOR%5d%22%2c%20%22parental%22%3a%20%22false%22%2c%20%22url%22%3a%20%22http%3a%2f%2fmw1.iptv66.tv%22%2c%20%22mac%22%3a%20%2200%3a1A%3a78%3a12%3a34%3a79%22%2c%20%22serial%22%3a%20%7b%22custom%22%3a%20false%7d%2c%20%22password%22%3a%20%22inside4android%22%7d&quot;,return)</favourite>
	<favourite name="MamaHD" thumb="special://home/addons\plugin.video.SportsDevil\resources\images\mamahd.png">ActivateWindow(10025,&quot;plugin://plugin.video.SportsDevil/?item=title%3dMamaHD.com%26url%3dtv%252Fmamahd.com.cfg%26definedIn%3dtv.cfg%26director%3dmamahd.com%26genre%3dTV%26type%3drss%26icon%3dC%253A%255Ckodi15final1%255Cportable_data%255Caddons%255Cplugin.video.SportsDevil%255Cresources%255Cimages%255Cmamahd.png&amp;mode=1&amp;sf_options=fanart%3Dspecial%3A%2F%2Fhome%2Faddons%5Cplugin.video.SportsDevil%5Cfanart.jpg%26_options_sf&quot;,return)</favourite>
	<favourite name="HDFreeTV" thumb="special://home/addons\plugin.video.SportsDevil\resources\images\hdfree.png">ActivateWindow(10025,&quot;plugin://plugin.video.SportsDevil/?item=title%3dHDFree.tv%26url%3dtv%252Fhdfree.tv.cfg%26definedIn%3dtv.cfg%26director%3dHDFree.tv%26genre%3dTV%26type%3drss%26icon%3dC%253A%255CUsers%255CUser%255CAppData%255CRoaming%255CKodi%255Caddons%255Cplugin.video.SportsDevil%255Cresources%255Cimages%255Chdfree.png&amp;mode=1&amp;sf_options=fanart%3Dspecial%3A%2F%2Fhome%2Faddons%5Cplugin.video.SportsDevil%5Cfanart.jpg%26_options_sf&quot;,return)</favourite>
	<favourite name="Turk&apos;s Sports" thumb="http://metalkettle.co/UKTurk2/thumbs/UK TURK sports.jpg">ActivateWindow(10025,&quot;plugin://plugin.video.ukturk/?description&amp;iconimage=http%3a%2f%2fmetalkettle.co%2fUKTurk2%2fthumbs%2fUK%20TURK%20sports.jpg&amp;mode=1&amp;name=Sports&amp;url=http%3a%2f%2fmetalkettle.co%2fUKTurk2%2fSportsList.txt&amp;sf_options=fanart%3Dspecial%3A%2F%2Fhome%2Faddons%5Cplugin.video.ukturk%5Cfanart.jpg%26_options_sf&quot;,return)</favourite>
	<favourite name="[COLOR yellow]Dexter Sports[/COLOR]" thumb="http://50.7.136.90/dev2/thumbs/1.png">ActivateWindow(10025,&quot;plugin://plugin.video.dextertv/?fanart=http%3a%2f%2fdexteriptv.com%2flive%2fthumbs%2ffanart.jpg&amp;mode=1&amp;name=%5bCOLOR%20indigo%5d%5bB%5d%5bCOLOR%20deepskyblue%5dSPORTS%5b%2fCOLOR%5d%5b%2fB%5d&amp;url=http%3a%2f%2f50.7.136.90%2fdev2%2ftv%2fsp%2fsp%2525dex.php%3fusername%3dwatermouf%40aim.com%26password%3d3ncrypted&quot;,return)</favourite>
	<favourite name="[COLOR yellow]Zeus Sport[/COLOR]" thumb="http://s6.postimg.org/jj51b8q01/zeussport.png">ActivateWindow(10025,&quot;plugin://plugin.video.zeus/?description&amp;iconimage=http%3a%2f%2fs6.postimg.org%2fjj51b8q01%2fzeussport.png&amp;mode=20&amp;name=%5bCOLOR%20white%5d%5bB%5dLIVE%20SPORT%5b%2fB%5d%5b%2fCOLOR%5d&amp;url=ieSUr9sZ&amp;sf_options=fanart%3Dhttp%3A%2F%2Fs6.postimg.org%2Fjj51b8q01%2Fzeussport.png%26_options_sf&quot;,return)</favourite>
	<favourite name="Pak Sports" thumb="http://cdnimg.dynns.com/iptvpanelnew/prog_data/thumbs/2c3279b0b059b2665593834a264d7de6sportsBigTV.jpg">ActivateWindow(10025,&quot;plugin://plugin.video.pakindia/?iconimage=http%3a%2f%2fcdnimg.dynns.com%2fiptvpanelnew%2fprog_data%2fthumbs%2f2c3279b0b059b2665593834a264d7de6sportsBigTV.jpg&amp;mode=1&amp;name=Sports&amp;url=Sports&quot;,return)</favourite>
	<favourite name="MoneySports" thumb="special://home/addons\plugin.video.MoneySports\icon.png">ActivateWindow(10025,&quot;plugin://plugin.video.MoneySports/&quot;,return)</favourite>
	<favourite name="NJM-Soccer (Down)" thumb="special://home/addons\plugin.video.NJMSoccer\icon.png">ActivateWindow(10025,&quot;plugin://plugin.video.NJMSoccer?sf_options=fanart%3Dspecial%3A%2F%2Fhome%2Faddons%5Cplugin.video.NJMSoccer%5Cfanart.jpg%26desc%3DSpecial+Thank+you+to+Hakamac+for+his+code%2C+%0A%09and+to+Shadow+Crew+and+Mettle+Kettle+for+their+support.%26_options_sf&quot;,return)</favourite>
</favourites>