<favourites>
	<favourite name="Indian" thumb="http://cdnimg.dynns.com/iptvpanelnew/prog_data/thumbs/0d1a9651497a38d8b1c3871c84528bd4indiaBigTV.jpg">ActivateWindow(10025,&quot;plugin://plugin.video.pakindia/?iconimage=http%3a%2f%2fcdnimg.dynns.com%2fiptvpanelnew%2fprog_data%2fthumbs%2f0d1a9651497a38d8b1c3871c84528bd4indiaBigTV.jpg&amp;mode=1&amp;name=Indian&amp;url=Indian&amp;sf_options=&quot;,return)</favourite>
	<favourite name="Latest Movies" thumb="http://cdnimg.dynns.com/iptvpanelnew/prog_data/thumbs/0cc6ee01c82fc49c28706e0918f57e2dlatestmovies.jpg">ActivateWindow(10025,&quot;plugin://plugin.video.pakindia/?iconimage=http%3a%2f%2fcdnimg.dynns.com%2fiptvpanelnew%2fprog_data%2fthumbs%2f0cc6ee01c82fc49c28706e0918f57e2dlatestmovies.jpg&amp;mode=1&amp;name=Latest%20Movies&amp;url=Latest%20Movies&amp;sf_options=&quot;,return)</favourite>
	<favourite name="Punjabi Movies" thumb="http://cdnimg.dynns.com/iptvpanelnew/prog_data/thumbs/6f3a770e5af1fd4cadc5f004b81e1040punjabifilmsicon.jpg">ActivateWindow(10025,&quot;plugin://plugin.video.pakindia/?iconimage=http%3a%2f%2fcdnimg.dynns.com%2fiptvpanelnew%2fprog_data%2fthumbs%2f6f3a770e5af1fd4cadc5f004b81e1040punjabifilmsicon.jpg&amp;mode=1&amp;name=Punjabi%20Movies&amp;url=Punjabi%20Movies&amp;sf_options=&quot;,return)</favourite>
	<favourite name="[COLOR black]Movies[/COLOR]" thumb="special://home/addons\plugin.video.w3nse\icon.png">ActivateWindow(10025,&quot;plugin://plugin.video.w3nse?sf_options=fanart%3Dspecial%3A%2F%2Fhome%2Faddons%5Cplugin.video.w3nse%5Cfanart.jpg%26desc%3Dw3nse+movies+great+for+hollywood+bollywood+and+Tamil+movies+in+720p+1080p+%28add-on+still+in+beta%29+For+more+info+go+to+www.entertainmentrepo.com%26_options_sf&quot;,return)</favourite>
</favourites>