<favourites>
	<favourite name="My Shows" thumb="special://home/addons\script.1channel.themepak\art\themes\Glossy_Black\subscriptions.png">ActivateWindow(10025,&quot;plugin://plugin.video.1channel/?mode=manage_subscriptions&amp;sf_options=fanart%3Dspecial%3A%2F%2Fhome%2Faddons%5Cscript.1channel.themepak%5Cart%5Cthemes%5CGlossy_Black%5Cfanart.png%26_options_sf&quot;,return)</favourite>
	<favourite name="WatchList" thumb="special://home/addons\script.1channel.themepak\art\themes\Glossy_Black\towatch.png">ActivateWindow(10025,&quot;plugin://plugin.video.1channel/?mode=browse_towatch_website&amp;section=tv&amp;sf_options=fanart%3Dspecial%3A%2F%2Fhome%2Faddons%5Cscript.1channel.themepak%5Cart%5Cthemes%5CGlossy_Black%5Cfanart.png%26_options_sf&quot;,return)</favourite>
	<favourite name="Favourites" thumb="special://home/addons\script.1channel.themepak\art\themes\Glossy_Black\favourites.png">ActivateWindow(10025,&quot;plugin://plugin.video.1channel/?mode=browse_favorites_website&amp;section=tv&amp;sf_options=fanart%3Dspecial%3A%2F%2Fhome%2Faddons%5Cscript.1channel.themepak%5Cart%5Cthemes%5CGlossy_Black%5Cfanart.png%26_options_sf&quot;,return)</favourite>
	<favourite name="History" thumb="special://home/addons\script.1channel.themepak\art\themes\Glossy_Black\watched.png">ActivateWindow(10025,&quot;plugin://plugin.video.1channel/?mode=browse_watched_website&amp;section=tv&amp;sf_options=fanart%3Dspecial%3A%2F%2Fhome%2Faddons%5Cscript.1channel.themepak%5Cart%5Cthemes%5CGlossy_Black%5Cfanart.png%26_options_sf&quot;,return)</favourite>
</favourites>