<favourites>
	<favourite name="World News" thumb="special://home/addons\plugin.video.YouTube_Vault\resources\img\News.png">ActivateWindow(10025,&quot;plugin://plugin.video.YouTube_Vault/?mode=1&amp;name=World%20News%20(Top%20Stories)&amp;url=PLr1-FC1l_JLFcq9r9Y3uFLkH8G37WmMRQ&quot;,return)</favourite>
	<favourite name="National News" thumb="special://home/addons\plugin.video.YouTube_Vault\resources\img\News.png">ActivateWindow(10025,&quot;plugin://plugin.video.YouTube_Vault/?mode=1&amp;name=National%20News%20(Top%20Stories)&amp;url=PLNjtpXOAJhQLmUEyuWw4hW_6gX8JMJUof&quot;,return)</favourite>
	<favourite name="CNN" thumb="special://home/addons\plugin.video.YouTube_Vault\resources\img\News.png">ActivateWindow(10025,&quot;plugin://plugin.video.YouTube_Vault/?mode=1&amp;name=Cnn%20(Top%20Stories)&amp;url=PL6XRrncXkMaV2KPi6KHFAGE6VLSibWe2P&quot;,return)</favourite>
	<favourite name="NBC News" thumb="special://home/addons\plugin.video.YouTube_Vault\resources\img\News.png">ActivateWindow(10025,&quot;plugin://plugin.video.YouTube_Vault/?mode=1&amp;name=Nbc%20News%20(Top%20stories)&amp;url=PL0tDb4jw6kPxZ7ZJtMk6gqiQIU-nMeaVS&quot;,return)</favourite>
	<favourite name="ABC News" thumb="special://home/addons\plugin.video.YouTube_Vault\resources\img\News.png">ActivateWindow(10025,&quot;plugin://plugin.video.YouTube_Vault/?mode=1&amp;name=ABC%20(World%20News)&amp;url=PL5E6638EB9ECF2329&quot;,return)</favourite>
	<favourite name="FOX News" thumb="special://home/addons\plugin.video.YouTube_Vault\resources\img\News.png">ActivateWindow(10025,&quot;plugin://plugin.video.YouTube_Vault/?mode=1&amp;name=Fox%20News%20(Latest%20Politics)&amp;url=PLlTLHnxSVuIyeEZPBIQF_krewJkY2JSwi&quot;,return)</favourite>
	<favourite name="CBS News" thumb="special://home/addons\plugin.video.YouTube_Vault\resources\img\News.png">ActivateWindow(10025,&quot;plugin://plugin.video.YouTube_Vault/?mode=1&amp;name=Cbs%20News%20(TOP%20STORIES)&amp;url=PLEb3ThbkPrFabMf542Iic5Hxw2xlrgusX&quot;,return)</favourite>
	<favourite name="Top Headlines" thumb="">ActivateWindow(10025,&quot;plugin://plugin.video.youtube/channel/UCR7Hq0eX-nr2xDx64rgVVkg/playlist/PL3ZQ5CpNulQldOL3T8g8k1mgWWysJfE9w/&quot;,return)</favourite>
</favourites>