<favourites>
	<favourite name="Search TV" thumb="http://adigaskell.org/wp-content/uploads/2012/09/channel-surfing-150x150.jpg">ActivateWindow(10025,&quot;plugin://plugin.video.origin2/?action=tvSearch&amp;sf_options=&quot;,return)</favourite>
	<favourite name="" thumb="">PlayMedia(&quot;plugin://plugin.video.none?sf_options=winID%3D10025%26_options_sf&quot;,return)</favourite>
	<favourite name="Search TV - PrimeWire" thumb="art\themes\Classic\search.jpg">PlayMedia(&quot;plugin://plugin.video.1channel/?section=tv&amp;mode=GetSearchQuery&amp;next_mode=Search&amp;sf_options=winID%3D10025%26_options_sf&quot;,return)</favourite>
	<favourite name="Search TV - SALTS" thumb="special://home/addons\plugin.video.salts\art\themes\Shine\television_search.png">ActivateWindow(10025,&quot;plugin://plugin.video.salts/?mode=search&amp;section=TV&amp;sf_options=&quot;,return)</favourite>
	<favourite name="[COLOR black]Search TV - Exodus[/COLOR]" thumb="special://home/addons\script.exodus.artwork\resources\media\exodus\search.png">ActivateWindow(10025,&quot;plugin://plugin.video.water/?url=null&amp;mode=95&quot;,return)</favourite>
	<favourite name="[COLOR black]Search TV - Specto[/COLOR]" thumb="special://home/addons\plugin.video.specto\resources\media\gone\tvSearch.jpg">ActivateWindow(10025,&quot;plugin://plugin.video.specto/?action=tvSearch&quot;,return)</favourite>
	<favourite name="" thumb="">PlayMedia(&quot;plugin://plugin.video.none?sf_options=winID%3D10025%26_options_sf&quot;,return)</favourite>
</favourites>