<favourites>
	<favourite name="Clear TEMP files" thumb="https://en.opensuse.org/images/thumb/6/6a/Icon-cleanup.png/120px-Icon-cleanup.png">PlayMedia(&quot;plugin://plugin.video.water/?url=http%3A%2F%2Ftiny.cc.com&amp;mode=7&amp;name=Clear+TEMP+files&amp;iconimage=https%3A%2F%2Fen.opensuse.org%2Fimages%2Fthumb%2F6%2F6a%2FIcon-cleanup.png%2F120px-Icon-cleanup.png&amp;fanart=C%3A%5Ckodi%5Cportable_data%5Caddons%5Cplugin.video.water%5Cfanart.jpg&amp;description=&amp;sf_options=winID%3D10025%26_options_sf&quot;)</favourite>
	<favourite name="Check For Updates" thumb="">PlayMedia(&quot;plugin://plugin.video.water/?url=http%3A%2F%2Ftiny.cc.com&amp;mode=10&amp;name=Check+For+Updates&amp;iconimage=&amp;fanart=C%3A%5Ckodi%5Cportable_data%5Caddons%5Cplugin.video.water%5Cfanart.jpg&amp;description=&amp;sf_options=winID%3D10025%26_options_sf&quot;)</favourite>
	<favourite name="Currently downloading add-ons" thumb="DefaultNetwork.png">ActivateWindow(10040,&quot;addons://downloading/&quot;,return)</favourite>
	<favourite name="Install from zip file" thumb="DefaultHardDisk.png">ActivateWindow(10040,&quot;addons://install/&quot;,return)</favourite>
	<favourite name="Reset Skin" thumb="DefaultNetwork.png">Skin.ResetSettings</favourite>
	<favourite name="Reload Skin" thumb="DefaultNetwork.png">ReloadSkin(skin.water2)</favourite>
	<favourite name="Refresh" thumb="">PlayMedia(&quot;plugin://plugin.video.water/?url=http%3A%2F%2Ftiny.cc.com&amp;mode=9&amp;name=Refresh&amp;iconimage=&amp;fanart=C%3A%5Ckodi%5Cportable_data%5Caddons%5Cplugin.video.water%5Cfanart.jpg&amp;description=&amp;sf_options=winID%3D10025%26_options_sf&quot;)</favourite>
</favourites>