<favourites>
  <favourite name="ABC" thumb="http://uktvnow.desistreams.tv/images/channels/260714115934rsz_abc.jpg">PlayMedia(&quot;plugin://plugin.video.uktvnow/?url=url&amp;mode=2&amp;name=ABC+&amp;description=&quot;)</favourite>
     <favourite name="NBC" thumb="http://uktvnow.desistreams.tv/images/channels/020315085412180215011003nbc_usa.jpg">PlayMedia(&quot;plugin://plugin.video.uktvnow/?url=url&amp;mode=2&amp;name=NBC+&amp;description=&quot;)</favourite>
	<favourite name="Fox" thumb="http://uktvnow.desistreams.tv/images/channels/020315085222180215012929fox_logo.gif">PlayMedia(&quot;plugin://plugin.video.uktvnow/?url=url&amp;mode=2&amp;name=Fox+&amp;description=&quot;)</favourite>
	<favourite name="CBS" thumb="http://uktvnow.desistreams.tv/images/channels/020315085540180215125408CBS-logo-old.png">PlayMedia(&quot;plugin://plugin.video.uktvnow/?url=url&amp;mode=2&amp;name=CBS+&amp;description=&quot;)</favourite>
    <favourite name="CW" thumb="http://uktvnow.desistreams.tv/images/channels/020315084809180215013348The_CW_logo.png">PlayMedia(&quot;plugin://plugin.video.uktvnow/?url=url&amp;mode=2&amp;name=CW+&amp;description=&quot;)</favourite>
<favourite name="FX" thumb="http://uktvnow.desistreams.tv/images/channels/180215125653FX_International_logo.svg.png">PlayMedia(&quot;plugin://plugin.video.uktvnow/?url=url&amp;mode=2&amp;name=Fx+&amp;description=&quot;)</favourite>
	<favourite name="TBS" thumb="http://uktvnow.desistreams.tv/images/channels/211015021851tbs.jpg">PlayMedia(&quot;plugin://plugin.video.uktvnow/?url=url&amp;mode=2&amp;name=TBS+&amp;description=&quot;)</favourite>
    <favourite name="TNT" thumb="http://uktvnow.desistreams.tv/images/channels/220415043433tnt.png">PlayMedia(&quot;plugin://plugin.video.uktvnow/?url=url&amp;mode=2&amp;name=TNT+&amp;description=&quot;)</favourite>
    <favourite name="USA-Network" thumb="http://uktvnow.desistreams.tv/images/channels/160615013234usanetowkr.gif">PlayMedia(&quot;plugin://plugin.video.uktvnow/?url=url&amp;mode=2&amp;name=USA-Network+&amp;description=&quot;)</favourite>
    <favourite name="USA Network" thumb="http://uktvnow.desistreams.tv/images/channels/090413122031usahd.png">PlayMedia(&quot;plugin://plugin.video.uktvnow/?url=url&amp;mode=2&amp;name=USA+Network+&amp;description=&quot;)</favourite>

 
    <favourite name="HBO" thumb="http://uktvnow.desistreams.tv/images/channels/020315083323hbo-logo.jpg">PlayMedia(&quot;plugin://plugin.video.uktvnow/?url=url&amp;mode=2&amp;name=HBO+&amp;description=&quot;)</favourite>
    <favourite name="Showtime" thumb="http://uktvnow.desistreams.tv/images/channels/060615073522showtime-logo-primary.jpg">PlayMedia(&quot;plugin://plugin.video.uktvnow/?url=url&amp;mode=2&amp;name=Showtime+&amp;description=&quot;)</favourite>
 
    <favourite name="ABC Family" thumb="http://uktvnow.desistreams.tv/images/channels/211015025615abcfam.png">PlayMedia(&quot;plugin://plugin.video.uktvnow/?url=url&amp;mode=2&amp;name=ABC+Family+&amp;description=&quot;)</favourite>
    <favourite name="AMC" thumb="http://uktvnow.desistreams.tv/images/channels/211015023343amc.png">PlayMedia(&quot;plugin://plugin.video.uktvnow/?url=url&amp;mode=2&amp;name=AMC+&amp;description=&quot;)</favourite>
       <favourite name="Animal Planet" thumb="http://uktvnow.desistreams.tv/images/channels/110215013255animal.PNG">PlayMedia(&quot;plugin://plugin.video.uktvnow/?url=url&amp;mode=2&amp;name=Animal+Planet+&amp;description=&quot;)</favourite>
    <favourite name="Bravo" thumb="http://uktvnow.desistreams.tv/images/channels/180215013135images.png">PlayMedia(&quot;plugin://plugin.video.uktvnow/?url=url&amp;mode=2&amp;name=Bravo+&amp;description=&quot;)</favourite>
    <favourite name="Comedy Central" thumb="http://uktvnow.desistreams.tv/images/channels/110215015824comedy.png">PlayMedia(&quot;plugin://plugin.video.uktvnow/?url=url&amp;mode=2&amp;name=Comedy+Central+&amp;description=&quot;)</favourite>
    <favourite name="Food Network" thumb="http://uktvnow.desistreams.tv/images/channels/110215025047food.jpg">PlayMedia(&quot;plugin://plugin.video.uktvnow/?url=url&amp;mode=2&amp;name=Food+Network+&amp;description=&quot;)</favourite>
	<favourite name="MTV" thumb="http://uktvnow.desistreams.tv/images/channels/060615073145mtvus.jpg">PlayMedia(&quot;plugin://plugin.video.uktvnow/?url=url&amp;mode=2&amp;name=MTV+USA+&amp;description=&quot;)</favourite>
 <favourite name="MTV" thumb="http://uktvnow.desistreams.tv/images/channels/110215032543mtv11__130528202524-200x148__130805180340.jpg">PlayMedia(&quot;plugin://plugin.video.uktvnow/?url=url&amp;mode=2&amp;name=MTV+&amp;description=&quot;)</favourite>
    <favourite name="VH1" thumb="http://uktvnow.desistreams.tv/images/channels/170215125006VH1_logo.svg.png">PlayMedia(&quot;plugin://plugin.video.uktvnow/?url=url&amp;mode=2&amp;name=VH1+&amp;description=&quot;)</favourite>
   
   <favourite name="CNN" thumb="http://uktvnow.desistreams.tv/images/channels/170215121152CNN-Logo.jpg">PlayMedia(&quot;plugin://plugin.video.uktvnow/?url=url&amp;mode=2&amp;name=CNN+&amp;description=&quot;)</favourite>
	<favourite name="Fox News" thumb="http://uktvnow.desistreams.tv/images/channels/090413120955rsz_foxnews.png">PlayMedia(&quot;plugin://plugin.video.uktvnow/?url=url&amp;mode=2&amp;name=Fox+News+&amp;description=&quot;)</favourite> 
	<favourite name="CNBC" thumb="http://uktvnow.desistreams.tv/images/channels/110215020225cnbc.png">PlayMedia(&quot;plugin://plugin.video.uktvnow/?url=url&amp;mode=2&amp;name=CNBC+&amp;description=&quot;)</favourite>
	<favourite name="Bloomberg" thumb="http://uktvnow.desistreams.tv/images/channels/110215014247bloom.jpg">PlayMedia(&quot;plugin://plugin.video.uktvnow/?url=url&amp;mode=2&amp;name=Bloomberg+&amp;description=&quot;)</favourite>
	 <favourite name="Sky News" thumb="http://uktvnow.desistreams.tv/images/channels/110215035237Sky_News_2007.jpg">PlayMedia(&quot;plugin://plugin.video.uktvnow/?url=url&amp;mode=2&amp;name=Sky+News+&amp;description=&quot;)</favourite>
   
   <favourite name="Discovery" thumb="http://uktvnow.desistreams.tv/images/channels/110215020709discover.jpg">PlayMedia(&quot;plugin://plugin.video.uktvnow/?url=url&amp;mode=2&amp;name=Discovery+&amp;description=&quot;)</favourite>
    <favourite name="Discovery History" thumb="http://uktvnow.desistreams.tv/images/channels/110215020956dh.jpg">PlayMedia(&quot;plugin://plugin.video.uktvnow/?url=url&amp;mode=2&amp;name=Discovery+History+&amp;description=&quot;)</favourite>
    <favourite name="Discovery Science" thumb="http://uktvnow.desistreams.tv/images/channels/110215021756scc.png">PlayMedia(&quot;plugin://plugin.video.uktvnow/?url=url&amp;mode=2&amp;name=Discovery+Science+&amp;description=&quot;)</favourite>
    <favourite name="History Channel" thumb="http://uktvnow.desistreams.tv/images/channels/110215030053h.jpg">PlayMedia(&quot;plugin://plugin.video.uktvnow/?url=url&amp;mode=2&amp;name=History+&amp;description=&quot;)</favourite>
    <favourite name="NAT GEO" thumb="http://uktvnow.desistreams.tv/images/channels/110215032731TN-national_geographic1.jpg">PlayMedia(&quot;plugin://plugin.video.uktvnow/?url=url&amp;mode=2&amp;name=Nat+Geo+&amp;description=&quot;)</favourite>
    <favourite name="NAT GEO HD" thumb="http://uktvnow.desistreams.tv/images/channels/110215032832National-Geographic-HD-Logo.jpg">PlayMedia(&quot;plugin://plugin.video.uktvnow/?url=url&amp;mode=2&amp;name=Nat+Geo+HD+&amp;description=&quot;)</favourite>
    <favourite name="NAT GEO: Wild" thumb="http://uktvnow.desistreams.tv/images/channels/110215033008nat-geo-wild.jpg">PlayMedia(&quot;plugin://plugin.video.uktvnow/?url=url&amp;mode=2&amp;name=Nat+Geo+Wild+&amp;description=&quot;)</favourite>
   
   
   <favourite name="Nick" thumb="http://uktvnow.desistreams.tv/images/channels/170215122510NICK_Splat_Logo.png">PlayMedia(&quot;plugin://plugin.video.uktvnow/?url=url&amp;mode=2&amp;name=Nick+&amp;description=&quot;)</favourite>
    <favourite name="Nick Toons" thumb="http://uktvnow.desistreams.tv/images/channels/170215122604Nicktoons-image-nicktoons-36252784-1266-650.png">PlayMedia(&quot;plugin://plugin.video.uktvnow/?url=url&amp;mode=2&amp;name=Nick+Toons+&amp;description=&quot;)</favourite>
    <favourite name="Disney" thumb="http://uktvnow.desistreams.tv/images/channels/110215022251Disney-Black-Logo.jpg">PlayMedia(&quot;plugin://plugin.video.uktvnow/?url=url&amp;mode=2&amp;name=Disney+&amp;description=&quot;)</favourite>
    <favourite name="Disney Junior" thumb="http://uktvnow.desistreams.tv/images/channels/170215121955Disney-Junior-Logo.jpg">PlayMedia(&quot;plugin://plugin.video.uktvnow/?url=url&amp;mode=2&amp;name=Disney+Junior+&amp;description=&quot;)</favourite>
     <favourite name="Cartoon Network" thumb="http://uktvnow.desistreams.tv/images/channels/110215020110cartoon.jpg">PlayMedia(&quot;plugin://plugin.video.uktvnow/?url=url&amp;mode=2&amp;name=Cartoon+Network+&amp;description=&quot;)</favourite>
   <favourite name="Cartoon Net USA" thumb="http://uktvnow.desistreams.tv/images/channels/060615072948cn_left_logo_3.png">PlayMedia(&quot;plugin://plugin.video.uktvnow/?url=url&amp;mode=2&amp;name=Cartoon+Net+USA+&amp;description=&quot;)</favourite>
   
  

<favourite name="ESPN USA" thumb="http://uktvnow.desistreams.tv/images/channels/180215042216ESPN-logo.jpg">PlayMedia(&quot;plugin://plugin.video.uktvnow/?url=url&amp;mode=2&amp;name=Espn+USA+&amp;description=&quot;)</favourite>
	  	<favourite name="ESPN" thumb="http://uktvnow.desistreams.tv/images/channels/110415044512es.png">PlayMedia(&quot;plugin://plugin.video.uktvnow/?url=url&amp;mode=2&amp;name=ESPN+&amp;description=&quot;)</favourite>
	  <favourite name="ESPN 2" thumb="http://uktvnow.desistreams.tv/images/channels/1802150424332000px-ESPN2_logo.png">PlayMedia(&quot;plugin://plugin.video.uktvnow/?url=url&amp;mode=2&amp;name=ESPN+2+&amp;description=&quot;)</favourite>
	<favourite name="ESPN UK" thumb="http://uktvnow.desistreams.tv/images/channels/170215122049espnuk.jpg">PlayMedia(&quot;plugin://plugin.video.uktvnow/?url=url&amp;mode=2&amp;name=Espn+UK+&amp;description=&quot;)</favourite>
    
	<favourite name="Fox Sports 1" thumb="http://uktvnow.desistreams.tv/images/channels/0209150433201.jpg">PlayMedia(&quot;plugin://plugin.video.uktvnow/?url=url&amp;mode=2&amp;name=Fox+Sports+1+&amp;description=&quot;)</favourite>
    <favourite name="Fox Sports 2" thumb="http://uktvnow.desistreams.tv/images/channels/0209150434232.jpg">PlayMedia(&quot;plugin://plugin.video.uktvnow/?url=url&amp;mode=2&amp;name=Fox+Sports+2+&amp;description=&quot;)</favourite>
   
   <favourite name="CBS Sports" thumb="http://uktvnow.desistreams.tv/images/channels/211015120012cbsn.jpg">PlayMedia(&quot;plugin://plugin.video.uktvnow/?url=url&amp;mode=2&amp;name=CBS+Sports+HD+&amp;description=&quot;)</favourite>
   <favourite name="NBCSN" thumb="http://uktvnow.desistreams.tv/images/channels/110615031831nbcsnn.png">PlayMedia(&quot;plugin://plugin.video.uktvnow/?url=url&amp;mode=2&amp;name=NBCSN+&amp;description=&quot;)</favourite>
    <favourite name="Bein Sports USA" thumb="http://uktvnow.desistreams.tv/images/channels/0209150443431.jpeg">PlayMedia(&quot;plugin://plugin.video.uktvnow/?url=url&amp;mode=2&amp;name=Bein+Sports+USA+&amp;description=&quot;)</favourite>
	    <favourite name="NBA TV" thumb="http://uktvnow.desistreams.tv/images/channels/050315091436nba-tv-logo.png">PlayMedia(&quot;plugin://plugin.video.uktvnow/?url=url&amp;mode=2&amp;name=NBA+TV+&amp;description=&quot;)</favourite>
	<favourite name="NFL Network" thumb="http://uktvnow.desistreams.tv/images/channels/180215042630nfl.jpg">PlayMedia(&quot;plugin://plugin.video.uktvnow/?url=url&amp;mode=2&amp;name=NFL+Network+&amp;description=&quot;)</favourite>
  
       <favourite name="Sky Comedy" thumb="http://uktvnow.desistreams.tv/images/channels/230915033358443.jpg">PlayMedia(&quot;plugin://plugin.video.uktvnow/?url=url&amp;mode=2&amp;name=Sky+Comedy+&amp;description=&quot;)</favourite>
    <favourite name="Sky Disney" thumb="http://uktvnow.desistreams.tv/images/channels/280515023152skydisn.jpg">PlayMedia(&quot;plugin://plugin.video.uktvnow/?url=url&amp;mode=2&amp;name=Sky+Disnep+&amp;description=&quot;)</favourite>
    <favourite name="Sky Movies Action" thumb="http://uktvnow.desistreams.tv/images/channels/110215031309sm.jpg">PlayMedia(&quot;plugin://plugin.video.uktvnow/?url=url&amp;mode=2&amp;name=Sky+Movies+Action+&amp;description=&quot;)</favourite>
    <favourite name="Sky Movies Comedy" thumb="http://uktvnow.desistreams.tv/images/channels/110215031508sm1.jpg">PlayMedia(&quot;plugin://plugin.video.uktvnow/?url=url&amp;mode=2&amp;name=Sky+Movies+Comedy+&amp;description=&quot;)</favourite>
    <favourite name="Sky Movies Crime" thumb="http://uktvnow.desistreams.tv/images/channels/110215031719sm2.jpg">PlayMedia(&quot;plugin://plugin.video.uktvnow/?url=url&amp;mode=2&amp;name=Sky+Movies+Crime+&amp;description=&quot;)</favourite>
    <favourite name="Sky Movies Drama" thumb="http://uktvnow.desistreams.tv/images/channels/110215031807sm3.png">PlayMedia(&quot;plugin://plugin.video.uktvnow/?url=url&amp;mode=2&amp;name=Sky+Movies+Drama+&amp;description=&quot;)</favourite>
    <favourite name="Sky Movies Family" thumb="http://uktvnow.desistreams.tv/images/channels/110215031900sm4.jpg">PlayMedia(&quot;plugin://plugin.video.uktvnow/?url=url&amp;mode=2&amp;name=Sky+Movies+Family+&amp;description=&quot;)</favourite>
    <favourite name="Sky Movies Premiere" thumb="http://uktvnow.desistreams.tv/images/channels/110215032118sm5.jpg">PlayMedia(&quot;plugin://plugin.video.uktvnow/?url=url&amp;mode=2&amp;name=Sky+Movies+Premiere+&amp;description=&quot;)</favourite>
    <favourite name="Sky Movies Scifi" thumb="http://uktvnow.desistreams.tv/images/channels/110215032234sm6.jpg">PlayMedia(&quot;plugin://plugin.video.uktvnow/?url=url&amp;mode=2&amp;name=Sky+Movies+Scifi+&amp;description=&quot;)</favourite>
    <favourite name="Film 4" thumb="http://uktvnow.desistreams.tv/images/channels/110215024017film4.png">PlayMedia(&quot;plugin://plugin.video.uktvnow/?url=url&amp;mode=2&amp;name=Film+4+&amp;description=&quot;)</favourite>
    <favourite name="True Movies 1" thumb="http://uktvnow.desistreams.tv/images/channels/170215124715Medium_true-movies.jpg">PlayMedia(&quot;plugin://plugin.video.uktvnow/?url=url&amp;mode=2&amp;name=True+Movies+1+&amp;description=&quot;)</favourite>
    <favourite name="True Movies 2" thumb="http://uktvnow.desistreams.tv/images/channels/120315125126truemovie2.jpg">PlayMedia(&quot;plugin://plugin.video.uktvnow/?url=url&amp;mode=2&amp;name=True+Movies+2+&amp;description=&quot;)</favourite>
   
    
    <favourite name="CBS Action" thumb="http://uktvnow.desistreams.tv/images/channels/120315125001cbsaction.gif">PlayMedia(&quot;plugin://plugin.video.uktvnow/?url=url&amp;mode=2&amp;name=CBS+Action+&amp;description=&quot;)</favourite>
    <favourite name="CBS Drama" thumb="http://uktvnow.desistreams.tv/images/channels/110215015457cbs-drama.jpg">PlayMedia(&quot;plugin://plugin.video.uktvnow/?url=url&amp;mode=2&amp;name=CBS+Drama+&amp;description=&quot;)</favourite>
    <favourite name="CBS Reality" thumb="http://uktvnow.desistreams.tv/images/channels/110215015627cbss.jpg">PlayMedia(&quot;plugin://plugin.video.uktvnow/?url=url&amp;mode=2&amp;name=CBS+Reality+&amp;description=&quot;)</favourite>
	
	    <favourite name="RTE One" thumb="http://uktvnow.desistreams.tv/images/channels/110215033619rte_one.jpg">PlayMedia(&quot;plugin://plugin.video.uktvnow/?url=url&amp;mode=2&amp;name=RTE+One+&amp;description=&quot;)</favourite>
    <favourite name="RTE Two" thumb="http://uktvnow.desistreams.tv/images/channels/110215033742images1.jpg">PlayMedia(&quot;plugin://plugin.video.uktvnow/?url=url&amp;mode=2&amp;name=RTE+Two+&amp;description=&quot;)</favourite>
	
<favourite name="BBC One" thumb="http://uktvnow.desistreams.tv/images/channels/140613055805xdOrLg9.jpg">PlayMedia(&quot;plugin://plugin.video.uktvnow/?url=url&amp;mode=2&amp;name=BBC+One+&amp;description=&quot;)</favourite>
 <favourite name="BBC Two" thumb="http://uktvnow.desistreams.tv/images/channels/110215013933bbctwo.png">PlayMedia(&quot;plugin://plugin.video.uktvnow/?url=url&amp;mode=2&amp;name=BBC+Two+&amp;description=&quot;)</favourite>
  <favourite name="BBC Three" thumb="http://uktvnow.desistreams.tv/images/channels/010815032217bbc3.jpg">PlayMedia(&quot;plugin://plugin.video.uktvnow/?url=url&amp;mode=2&amp;name=BBC+Three+&amp;description=&quot;)</favourite>
    <favourite name="BBC Four" thumb="http://uktvnow.desistreams.tv/images/channels/010815032308BBC-Four-Logo_250-pixels_10.gif">PlayMedia(&quot;plugin://plugin.video.uktvnow/?url=url&amp;mode=2&amp;name=BBC+Four+&amp;description=&quot;)</favourite>

	    <favourite name="ITV" thumb="http://uktvnow.desistreams.tv/images/channels/110215030320itv.png">PlayMedia(&quot;plugin://plugin.video.uktvnow/?url=url&amp;mode=2&amp;name=ITV+&amp;description=&quot;)</favourite>
    <favourite name="ITV+1" thumb="http://uktvnow.desistreams.tv/images/channels/110215030602itv+.png">PlayMedia(&quot;plugin://plugin.video.uktvnow/?url=url&amp;mode=2&amp;name=ITV%2B+&amp;description=&quot;)</favourite>
    <favourite name="ITV2" thumb="http://uktvnow.desistreams.tv/images/channels/110215030754itv2.jpg">PlayMedia(&quot;plugin://plugin.video.uktvnow/?url=url&amp;mode=2&amp;name=ITV2+&amp;description=&quot;)</favourite>
    <favourite name="ITV3" thumb="http://uktvnow.desistreams.tv/images/channels/110215030937itv3.jpg">PlayMedia(&quot;plugin://plugin.video.uktvnow/?url=url&amp;mode=2&amp;name=ITV3+&amp;description=&quot;)</favourite>
    <favourite name="ITV4" thumb="http://uktvnow.desistreams.tv/images/channels/110215031215itv4.jpg">PlayMedia(&quot;plugin://plugin.video.uktvnow/?url=url&amp;mode=2&amp;name=ITV4+&amp;description=&quot;)</favourite>


        <favourite name="Sky 1" thumb="http://uktvnow.desistreams.tv/images/channels/110215034306sky1.jpg">PlayMedia(&quot;plugin://plugin.video.uktvnow/?url=url&amp;mode=2&amp;name=Sky+1+&amp;description=&quot;)</favourite>
    <favourite name="Sky 2" thumb="http://uktvnow.desistreams.tv/images/channels/110215034342250px-Sky2_logo_2011.svg.png">PlayMedia(&quot;plugin://plugin.video.uktvnow/?url=url&amp;mode=2&amp;name=Sky+2+&amp;description=&quot;)</favourite>
    <favourite name="Sky Arts 1" thumb="http://uktvnow.desistreams.tv/images/channels/040515031656sky_arts_1.jpg">PlayMedia(&quot;plugin://plugin.video.uktvnow/?url=url&amp;mode=2&amp;name=Sky+Arts+1+&amp;description=&quot;)</favourite>
    <favourite name="Sky Atlantic" thumb="http://uktvnow.desistreams.tv/images/channels/110215035000Sky-atlantic-logo.jpg">PlayMedia(&quot;plugin://plugin.video.uktvnow/?url=url&amp;mode=2&amp;name=Sky+Atlantic+&amp;description=&quot;)</favourite>
    <favourite name="Sky Living" thumb="http://uktvnow.desistreams.tv/images/channels/110215035042wpid-wp-1421676658090.png">PlayMedia(&quot;plugin://plugin.video.uktvnow/?url=url&amp;mode=2&amp;name=Sky+Living+&amp;description=&quot;)</favourite>
   
   

    <favourite name="Channel 4" thumb="http://uktvnow.desistreams.tv/images/channels/110215014910c4.jpg">PlayMedia(&quot;plugin://plugin.video.uktvnow/?url=url&amp;mode=2&amp;name=Channel+4+&amp;description=&quot;)</favourite>
	<favourite name="Channel 5" thumb="http://uktvnow.desistreams.tv/images/channels/110215024442images.jpg">PlayMedia(&quot;plugin://plugin.video.uktvnow/?url=url&amp;mode=2&amp;name=Five+&amp;description=&quot;)</favourite>
    <favourite name="Channel" thumb="http://uktvnow.desistreams.tv/images/channels/1608151223573ee.png">PlayMedia(&quot;plugin://plugin.video.uktvnow/?url=url&amp;mode=2&amp;name=Channel&amp;description=&quot;)</favourite>
    
   
    <favourite name="E" thumb="http://uktvnow.desistreams.tv/images/channels/110215023052e_global_us-130x99.png">PlayMedia(&quot;plugin://plugin.video.uktvnow/?url=url&amp;mode=2&amp;name=E+&amp;description=&quot;)</favourite>
    <favourite name="E4" thumb="http://uktvnow.desistreams.tv/images/channels/110215023148e4.jpg">PlayMedia(&quot;plugin://plugin.video.uktvnow/?url=url&amp;mode=2&amp;name=E4+&amp;description=&quot;)</favourite>
    

    <favourite name="Quest" thumb="http://uktvnow.desistreams.tv/images/channels/180215050638Quest_Logo_354x200.jpg_576778200.jpg">PlayMedia(&quot;plugin://plugin.video.uktvnow/?url=url&amp;mode=2&amp;name=Quest+&amp;description=&quot;)</favourite>
 <favourite name="Dave" thumb="http://uktvnow.desistreams.tv/images/channels/200215111851media-dave-logo.jpg">PlayMedia(&quot;plugin://plugin.video.uktvnow/?url=url&amp;mode=2&amp;name=Dave+&amp;description=&quot;)</favourite>
    <favourite name="Dmax" thumb="http://uktvnow.desistreams.tv/images/channels/110215022656dmax.png">PlayMedia(&quot;plugin://plugin.video.uktvnow/?url=url&amp;mode=2&amp;name=Dmax+&amp;description=&quot;)</favourite>
    <favourite name="Drama" thumb="http://uktvnow.desistreams.tv/images/channels/110215022954Drama_Logo_Lores-2.jpg">PlayMedia(&quot;plugin://plugin.video.uktvnow/?url=url&amp;mode=2&amp;name=Drama+&amp;description=&quot;)</favourite>

    <favourite name="Travel" thumb="http://uktvnow.desistreams.tv/images/channels/170215124343travel-channel-logo-6613.png">PlayMedia(&quot;plugin://plugin.video.uktvnow/?url=url&amp;mode=2&amp;name=Travel+&amp;description=&quot;)</favourite>
    <favourite name="UK Gold" thumb="http://uktvnow.desistreams.tv/images/channels/060315074426gold.jpg">PlayMedia(&quot;plugin://plugin.video.uktvnow/?url=url&amp;mode=2&amp;name=UK+Gold+&amp;description=&quot;)</favourite>

   
    
   
  
   
    
	
   <favourite name="Box Nation" thumb="http://uktvnow.desistreams.tv/images/channels/110215014452box.jpg">PlayMedia(&quot;plugin://plugin.video.uktvnow/?url=url&amp;mode=2&amp;name=Box+Nation+&amp;description=&quot;)</favourite>
   
   <favourite name="TSN 1" thumb="http://uktvnow.desistreams.tv/images/channels/180215043139tsn1.jpg">PlayMedia(&quot;plugin://plugin.video.uktvnow/?url=url&amp;mode=2&amp;name=TSN+1+&amp;description=&quot;)</favourite>
    <favourite name="TSN 2" thumb="http://uktvnow.desistreams.tv/images/channels/211015022915tsn2.png">PlayMedia(&quot;plugin://plugin.video.uktvnow/?url=url&amp;mode=2&amp;name=TSN+2+&amp;description=&quot;)</favourite>
    <favourite name="TSN 3" thumb="http://uktvnow.desistreams.tv/images/channels/180215042846tsn_3_aug2014.png">PlayMedia(&quot;plugin://plugin.video.uktvnow/?url=url&amp;mode=2&amp;name=TSN+3+&amp;description=&quot;)</favourite>
	
	 <favourite name="BT Sport 1" thumb="http://uktvnow.desistreams.tv/images/channels/110215014632bt1.jpg">PlayMedia(&quot;plugin://plugin.video.uktvnow/?url=url&amp;mode=2&amp;name=Bt+sports+1+&amp;description=&quot;)</favourite>
    <favourite name="BT Sport 2" thumb="http://uktvnow.desistreams.tv/images/channels/110215014725bt2.jpg">PlayMedia(&quot;plugin://plugin.video.uktvnow/?url=url&amp;mode=2&amp;name=Bt+sports+2+&amp;description=&quot;)</favourite>
    
    <favourite name="BT Europe" thumb="http://uktvnow.desistreams.tv/images/channels/160815122630bt-sport-europe-logo.png">PlayMedia(&quot;plugin://plugin.video.uktvnow/?url=url&amp;mode=2&amp;name=BT+Europe+&amp;description=&quot;)</favourite>
    
	
	 <favourite name="Sky Sports 1" thumb="http://uktvnow.desistreams.tv/images/channels/170215123109Sky_Sports_1_2010.png">PlayMedia(&quot;plugin://plugin.video.uktvnow/?url=url&amp;mode=2&amp;name=Sky+Sports+1+&amp;description=&quot;)</favourite>
    <favourite name="Sky Sports 2" thumb="http://uktvnow.desistreams.tv/images/channels/120315124702skysports2.png">PlayMedia(&quot;plugin://plugin.video.uktvnow/?url=url&amp;mode=2&amp;name=Sky+Sports+2+&amp;description=&quot;)</favourite>
    <favourite name="Sky Sports 3" thumb="http://uktvnow.desistreams.tv/images/channels/170215123242Sky_Sports_3_2010.png">PlayMedia(&quot;plugin://plugin.video.uktvnow/?url=url&amp;mode=2&amp;name=Sky+Sports+3+&amp;description=&quot;)</favourite>
    <favourite name="Sky Sports 4" thumb="http://uktvnow.desistreams.tv/images/channels/120315124829skysp4.jpg">PlayMedia(&quot;plugin://plugin.video.uktvnow/?url=url&amp;mode=2&amp;name=Sky+Sports+4+&amp;description=&quot;)</favourite>
    <favourite name="Sky Sports 5" thumb="http://uktvnow.desistreams.tv/images/channels/170215123652Sky-Sports-5-Logo.png">PlayMedia(&quot;plugin://plugin.video.uktvnow/?url=url&amp;mode=2&amp;name=Sky+Sports+5+&amp;description=&quot;)</favourite>
    <favourite name="SkySports F1" thumb="http://uktvnow.desistreams.tv/images/channels/140613060333rsz_skysportf1.png">PlayMedia(&quot;plugin://plugin.video.uktvnow/?url=url&amp;mode=2&amp;name=SkySports+F1+&amp;description=&quot;)</favourite>
    <favourite name="SkySports News" thumb="http://uktvnow.desistreams.tv/images/channels/120315124903skyspnews.png">PlayMedia(&quot;plugin://plugin.video.uktvnow/?url=url&amp;mode=2&amp;name=SkySports+News+&amp;description=&quot;)</favourite>
	
	
	<favourite name="Euro Sport" thumb="http://uktvnow.desistreams.tv/images/channels/170215122159images.png">PlayMedia(&quot;plugin://plugin.video.uktvnow/?url=url&amp;mode=2&amp;name=Euro+Sport+&amp;description=&quot;)</favourite>
    <favourite name="Euro Sport 2" thumb="http://uktvnow.desistreams.tv/images/channels/170215122331sa.jpg">PlayMedia(&quot;plugin://plugin.video.uktvnow/?url=url&amp;mode=2&amp;name=Euro+Sport+2+&amp;description=&quot;)</favourite>
	 <favourite name="Premier Sports" thumb="http://uktvnow.desistreams.tv/images/channels/110215033436Premier_Sports_logo.png">PlayMedia(&quot;plugin://plugin.video.uktvnow/?url=url&amp;mode=2&amp;name=Premier+Sports+&amp;description=&quot;)</favourite>
   
    <favourite name="Setanta Ireland" thumb="http://uktvnow.desistreams.tv/images/channels/170215122901setanta-ireland.jpg">PlayMedia(&quot;plugin://plugin.video.uktvnow/?url=url&amp;mode=2&amp;name=Setanta+Ireland+&amp;description=&quot;)</favourite>
   
   <favourite name="Bein Sports 1" thumb="http://uktvnow.desistreams.tv/images/channels/290615012225bein1.jpg">PlayMedia(&quot;plugin://plugin.video.uktvnow/?url=url&amp;mode=2&amp;name=Bein+Sports+1+&amp;description=&quot;)</favourite>
    <favourite name="MU TV" thumb="http://uktvnow.desistreams.tv/images/channels/290415033708mutv.gif">PlayMedia(&quot;plugin://plugin.video.uktvnow/?url=url&amp;mode=2&amp;name=MU+TV+&amp;description=&quot;)</favourite>
    <favourite name="Chelsea TV" thumb="http://uktvnow.desistreams.tv/images/channels/030615015855chelsea.png">PlayMedia(&quot;plugin://plugin.video.uktvnow/?url=url&amp;mode=2&amp;name=Chelsea+TV+&amp;description=&quot;)</favourite>

   
   

    
	
	
 <favourite name="Racing UK" thumb="http://uktvnow.desistreams.tv/images/channels/110215033528Racing_UK_-_Logo_-_Clients.png">PlayMedia(&quot;plugin://plugin.video.uktvnow/?url=url&amp;mode=2&amp;name=Racing+UK+&amp;description=&quot;)</favourite>
 
	    <favourite name="wwe" thumb="http://uktvnow.desistreams.tv/images/channels/180215013801Wwe_logo_2.png">PlayMedia(&quot;plugin://plugin.video.uktvnow/?url=url&amp;mode=2&amp;name=wwe+&amp;description=&quot;)</favourite>
    <favourite name="wwe HD" thumb="http://uktvnow.desistreams.tv/images/channels/251015111553wwe2.gif">PlayMedia(&quot;plugin://plugin.video.uktvnow/?url=url&amp;mode=2&amp;name=wwe+HD+&amp;description=&quot;)</favourite>
    
     
</favourites>
