<favourites>
	<favourite name="Weather Settings" thumb="http://googledrive.com/host/0B-bY5h-uWEgZQVJQZ0lzUTdBeFE/icons/apps/weather.png">ActivateWindow(weathersettings)</favourite>
	<favourite name="[COLOR azure]FileManager[/COLOR]" thumb="http://cdn.marketplaceimages.windowsphone.com/v8/images/db3447ac-6b2b-42d5-8381-4ffc9bc759b5?imageType=ws_icon_large">ActivateWindow(FileManager)</favourite>
	<favourite name="Appearance" thumb="http://icons.iconseeker.com/png/fullsize/crystal-clear-actions/appearance-2.png">ActivateWindow(10019)</favourite>
	<favourite name="[COLOR azure]Add-Ons[/COLOR]" thumb="https://addons.cdn.mozilla.net/static/img/addon-icons/default-64.png">ActivateWindow(10040,&quot;addons://install/&quot;,return)</favourite>
	<favourite name="System Settings" thumb="https://lh4.ggpht.com/lQ3HQcoNO7KAuMSiTD_FmU6CsKFTBn7P_qaY5WXJfnjvVQg7AF_hx9g3JkW-vWfE9DQ=w300">ActivateWindow(Settings)</favourite>
	<favourite name="[COLOR azure]System Info[/COLOR]" thumb="http://findicons.com/files/icons/734/phuzion/128/info.png">ActivateWindow(systeminfo)</favourite>
	<favourite name="[COLOR black]Portal[/COLOR]" thumb="1http://files.softicons.com/download/system-icons/aerial-icon-pack-by-arnaud-nelissen/png/256x256/web.png">ActivateWindow(10025,&quot;plugin://plugin.program.super.favourites/?label=[COLOR black]Portal[/COLOR]&amp;mode=400&amp;path=special%3A%2F%2Fhome%2Faddons%2Fscript.supafav%2FSuper%20Favourites%5CMore%2FSettings%5CPortal&amp;sf_options=fanart%3DNULL%26_options_sf&quot;)</favourite>
</favourites>