<favourites>
	<favourite name="Sonic the Hedgehog" thumb="http://www.toon.is/uploads/thumbs/069b0047d-1.jpg">ActivateWindow(10025,&quot;plugin://plugin.video.funniermoments/?image=C%3a%5ckodi15f%5cportable_data%5caddons%5cplugin.video.funniermoments%5cicon.png&amp;mode=500&amp;page=1&amp;title=Sonic%20the%20Hedgehog%20(26%20videos)&amp;url=http%3a%2f%2fwww.funniermoments.com%2fbrowse-sonic-videos-1-date.html&amp;sf_options=&quot;,return)</favourite>
	<favourite name="Adventures of Sonic the Hedgehog" thumb="http://www.funniermoments.com/uploads/tm_category_img/179_category_img_th.jpg">ActivateWindow(10025,&quot;plugin://plugin.video.funniermoments/?image=C%3a%5ckodi15f%5cportable_data%5caddons%5cplugin.video.funniermoments%5cicon.png&amp;mode=500&amp;page=1&amp;title=Adventures%20of%20Sonic%20the%20Hedgehog%20(65%20videos)&amp;url=http%3a%2f%2fwww.funniermoments.com%2fbrowse-adventuresofsonicthehedgehog-videos-1-date.html&amp;sf_options=&quot;,return)</favourite>
	<favourite name="Sonic Underground" thumb="http://www.toon.is/uploads/thumbs/0d6963f80-1.jpg">ActivateWindow(10025,&quot;plugin://plugin.video.funniermoments/?image=C%3a%5ckodi15f%5cportable_data%5caddons%5cplugin.video.funniermoments%5cicon.png&amp;mode=500&amp;page=1&amp;title=Sonic%20Underground%20(40%20videos)&amp;url=http%3a%2f%2fwww.funniermoments.com%2fbrowse-sonicunderground-videos-1-date.html&amp;sf_options=&quot;,return)</favourite>
	<favourite name="[COLOR blue]Adventures of Sonic the Hedgehog[/COLOR]" thumb="http://imghost.device.screenmedia.net/playlist_images/AdventuresOfSonic_SeriesArt_214x306.jpg">ActivateWindow(10025,&quot;plugin://plugin.video.popcornflix/?mode=GM&amp;url=%2fseries%2f186689f2-fd78-4823-d403-6d408ea3747f&amp;sf_options=fanart%3Dspecial%3A%2F%2Fhome%2Faddons%5Cplugin.video.popcornflix%5Cfanart.jpg%26_options_sf&quot;,return)</favourite>
	<favourite name="[COLOR blue]Sonic the Hedgehog[/COLOR]" thumb="http://imghost.device.screenmedia.net/playlist_images/SonictheHedgehog_SeriesArt_214x306.jpg">ActivateWindow(10025,&quot;plugin://plugin.video.popcornflix/?mode=GM&amp;url=%2fseries%2f6991946c-4a14-6736-1a00-7da87ca29636&amp;sf_options=fanart%3Dspecial%3A%2F%2Fhome%2Faddons%5Cplugin.video.popcornflix%5Cfanart.jpg%26_options_sf&quot;,return)</favourite>
</favourites>