<favourites>
	<favourite name="[COLOR azure]Movies[/COLOR]" thumb="http://images2.h5p.net/apps/media-video/257550/w80-257550.jpg">ActivateWindow(10025,&quot;videodb://movies/&quot;,return)</favourite>
	<favourite name="[COLOR azure]TV Shows[/COLOR]" thumb="http://www2.psd100.com/ppp/2013/10/0501/Flat-TV-icon-1005060127.png">ActivateWindow(10025,&quot;videodb://tvshows/&quot;,return)</favourite>
	<favourite name="[COLOR azure]Programs[/COLOR]" thumb="http://icons.iconarchive.com/icons/royalflushxx/systematrix/128/Program-icon.png">ActivateWindow(10001,&quot;addons://sources/executable/&quot;,return)</favourite>
	<favourite name="[COLOR blue]Popular[/COLOR]" thumb="http://cdn8.staztic.com/app/a/4958/4958685/touchbase-video-plugin-1-l-140x140.png">ActivateWindow(10025,&quot;plugin://plugin.program.super.favourites/?label=Popular Addons&amp;mode=400&amp;path=special%3A%2F%2Fhome%2Faddons%2Fscript.supafav%2FSuper%20Favourites%5CMore%2F_Portal%5CPopular%20Addons&amp;sf_options=fanart%3DNULL%26_options_sf&quot;)</favourite>
	<favourite name="FileManager" thumb="http://cdn.marketplaceimages.windowsphone.com/v8/images/db3447ac-6b2b-42d5-8381-4ffc9bc759b5?imageType=ws_icon_large">ActivateWindow(FileManager)</favourite>
	<favourite name="Settings" thumb="https://lh4.ggpht.com/lQ3HQcoNO7KAuMSiTD_FmU6CsKFTBn7P_qaY5WXJfnjvVQg7AF_hx9g3JkW-vWfE9DQ=w300">ActivateWindow(Settings)</favourite>
	<favourite name="System Info" thumb="http://findicons.com/files/icons/734/phuzion/128/info.png">ActivateWindow(systeminfo)</favourite>
	<favourite name="Weather" thumb="http://googledrive.com/host/0B-bY5h-uWEgZQVJQZ0lzUTdBeFE/icons/apps/weather.png">ActivateWindow(weather)</favourite>
</favourites>