<favourites>
		  
		
	<favourite name="Cricket" thumb="http://theclipartwizard.com/images/Cricket.png">ActivateWindow(10025,&quot;plugin://plugin.video.SportsDevil/?item=title%3dCricket%26url%3dtv%252Fcricket.cfg%26definedIn%3dtv.cfg%26director%3dCricket%26genre%3dTV%26type%3drss%26icon%3dhttp%253A%252F%252Ftheclipartwizard.com%252Fimages%252FCricket.png&amp;mode=1&amp;sf_options=fanart%3Dspecial%3A%2F%2Fhome%2Faddons%5Cplugin.video.SportsDevil%5Cfanart.jpg%26_options_sf&amp;sf_options=&quot;,)</favourite>
	

	<--! favourite name="[COLOR blue]LINKS BELOW CAN BE UNRELIABLE BUT WORTH CHECKING[/COLOR]" thumb="">ActivateWindow(10025,&quot;plugin://plugin.video.null&quot;)</favourite>
	
	<favourite name="AtdheNet" thumb="">ActivateWindow(10025,&quot;plugin://plugin.video.SportsDevil/?item=title%3dAtdheNet.tv%26url%3dlivesports%252Fatdee.net.cfg%26definedIn%3dlivesports.cfg%26director%3dAtdheNet.tv%26genre%3dLive%2bSports%26type%3drss%26icon%3d&amp;mode=1&quot;,return)</favourite>
	

	
	   
	   
    
	<favourite name="LiveTV.ru Live" thumb="">ActivateWindow(10025,&quot;plugin://plugin.video.SportsDevil/?item=title%3dLiveTV.ru%26url%3dlivesports%252Flivetv.ru.cfg%26definedIn%3dlivesports.cfg%26director%3dLiveTV.ru%26genre%3dLive%2bSports%26type%3drss%26icon%3d&amp;mode=1&quot;,return)</favourite>
	<favourite name="LiveTV.ru By Event" thumb="">ActivateWindow(10025,&quot;plugin://plugin.video.SportsDevil/?item=title%3d%252ANow%2bPlaying%252A%26url%3dhttp%253A%252F%252Flivetv123.net%252Fen%252Fallupcoming%26cfg%3dlivetv.ru.videos.cfg%2540LIVE%2540all%26definedIn%3dlivesports%252Flivetv.ru.cfg%26director%3dLivetv.ru%26genre%3dLive%2bSports%26type%3drss&amp;mode=1&quot;,return)</favourite>
<favourite name="RojaDirecta" thumb="">ActivateWindow(10025,&quot;plugin://plugin.video.SportsDevil/?item=title%3dRojaDirecta.me%26url%3dlivesports%252Frojadirecta.me.cfg%26definedIn%3dlivesports.cfg%26director%3dRojaDirecta.me%26genre%3dLive%2bSports%26type%3drss%26icon%3d&amp;mode=1&quot;,return)</favourite>
    <favourite name="StopStream" thumb="">ActivateWindow(10025,&quot;plugin://plugin.video.SportsDevil/?item=title%3dStopStream.com%26url%3dlivesports%252Fsportlemon.cfg%26definedIn%3dlivesports.cfg%26director%3dstopstream.com%26genre%3dLive%2bSports%26type%3drss%26icon%3d&amp;mode=1&quot;,return)</favourite>

<favourite name="mamaHD Channels">ActivateWindow(10025,&quot;plugin://plugin.video.sportie/?fanart=&amp;iconimage=&amp;mode=311&amp;name=&amp;url=http%3a%2f%2fmamahd.com%2findex.html&quot;,return)</favourite>
    <favourite name="Bigsports" thumb="C:\Kodi\portable_data\addons\plugin.video.sportie\icon.png">ActivateWindow(10025,&quot;plugin://plugin.video.sportie/?fanart=&amp;iconimage=&amp;mode=301&amp;name=Bigsports&amp;url=display&quot;,return)</favourite>
    <favourite name="Cricbox" thumb="C:\Kodi\portable_data\addons\plugin.video.sportie\icon.png">ActivateWindow(10025,&quot;plugin://plugin.video.sportie/?fanart=&amp;iconimage=&amp;mode=302&amp;name=Cricbox&amp;url=display&quot;,return)</favourite>


</favourites>