<favourites>
	<favourite name="Discovery Channels" thumb="https://raw.githubusercontent.com/MetalChris/repository.metalchris/master/plugin.video.discovery-channels/icon.png">ActivateWindow(10025,&quot;plugin://plugin.video.discovery-channels/&quot;,return)</favourite>
	<favourite name="Smithsonian Channel" thumb="http://www.apk20.com/image/icon-253745">ActivateWindow(10025,&quot;plugin://plugin.video.smithsonian/&quot;)</favourite>
	<favourite name="Crime" thumb="https://pbs.twimg.com/profile_images/556805890817658881/iMsru_J2_400x400.jpeg">ActivateWindow(10025,&quot;plugin://plugin.video.yt-crime&quot;,return)</favourite>
	<--! favourite name="XiveTV" thumb="https://yt3.ggpht.com/-3QSaQa74Ids/AAAAAAAAAAI/AAAAAAAAAAA/tb3yzKTWgGY/s240-c-k-no/photo.jpg">ActivateWindow(10025,&quot;plugin://plugin.video.youtube/channel/UC62NeTy6Ocd5Jmh_963mLFg/&quot;,return)</favourite>
	<favourite name="Shows" thumb="https://lh6.ggpht.com/UkyGbUDjC4R0xnfSGiJIu1SblNw4oJTP7gGZ3TS0tWGcRDK6ThO8lhV_xxhK0ruxOQ=w300">ActivateWindow(10025,&quot;plugin://plugin.video.origin2/?action=tvshows&amp;url=http%3A%2F%2Fwww.imdb.com%2Fsearch%2Ftitle%3Ftitle_type%3Dtv_series,mini_series%26languages%3Den%26genres%3DDocumentary%26sort%3Dmoviemeter,asc&quot;,return)</favourite>

	<favourite name="Random Documenatry" thumb="http://www.iconsdb.com/icons/preview/orange/decision-xxl.png">PlayMedia(&quot;plugin://plugin.video.ccloudtv.helper/?url=http%3A%2F%2F94.23.35.42%2FcCloudTv%2Fparser.php%3Fsurl%3Dhttps%3A%2F%2Fwww.arconaitv.me%2Fdocs%2F%7CUser-Agent%3DMozilla%252F5.0%2520%28Windows%2520NT%25206.1%253B%2520WOW64%29%2520AppleWebKit%252F537.36%2520%28KHTML%252C%2520like%2520Gecko%29%2520Chrome%252F47.0.2526.106%2520Safari%252F537.36&amp;mode=1&amp;name=Docs+Channel&amp;sf_options=winID%3D10025%26_options_sf&quot;)</favourite>
	<favourite name="Addons" thumb="">ActivateWindow(10025,&quot;plugin://plugin.program.super.favourites/?mode=400&amp;folder=More/Documentaries/Addons&amp;sf_options=&quot;,return)</favourite>
	
</favourites>