<favourites>
		
		<favourite name="[COLOR cadetblue]Android Settings[/COLOR]" thumb="https://lh3.ggpht.com/v0Na9wm3dVQlJ6eiGchC8FoUVgnSY4ik0yOLZwyeX1iieMJ_byckvj9yEHp8IpVzCXty=w200">ActivateWindow(10025,&quot;plugin://plugin.program.super.favourites/?mode=400&amp;folder=more%2FAndroid%2FSettings&amp;sf_options=&quot;)</favourite>
		
	<favourite name="" thumb="">ActivateWindow(10025,&quot;&quot;,return)</favourite>
	
	<favourite name="Network" thumb="">ActivateWindow(servicesettings)</favourite>
	<favourite name="System" thumb="">ActivateWindow(systemsettings)</favourite>
    <favourite name="Video Jarvis" thumb="">ActivateWindow(videossettings)</favourite>
	<favourite name="Music Jarvis" thumb="">ActivateWindow(musicsettings)</favourite>
    <favourite name="Media Krypton" thumb="">ActivateWindow(MediaSettings)</favourite>
	<favourite name="System Info" thumb="">ActivateWindow(SystemInfo)</favourite>
	
	<favourite name="" thumb="">ActivateWindow(10025,&quot;&quot;,return)</favourite>
	<favourite name="[COLOR chartreuse]Update add-ons[/COLOR]" thumb="http://vignette1.wikia.nocookie.net/scream-queens/images/8/88/Update-icon.png/revision/latest?cb=20150927230935">PlayMedia(&quot;plugin://plugin.video.water/?url=null&amp;mode=10&amp;name=&amp;iconimage=&amp;sf_options=&quot;)</favourite>
	<favourite name="[COLOR aliceblue]Video add-ons[/COLOR]" thumb="http://icons.iconarchive.com/icons/itzikgur/my-seven/128/Videos-1-icon.png">ActivateWindow(10025,&quot;addons://sources/video/&quot;,return)</favourite>
	<favourite name="[COLOR aliceblue]Music add-ons[/COLOR]" thumb="http://icons.iconarchive.com/icons/itzikgur/my-seven/128/Videos-1-icon.png">ActivateWindow(10025,&quot;addons://sources/audio/&quot;,return)</favourite>
	<favourite name="[COLOR aliceblue]Program add-ons[/COLOR]" thumb="DefaultAddonProgram.png">ActivateWindow(10001,addons://sources/executable/)</favourite>
	<favourite name="" thumb="">ActivateWindow(10025,&quot;&quot;,return)</favourite>
	<favourite name="Search add-ons" thumb="http://icons.iconarchive.com/icons/custom-icon-design/flatastic-1/512/search-icon.png">ActivateWindow(10040,&quot;addons://search/&quot;,return)</favourite>

	<favourite name="" thumb="">ActivateWindow(10025,&quot;&quot;,return)</favourite>
	
	<favourite name="PVR" thumb="">ActivateWindow(PVRSettings)</favourite>	
	<--! favourite name="PVR" thumb="">ActivateWindow(tvsettings)</favourite>
	<favourite name="Pictures" thumb="">ActivateWindow(picturessettings)</favourite>
	<favourite name="Profiles" thumb="">ActivateWindow(Profiles)</favourite>
</favourites>