<favourites>
	<favourite name="Phoenix" thumb="special://home/addons\plugin.video.phstreams\icon.png">ActivateWindow(10025,&quot;plugin://plugin.video.phstreams/&quot;,return)</favourite>
	<favourite name="[COLOR red]E[/COLOR][COLOR white]volve[/COLOR]" thumb="special://home/addons\plugin.video.Evolve\icon.png">ActivateWindow(10025,&quot;plugin://plugin.video.Evolve/&quot;,return)</favourite>
	<favourite name="1Channel" thumb="special://home/addons\plugin.video.1channel\icon.png">ActivateWindow(10025,&quot;plugin://plugin.video.1channel/&quot;,return)</favourite>
	<favourite name="Exodus" thumb="special://home/addons\plugin.video.exodus\icon.png">ActivateWindow(10025,&quot;plugin://plugin.video.exodus/&quot;,return)</favourite>
	<favourite name="VidTime" thumb="special://home/addons\plugin.video.VidTime\icon.png">ActivateWindow(10025,&quot;plugin://plugin.video.VidTime/&quot;,return)</favourite>
	<favourite name="TV Mix" thumb="special://home/addons\plugin.video.tvmix\icon.png">ActivateWindow(10025,&quot;plugin://plugin.video.tvmix/&quot;,return)</favourite>
	<favourite name="[COLOR red]AK[/COLOR] [COLOR yellow]-[/COLOR] [COLOR turquoise]47[/COLOR]" thumb="special://home/addons\plugin.video.AK-47\icon.png">ActivateWindow(10025,&quot;plugin://plugin.video.AK-47/&quot;,return)</favourite>
	<favourite name="[COLOR red]Vaders-Movies©[/COLOR]" thumb="special://home/addons\plugin.video.vader_movies\icon.png">ActivateWindow(10025,&quot;plugin://plugin.video.vader_movies/&quot;,return)</favourite>
</favourites>