<favourites>
	<favourite name="FireStarter" thumb="http://www.macupdate.com/images/icons256/28851.png">PlayMedia(&quot;plugin://plugin.video.apkdownload/?url=http://mirrors.kodi.tv/releases/android/arm/kodi-15.2-Isengard-armeabi-v7a.apk&amp;mode=1&amp;name=Kodi&amp;description=&amp;sf_options=winID%3D10025%26_options_sf&quot;)</favourite>
	<favourite name="Mouse Toggle" thumb="http://www.macupdate.com/images/icons256/28851.png">PlayMedia(&quot;plugin://plugin.video.apkdownload/?url=http://mirrors.kodi.tv/releases/android/arm/kodi-15.2-Isengard-armeabi-v7a.apk&amp;mode=1&amp;name=Kodi&amp;description=&amp;sf_options=winID%3D10025%26_options_sf&quot;)</favourite>
	<favourite name="Youtube" thumb="http://www.macupdate.com/images/icons256/28851.png">PlayMedia(&quot;plugin://plugin.video.apkdownload/?url=http://mirrors.kodi.tv/releases/android/arm/kodi-15.2-Isengard-armeabi-v7a.apk&amp;mode=1&amp;name=Kodi&amp;description=&amp;sf_options=winID%3D10025%26_options_sf&quot;)</favourite>
	<favourite name="NetFlix" thumb="http://www.macupdate.com/images/icons256/28851.png">PlayMedia(&quot;plugin://plugin.video.apkdownload/?url=http://mirrors.kodi.tv/releases/android/arm/kodi-15.2-Isengard-armeabi-v7a.apk&amp;mode=1&amp;name=Kodi&amp;description=&amp;sf_options=winID%3D10025%26_options_sf&quot;)</favourite>
	<favourite name="Animal Planet" thumb="http://www.macupdate.com/images/icons256/28851.png">PlayMedia(&quot;plugin://plugin.video.apkdownload/?url=http://mirrors.kodi.tv/releases/android/arm/kodi-15.2-Isengard-armeabi-v7a.apk&amp;mode=1&amp;name=Kodi&amp;description=&amp;sf_options=winID%3D10025%26_options_sf&quot;)</favourite>
</favourites>