<favourites>
	<favourite name="[COLOR tomato]Blip.tv[/COLOR]" thumb="http://googledrive.com/host/0B-bY5h-uWEgZQVJQZ0lzUTdBeFE/icons/apps/blip.png">ActivateWindow(10025,&quot;plugin://plugin.video.blip_tv/&amp;sf_options=&quot;)</favourite>
	<favourite name="[COLOR tomato]Metacafe[/COLOR]" thumb="http://googledrive.com/host/0B-bY5h-uWEgZQVJQZ0lzUTdBeFE/icons/apps/metacafe.png">ActivateWindow(10025,&quot;plugin://plugin.video.metacafe/&amp;sf_options=&quot;)</favourite>
	<favourite name="[COLOR tomato]BestOfYoutube.com[/COLOR]" thumb="https://v.cdn.vine.co/v/avatars/D6F1CD0E-BEE6-47C2-AA47-ADC8DBBFBCA1-1127-0000013E8FD9A59A.jpg">ActivateWindow(10025,&quot;plugin://plugin.video.bestofyoutube_com/&amp;sf_options=&quot;)</favourite>
	<favourite name="[COLOR tomato]VitaminL.tv[/COLOR]" thumb="special://home/addons\plugin.video.vitaminl_tv\icon.png">ActivateWindow(10025,&quot;plugin://plugin.video.vitaminl_tv/?sf_options=desc%3DVitaminL+collects+the+best+videos+on+the+Internet+that+you+cannot+miss.+Our+goal+is+to+deliver+more+laughs+to+everyone+in+the+world.+And+we+believe+that+more+laughs+will+bring+a+better+life%21%26_options_sf&quot;,return)</favourite>
	<favourite name="DailyMotion.com" thumb="http://googledrive.com/host/0B-bY5h-uWEgZQVJQZ0lzUTdBeFE/icons/apps/dailymotion.png">ActivateWindow(10025,&quot;plugin://plugin.video.dailymotion_com/&amp;sf_options=&quot;)</favourite>
</favourites>