<favourites>
	<favourite name="[COLOR blue]Live Games[/COLOR]" thumb="DefaultFolder.png">ActivateWindow(10025,&quot;plugin://plugin.video.prosport/?away&amp;home&amp;mode=nhl&amp;url&amp;sf_options=&quot;,return)</favourite>
	<favourite name="B-Streams" thumb="">ActivateWindow(10025,&quot;plugin://plugin.video.SportsDevil/?item=title%3dBundesliga-Streams.net%26url%3dlivesports%252Fbundesliga-streams.net.cfg%26definedIn%3dlivesports.cfg%26director%3dbundesliga-streams.net%26genre%3dLive%2bSports%26type%3drss%26icon%3dC%253A%255Ckodi%255Cportable_data%255Caddons%255Cplugin.video.SportsDevil%255Cresources%255Cimages%255Cbundesligastream.png&amp;mode=1&quot;,return)</favourite>
	<favourite name="BatManStreams" thumb="">ActivateWindow(10025,&quot;plugin://plugin.video.SportsDevil/?item=title%3dHockey%26url%3dhttp%253A%252F%252Fwww.batmanstream.com%252Fhockey-live-streaming-video-2015.html%26cfg%3dlshunter-new.cfg%2540Events%26definedIn%3dlivesports%252Flshunter-new.cfg%26director%3dLSHunter.tv%26genre%3dLive%2bSports%26type%3drss%26icon%3dC%253A%255Ckodi%255Cportable_data%255Caddons%255Cplugin.video.SportsDevil%255Cresources%255Cimages%255Clshunter_tv.png&amp;mode=1&quot;,return)</favourite>
	<favourite name="[COLOR blue]NHL Replay[/COLOR]" thumb="https://upload.wikimedia.org/wikipedia/de/thumb/1/19/Logo-NHL.svg/2000px-Logo-NHL.svg.png">ActivateWindow(10025,&quot;plugin://plugin.video.prosport/?away&amp;home&amp;mode=xrnhlarch&amp;url&quot;,return)</favourite>
</favourites>