<favourites>
	<favourite name="TeeVee" thumb="special://home/addons\plugin.video.teevee/icon.png">ActivateWindow(10025,&quot;plugin://plugin.video.teevee/?foldername=shows&amp;mode=new_tv&amp;page=1&quot;,return)</favourite>
	<favourite name="RLseries" thumb="special://home/addons\plugin.video.rlseriesER/icons/tv.png">ActivateWindow(10025,&quot;plugin://plugin.video.rlseriesER/?mode=GetTitles&amp;numOfPages=1&amp;section=ALL&amp;startPage=1&amp;url=http%3a%2f%2frlseries.com%2f%2f&amp;sf_options=fanart%3Dspecial%3A%2F%2Fhome%2Faddons%5Cplugin.video.rlseriesER%2Ficons%2Ffanart.jpg%26_options_sf&quot;,return)</favourite>
	<favourite name="TVonline" thumb="special://home/addons\plugin.video.tvonlineER/icons/icon.png">ActivateWindow(10025,&quot;plugin://plugin.video.tvonlineER/?mode=GetTitles5&amp;section=ALL&amp;url=http%3a%2f%2ftvonline.tw%2f%2fnew-episodes%2f&amp;sf_options=fanart%3Dspecial%3A%2F%2Fhome%2Faddons%5Cplugin.video.tvonlineER%2Ficons%2Ffanart.jpg%26_options_sf&quot;,return)</favourite>
	<favourite name="PullVideos" thumb="special://home/addons\plugin.video.allinone/icons/ptv.png">ActivateWindow(10025,&quot;plugin://plugin.video.allinone/?mode=GetTitles44&amp;numOfPages=1&amp;section=ALL&amp;startPage=1&amp;url=http%3a%2f%2fpullvideos.tv%2fshows-movies-releases%2f&quot;,return)</favourite>
	<favourite name="Genesis" thumb="http://www.iconpng.com/png/stickers/promotion_new.png">ActivateWindow(10025,&quot;plugin://plugin.video.origin2/?action=calendar&amp;url=added&quot;,return)</favourite>
	<favourite name="" thumb="">PlayMedia(&quot;plugin://plugin.video.none?sf_options=winID%3D10025%26_options_sf&quot;,return)</favourite>
	<favourite name="[COLOR yellow]Latest Shows [/COLOR]" thumb="special://home/addons\plugin.video.tubeplus\icon.png">ActivateWindow(10025,&quot;plugin://plugin.video.tubeplus/?description&amp;mode=6&amp;name=%5bCOLOR%20yellow%5dLatest%20Shows%20%5b%2fCOLOR%5d&amp;url=http%3a%2f%2fwww.tubeplus.is%2fbrowse%2ftv-shows%2fLast%2fALL%2f&amp;sf_options=fanart%3Dspecial%3A%2F%2Fhome%2Faddons%5Cplugin.video.tubeplus%5Cfanart.jpg%26_options_sf&quot;,return)</favourite>
</favourites>