<favourites>
	<favourite name="CNN" thumb="http://googledrive.com/host/0B-bY5h-uWEgZQVJQZ0lzUTdBeFE/icons/news/cnn.png">PlayMedia(&quot;rtmp://c.cdn.newschat.tv/edge playpath=cnn_live swfUrl=http://newschat.tv/player.swf swfVfy=1 live=1 pageUrl=http://www.livenewschat.eu/twoons timeout=15?sf_options=winID%3D10025%26_options_sf&quot;)</favourite>
	<favourite name="CNN Intl." thumb="http://googledrive.com/host/0B-bY5h-uWEgZQVJQZ0lzUTdBeFE/icons/networks/news/cnni.png">PlayMedia(&quot;rtmp://b.cdn.newschat.tv/edge playpath=cnni_live swfUrl=http://newschat.tv/player.swf live=1  pageUrl=http://www.livenewschat.eu/twoons?sf_options=winID%3D10025%26_options_sf&quot;)</favourite>
	<favourite name="CNN Backup" thumb="http://googledrive.com/host/0B-bY5h-uWEgZQVJQZ0lzUTdBeFE/icons/news/cnn.png">PlayMedia(&quot;plugin://plugin.video.uktvnow/?url=url&amp;mode=2&amp;name=CNN+&amp;description=&amp;sf_options=fanart%3Dspecial%3A%2F%2Fhome%2Faddons%5Cplugin.video.uktvnow%5Cfanart.jpg%26winID%3D10025%26_options_sf&quot;)</favourite>
	<favourite name="CNN OnDemand" thumb="https://i.ytimg.com/i/upvZG-5ko_eiXAupbDfxWw/mq1.jpg">ActivateWindow(10025,&quot;plugin://plugin.video.youtube/channel/UCupvZG-5ko_eiXAupbDfxWw/&quot;,return)</favourite>
</favourites>