<favourites>
	
	<favourite name="House" thumb="http://cdn.vaughnsoft.com/vaughnsoft/vaughn/img_profiles/house_md_320.jpg">PlayMedia(&quot;plugin://plugin.stream.vaughnlive.tv/?sourcetype=auto&amp;title=vaughn&amp;url=http%3A%2F%2Fvaughnlive.tv%2Fhouse_md&amp;section=&amp;site=&amp;mode=PlayLiveStream&amp;channel=house_md&amp;sf_options=winID%3D10025%26_options_sf&quot;)</favourite>
	<favourite name="LilyHammer" thumb="http://cdn.vaughnsoft.com/vaughnsoft/vaughn/img_profiles/mdufres1_320.jpg">PlayMedia(&quot;plugin://plugin.stream.vaughnlive.tv/?sourcetype=auto&amp;title=vaughn&amp;url=http%3A%2F%2Fvaughnlive.tv%2Fmdufres1&amp;section=&amp;site=&amp;mode=PlayLiveStream&amp;channel=mdufres1&amp;sf_options=winID%3D10025%26_options_sf&quot;)</favourite>
	<favourite name="Little House on my Prairie" thumb="http://cdn.vaughnsoft.com/vaughnsoft/vaughn/img_profiles/trekchad_320.jpg">PlayMedia(&quot;plugin://plugin.stream.vaughnlive.tv/?sourcetype=auto&amp;title=vaughn&amp;url=http%3A%2F%2Fvaughnlive.tv%2Ftrekchad&amp;section=&amp;site=&amp;mode=PlayLiveStream&amp;channel=trekchad&amp;sf_options=winID%3D10025%26_options_sf&quot;)</favourite>
	<favourite name="Psych" thumb="http://cdn.vaughnsoft.com/vaughnsoft/vaughn/img_profiles/highspothorror109_320.jpg">PlayMedia(&quot;plugin://plugin.stream.vaughnlive.tv/?sourcetype=auto&amp;title=vaughn&amp;url=http%3A%2F%2Fvaughnlive.tv%2Fhighspothorror109&amp;section=&amp;site=&amp;mode=PlayLiveStream&amp;channel=highspothorror109&amp;sf_options=winID%3D10025%26_options_sf&quot;)</favourite>
	
</favourites>