<favourites>
	
	
	
	<favourite name="1Channel" thumb="https://firestixz.files.wordpress.com/2015/07/1channel-icon.jpg">ActivateWindow(10025,&quot;plugin://plugin.video.1channel/&quot;,return)</favourite>
	<favourite name="[COLOR blanchedalmond]Bob[/COLOR]" thumb="special://home/addons\plugin.video.bob\icon.png">ActivateWindow(10025,&quot;plugin://plugin.video.bob/&quot;,return)</favourite>
	<favourite name="Exodus" thumb="http://noobsandnerds.com/addons/cache/Addons/plugin.video.exodus/icon.png">ActivateWindow(10025,&quot;plugin://plugin.video.exodus/&quot;,return)</favourite>
	<favourite name="[COLOR blanchedalmond]one242415[/COLOR]" thumb="special://home/addons\plugin.video.phstreams\icon.png">ActivateWindow(10025,&quot;plugin://plugin.video.phstreams/?action=directory&amp;url=http%3A%2F%2Fone242415.offshorepastebin.com%2Fmaindir%2FmainA.xml&quot;,return)</favourite>
	<favourite name="[COLOR blanchedalmond]one242415[/COLOR]" thumb="special://home/addons\plugin.video.phstreams\icon.png">ActivateWindow(10025,&quot;plugin://plugin.video.one242415&quot;,return)</favourite>
	<favourite name="Ororo TV" thumb="">ActivateWindow(10025,&quot;plugin://plugin.video.ororotv/&quot;,return)</favourite>
<favourite name="[COLOR blanchedalmond]Phoenix[/COLOR]" thumb="special://home/addons\plugin.video.phstreams\icon.png">ActivateWindow(10025,&quot;plugin://plugin.video.phstreams/&quot;,return)</favourite>
	<favourite name="SALTS" thumb="https://getatvbox.com/secretsauce/wp-content/uploads/2015/12/icon-1.png">ActivateWindow(10025,&quot;plugin://plugin.video.salts/&quot;,return)</favourite>
	<favourite name="Specto" thumb="https://kodi-portal.com/wp-content/uploads/2016/06/Specto-e1465213307131.png">ActivateWindow(10025,&quot;plugin://plugin.video.specto/?sf_options=fanart%3Dspecial%3A%2F%2Fhome%2Faddons%5Cplugin.video.specto%5Cfanart.jpg%26desc%3DMrknow+fork+of+...%2C+support+https%3A%2F%2Fgithub.com%2Fmrknow%2Ffilmkodi%2Fissues.%26_options_sf&quot;,return)</favourite>
	
	<favourite name="Zen" thumb="http://schismtv.srve.io/repo/zips/plugin.video.zen/icon.png">ActivateWindow(10025,&quot;plugin://plugin.video.zen/&quot;,return)</favourite>
	<favourite name="Installed Add-Ons" thumb="http://icons.iconarchive.com/icons/itzikgur/my-seven/128/Videos-1-icon.png">ActivateWindow(10025,&quot;addons://sources/video/&quot;,return)</favourite>
	<favourite name="[COLOR white]TEST[/COLOR]" thumb="http://www.icbestlink.com/images/underconstruction.png">ActivateWindow(10025,&quot;plugin://plugin.program.super.favourites/?label=[COLOR white]TEST[/COLOR]&amp;mode=400&amp;folder=Movies%2FMovie%20Addons%2FTEST&amp;sf_options=fanart%3Dspecial%3A%2F%2Fhome%2Faddons%5Cplugin.program.super.favourites%5Cfanart.jpg%26_options_sf&quot;)</favourite>
</favourites>