<favourites>
	<favourite name="FS Sport" thumb="special://home/addons\plugin.video.FSSport\icon.png">ActivateWindow(10025,&quot;plugin://plugin.video.FSSport/&quot;,return)</favourite>
	<favourite name="SportCenterHD" thumb="special://home/addons\plugin.video.sportcenterhd\icon.png">ActivateWindow(10025,&quot;plugin://plugin.video.sportcenterhd/&quot;,return)</favourite>
	<favourite name="EliteSports" thumb="special://home/addons\plugin.video.EliteSports\icon.png">ActivateWindow(10025,&quot;plugin://plugin.video.EliteSports/&quot;,return)</favourite>
	<favourite name="SportsMix" thumb="">ActivateWindow(10025,&quot;plugin://plugin.video.sportsmix/&quot;,return)</favourite>
	<favourite name="UK Turk Playlists" thumb="special://home/addons\plugin.video.ukturk\icon.png">ActivateWindow(10025,&quot;plugin://plugin.video.ukturk/&quot;,return)</favourite>
	<favourite name="Phoenix Sports" thumb="http://phoenixtv.offshorepastebin.com/art/main/DRAGONsports.jpg">ActivateWindow(10025,&quot;plugin://plugin.video.phstreams/?action=directory&amp;url=http%3a%2f%2fphoenixtv.offshorepastebin.com%2ftv%2fevents.xml&quot;,return)</favourite>
	<favourite name="cCloud Sport" thumb="special://home/addons\plugin.video.ccloudtv\resources/icons//sports.png">ActivateWindow(10025,&quot;plugin://plugin.video.ccloudtv/?iconimage=C%3a%5ckodi%5cportable_data%5caddons%5cplugin.video.ccloudtv%5cresources%2ficons%2f%2fsports.png&amp;mode=52&amp;name=%5bCOLOR%20royalblue%5d%5bB%5dSports%5b%2fB%5d%5b%2fCOLOR%5d&amp;url=sports&quot;,return)</favourite>
	<favourite name="ZemTV Sports" thumb="DefaultFolder.png">ActivateWindow(10025,&quot;plugin://plugin.video.ZemTV-shani/?mode=13&amp;name=Sports&amp;url=Live&amp;sf_options=&quot;,return)</favourite>
	<favourite name="Bulldog Streams" thumb="special://home/addons\plugin.video.bulldogstreams\icon.png">ActivateWindow(10025,&quot;plugin://plugin.video.bulldogstreams/&quot;,return)</favourite>
	<favourite name="NJM-Soccer" thumb="special://home/addons\plugin.video.NJMSoccer\icon.png">ActivateWindow(10025,&quot;plugin://plugin.video.NJMSoccer/&quot;,return)</favourite>
	<favourite name="MoneySports" thumb="special://home/addons\plugin.video.MoneySports\icon.png">ActivateWindow(10025,&quot;plugin://plugin.video.MoneySports/&quot;,return)</favourite>
	<favourite name="MoneySports/Hank" thumb="http://www.matsbuilds.co.uk/pics/evolve/hank.jpg">ActivateWindow(10025,&quot;plugin://plugin.video.Evolve/?description&amp;fanart=http%3a%2f%2fwww.matsbuilds.co.uk%2fpics%2fevolve%2ffanart.jpg&amp;mode=1&amp;name=%5bB%5d%5bCOLOR%20red%5dH%5b%2fCOLOR%5d%5bCOLOR%20white%5dank%5b%2fCOLOR%5d%5b%2fB%5d&amp;url=http%3a%2f%2fwww.matsbuilds.co.uk%2fhank%2fhankmenu.xml&quot;,return)</favourite>
</favourites>