<favourites>
	<favourite name="Castaway" thumb="https://offshoregit.com/natko1412/zips/plugin.video.castaway/icon.png">ActivateWindow(10025,&quot;plugin://plugin.video.castaway?sf_options=fanart%3Dspecial%3A%2F%2Fhome%2Faddons%5Cplugin.video.castaway%5Cfanart.jpg%26desc%3DProvides+access+to+live+content+from+many+sites.%26_options_sf&quot;,return)</favourite>
	<favourite name="SportsDevil" thumb="http://icons.iconarchive.com/icons/pixelpirate/futurama/128/Robot-Devil-icon.png">ActivateWindow(10025,&quot;plugin://plugin.video.SportsDevil&quot;)</favourite>
	<favourite name="ZemTV Sports" thumb="DefaultFolder.png">ActivateWindow(10025,&quot;plugin://plugin.video.ZemTV-shani/?mode=13&amp;name=Sports&amp;url=Live&amp;sf_options=&quot;,return)</favourite>
	<favourite name="UKTurk" thumb="http://metalkettle.co/UKTurk18022016/thumbs/new/Uk%20turk%20thumbnails%20sports.jpg">ActivateWindow(10025,&quot;plugin://plugin.video.ukturk/?description&amp;iconimage=http%3a%2f%2fmetalkettle.co%2fUKTurk18022016%2fthumbs%2fnew%2fUk%2520turk%2520thumbnails%2520sports.jpg&amp;mode=1&amp;name=Sports&amp;url=http%3a%2f%2fmetalkettle.co%2fUKTurk18022016%2fSportsList.txt&amp;sf_options=fanart%3Dspecial%3A%2F%2Fhome%2Faddons%5Cplugin.video.ukturk%5Cfanart.jpg%26_options_sf&quot;,return)</favourite>
	<favourite name="NJM-Soccer" thumb="special://home/addons\plugin.video.NJMSoccer\icon.png">ActivateWindow(10025,&quot;plugin://plugin.video.NJMSoccer/&quot;,return)</favourite>
	<favourite name="MoneySports" thumb="special://home/addons\plugin.video.MoneySports\icon.png">ActivateWindow(10025,&quot;plugin://plugin.video.MoneySports/&quot;,return)</favourite>
</favourites>