<favourites>
	<favourite name="A Pup Named Scooby-Doo" thumb="https://upload.wikimedia.org/wikipedia/en/d/d4/Pup-named-scooby-doo.jpg">ActivateWindow(10025,&quot;plugin://plugin.video.funniermoments/?image=C%3a%5ckodi15f%5cportable_data%5caddons%5cplugin.video.funniermoments%5cicon.png&amp;mode=500&amp;page=1&amp;title=A%20Pup%20Named%20Scooby-Doo%20(27%20videos)&amp;url=http%3a%2f%2fwww.funniermoments.com%2fbrowse-pupscoobydoo-videos-1-date.html&quot;,return)</favourite>
	<favourite name="The 13 Ghosts of Scooby-Doo (13 videos)" thumb="  ">ActivateWindow(10025,&quot;plugin://plugin.video.funniermoments/?image=C%3a%5ckodi15f%5cportable_data%5caddons%5cplugin.video.funniermoments%5cicon.png&amp;mode=500&amp;page=1&amp;title=The%2013%20Ghosts%20of%20Scooby-Doo%20(13%20videos)&amp;url=http%3a%2f%2fwww.funniermoments.com%2fbrowse-the13ghostsofscoobydoo-videos-1-date.html&quot;,return)</favourite>
	<favourite name="Scooby&apos;s All-Star Laff-A-Lympics (24 videos)" thumb="  ">ActivateWindow(10025,&quot;plugin://plugin.video.funniermoments/?image=C%3a%5ckodi15f%5cportable_data%5caddons%5cplugin.video.funniermoments%5cicon.png&amp;mode=500&amp;page=1&amp;title=Scooby%27s%20All-Star%20Laff-A-Lympics%20(24%20videos)&amp;url=http%3a%2f%2fwww.funniermoments.com%2fbrowse-laffalympics-videos-1-date.html&quot;,return)</favourite>
	<favourite name="Scooby-Doo &amp; Scrappy-Doo (62 videos)" thumb="  ">ActivateWindow(10025,&quot;plugin://plugin.video.funniermoments/?image=C%3a%5ckodi15f%5cportable_data%5caddons%5cplugin.video.funniermoments%5cicon.png&amp;mode=500&amp;page=1&amp;title=Scooby-Doo%20%26%20Scrappy-Doo%20(62%20videos)&amp;url=http%3a%2f%2fwww.funniermoments.com%2fbrowse-scoobyandscrappydoo-videos-1-date.html&quot;,return)</favourite>
	<favourite name="Scooby-Doo Movies &amp; Specials (33 videos)" thumb="  ">ActivateWindow(10025,&quot;plugin://plugin.video.funniermoments/?image=C%3a%5ckodi15f%5cportable_data%5caddons%5cplugin.video.funniermoments%5cicon.png&amp;mode=500&amp;page=1&amp;title=Scooby-Doo%20Movies%20%26%20Specials%20(33%20videos)&amp;url=http%3a%2f%2fwww.funniermoments.com%2fbrowse-scoobydooms-videos-1-date.html&quot;,return)</favourite>
	<favourite name="The Scooby-Doo Show (40 videos)" thumb="  ">ActivateWindow(10025,&quot;plugin://plugin.video.funniermoments/?image=C%3a%5ckodi15f%5cportable_data%5caddons%5cplugin.video.funniermoments%5cicon.png&amp;mode=500&amp;page=1&amp;title=The%20Scooby-Doo%20Show%20(40%20videos)&amp;url=http%3a%2f%2fwww.funniermoments.com%2fbrowse-scoobydooshow-videos-1-date.html&quot;,return)</favourite>
	<favourite name="Scooby-Doo, Where Are You? (25 videos)" thumb="  ">ActivateWindow(10025,&quot;plugin://plugin.video.funniermoments/?image=C%3a%5ckodi15f%5cportable_data%5caddons%5cplugin.video.funniermoments%5cicon.png&amp;mode=500&amp;page=1&amp;title=Scooby-Doo%2c%20Where%20Are%20You%3f%20(25%20videos)&amp;url=http%3a%2f%2fwww.funniermoments.com%2fbrowse-scoobydoo-videos-1-date.html&quot;,return)</favourite>
	<favourite name="The New Scooby-Doo Movies (24 videos)" thumb="  ">ActivateWindow(10025,&quot;plugin://plugin.video.funniermoments/?image=C%3a%5ckodi15f%5cportable_data%5caddons%5cplugin.video.funniermoments%5cicon.png&amp;mode=500&amp;page=1&amp;title=The%20New%20Scooby-Doo%20Movies%20(24%20videos)&amp;url=http%3a%2f%2fwww.funniermoments.com%2fbrowse-newscoobydoomovies-videos-1-date.html&quot;,return)</favourite>
	<favourite name="The Richie Rich Scooby-Doo Show (7 videos)" thumb="  ">ActivateWindow(10025,&quot;plugin://plugin.video.funniermoments/?image=C%3a%5ckodi15f%5cportable_data%5caddons%5cplugin.video.funniermoments%5cicon.png&amp;mode=500&amp;page=1&amp;title=The%20Richie%20Rich%20Scooby-Doo%20Show%20(7%20videos)&amp;url=http%3a%2f%2fwww.funniermoments.com%2fbrowse-richierichscoobydoo-videos-1-date.html&quot;,return)</favourite>
</favourites>