<favourites>
	<favourite name="USTV VoD" thumb="special://home/addons\plugin.video.ustvvod\icon.png">ActivateWindow(10025,&quot;plugin://plugin.video.ustvvod/&quot;,return)</favourite>
	<favourite name="Crackler" thumb="special://home/addons\plugin.video.crackler\icon.png">ActivateWindow(10025,&quot;plugin://plugin.video.crackler/&quot;,return)</favourite>
	<favourite name="Crackle" thumb="https://raw.githubusercontent.com/moneymaker365/plugin.video.ustvvod/master/resources/images/crackle.png">ActivateWindow(10025,&quot;plugin://plugin.video.ustvvod/?fanart=%22C%3a%5ckodi2%5cportable_data%5caddons%5cplugin.video.ustvvod%5cfanart.jpg%22&amp;mode=%22crackle%22&amp;name=%22Crackle%22&amp;sitemode=%22rootlist%22&amp;thumb=%22C%3a%5ckodi2%5cportable_data%5caddons%5cplugin.video.ustvvod%5cresources%5cimages%5ccrackle.png%22&amp;url=%22%22&amp;sf_options=&quot;)</favourite>
	<favourite name="ABC" thumb="">ActivateWindow(10025,&quot;plugin://plugin.video.wabc/&quot;,return)</favourite>
	<favourite name="NBC" thumb="https://raw.githubusercontent.com/moneymaker365/plugin.video.ustvvod/master/resources/images/nbc.png">ActivateWindow(10025,&quot;plugin://plugin.video.wnbc/&quot;,return)</favourite>
	<favourite name="CBS" thumb="https://raw.githubusercontent.com/moneymaker365/plugin.video.ustvvod/master/resources/images/cbs.png">ActivateWindow(10025,&quot;plugin://plugin.video.wral/&quot;,return)</favourite>
	<favourite name="Sundance TV" thumb="special://home/addons\plugin.video.sundance\icon.png">ActivateWindow(10025,&quot;plugin://plugin.video.sundance?sf_options=fanart%3Dspecial%3A%2F%2Fhome%2Faddons%5Cplugin.video.sundance%5Cfanart.jpg%26desc%3DFind+the+best+in+independent+film%2C+original+series%2C+blogs+and+original+web+content+focusing+on+indie+culture.%26_options_sf&quot;,return)</favourite>
	<favourite name="ABC Family" thumb="special://home/addons\plugin.video.abcfamily\icon.png">ActivateWindow(10025,&quot;plugin://plugin.video.abcfamily/&quot;,return)</favourite>
	<favourite name="[COLOR black]Syfy[/COLOR]" thumb="http://mirrors.kodi.tv/addons/gotham/plugin.video.syfy/icon.png">ActivateWindow(10025,&quot;plugin://plugin.video.syfy/&amp;sf_options=&quot;)</favourite>
	<favourite name="[COLOR black]Bravo[/COLOR]" thumb="http://mirrors.kodi.tv/addons/gotham/plugin.video.bravo/icon.png">ActivateWindow(10025,&quot;plugin://plugin.video.bravo/&amp;sf_options=&quot;)</favourite>
	<favourite name="[COLOR black]Oxygen[/COLOR]" thumb="https://raw.githubusercontent.com/moneymaker365/plugin.video.ustvvod/master/resources/images/oxygen.png">ActivateWindow(10025,&quot;plugin://plugin.video.oxygen/&amp;sf_options=&quot;)</favourite>
	<favourite name="Cooking Channel" thumb="http://static01.uverse.com/web_files/NEXTGEN/web_files/images/Network%20Logos/network-page/cooking_channel_277x85.png">ActivateWindow(10025,&quot;plugin://plugin.video.cook/&amp;sf_options=&quot;)</favourite>
	<favourite name="Food Network" thumb="https://upload.wikimedia.org/wikipedia/commons/thumb/d/d8/Food_Network.svg/135px-Food_Network.svg.png">ActivateWindow(10025,&quot;plugin://plugin.video.foodnetwork/&amp;sf_options=&quot;)</favourite>
	<favourite name="HGTV" thumb="http://cdn.ulive.com/d6/3b/3d1c2f7e41a289f7d55ba7f55349/hgtv-logo-source-page.png">ActivateWindow(10025,&quot;plugin://plugin.video.hgtv/&amp;sf_options=&quot;)</favourite>
	<favourite name="DIY Network " thumb="http://cdn.ulive.com/88/cc/a2d6350a4fcdbbcf946c50ad0ac1/diy-logo-source.png">ActivateWindow(10025,&quot;plugin://plugin.video.diy/&amp;sf_options=&quot;)</favourite>
	<favourite name="PBS ThinkTV" thumb="special://home/addons\plugin.video.thinktv\icon.png">ActivateWindow(10025,&quot;plugin://plugin.video.thinktv/&quot;,return)</favourite>
	<favourite name="Smithsonian Channel" thumb="http://www.apk20.com/image/icon-253745">ActivateWindow(10025,&quot;plugin://plugin.video.smithsonian/&quot;)</favourite>
	<favourite name="[COLOR black]Food Network Canada[/COLOR]" thumb="http://www.foodnetwork.ca/static/content/food-network/images/food_network_canada_logo.png">ActivateWindow(10025,&quot;plugin://plugin.video.foodnetwork.canada?sf_options=fanart%3Dspecial%3A%2F%2Fhome%2Faddons%5Cplugin.video.foodnetwork.canada%5Cfanart.jpg%26desc%3DPlay+videos+from+the+Food+Network+Canada+Network%26_options_sf&quot;,return)</favourite>
	<favourite name="[COLOR black]HGTV Canada[/COLOR]" thumb="http://mirrors.kodi.tv/addons/jarvis/plugin.video.hgtv.canada/icon.png">ActivateWindow(10025,&quot;plugin://plugin.video.hgtv.canada?sf_options=fanart%3Dspecial%3A%2F%2Fhome%2Faddons%5Cplugin.video.hgtv.canada%5Cfanart.jpg%26desc%3DPlay+videos+from+the+HGTV+Canada+Network%26_options_sf&quot;,return)</favourite>
	<favourite name="VICELAND" thumb="https://yt3.ggpht.com/-eHn3-vaOb3Y/AAAAAAAAAAI/AAAAAAAAAAA/2y3py4kCs5A/s240-c-k-no/photo.jpg">ActivateWindow(10025,&quot;plugin://plugin.video.youtube/channel/UCWF0PiUvUi3Jma2oFgaiX2w/&quot;,return)</favourite>
	<favourite name="ABC Family" thumb="https://raw.githubusercontent.com/moneymaker365/plugin.video.ustvvod/master/resources/images/abcfamily.png">ActivateWindow(10025,&quot;plugin://plugin.video.abcfamily?sf_options=desc%3DABC+Family+Channel+Programs+in+1080%26_options_sf&quot;,return)</favourite>
	<favourite name="[COLOR black]Hallmark Channel[/COLOR]" thumb="special://home/addons\plugin.video.hallmark\icon.png">ActivateWindow(10025,&quot;plugin://plugin.video.hallmark/&quot;,return)</favourite>
</favourites>