<favourites>
	<favourite name="GenieTV" thumb="http://architects.x10host.com/GenieArt/english.png">ActivateWindow(10025,&quot;plugin://plugin.video.GenieTv/?description&amp;fanart=C%3a%5ckodi%5cportable_data%5caddons%5cplugin.video.GenieTv%5cfanart.jpg&amp;iconimage=http%3a%2f%2farchitects.x10host.com%2fGenieArt%2fenglish.png&amp;mode=9021&amp;name=%5bCOLORgreen%5dLive%20Tv%5b%2fCOLOR%5d&amp;url=http%3a%2f%2farchitects.x10host.com&amp;sf_options=fanart%3Dspecial%3A%2F%2Fhome%2Faddons%5Cplugin.video.GenieTv%5Cfanart.jpg%26_options_sf&quot;,return)</favourite>
	<favourite name="SPORTS CHANNELS ( MAINLY HQ )" thumb="http://s30.postimg.org/b68t4wyb5/live_sports_hq.jpg">ActivateWindow(10025,&quot;plugin://plugin.video.MoneySports/?fanart=http%3a%2f%2fwww.schoolsplus.co.uk%2fharrispurley%2fwp-content%2fuploads%2fsites%2f20%2f2014%2f08%2fSP-Harris-Purley-Pitch2.jpg&amp;mode=1&amp;name=SPORTS%20CHANNELS%20(%20MAINLY%20HQ%20)&amp;url=http%3a%2f%2fis.gd%2fHQLIST&amp;sf_options=fanart%3Dhttp%3A%2F%2Fwww.schoolsplus.co.uk%2Fharrispurley%2Fwp-content%2Fuploads%2Fsites%2F20%2F2014%2F08%2FSP-Harris-Purley-Pitch2.jpg%26_options_sf&quot;,return)</favourite>
	<favourite name="TEDDY BADBOY SPORTS" thumb="http://www.mma-icons.com/images/kuvat/bad_boy_brazilrashguard_white04.jpg">ActivateWindow(10025,&quot;plugin://plugin.video.MoneySports/?fanart=http%3a%2f%2fpre03.deviantart.net%2f3943%2fth%2fpre%2fi%2f2011%2f192%2f7%2f9%2fbrazen_by_enmismanima-d3n1c2z.jpg&amp;mode=1&amp;name=TEDDY%20BADBOY%20SPORTS&amp;url=http%3a%2f%2fis.gd%2fteddysports&amp;sf_options=fanart%3Dhttp%3A%2F%2Fpre03.deviantart.net%2F3943%2Fth%2Fpre%2Fi%2F2011%2F192%2F7%2F9%2Fbrazen_by_enmismanima-d3n1c2z.jpg%26_options_sf&quot;,return)</favourite>
	<favourite name="[COLOR blue]Maxpower™[/COLOR]" thumb="http://ladda-upp.se/files/2016/b178370.jpg">ActivateWindow(10025,&quot;plugin://plugin.video.Test/?fanart=http%3a%2f%2fladda-upp.se%2ffiles%2f2016%2fb179025.jpg&amp;mode=1&amp;name=%5bCOLOR%20blue%5dMaxpower%e2%84%a2%5b%2fCOLOR%5d&amp;url=http%3a%2f%2fpastebin.com%2fraw%2fYnXMEx7p&amp;sf_options=fanart%3Dhttp%3A%2F%2Fladda-upp.se%2Ffiles%2F2016%2Fb179025.jpg%26_options_sf&quot;,return)</favourite>
</favourites>