<favourites>
	<favourite name="Sanctuary Kids" thumb="">ActivateWindow(10025,&quot;plugin://plugin.video.sanctuary/?description&amp;extra&amp;fanart=&amp;iconimage=&amp;mode=33&amp;name=Kids&amp;url&amp;sf_options=fanart%3D%26_options_sf&quot;,return)</favourite>
	<favourite name="" thumb="">ActivateWindow(10025,&quot;plugin://plugin.video.&quot;,return)</favourite>		
	<favourite name="Funnier Moments" thumb="special://home/addons\plugin.video.funniermoments\icon.png">ActivateWindow(10025,&quot;plugin://plugin.video.funniermoments/?sf_options=desc%3DWatch+your+favourite+Hanna-Barbera+cartoons%2C+and+many+more%2C+courtesy+of+www.funniermoments.com%26_options_sf&quot;,return)</favourite>
	<favourite name="ToonMania" thumb="special://home/addons\plugin.video.toonmania\icon.png">ActivateWindow(10025,&quot;plugin://plugin.video.toonmania?sf_options=fanart%3Dspecial%3A%2F%2Fhome%2Faddons%5Cplugin.video.toonmania%5Cfanart.jpg%26_options_sf&quot;,return)</favourite>
	<favourite name="CartoonsOn" thumb="special://home/addons\plugin.video.cartoonson\icon.png">ActivateWindow(10025,&quot;plugin://plugin.video.cartoonson/&quot;,return)</favourite>
	
	
	    <favourite name="9Cartoon" thumb="C:\kodi\portable_data\addons\plugin.video.cartoons8\cartoon.png">ActivateWindow(10025,&quot;plugin://plugin.video.cartoons8/?iconimage=C%3a%5ckodi%5cportable_data%5caddons%5cplugin.video.cartoons8%5ccartoon.png&amp;mode=9&amp;name=9Cartoon&amp;url=url&quot;,return)</favourite>
    <favourite name="Super Cartoons" thumb="C:\kodi\portable_data\addons\plugin.video.cartoons8\superc.png">ActivateWindow(10025,&quot;plugin://plugin.video.cartoons8/?iconimage=C%3a%5ckodi%5cportable_data%5caddons%5cplugin.video.cartoons8%5csuperc.png&amp;mode=4&amp;name=Super%20Cartoons&amp;url=url&quot;,return)</favourite>
	<favourite name="Kiddie Cartoons" thumb="special://home/addons\plugin.video.kiddiecartoons\icon.png">ActivateWindow(10025,&quot;plugin://plugin.video.kiddiecartoons/?sf_options=fanart%3Dspecial%3A%2F%2Fhome%2Faddons%5Cplugin.video.kiddiecartoons%5Cfanart.jpg%26_options_sf&quot;,return)</favourite>
	
	
	<favourite name="" thumb="">ActivateWindow(10025,&quot;plugin://plugin.video.&quot;,return)</favourite>		
	<favourite name="Cartoon Crazy" thumb="http://phoenixtv.offshorepastebin.com/art/main/Cartoon%20Crazy%204.jpg">ActivateWindow(10025,&quot;plugin://plugin.video.phstreams/?action=cartoon&quot;,return)</favourite>
	<favourite name="Cartoons8" thumb="special://home/addons\plugin.video.cartoons8\icon.png">ActivateWindow(10025,&quot;plugin://plugin.video.cartoons8/&quot;,return)</favourite>
	
	
	<favourite name="" thumb="">ActivateWindow(10025,&quot;plugin://plugin.video.&quot;,return)</favourite>		

	

<favourite name="TV-G" thumb="">ActivateWindow(10025,&quot;plugin://plugin.video.origin2/?action=tvshows&amp;url=http%3a%2f%2fwww.imdb.com%2fsearch%2ftitle%3ftitle_type%3dtv_series%2cmini_series%26release_date%3d%2cdate%5b0%5d%26certificates%3dus%3atv_g%26sort%3dmoviemeter%2casc%26count%3d40%26start%3d1&quot;,return)</favourite>


	<favourite name="Reddit" thumb="">ActivateWindow(10025,&quot;plugin://plugin.video.reddit_tv/?mode=autoPlay&amp;type=UNWATCHED_RANDOM&amp;url=http%3a%2f%2fwww.reddit.com%2fr%2ffullcartoonsonyoutube%2fsearch.json%3fq%3dnsfw%3ano%2bsite%253Ayoutu.be%2bOR%2bsite%253Ayoutube.com%2bOR%2bsite%253Avimeo.com%2bOR%2bsite%253Aliveleak.com%2bOR%2bsite%253Adailymotion.com%26sort%3dnew%26restrict_sr%3don%26limit%3d50&amp;sf_options=&quot;,return)</favourite>

	
	<favourite name="" thumb="">ActivateWindow(10025,&quot;plugin://plugin.video.&quot;,return)</favourite>
<favourite name="Kids - Vodpass" thumb="">ActivateWindow(10025,&quot;plugin://plugin.video.vodpass/?tag=vodpass_kids&quot;,return)</favourite>
	<favourite name="[COLOR aqua]T[/COLOR][COLOR red]y[/COLOR][COLOR yellow]k[/COLOR][COLOR green]e[/COLOR][COLOR orange]s[/COLOR]" thumb="special://home/addons\plugin.video.mkids\icon.png">ActivateWindow(10025,&quot;plugin://plugin.video.mkids/&quot;,return)</favourite>
	<favourite name="[COLOR aqua]Excalibur Toons[/COLOR] = broken" thumb="special://home/addons\plugin.video.extoons\icon.png">ActivateWindow(10025,&quot;plugin://plugin.video.extoons/&quot;,return)</favourite>
	
	<favourite name="Toytrains4u TV - broken" thumb="">ActivateWindow(10025,&quot;plugin://plugin.video.toytrains4u/&quot;,return)</favourite>
	<favourite name="Kids Tube - broken" thumb="special://home/addons\plugin.video.kids-tube\icon.png">ActivateWindow(10025,&quot;plugin://plugin.video.kids-tube?sf_options=fanart%3Dspecial%3A%2F%2Fhome%2Faddons%5Cplugin.video.kids-tube%5Cfanart.jpg%26desc%3DYouTube+Channels+of+Fun+and+Educational+videos+for+kids%26_options_sf&quot;,return)</favourite>
	<favourite name="familyfunflix - broken" thumb="special://home/addons\plugin.video.familyfunflix\icon.png">ActivateWindow(10025,&quot;plugin://plugin.video.familyfunflix/&amp;sf_options=&quot;,return)</favourite>
	


	<favourite name="New Kids Tv - broken" thumb="special://home/addons\plugin.video.newkidstv\icon.png">ActivateWindow(10025,&quot;plugin://plugin.video.newkidstv?sf_options=fanart%3Dspecial%3A%2F%2Fhome%2Faddons%5Cplugin.video.newkidstv%5Cfanart.jpg%26desc%3DPlenty+Of+Kids+TV+Shows+they+will+all+love%21+by+%40random_robbie%26_options_sf&quot;,return)</favourite>



	
	<favourite name="supercartoons - broken" thumb="http://venturebeat.com/wp-content/uploads/2015/02/YouTube-Kids-App-Icon.png">PlayMedia(&quot;plugin://plugin.video.supercartoons/?mode=100&amp;title=Kids+Time&amp;image=C%3A%5Ckodi%5Cportable_data%5Caddons%5Cplugin.video.supercartoons%5Cresources%5Cartwork%5Ckidstime.png&amp;page=1&amp;sf_options=winID%3D10025%26_options_sf&quot;,return)</favourite>
	
</favourites>