<favourites>
	<favourite name="[COLOR crimson]FRESH START[/COLOR] / RESET" thumb="http://leanpizza.net/wp-content/uploads/2011/04/Reset.png">ActivateWindow(10001,&quot;plugin://plugin.galaxy.freshstart&quot;,return)</favourite>
	<favourite name="[COLOR white]ISP Speed Test[/COLOR]" thumb="http://www.live-arena.ru/logos/unnagfgfmed.png">PlayMedia(&quot;plugin://plugin.program.totalinstaller/?url=https%3A%2F%2Ftotalrevolution.googlecode.com%2Fsvn%2Ftrunk%2Fdownload%2520files%2F32MB.txt&amp;mode=runtest&amp;name=Download+32MB+file+++-+%5BCOLOR%3Dlime%5DServer+1%5B%2FCOLOR%5D&amp;fanart=C%3A%5Ckodi15f%5Cportable_data%5Caddons%5Cplugin.program.totalinstaller%5Cfanart.jpg&amp;video=&amp;description=&amp;sf_options=fanart%3Dspecial%3A%2F%2Fhome%2Faddons%5Cplugin.program.totalinstaller%5Cfanart.jpg%26winID%3D10025%26_options_sf&quot;,return)</favourite>
	<favourite name="[COLOR chartreuse]Clear[/COLOR] Cache" thumb="https://upload.wikimedia.org/wikipedia/commons/thumb/2/2c/Broom_icon.svg/2000px-Broom_icon.svg.png">PlayMedia(&quot;plugin://plugin.video.water/?description&amp;mode=4&amp;name=DELETE%20CACHE&amp;url=url&amp;&amp;sf_options=winID%3D10025%26_options_sf&quot;,return)</favourite>
	<favourite name="Available updates" thumb="DefaultHardDisk.png">ActivateWindow(10040,&quot;addons://outdated/&quot;,return)</favourite>
</favourites>