<favourites>
	<--! favourite name="[COLOR blue]Enable Adult Content[/COLOR]" thumb="">PlayMedia(&quot;plugin://plugin.video.water/?url=http%3A%2F%2Fgoogledrive.com%2Fhost%2F0B-bY5h-uWEgZbndYVGZVYmJvb0E%2Fbuild%2Fadultrepos.zip&amp;mode=5&amp;name=Adult+Repos&amp;sf_options=winID%3D10025%26_options_sf&quot;,return)</favourite>
	<favourite name="" thumb="">PlayMedia(&quot;plugin://plugin.video.none?sf_options=winID%3D10025%26_options_sf&quot;,return)</favourite>
	<favourite name="Ultimate Whitecream" thumb="">ActivateWindow(10025,&quot;plugin://plugin.video.uwc?sf_options=fanart%3Dspecial%3A%2F%2Fhome%2Faddons%5Cplugin.video.uwc%5Cfanart.jpg%26desc%3DWatch+%5BCOLOR+red%5D%5BB%5DADULT%5B%2FB%5D%5B%2FCOLOR%5D+Movies+with+Ultimate+WhiteCream%26_options_sf&quot;,return)</favourite>
	<favourite name="AdultHideout" thumb="">ActivateWindow(10025,&quot;plugin://plugin.video.adulthideout/&quot;,return)</favourite>
	<favourite name="Jizz Planet" thumb="">ActivateWindow(10025,&quot;plugin://plugin.video.jizzplanet/&quot;,return)</favourite>
	<favourite name="VideoDevil" thumb="">ActivateWindow(10025,&quot;plugin://plugin.video.videodevil/&quot;,return)</favourite>
	<favourite name="XXX-O-DUS" thumb="">ActivateWindow(10025,&quot;plugin://plugin.video.xxx-o-dus/&quot;,return)</favourite>
	<favourite name="XXXtreme" thumb="">ActivateWindow(10025,&quot;plugin://plugin.video.XXXtreme/&quot;,return)</favourite>
    <favourite name="YouPorn" thumb="">ActivateWindow(10025&quot;plugin.video.youporn&quot;)</favourite>
</favourites>
	<favourite name="" thumb="">PlayMedia(&quot;plugin://plugin.video.none?sf_options=winID%3D10025%26_options_sf&quot;,return)</favourite>
	<favourite name="Recently Added HD" thumb="">ActivateWindow(10025,&quot;plugin://plugin.video.uwc/?channel=None&amp;keyword&amp;mode=5&amp;name=%5bCOLOR%20hotpink%5dOne%20list%2c%20to%20watch%20them%20all%5b%2fCOLOR%5d&amp;page=1&amp;section=None&amp;url&quot;,return)</favourite>
	<favourite name="Pornstars" thumb="">ActivateWindow(10025,&quot;plugin://plugin.video.uwc/?channel=None&amp;keyword&amp;mode=15&amp;name=%5bCOLOR%20hotpink%5dTop%20Pornstars%5b%2fCOLOR%5d&amp;page&amp;section=None&amp;url=http%3a%2f%2fwww.watchxxxfree.com%2ftop-pornstars%2f&quot;,return)</favourite>
	<favourite name="" thumb="">PlayMedia(&quot;plugin://plugin.video.none?sf_options=winID%3D10025%26_options_sf&quot;,return)</favourite>
	<favourite name="Empflix" thumb="">ActivateWindow(10025,&quot;plugin://plugin.video.empflix/?sf_options=desc%3DEmpflix.com+features+a+variety+of+adult+videos.+This+addon+contains+explicit+adult+material.+You+may+only+view+this+addon+if+you+are+at+least+18+years+of+age%2C+or+at+least+the+age+of+majority+in+the+jurisdiction+where+you+reside+or+from+which+you+access+this+content.+If+you+do+not+meet+these+requirements%2C+then+you+do+not+have+permission+to+use+this+addon.++All+content+is+hosted+by+empflix.com.%26_options_sf&quot;,return)</favourite>
	<favourite name="Fantasti.cc" thumb="">ActivateWindow(10025,&quot;plugin://plugin.video.fantasticc/&quot;)</favourite>
	<favourite name="Lubetube" thumb="">ActivateWindow(10025,&quot;plugin://plugin.video.lubetube/&quot;)</favourite>
	<favourite name="Tube8" thumb="">ActivateWindow(10025,&quot;plugin://plugin.video.tube8/&quot;)</favourite>
	<favourite name="YouJizz.com" thumb="">ActivateWindow(10025,&quot;plugin://plugin.video.you.jizz/?sf_options=desc%3D%2A%2A%2A%2AADULT+CONTENT%2A%2A%2A%2A%2A+Watch+erotic+and+sexy+videos+from+YouJizz.com%26_options_sf&quot;,return)</favourite>
	<favourite name="More Sites...." thumb="">ActivateWindow(10025,&quot;plugin://plugin.video.videodevil/&quot;)</favourite>
	<favourite name="" thumb="">PlayMedia(&quot;plugin://plugin.video.none?sf_options=winID%3D10025%26_options_sf&quot;,return)</favourite>
	<favourite name="" thumb="">PlayMedia(&quot;plugin://plugin.video.none?sf_options=winID%3D10025%26_options_sf&quot;,return)</favourite>
	<favourite name="Sites" thumb="">ActivateWindow(10025,&quot;plugin://plugin.program.super.favourites/?label=Sites&amp;mode=400&amp;folder=More%2FxAdult%2FSites&amp;sf_options=fanart%3Dspecial%3A%2F%2Fhome%2Faddons%5Cplugin.video.adult.3xz%5Cfanart.jpg%26_options_sf&quot;)</favourite>
</favourites>