<favourites>
	<favourite name="Search" thumb="http://icons.iconarchive.com/icons/custom-icon-design/flatastic-1/512/search-icon.png">ActivateWindow(10040,&quot;addons://search/&quot;,return)</favourite>
	<favourite name="Add-on Browser" thumb="http://myersinfosys.com/wp-content/uploads/2015/06/icon-addons.png">ActivateWindow(10040,&quot;addons://install/&quot;)</favourite>
	<favourite name="[COLOR azure]Video add-ons[/COLOR]" thumb="http://icons.iconarchive.com/icons/custom-icon-design/pretty-office-5/256/addons-icon.png">ActivateWindow(10025,&quot;addons://sources/video/&quot;,return)</favourite>
	<favourite name="[COLOR azure]Programs[/COLOR] add-ons" thumb="http://icons.iconseeker.com/png/fullsize/muku-style/program.png">ActivateWindow(10001,&quot;addons://sources/executable/&quot;)</favourite>
	<favourite name="Web browser" thumb="http://icons.iconarchive.com/icons/cornmanthe3rd/plex/128/Internet-chrome-icon.png">RunScript(special://home/addons/script.supafav/more/openbrowser.py)</favourite>
	<favourite name="[COLOR chartreuse]Popular Addons[/COLOR]" thumb="">ActivateWindow(10025,&quot;plugin://plugin.program.super.favourites/?label=Browse&amp;mode=400&amp;folder=More%2FPopular%20Addons%2FBrowse&amp;sf_options=fanart%3Dspecial%3A%2F%2Fhome%2Faddons%5Cplugin.video.1channel%5Cfanart.jpg%26_options_sf&quot;)</favourite>
	<favourite name="[COLOR blue]T[/COLOR]itan" thumb="special://home/addons\plugin.video.titan\icon.png">ActivateWindow(10025,&quot;plugin://plugin.video.titan?sf_options=fanart%3Dspecial%3A%2F%2Fhome%2Faddons%5Cplugin.video.titan%5Cfanart.jpg%26desc%3DWatch+from+a+huge+selection+of+Movies+Tv+Shows+and+Collections...+Credits+to+Lambda+for+some+resolvers+used+in+this+addon%26_options_sf&quot;,return)</favourite>
	<favourite name="UpBuzz" thumb="special://home/addons\plugin.video.upbuzz\icon.png">ActivateWindow(10025,&quot;plugin://plugin.video.upbuzz?sf_options=fanart%3Dspecial%3A%2F%2Fhome%2Faddons%5Cplugin.video.upbuzz%5Cfanart.jpg%26desc%3DPlay+a+wide+selection+of+scene+release+movies+and+Tv+shows+from+upbuzz+for+more+info+please+go+to+www.entertainmentrepo.com%26_options_sf&quot;,return)</favourite>
	<favourite name="Phoenix" thumb="https://addons.tvaddons.ag/cache/images/3880d90319b7722685146e8b356c08_icon.png">ActivateWindow(10025,&quot;plugin://plugin.video.phstreams/&quot;)</favourite>
</favourites>