<favourites>
	<favourite name="[COLOR whitee]Sport Channels[/COLOR]" thumb="special://home/addons\plugin.video.stealthtv\icon.png">ActivateWindow(10025,&quot;plugin://plugin.video.wateriptv/?description&amp;mode=2105&amp;name=%5bCOLOR%20whitee%5dSport%20Channels%5b%2fCOLOR%5d&amp;url=0&quot;,return)</favourite>
	<favourite name="SportsMix" thumb="">ActivateWindow(10025,&quot;plugin://plugin.video.sportsmix/&quot;,return)</favourite>
	<favourite name="Phoneix Sports" thumb="http://phoenixtv.offshorepastebin.com/art/tv/livetvscreens.jpg">ActivateWindow(10025,&quot;plugin://plugin.video.phstreams/?action=directory&amp;url=http%3a%2f%2fphoenixtv.offshorepastebin.com%2ftv%2fsports.xml&amp;sf_options=fanart%3Dspecial%3A%2F%2Fhome%2Faddons%5Cplugin.video.phstreams%5Cfanart.jpg%26_options_sf&quot;,return)</favourite>
	<favourite name="ZemTV Sports" thumb="DefaultFolder.png">ActivateWindow(10025,&quot;plugin://plugin.video.ZemTV-shani/?mode=13&amp;name=Sports&amp;url=Live&amp;sf_options=&quot;,return)</favourite>
	<favourite name="mamaHD" thumb="http://sports24hour.com/wp-content/uploads/2015/10/sky-sports-broadcast-live-telecast-of-ram-slam-t20-online.png">ActivateWindow(10025,&quot;plugin://plugin.video.SportsDevil/?item=title%3dMamaHD.com%26url%3dtv%252Fmamahd.com.cfg%26definedIn%3dtv.cfg%26director%3dmamahd.com%26genre%3dTV%26type%3drss%26icon%3dC%253A%255Ckodi15final1%255Cportable_data%255Caddons%255Cplugin.video.SportsDevil%255Cresources%255Cimages%255Cmamahd.png&amp;mode=1&amp;sf_options=fanart%3Dspecial%3A%2F%2Fhome%2Faddons%5Cplugin.video.SportsDevil%5Cfanart.jpg%26_options_sf&quot;,return)</favourite>
	<favourite name="waterSports" thumb="">ActivateWindow(10025,&quot;plugin://plugin.video.phstreams/?action=directory&amp;url=http%3A%2F%2Fpastebin.com%2Fraw%2FFsW3VdBG&quot;,return)</favourite>
	<favourite name="[B][COLOR red]S[/COLOR][COLOR white]ports[/COLOR][/B]" thumb="http://www.matsbuilds.co.uk/pics/goliath/icons/sports.png">ActivateWindow(10025,&quot;plugin://plugin.video.Evolve/?description&amp;fanart=http%3a%2f%2fwww.matsbuilds.co.uk%2fpics%2fgoliath%2ficons%2fsports.png&amp;mode=1&amp;name=%5bB%5d%5bCOLOR%20red%5dS%5b%2fCOLOR%5d%5bCOLOR%20white%5dports%5b%2fCOLOR%5d%5b%2fB%5d&amp;url=http%3a%2f%2fwww.matsbuilds.co.uk%2fGoliathLists%2fLivesports1.xml&quot;,return)</favourite>
	<favourite name="Sports Channels" thumb="http://i.imgur.com/Cy9ezHZ.png">ActivateWindow(10025,&quot;plugin://plugin.video.Evolve/?description&amp;fanart=http%3a%2f%2fi.imgur.com%2fOgd1Uxf.png&amp;mode=1&amp;name=Sports%20Channels&amp;url=http%3a%2f%2fpastebin.com%2fraw%2fBVqREDJQ&quot;,return)</favourite>
</favourites>