<favourites>
	<favourite name="One242415" thumb="http://one242415.offshorepastebin.com/skullPhoenicIcon.png">ActivateWindow(10025,&quot;plugin://plugin.video.phstreams/?action=directory&amp;content=0&amp;url=http%3a%2f%2fone242415.offshorepastebin.com%2fmaindir%2fmain.xml&quot;,return)</favourite>
	<favourite name="Her Place" thumb="http://herplace.offshorepastebin.com/myicon.png">ActivateWindow(10025,&quot;plugin://plugin.video.phstreams/?action=directory&amp;content=0&amp;url=http%3a%2f%2fherplace.offshorepastebin.com%2fmaindir%2fmain.xml&quot;,return)</favourite>
	<favourite name="Cosmix" thumb="http://cosmix.offshorepastebin.com/Weblinks/icons/CosmixIconNew.png">ActivateWindow(10025,&quot;plugin://plugin.video.phstreams/?action=directory&amp;content=0&amp;url=http%3a%2f%2fcosmix.offshorepastebin.com%2fWeblinks%2fCosmixPHLinks.xml&quot;,return)</favourite>
	<favourite name="Cartoon Crazy" thumb="http://phoenixtv.offshorepastebin.com/art/main/Cartoon%20Crazy%204.jpg">ActivateWindow(10025,&quot;plugin://plugin.video.phstreams/?action=cartoon&quot;,return)</favourite>
	<favourite name="[B]Cartoon Craze[/B]" thumb="special://home/addons\plugin.video.VidTime/resources/media/vidtoon/VidToonsLogo.png">ActivateWindow(10025,&quot;plugin://plugin.video.VidTime/?fanart=C%3a%5ckodi%5cportable_data%5caddons%5cplugin.video.VidTime%2fresources%2fmedia%2fvidtoon%2fVidToons.png&amp;image=C%3a%5ckodi%5cportable_data%5caddons%5cplugin.video.VidTime%2fresources%2fmedia%2fvidtoon%2fVidToonsLogo.png&amp;mode=VCartoonCraze&amp;url=0&quot;,return)</favourite>
</favourites>