<favourites>    
	<favourite name="Trending Music" thumb="C:\kodi\portable_data\addons\plugin.audio.soundcloud\resources\media\music.png">ActivateWindow(10501,&quot;plugin://plugin.audio.soundcloud/explore/trending/music/&amp;sf_options=&quot;,return)</favourite>
    <favourite name="Trending Audio" thumb="C:\kodi\portable_data\addons\plugin.audio.soundcloud\resources\media\audio.png">ActivateWindow(10501,&quot;plugin://plugin.audio.soundcloud/explore/trending/audio/&amp;sf_options=&quot;,return)</favourite>
    <favourite name="Music Genres" thumb="C:\kodi\portable_data\addons\plugin.audio.soundcloud\resources\media\music.png">ActivateWindow(10501,&quot;plugin://plugin.audio.soundcloud/explore/genre/music/&amp;sf_options=&quot;,return)</favourite>
    <favourite name="Audio Genres" thumb="C:\kodi\portable_data\addons\plugin.audio.soundcloud\resources\media\audio.png">ActivateWindow(10501,&quot;plugin://plugin.audio.soundcloud/explore/genre/audio/&amp;sf_options=&quot;,return)</favourite>
    <favourite name="Search" thumb="C:\kodi\portable_data\addons\plugin.audio.soundcloud\resources\media\search.png">ActivateWindow(10501,&quot;plugin://plugin.audio.soundcloud/search/list/&amp;sf_options=&quot;,return)</favourite>
</favourites>