<favourites>
	<favourite name="K0di Tools" thumb="special://home/addons\plugin.video.xbmctools\icon.png">ActivateWindow(10001,&quot;plugin://plugin.video.xbmctools?sf_options=fanart%3Dspecial%3A%2F%2Fhome%2Faddons%5Cplugin.video.xbmctools%5Cfanart.jpg%26desc%3DSome+necessary+tools.%0A%09%0A%09FAQ%3A+http%3A%2F%2Fgoo.gl%2F9S2CD3%26_options_sf&quot;,return)</favourite>
	<favourite name="[COLOR FFFFFFFF]A Web Server[/COLOR]" thumb="special://home/addons\plugin.a.web.server\icon.png">ActivateWindow(10001,&quot;plugin://plugin.a.web.server/&quot;,return)</favourite>
	<favourite name="Commands" thumb="special://home/addons\script.commands\icon.png">ActivateWindow(10001,&quot;plugin://script.commands/?sf_options=desc%3DMap+multiple+XBMC+commands+to+one+remote+button.+All+availabe+commands%3A+http%3A%2F%2Fwiki.xbmc.org%2F%3Ftitle%3DList_of_Built_In_Functions%26_options_sf&quot;,return)</favourite>
	<favourite name="Easy Advanced Settings" thumb="special://home/addons\plugin.program.advancedsettings\icon.png">ActivateWindow(10001,&quot;plugin://plugin.program.advancedsettings/?content_type=executable&amp;sf_options=fanart%3Dspecial%3A%2F%2Fhome%2Faddons%5Cplugin.program.advancedsettings%5Cfanart.jpg%26desc%3DAll+settings+follow+the+xbmc.org+wiki%5BCR%5D%5BCR%5DWith+this+tool+you+can+create+your+advanced+settings+directly+from+XBMC%5BCR%5D%5BCR%5DIf+you+don%27t+know+what+a+setting+does%2C+don%27t+enable+it%21%26_options_sf&quot;,return)</favourite>
	<favourite name="MCERemote" thumb="special://home/addons\plugin.program.mceremote\icon.png">ActivateWindow(10001,&quot;plugin://plugin.program.mceremote/?sf_options=desc%3DThis+addon+allows+you+to+configure+a+Microsoft+MCE+remote%2C+or+any+compatible+remote+using+the+eHome+driver.+The+addon+appears+under+the+Programs+heading+on+the+Home+page+as+%22MCERemote%22.%26_options_sf&quot;,return)</favourite>
	<favourite name="Library Node Editor" thumb="special://home/addons\plugin.library.node.editor\icon.png">ActivateWindow(10001,&quot;plugin://plugin.library.node.editor/?sf_options=desc%3DCreate+and+edit+custom+library+nodes.%26_options_sf&quot;,return)</favourite>
</favourites>