<favourites>
	<favourite name="Recently Added" thumb="http://icons.iconarchive.com/icons/custom-icon-design/pretty-office-11/512/new-icon.png">ActivateWindow(10025,&quot;plugin://plugin.program.super.favourites/?mode=400&amp;path=special%3A%2F%2Fhome%2Faddons%2Fscript.supafav%2FSuper%20Favourites/Movies/New&amp;sf_options=&quot;)</favourite>
	<favourite name="Winter Movies" thumb="http://icons.iconarchive.com/icons/iconshock/christmas/128/snowflake-icon.png">ActivateWindow(10025,&quot;plugin://plugin.video.origin2/?action=movies&amp;url=http%3A%2F%2Fwww.imdb.com%2Flist%2Fls066656169&amp;sf_options=fanart%3Dspecial%3A%2F%2Fhome%2Faddons%5Cplugin.video.genesis%5Cresources%5Cmedia%5Cgone%5Cfanart.jpg%26_options_sf&quot;,return)</favourite>
	<favourite name="Christmas Movies" thumb="http://iconbug.com/download/size/512/icon/2380/cute-christmas-tree/">ActivateWindow(10025,&quot;plugin://plugin.video.origin2/?action=movies&amp;url=http%3A%2F%2Fwww.imdb.com%2Flist%2Fls066656656&quot;,return)</favourite>
	<favourite name="Random" thumb="http://downloadicons.net/sites/default/files/random-play-button-icon-blue-40192.png">ActivateWindow(10025,&quot;plugin://plugin.video.origin2/?action=channels&quot;,return)</favourite>
	<favourite name="By Genre" thumb="http://thumbs.dreamstime.com/t/film-genre-squared-app-icon-set-flat-style-vector-illustrations-long-shadows-49654570.jpg">ActivateWindow(10025,&quot;plugin://plugin.video.water/?url=null&amp;mode=24&amp;sf_options=&quot;)</favourite>
	<favourite name="By Year" thumb="http://img07.deviantart.net/5f9a/i/2010/165/9/a/leopard_year_folders_1960_2020_by_jasonh1234.png">ActivateWindow(10025,&quot;plugin://plugin.video.water/?url=null&amp;mode=23&amp;sf_options=&quot;,return)</favourite>
	<favourite name="By Actor" thumb="http://icons.iconarchive.com/icons/icons-land/vista-people/256/Occupations-Film-Maker-Male-Light-icon.png">ActivateWindow(10025,&quot;plugin://plugin.video.origin2/?action=moviePersons&amp;sf_options=fanart%3Dspecial%3A%2F%2Fhome%2Faddons%5Cplugin.video.genesis%5Cresources%5Cmedia%5Cgone%5Cfanart.jpg%26_options_sf&quot;,return)</favourite>
	<favourite name="Popular" thumb="https://www.globalstudentnetwork.com/billing/images/most-popular.png">ActivateWindow(10025,&quot;plugin://plugin.program.super.favourites/?label=Popular&amp;mode=400&amp;folder=Movies%2FPopular&quot;)</favourite>
	<favourite name="My Movies" thumb="https://pbs.twimg.com/profile_images/549808982244601856/_g2w72Ea_200x200.png">ActivateWindow(10025,&quot;plugin://plugin.program.super.favourites/?label=My Movies&amp;mode=400&amp;folder=Movies%2FMy%20Movies&amp;sf_options=fanart%3Dspecial%3A%2F%2Fhome%2Faddons%5Cplugin.program.super.favourites%5Cfanart.jpg%26_options_sf&quot;)</favourite>
	<favourite name="Search Movies" thumb="http://icons.iconarchive.com/icons/visualpharm/must-have/256/Search-icon.png">ActivateWindow(10025,&quot;plugin://plugin.program.super.favourites/?label=Search&amp;mode=400&amp;sf_options=&amp;mode=400&amp;path=special%3A%2F%2Fhome%2Faddons%2Fscript.supafav%2FSuper%20Favourites/Movies%5CSearch&amp;sf_options=fanart%3DNULL%26_options_sf&quot;,return)</favourite>
	<favourite name="[COLOR clear]Movie Addons[/COLOR]" thumb="">ActivateWindow(10025,&quot;plugin://plugin.program.super.favourites/?label=[COLOR brown]Movie Addons[/COLOR]&amp;mode=400&amp;folder=Movies%2FMovie%20Addons&amp;sf_options=fanart%3DC%3A%5Ckodi%5Caddons%5Cplugin.program.super.favourites%5Cfanart.jpg%26_options_sf&quot;)</favourite>
</favourites>