<favourites>
	<favourite name="WINDOWS" thumb="https://cdn.rawgit.com/dtgm/chocolatey-packages/8d5c35302c809d5371e2747e0f4cc67df4d60a43/icons/emulationstation.png">PlayMedia(&quot;plugin://plugin.program.advanced.launcher/?default/170c008f33f5e2a9c1f5a6e2df693274&amp;sf_options=winID%3D10025%26_options_sf&quot;)</favourite>
	<favourite name="ANDROID" thumb="http://i46.tinypic.com/2ywad82.png">ActivateWindow(10003,&quot;http://googledrive.com/host/0B-bY5h-uWEgZbndYVGZVYmJvb0E/REPO/emulators.arm/&quot;,return)</favourite>
	<favourite name="GameTrailers.com" thumb="http://mirrors.kodi.tv/addons/gotham/plugin.video.gametrailerscom/icon.png">ActivateWindow(10025,&quot;plugin://plugin.video.gametrailerscom/?sf_options=desc%3DEver+since+its+inception+in+2002%2C+GameTrailers.com+has+helped+usher+in+a+new+generation+of+video+game+media+by+providing+the+global+gaming+masses+with+a+vast+library+of+high-resolution+video+game+trailers%2C+gameplay+edits%2C+original+features%2C+and+exclusive+content+that+users+have+been+downloading+and+streaming+across+multiple+platforms+millions+of+times+per+month+for+over+a+decade.%26_options_sf&quot;,return)</favourite>
	<favourite name="[COLOR white]GAMING[/COLOR]" thumb="http://i1295.photobucket.com/albums/b636/beatbox8501/GAME_zps15bpi7xv.png">ActivateWindow(10025,&quot;plugin://plugin.video.streamengine/?date&amp;description&amp;iconimage=http%3a%2f%2fi1295.photobucket.com%2falbums%2fb636%2fbeatbox8501%2fGAME_zps15bpi7xv.png&amp;mode=1&amp;name=%5bCOLOR%20white%5dGAMING%5b%2fCOLOR%5d&amp;page&amp;play&amp;url=https%3a%2f%2fpastebin.com%2fraw.php%3fi%3dJaQMY6yV&amp;sf_options=fanart%3Dhttp%3A%2F%2Fi1295.photobucket.com%2Falbums%2Fb636%2Fbeatbox8501%2Fwallpaper_zpsopwvguho.jpg%26_options_sf&quot;,return)</favourite>
</favourites>