<favourites>
	<favourite name="HDFree.tv" thumb="special://home/addons\plugin.video.castaway\resources/media/hdfree.png">ActivateWindow(10025,&quot;plugin://plugin.video.castaway/?mode=open_live_tv&amp;site=hdfree&quot;,return)</favourite>
	<favourite name="crichd.tv" thumb="special://home/addons\plugin.video.castaway\resources/media/crichd.png">ActivateWindow(10025,&quot;plugin://plugin.video.castaway/?mode=open_live_tv&amp;site=crichd&quot;,return)</favourite>
	<favourite name="serbiaplus.club" thumb="special://home/addons\plugin.video.castaway\resources/media/serbiaplus.png">ActivateWindow(10025,&quot;plugin://plugin.video.castaway/?mode=open_live_tv&amp;site=serbiaplus&quot;,return)</favourite>
	<favourite name="ESPN" thumb="http://www.allaccess.com/assets/img/editorial/raw/es/espnlogo.jpg">PlayMedia(&quot;http://newone15.ddns.net:8000/live/ironman/ironman/1534.ts?sf_options=winID%3D10025%26_options_sf&quot;)</favourite>
	<favourite name="ESPN2" thumb="https://www.housing.purdue.edu/BTV/Channel/ChannelIcon/dd17595e-9a36-4a83-97ee-8e198ea4afbb">PlayMedia(&quot;http://newone15.ddns.net:8000/live/ironman/ironman/1796.ts?sf_options=winID%3D10025%26_options_sf&quot;)</favourite>
	<favourite name="BT Sport 1" thumb="http://www.apkland.tv/wp-content/uploads/2015/12/BT-Sport-1.png">PlayMedia(&quot;http://clay24.webhop.net:8000/live/mario/mario/6.ts?sf_options=winID%3D10025%26_options_sf&quot;)</favourite>
	<favourite name="BT Sport 2" thumb="http://www.apkland.tv/wp-content/uploads/2015/12/BT-Sport-2.png">PlayMedia(&quot;http://clay24.webhop.net:8000/live/mario/mario/7.ts?sf_options=winID%3D10025%26_options_sf&quot;)</favourite>
	<favourite name="BT Sport ESPN" thumb="">PlayMedia(&quot;http://newone15.ddns.net:8000/live/ironman/ironman/4094.ts?sf_options=winID%3D10025%26_options_sf&quot;)</favourite>
	<favourite name="TSN1" thumb="">PlayMedia(&quot;http://newone15.ddns.net:8000/live/ironman/ironman/135.ts?sf_options=winID%3D10025%26_options_sf&quot;)</favourite>
	<favourite name="TSN2" thumb="">PlayMedia(&quot;http://newone15.ddns.net:8000/live/ironman/ironman/136.ts?sf_options=winID%3D10025%26_options_sf&quot;)</favourite>
	<favourite name="ESPN News" thumb="http://web.ccsu.edu/mediaCenter/images/tv/espnews.png">PlayMedia(&quot;http://newone15.ddns.net:8000/live/ironman/ironman/140.ts?sf_options=winID%3D10025%26_options_sf&quot;)</favourite>
	<favourite name="UK Sports" thumb="">ActivateWindow(10025,&quot;plugin://plugin.video.VidTime/?base=https%3a%2f%2fwww.dropbox.com%2fs%2f9wummmmbq1hsk4p%2fUK%2520Sports.xml%3fraw%3dtrue&amp;mode=XML&quot;,return)</favourite>
</favourites>