<favourites>
	
	<favourite name="Mobdro [COLOR black](TV)[/COLOR]" thumb="http://rawapk.com/wp-content/uploads/2016/05/Mobdro-Icon.png">PlayMedia(&quot;plugin://plugin.video.water/?url=https://archive.org/download/mobdro_20160821/mobdro.apk&amp;mode=12&amp;name=Mobdro&amp;description=com.mobdro.android&amp;sf_options=winID%3D10025%26_options_sf&quot;)</favourite>
    <favourite name="NetFlix [COLOR black](TV)[/COLOR]" thumb="https://lh3.ggpht.com/myH_2mHzOUqr0UVHUvsAMANT2a-XFvxxiuob8g49KjdVHU87lU8xujwg1BgTTKId-w=w200">PlayMedia(&quot;plugin://plugin.video.water/?url=http://webservices.aptoide.com/webservices/getApkInstall/10635396/gyjano&amp;mode=12&amp;name=youtubeTV&amp;description=com.netflix.ninja&quot;)</favourite>
	
	<favourite name="YouTube [COLOR black](TV)[/COLOR]" thumb="https://lh6.ggpht.com/h3O-fVvOtwcYWIZtCL37VRHDuhLuJMQy1hn3gPQptfbc4ZCaZ5EQqbBSGu0Nkap2ig=w300">PlayMedia(&quot;plugin://plugin.video.water/?url=http://webservices.aptoide.com/webservices/getApkInstall/18684165/vitonline&amp;mode=12&amp;name=youtubeTV&amp;description=com.google.android.youtube.tv&quot;)</favourite>
	<favourite name="Spotify [COLOR black](TV)[/COLOR]" thumb="https://lh3.googleusercontent.com/f1Nwch1_2rkVOcS7ro4eLEn1mRtxFYVluBtF_6qPsBXVO8lcV_z__fCQx6sqIjOj5tU=w200">PlayMedia(&quot;plugin://plugin.video.water/?url=http://webservices.aptoide.com/webservices/getApkInstall/20590712/arsene-lupin&amp;mode=12&amp;name=youtubeTV&amp;description=com.spotify.tv.android&quot;)</favourite>
	
	<--! favourite name="Spotify[COLOR black]*Requires TouchScreen or Mouse[/COLOR]" thumb="http://icons.iconarchive.com/icons/dakirby309/simply-styled/128/Spotify-icon.png">PlayMedia(&quot;plugin://plugin.video.water/?url=https://archive.org/download/spotmod/spotmod&amp;mode=12&amp;name=Spotify&amp;description=com.spotify.music&amp;sf_options=winID%3D10025%26_options_sf&quot;)</favourite>
		
		
		

	<favourite name="[COLOR whitesmoke]My Apps[/COLOR]" thumb="http://www.itscanfixthat.com/wp-content/uploads/2013/02/icon-android.png">ActivateWindow(10001,&quot;androidapp://sources/apps/&quot;,return)</favourite>
	<favourite name="[COLOR cadetblue]Settings[/COLOR]" thumb="https://lh3.ggpht.com/v0Na9wm3dVQlJ6eiGchC8FoUVgnSY4ik0yOLZwyeX1iieMJ_byckvj9yEHp8IpVzCXty=w200">ActivateWindow(10025,&quot;plugin://plugin.program.super.favourites/?label=[COLOR whitesmoke]Settings[/COLOR]&amp;mode=400&amp;folder=more%2FAndroid%2FSettings&amp;sf_options=fanart%3DC%3A%5Ckodi%5Caddons%5Cplugin.program.super.favourites%5Cfanart.jpg%26_options_sf&quot;)</favourite>
	
	<favourite name="" thumb="">PlayMedia(&quot;?sf_options=winID%3D10025%26_options_sf&quot;)</favourite>
	<favourite name="More..." thumb="http://www.clipartbest.com/cliparts/ace/ojj/aceojjrEi.png">ActivateWindow(10025,&quot;plugin://plugin.program.super.favourites/?label=More&amp;mode=400&amp;folder=More%2FAndroid%2FMore&amp;sf_options=fanart%3DC%3A%5Ckodi%5Caddons%5Cplugin.program.super.favourites%5Cfanart.jpg%26_options_sf&quot;)</favourite>
	
	
</favourites>