<favourites>
	<favourite name="Fight Night" thumb="http://images.primewire.ag/thumbs/2765830_UFC_Fight_Night.jpg">ActivateWindow(10025,&quot;plugin://plugin.video.1channel/?imdbnum&amp;img=http%3a%2f%2fimages.primewire.ag%2fthumbs%2f2765830_UFC_Fight_Night.jpg&amp;mode=TVShowSeasonList&amp;title=UFC%20Fight%20Night&amp;url=%2fwatch-2765830-UFC-Fight-Night&amp;video_type=tvshow&amp;year=2005&amp;sf_options=fanart%3Dart%5Cthemes%5CClassic%5Cfanart.jpg%26_options_sf&quot;,return)</favourite>
	<favourite name="UFC PPV" thumb="http://images.primewire.is/thumbs/2757450_UFC_PPV_Events_1993.jpg">ActivateWindow(10025,&quot;plugin://plugin.video.1channel/?img=http%3A%2F%2Fimages.primewire.is%2Fthumbs%2F2757450_UFC_PPV_Events_1993.jpg&amp;title=UFC+PPV+Events&amp;url=%2Fwatch-2757450-UFC-PPV-Events&amp;imdbnum=&amp;video_type=tvshow&amp;mode=TVShowSeasonList&amp;year=1993&amp;dialog=False&amp;sf_options=&quot;,return)</favourite>
	<favourite name="LFC" thumb="http://repo.run/cypher/images/lfc-logo-small.png">ActivateWindow(10025,&quot;plugin://plugin.video.ProjectCypher/?fanart=http%3a%2f%2frepo.run%2fcypher%2fimages%2fback.jpg&amp;mode=1&amp;name=%5bB%5d%5bCOLOR%20yellow%5d---%5b%2fCOLOR%5d%20%5bCOLOR%20red%5dLFC%5b%2fCOLOR%5d%20%5bCOLOR%20white%5dVOD%5b%2fCOLOR%5d%5bCOLOR%20yellow%5d---%5b%2fCOLOR%5d%5b%2fB%5d&amp;url=http%3a%2f%2frepo.run%2fcypher%2flfcvod.xml&amp;sf_options=fanart%3Dhttp%3A%2F%2Frepo.run%2Fcypher%2Fimages%2Fback.jpg%26_options_sf&quot;,return)</favourite>
	<favourite name="UFC Replay" thumb="special://home/addons\plugin.video.mdwww\icon.png">ActivateWindow(10025,&quot;plugin://plugin.video.mdwww/?description&amp;iconimage=C%3a%5ckodi%5cportable_data%5caddons%5cplugin.video.mdwww%5cicon.png&amp;mode=8&amp;name=%5bB%5d%5bCOLOR%20white%5dSort%20By%20Date%5b%2fCOLOR%5d%5b%2fB%5d&amp;url=http%3a%2f%2fwatchwrestling.club%2fcategory%2fsports%2f%3forderby%3ddate&amp;sf_options=fanart%3Dspecial%3A%2F%2Fhome%2Faddons%5Cplugin.video.mdwww%5Cfanart.jpg%26_options_sf&quot;,return)</favourite>
	<favourite name="UFC" thumb="special://home/addons\plugin.video.watchwrestling\icons\ufc.jpg">ActivateWindow(10025,&quot;plugin://plugin.video.watchwrestling/?img=C%3a%5ckodi%5cportable_data%5caddons%5cplugin.video.watchwrestling%5cicons%5cufc.jpg&amp;mode=Page&amp;page=1&amp;sort=date&amp;sortorder=desc&amp;title=UFC&amp;url=http%3a%2f%2fwatchwrestling.tc%2fcategory%2fother-sports%2fufc%2f&quot;,return)</favourite>
	<favourite name="UFC - MMA - Fighting" thumb="">ActivateWindow(10025,&quot;plugin://plugin.video.wweonline/?mode=Page&amp;page=1&amp;type=Categories&amp;url=%3fmovie%3d%2fcategory%2f18%2fufc---mma---fighting&quot;,return)</favourite>
</favourites>