<favourites>
	<favourite name="SKY &amp; BT Sports" thumb="http://images.moneysavingexpert.com/images/img-logo-skybtsports.png">ActivateWindow(10025,&quot;plugin://plugin.video.GenieTv/?description&amp;fanart=C%3a%5ckodi%5cportable_data%5caddons%5cplugin.video.GenieTv%5cfanart.jpg&amp;iconimage=http%3a%2f%2farchitects.x10host.com%2fGenieArt%2fenglish.png&amp;mode=9021&amp;name=%5bCOLORgreen%5dLive%20Tv%5b%2fCOLOR%5d&amp;url=http%3a%2f%2farchitects.x10host.com&amp;sf_options=fanart%3Dspecial%3A%2F%2Fhome%2Faddons%5Cplugin.video.GenieTv%5Cfanart.jpg%26_options_sf&quot;,return)</favourite>
	<favourite name="FOX Sports 1" thumb="https://pbs.twimg.com/profile_images/659178705475010560/PKn1ApGJ.jpg">PlayMedia(&quot;http://ooyalahd2-f.akamaihd.net/i/eslax17_delivery@349499/master.m3u8?sf_options=winID%3D10025%26_options_sf&quot;)</favourite>
	<favourite name="NBCSN" thumb="https://static-s.aa-cdn.net/img/ios/542511686/0f008e63e5cf71c24a4c53fa434e23ed?v=1">PlayMedia(&quot;http://54.177.79.231/server/play/nbcsnxctg/master.m3u8?sf_options=winID%3D10025%26_options_sf&quot;)</favourite>
	<favourite name="Golf Channel" thumb="http://www.kellyvillarreal.com/images/Golf_Channel_logo.png">PlayMedia(&quot;http://tvegolf-i.Akamaihd.net/hls/live/218225/golfx/4296k/prog.m3u8?sf_options=winID%3D10025%26_options_sf&quot;)</favourite>
	<favourite name="PAC12" thumb="https://pbs.twimg.com/profile_images/513575549969510402/ZNBcZ7jb.jpeg">ActivateWindow(10025,&quot;plugin://plugin.program.super.favourites/?label=[COLOR azure]College Sports[/COLOR]&amp;mode=400&amp;folder=Sports%5CCollege%20Sports&amp;sf_options=fanart%3DNULL%26_options_sf&quot;,return)</favourite>
	<favourite name="NHL Network" thumb="http://megaicons.net/static/img/icons_sizes/6/58/256/nhl-icon.png">PlayMedia(&quot;http://208.92.36.158/ipad/live/nba_ipad_1240.m3u8?sf_options=winID%3D10025%26_options_sf&quot;)</favourite>
	<favourite name="Red Bull TV" thumb="https://superrepo.org/static/images/icons/original/xplugin.video.redbull_tv.png.pagespeed.ic.qet5GdYRQ4.png">PlayMedia(&quot;http://sacapunta.eltelon.com/channels/redbulltv/playlist.m3u8?sf_options=winID%3D10025%26_options_sf&quot;)</favourite>
	<favourite name="Super Sports" thumb="http://drum.co.za/wp-content/uploads/2013/10/supersport-logo.png">ActivateWindow(10025,&quot;plugin://plugin.video.ZemTV-shani/?mode=34&amp;name=Super%20Sports&amp;url=sss&quot;,return)</favourite>
	<favourite name="Cricket" thumb="http://theclipartwizard.com/images/Cricket.png">ActivateWindow(10025,&quot;plugin://plugin.video.SportsDevil/?item=title%3dCricket%26url%3dtv%252Fcricket.cfg%26definedIn%3dtv.cfg%26director%3dCricket%26genre%3dTV%26type%3drss%26icon%3dhttp%253A%252F%252Ftheclipartwizard.com%252Fimages%252FCricket.png&amp;mode=1&amp;sf_options=fanart%3Dspecial%3A%2F%2Fhome%2Faddons%5Cplugin.video.SportsDevil%5Cfanart.jpg%26_options_sf&quot;,)</favourite>
</favourites>