<favourites>
	<favourite name="Amazon Underground" thumb="">PlayMedia(&quot;plugin://plugin.video.water/?url=https%3A%2F%2Famazonadsi-a.akamaihd.net%2Fpublic%2Fsnuffy%2Fus_stable%2Fdefault%2Fus%2FAmazon_App.apk&amp;mode=12&amp;name=amazonUnderground&amp;description=Amazon Underground&amp;sf_options=winID%3D10025%26_options_sf&quot;)</favourite>
	<favourite name="Aptoide" thumb="">PlayMedia(&quot;plugin://plugin.video.water/?url=http://pool.apk.aptoide.com/1/aptoide-7.apk&amp;mode=12&amp;name=Aptoide&amp;description=Install Aptoide&amp;sf_options=winID%3D10025%26_options_sf&quot;)</favourite>
	<favourite name="Aptoide Lite" thumb="">PlayMedia(&quot;plugin://plugin.video.water/?url=http://pool.apk.aptoide.com/1/aptoidelitev-1.0.1.apk&amp;mode=12&amp;name=Aptoide Lite&amp;description=Install Aptoide Lite&amp;sf_options=winID%3D10025%26_options_sf&quot;)</favourite>
	<favourite name="MFTInstaller" thumb="">PlayMedia(&quot;plugin://plugin.video.water/?url=http%3A%2F%2Fwww.mtlfreetv.com%2Fapks%2FMFTInstaller.apk&amp;mode=12&amp;name=MFTInstaller&amp;description=&amp;sf_options=winID%3D10025%26_options_sf&quot;)</favourite>
	<favourite name="Wookie" thumb="">PlayMedia(&quot;plugin://plugin.video.water/?url=http://wookiespmc.com/down/WookieAppsMobile.apk&amp;mode=12&amp;name=Wookie&amp;description=&amp;sf_options=winID%3D10025%26_options_sf&quot;)</favourite>
	<favourite name="AptoideTV" thumb="">PlayMedia(&quot;plugin://plugin.video.water/?url=http://pool.apk.aptoide.com/1/aptoide-TV2.1.2.apk&amp;name=AptoideTV&amp;description=Install AptoideTV&amp;mode=12&amp;sf_options=winID%3D10025%26_options_sf&quot;)</favourite>
	<favourite name="WookieTV" thumb="">PlayMedia(&quot;plugin://plugin.video.water/?url=http://wookiespmc.com/down/WookieAppsTVbox.apk&amp;mode=12&amp;name=WookieTV&amp;description=&amp;sf_options=winID%3D10025%26_options_sf&quot;)</favourite>
</favourites>