<favourites>
	<favourite name="[COLOR lawngreen][B]New Releases[/COLOR][/B]" thumb="http://alphaaddon.comli.com/alphanewreleases.jpg">ActivateWindow(10025,&quot;plugin://plugin.video.AlphaMovies/?fanart=http%3a%2f%2falphaaddon.comli.com%2falphal-newreleases.jpg&amp;mode=1&amp;name=%5bCOLOR%20lawngreen%5d%5bB%5dNew%20Releases%5b%2fCOLOR%5d%5b%2fB%5d&amp;url=http%3a%2f%2falphaaddon.co.uk%2fthealpha%2falphanewreleases-v2%2fnewreleases.txt&quot;,return)</favourite>
	<favourite name="PrimeWire" thumb="https://firestixz.files.wordpress.com/2015/07/1channel-icon.jpg">10025_:_10025_:_10025_:_10025_:_10025_:_10025_:_10025_:_ActivateWindow(10025,&quot;plugin://plugin.video.1channel/?mode=GetFilteredResults&amp;section=movie&amp;sort=featured&amp;sf_options=&quot;,return)</favourite>
	<favourite name="SALTS" thumb="special://home/addons\plugin.video.salts\art\themes\Shine\trending.png">ActivateWindow(10025,&quot;plugin://plugin.video.salts/?mode=trending&amp;section=Movies&amp;sf_options=fanart%3Dspecial%3A%2F%2Fhome%2Faddons%5Cplugin.video.salts%5Cfanart.jpg%26_options_sf&quot;,return)</favourite>
	<favourite name="New Releases - One" thumb="https://i.imgsafe.org/b396b5d.jpg">ActivateWindow(10025,&quot;plugin://plugin.video.phstreams/?action=directory&amp;url=http%3a%2f%2fone242415.offshorepastebin.com%2fMovies%2fLatestRelease.xml&quot;,return)</favourite>
</favourites>