<favourites>
	<favourite name="Looney Tunes: Bugs Bunny" thumb="http://www.funniermoments.com/uploads/tm_category_img/128_category_img_th.jpg">ActivateWindow(10025,&quot;plugin://plugin.video.funniermoments/?image=C%3a%5ckodi15f%5cportable_data%5caddons%5cplugin.video.funniermoments%5cicon.png&amp;mode=500&amp;page=1&amp;title=Looney%20Tunes%3a%20Bugs%20Bunny%20(124%20videos)&amp;url=http%3a%2f%2fwww.funniermoments.com%2fbrowse-bugsbunny-videos-1-date.html&quot;,return)</favourite>
	<favourite name="Looney Tunes: Daffy Duck" thumb="http://www.funniermoments.com/uploads/tm_category_img/129_category_img_th.jpg">ActivateWindow(10025,&quot;plugin://plugin.video.funniermoments/?image=C%3a%5ckodi15f%5cportable_data%5caddons%5cplugin.video.funniermoments%5cicon.png&amp;mode=500&amp;page=1&amp;title=Looney%20Tunes%3a%20Daffy%20Duck%20(48%20videos)&amp;url=http%3a%2f%2fwww.funniermoments.com%2fbrowse-daffyduck-videos-1-date.html&quot;,return)</favourite>
	<favourite name="Looney Tunes: Foghorn Leghorn" thumb="http://www.funniermoments.com/uploads/tm_category_img/135_category_img_th.jpg">ActivateWindow(10025,&quot;plugin://plugin.video.funniermoments/?image=C%3a%5ckodi15f%5cportable_data%5caddons%5cplugin.video.funniermoments%5cicon.png&amp;mode=500&amp;page=1&amp;title=Looney%20Tunes%3a%20Foghorn%20Leghorn%20(19%20videos)&amp;url=http%3a%2f%2fwww.funniermoments.com%2fbrowse-foghornleghorn-videos-1-date.html&quot;,return)</favourite>
	<favourite name="Looney Tunes: Hippety, Sylvester &amp; Jr. (18 videos)" thumb="  ">ActivateWindow(10025,&quot;plugin://plugin.video.funniermoments/?image=C%3a%5ckodi15f%5cportable_data%5caddons%5cplugin.video.funniermoments%5cicon.png&amp;mode=500&amp;page=1&amp;title=Looney%20Tunes%3a%20Hippety%2c%20Sylvester%20%26%20Jr.%20(18%20videos)&amp;url=http%3a%2f%2fwww.funniermoments.com%2fbrowse-hippetyandsylvesterjr-videos-1-date.html&quot;,return)</favourite>
	<favourite name="Looney Tunes: Pepe Le Pew (16 videos)" thumb="  ">ActivateWindow(10025,&quot;plugin://plugin.video.funniermoments/?image=C%3a%5ckodi15f%5cportable_data%5caddons%5cplugin.video.funniermoments%5cicon.png&amp;mode=500&amp;page=1&amp;title=Looney%20Tunes%3a%20Pepe%20Le%20Pew%20(16%20videos)&amp;url=http%3a%2f%2fwww.funniermoments.com%2fbrowse-pepelepew-videos-1-date.html&quot;,return)</favourite>
	<favourite name="Looney Tunes: Porky Pig (32 videos)" thumb="  ">ActivateWindow(10025,&quot;plugin://plugin.video.funniermoments/?image=C%3a%5ckodi15f%5cportable_data%5caddons%5cplugin.video.funniermoments%5cicon.png&amp;mode=500&amp;page=1&amp;title=Looney%20Tunes%3a%20Porky%20PIg%20(32%20videos)&amp;url=http%3a%2f%2fwww.funniermoments.com%2fbrowse-porkypig-videos-1-date.html&quot;,return)</favourite>
	<favourite name="Looney Tunes: Road Runner" thumb="http://www.funniermoments.com/uploads/tm_category_img/130_category_img_th.jpg">ActivateWindow(10025,&quot;plugin://plugin.video.funniermoments/?image=C%3a%5ckodi15f%5cportable_data%5caddons%5cplugin.video.funniermoments%5cicon.png&amp;mode=500&amp;page=1&amp;title=Looney%20Tunes%3a%20Road%20Runner%20(30%20videos)&amp;url=http%3a%2f%2fwww.funniermoments.com%2fbrowse-roadrunner-videos-1-date.html&quot;,return)</favourite>
	<favourite name="Looney Tunes: Speedy Gonzales (16 videos)" thumb="  ">ActivateWindow(10025,&quot;plugin://plugin.video.funniermoments/?image=C%3a%5ckodi15f%5cportable_data%5caddons%5cplugin.video.funniermoments%5cicon.png&amp;mode=500&amp;page=1&amp;title=Looney%20Tunes%3a%20Speedy%20Gonzales%20(16%20videos)&amp;url=http%3a%2f%2fwww.funniermoments.com%2fbrowse-speedygonzales-videos-1-date.html&quot;,return)</favourite>
	<favourite name="Looney Tunes: Sylvester &amp; Tweety (30 videos)" thumb="  ">ActivateWindow(10025,&quot;plugin://plugin.video.funniermoments/?image=C%3a%5ckodi15f%5cportable_data%5caddons%5cplugin.video.funniermoments%5cicon.png&amp;mode=500&amp;page=1&amp;title=Looney%20Tunes%3a%20Sylvester%20%26%20Tweety%20(30%20videos)&amp;url=http%3a%2f%2fwww.funniermoments.com%2fbrowse-sylvesterandtweety-videos-1-date.html&quot;,return)</favourite>
	<favourite name="Looney Tunes: Various Classics (100 videos)" thumb="  ">ActivateWindow(10025,&quot;plugin://plugin.video.funniermoments/?image=C%3a%5ckodi15f%5cportable_data%5caddons%5cplugin.video.funniermoments%5cicon.png&amp;mode=500&amp;page=1&amp;title=Looney%20Tunes%3a%20Various%20Classics%20(100%20videos)&amp;url=http%3a%2f%2fwww.funniermoments.com%2fbrowse-looneytunesclassics-videos-1-date.html&quot;,return)</favourite>
	<favourite name="Barnyard Dawg" thumb="http://www.supercartoons.net/images/characters/barnyard-dawg.jpg">ActivateWindow(10025,&quot;plugin://plugin.video.supercartoons/?image=http%3a%2f%2fwww.supercartoons.net%2fimages%2fcharacters%2fbarnyard-dawg.jpg&amp;mode=500&amp;page=1&amp;title=Barnyard%20Dawg&amp;url=http%3a%2f%2fwww.supercartoons.net%2fcharacter%2f29-1%2fbarnyard-dawg.html&amp;sf_options=fanart%3Dspecial%3A%2F%2Fhome%2Faddons%5Cplugin.video.supercartoons%5Cfanart.jpg%26desc%3DBarnyard+Dawg+or+George++P.+Dog+is+a+cartoon+character+illustrated+as+a+basset+hound.+Barnyard+is+known+for+his+never+ending+hostility+towards+Foghorn+Leghorn.+Robert+McKimson+presented+Barnyard+in%26rdquo%3B+Walky+Talky+Hawky%26rdquo%3B%2C+co-staring+with+Foghorn+as+well+as+Henery+Hawk.+He+also+was+cast+as+pet+to+Porky+Pig+in+%26ldquo%3BOne+Meat+Brawl%26rdquo%3B+in+1947%2C+and+%26ldquo%3BDaffy+Duck+Hunt%26rdquo%3B+in+1949.%26_options_sf&quot;,return)</favourite>
	<favourite name="Bugs Bunny" thumb="http://www.supercartoons.net/images/characters/bugs-bunny.jpg">ActivateWindow(10025,&quot;plugin://plugin.video.supercartoons/?image=http%3a%2f%2fwww.supercartoons.net%2fimages%2fcharacters%2fbugs-bunny.jpg&amp;mode=500&amp;page=1&amp;title=Bugs%20Bunny&amp;url=http%3a%2f%2fwww.supercartoons.net%2fcharacter%2f17-1%2fbugs-bunny.html&amp;sf_options=fanart%3Dspecial%3A%2F%2Fhome%2Faddons%5Cplugin.video.supercartoons%5Cfanart.jpg%26desc%3DBugs+Bunny%2C+the+gray%2C+human-like+rabbit+with+his+passive%2C+tranquilize+personality+and+his+portray+of+a+trickster%2C+catches+the+likes+of+many+viewers.+Bugs+first+appeared+in+a+cartoon+by+Tex+Avery%2C+A+Wild+Hare+on+July+27%2C+1940%2C+co-staring+with+Elmer+Fudd%2C+were+Elmer+is+the+hunter%2C+and+Bugs+is+the+bait.+The+Wild+Hare+is+also+the+first+cartoon+in+which+Elmer+uses+his+catch-phrase%2C+%26ldquo%3BWhat%26rsquo%3Bs+Up+Doc%3F%26rdquo%3B.%26_options_sf&quot;,return)</favourite>
	<favourite name="Daffy Duck" thumb="http://www.supercartoons.net/images/characters/daffy-duck.jpg">ActivateWindow(10025,&quot;plugin://plugin.video.supercartoons/?image=http%3a%2f%2fwww.supercartoons.net%2fimages%2fcharacters%2fdaffy-duck.jpg&amp;mode=500&amp;page=1&amp;title=Daffy%20Duck&amp;url=http%3a%2f%2fwww.supercartoons.net%2fcharacter%2f15-1%2fdaffy-duck.html&amp;sf_options=fanart%3Dspecial%3A%2F%2Fhome%2Faddons%5Cplugin.video.supercartoons%5Cfanart.jpg%26desc%3DDaffy+Duck+with+his+first+appearance+in+the+toon+%26ldquo%3BPorky%26rsquo%3Bs+Duck+Hunt%26rdquo%3B+in+1938%2C+presents+a+different+kind+of+cartoon+character+to+replace+the+traditional+characters%2C+who+were+popular+earlier+in+the+decade%2C+such+as+Mickey+Mouse+and+Popeye.+The+voice+actor+for+Daffy+%28Mel+Blanc%29+holds+the+world+record+for+the+longest+voice-acting+by+the+original+actor%2C+which+lasted+for+52+years.%26_options_sf&quot;,return)</favourite>
	<favourite name="Elmer Fudd" thumb="http://www.supercartoons.net/images/characters/elmer-fudd.jpg">ActivateWindow(10025,&quot;plugin://plugin.video.supercartoons/?image=http%3a%2f%2fwww.supercartoons.net%2fimages%2fcharacters%2felmer-fudd.jpg&amp;mode=500&amp;page=1&amp;title=Elmer%20Fudd&amp;url=http%3a%2f%2fwww.supercartoons.net%2fcharacter%2f16-1%2felmer-fudd.html&amp;sf_options=fanart%3Dspecial%3A%2F%2Fhome%2Faddons%5Cplugin.video.supercartoons%5Cfanart.jpg%26desc%3DEvolved+from+the+cartoon+character+Egghead%2C+which+was+introduced+by+Fred+Avery++in+1937%2C+comes+Elmer+Fudd.+Staring+in+Chuck+Jones+classic+%26ldquo%3BWhat%26rsquo%3Bs+Opera%2C+Doc%3F%26rdquo%3B%2C+the+Rossini+parody+%26ldquo%3BRabbit+of+Seville%26rdquo%3B%2C+the%26rdquo%3B+Hunting+Trilogy%26rdquo%3B+of+%26ldquo%3BRabbit+Season%2FDuck+Season%26rdquo%3B+shorts%2C+Elmer+very+fast+makes+himself+a+place+at+the+top.%26_options_sf&quot;,return)</favourite>
	<favourite name="Foghorn Leghorn" thumb="http://www.supercartoons.net/images/characters/foghorn-leghorn.jpg">ActivateWindow(10025,&quot;plugin://plugin.video.supercartoons/?image=http%3a%2f%2fwww.supercartoons.net%2fimages%2fcharacters%2ffoghorn-leghorn.jpg&amp;mode=500&amp;page=1&amp;title=Foghorn%20Leghorn&amp;url=http%3a%2f%2fwww.supercartoons.net%2fcharacter%2f31-1%2ffoghorn-leghorn.html&amp;sf_options=fanart%3Dspecial%3A%2F%2Fhome%2Faddons%5Cplugin.video.supercartoons%5Cfanart.jpg%26desc%3DFoghorn+Leghorn+is+a+tall%2C+adult+rooster+with+a+Virginian+accent+and+a+loud+speaking+voice.+His+first+cartoon+was+Walky+Talky+Hawky+released+in+1946%2C+alongside+with+Henery+Hawk%2C+and+his+adversary+Barnyard+Dawn.+He+got+his+first+name+after+a+horn+that+is+used+to+warn+vehicles+of+navigational+hazard%2C+resembling+his+piercing%2C+monotonous+voice+and+his+last+after+a+breed+of+chicken.+He+also+starred+in%3A+Crowing+Pains%2CThe+Foghorn+Leghor%2CHenhouse+Henery+and+many+more.%26_options_sf&quot;,return)</favourite>
	<favourite name="Road Runner" thumb="http://www.supercartoons.net/images/characters/road-runner.jpg">ActivateWindow(10025,&quot;plugin://plugin.video.supercartoons/?image=http%3a%2f%2fwww.supercartoons.net%2fimages%2fcharacters%2froad-runner.jpg&amp;mode=500&amp;page=1&amp;title=Road%20Runner&amp;url=http%3a%2f%2fwww.supercartoons.net%2fcharacter%2f13-1%2froad-runner.html&amp;sf_options=fanart%3Dspecial%3A%2F%2Fhome%2Faddons%5Cplugin.video.supercartoons%5Cfanart.jpg%26desc%3DRoad+Runner+and+Wile+E.+Coyote+are+a+duo+of+cartoon+characters%2C+created+by+Chuck+Jones+and+Michael+Maltese.+The+Road+Runner+only+speaks+with+a+signature+%26ldquo%3Bmeep+meep%26rdquo%3B+noise+and+an+occasional+%26ldquo%3Bpopping-cork%26rdquo%3B+tongue+noise.+There+are+48+cartoon+made+featuring+these+characters.+The+Road+Runner+first+appeared+on+screen+on+September+17%2C+1949%2C+featuring+%26ldquo%3BFast+and+Furry-ous%26rdquo%3B.%26_options_sf&quot;,return)</favourite>
	<favourite name="Porky Pig" thumb="http://www.supercartoons.net/images/characters/porky-pig.jpg">ActivateWindow(10025,&quot;plugin://plugin.video.supercartoons/?image=http%3a%2f%2fwww.supercartoons.net%2fimages%2fcharacters%2fporky-pig.jpg&amp;mode=500&amp;page=1&amp;title=Porky%20Pig&amp;url=http%3a%2f%2fwww.supercartoons.net%2fcharacter%2f14-1%2fporky-pig.html&amp;sf_options=fanart%3Dspecial%3A%2F%2Fhome%2Faddons%5Cplugin.video.supercartoons%5Cfanart.jpg%26desc%3DThe+popular+signature+line+at+the+end+of+each+short%2C+%26ldquo%3BTh-th-that%26rsquo%3Bs+all+folks%26rdquo%3B%2C++belongs+to+the+cartoon+character+Porky+Pig.+Created+by+Friz+Freleng+in+1935%2C+Porky+fist+was+introduced+in+the+short+%26ldquo%3BI+Haven%26rsquo%3Bt+Got+a+Hat%26rdquo%3B.+Porky%26rsquo%3Bs+good-tempered+nature+and+shy+conduct+makes+him+the+perfect+straight+man+for+wacky+characters+such+as+Daffy+Duck.%26_options_sf&quot;,return)</favourite>
	<favourite name="Yosemite Sam" thumb="http://www.supercartoons.net/images/characters/yosemite-sam.jpg">ActivateWindow(10025,&quot;plugin://plugin.video.supercartoons/?image=http%3a%2f%2fwww.supercartoons.net%2fimages%2fcharacters%2fyosemite-sam.jpg&amp;mode=500&amp;page=1&amp;title=Yosemite%20Sam&amp;url=http%3a%2f%2fwww.supercartoons.net%2fcharacter%2f21-1%2fyosemite-sam.html&amp;sf_options=fanart%3Dspecial%3A%2F%2Fhome%2Faddons%5Cplugin.video.supercartoons%5Cfanart.jpg%26desc%3DSamuel+Michelangelo+Rosenbelg%2C+or+Yosemite+Sam+is+a+cartoon+character+created+in+1945%2C+by+Looney+Tunes.+Sam+first+cartoon+was+%26ldquo%3BHare+Trigger%26rdquo%3B+directed+by+Friz+Freleng.+Sam+was+created+for+the+need+of+more+fierce+opponent+for+the+cunning+Bugs+Bunny%2C+Porky+Pig+being+to+feeble.+Sam+also+appeared+in%2C+%26ldquo%3BAlong+Came+Daffy%26rdquo%3B%2C%28one+of+the+two+cartoon+were+he+is+not+paired+with+Bug+Bunny%29%2C+%26ldquo%3BBuccaneer+Bunny%26rdquo%3B%2C+%26ldquo%3BBugs+Bunny+Rides+Again%26rdquo%3B+and+many+more.%26_options_sf&quot;,return)</favourite>
</favourites>