<favourites>
	<favourite name="Search TV" thumb="http://adigaskell.org/wp-content/uploads/2012/09/channel-surfing-150x150.jpg">ActivateWindow(10025,&quot;plugin://plugin.video.origin2/?action=tvSearch&amp;sf_options=&quot;,return)</favourite>
	
	<favourite name="" thumb="">PlayMedia(&quot;plugin://plugin.&quot;,return)</favourite><favourite name="" thumb="">PlayMedia(&quot;plugin://plugin.&quot;,return)</favourite>
	<favourite name="Search TV - Advanced" thumb="special://home/addons\plugin.video.salts\art\themes\Shine\television_search.png">ActivateWindow(10025,&quot;plugin://plugin.video.salts/?mode=search&amp;section=TV&amp;sf_options=&quot;,return)</favourite>
	<favourite name="Search TV - PrimeWire" thumb="art\themes\Classic\search.jpg">PlayMedia(&quot;plugin://plugin.video.1channel/?section=tv&amp;mode=GetSearchQuery&amp;next_mode=Search&amp;sf_options=winID%3D10025%26_options_sf&quot;,return)</favourite>
	
	<favourite name="Search TV - Zen" thumb="http://adigaskell.org/wp-content/uploads/2012/09/channel-surfing-150x150.jpg">ActivateWindow(10025,&quot;plugin://plugin.video.zen/?action=tvSearch&amp;sf_options=&quot;,return)</favourite>
</favourites>