<favourites>
	<favourite name="SportsDevil" thumb="http://icons.iconarchive.com/icons/pixelpirate/futurama/128/Robot-Devil-icon.png">ActivateWindow(10025,&quot;plugin://plugin.video.SportsDevil&quot;)</favourite>
	<favourite name="ZemTV Sports" thumb="DefaultFolder.png">ActivateWindow(10025,&quot;plugin://plugin.video.ZemTV-shani/?mode=13&amp;name=Sports&amp;url=Live&quot;,return)</favourite>
	<favourite name="MoneySports" thumb="special://home/addons\plugin.video.MoneySports\icon.png">ActivateWindow(10025,&quot;plugin://plugin.video.MoneySports/&quot;,return)</favourite>
	<favourite name="NJM-Soccer" thumb="special://home/addons\plugin.video.NJMSoccer\icon.png">ActivateWindow(10025,&quot;plugin://plugin.video.NJMSoccer?sf_options=fanart%3Dspecial%3A%2F%2Fhome%2Faddons%5Cplugin.video.NJMSoccer%5Cfanart.jpg%26desc%3DSpecial+Thank+you+to+Hakamac+for+his+code%2C+%0A%09and+to+Shadow+Crew+and+Mettle+Kettle+for+their+support.%26_options_sf&quot;,return)</favourite>
	<favourite name="Turk&apos;s Sports" thumb="http://metalkettle.co/UKTurk2/thumbs/UK TURK sports.jpg">ActivateWindow(10025,&quot;plugin://plugin.video.ukturk/?description&amp;iconimage=http%3a%2f%2fmetalkettle.co%2fUKTurk2%2fthumbs%2fUK%20TURK%20sports.jpg&amp;mode=1&amp;name=Sports&amp;url=http%3a%2f%2fmetalkettle.co%2fUKTurk2%2fSportsList.txt&amp;sf_options=fanart%3Dspecial%3A%2F%2Fhome%2Faddons%5Cplugin.video.ukturk%5Cfanart.jpg%26_options_sf&quot;,return)</favourite>
	<favourite name="[COLOR black]Pak India Sports[/COLOR]" thumb="http://cdnimg.dynns.com/iptvpanelnew/prog_data/thumbs/2c3279b0b059b2665593834a264d7de6sportsBigTV.jpg">ActivateWindow(10025,&quot;plugin://plugin.video.pakindia/?iconimage=http%3a%2f%2fcdnimg.dynns.com%2fiptvpanelnew%2fprog_data%2fthumbs%2f2c3279b0b059b2665593834a264d7de6sportsBigTV.jpg&amp;mode=1&amp;name=Sports&amp;url=Sports&quot;,return)</favourite>
	<favourite name="Live Games - HalowTV" thumb="https://lh5.googleusercontent.com/-VLJUzfCR7a0/Vgq_tWcafoI/AAAAAAAAAno/ah4lz773k3U/w675-h384-no/SportsBanner41.jpg">ActivateWindow(10025,&quot;plugin://plugin.video.Test/?fanart=http%3a%2f%2fhalowtv.com%2fhalow%2fHalowTV_Logo_Dark.gif&amp;mode=53&amp;name=%5bCOLOR%20gold%5d%5bB%5dLIVE%20FOTBOLL%20STREAMS%20FREE%20HD%2fSD%5b%2fB%5d%5b%2fCOLOR%5d&amp;url=plugin%3a%2f%2fplugin.video.SportsDevil%2f%3fitem%3durl%3dlivesports%2flivesportstreams.tv.cfg%26mode%3d1&amp;sf_options=fanart%3Dhttp%3A%2F%2Fhalowtv.com%2Fhalow%2FHalowTV_Logo_Dark.gif%26_options_sf&quot;,return)</favourite>
	<favourite name="Castaway" thumb="https://offshoregit.com/natko1412/zips/plugin.video.castaway/icon.png">ActivateWindow(10025,&quot;plugin://plugin.video.castaway?sf_options=fanart%3Dspecial%3A%2F%2Fhome%2Faddons%5Cplugin.video.castaway%5Cfanart.jpg%26desc%3DProvides+access+to+live+content+from+many+sites.%26_options_sf&quot;,return)</favourite>
</favourites>