<favourites>
	<favourite name="New Albums" thumb="http://www.lehwego.com/wp-content/uploads/2016/05/20160322_131745_35_m2.jpg">ActivateWindow(10501,&quot;plugin://plugin.audio.mp3streams/?iconimage=C%3a%5ckodi%5cportable_data%5caddons%5cplugin.audio.mp3streams%5cart%2fnewalbums.jpg&amp;list=new%20albums%3c%3ehttp%3a%2f%2fmusicmp3.ru%2fnew_albums.html%3c%3eC%3a%5ckodi%5cportable_data%5caddons%5cplugin.audio.mp3streams%5cart%2fnewalbums.jpg&amp;mode=12&amp;name=New%20Albums&amp;type&amp;url=http%3a%2f%2fmusicmp3.ru%2fnew_albums.html&quot;,return)</favourite>
	<favourite name="Top Albums" thumb="http://vrairapfrancais.fr/wp-content/uploads/2015/11/top-albums.jpg">ActivateWindow(10501,&quot;plugin://plugin.audio.mp3streams/?iconimage=C%3a%5ckodi%5cportable_data%5caddons%5cplugin.audio.mp3streams%5cart%2ftopalbums.jpg&amp;list=top%20albums%3c%3ehttp%3a%2f%2fmusicmp3.ru%2fgenres.html%3c%3eC%3a%5ckodi%5cportable_data%5caddons%5cplugin.audio.mp3streams%5cart%2ftopalbums.jpg&amp;mode=12&amp;name=Top%20Albums&amp;type&amp;url=http%3a%2f%2fmusicmp3.ru%2fgenres.html&quot;,return)</favourite>
	<favourite name="Artists" thumb="http://icons.iconarchive.com/icons/icons-land/vista-people/128/Occupations-Guitarist-Male-Light-icon.png">ActivateWindow(10501,&quot;plugin://plugin.audio.mp3streams/?iconimage=C%3a%5ckodi%5cportable_data%5caddons%5cplugin.audio.mp3streams%5cart%2fartists.jpg&amp;list=artists%3c%3ehttp%3a%2f%2fmusicmp3.ru%2fartists.html%3c%3eC%3a%5ckodi%5cportable_data%5caddons%5cplugin.audio.mp3streams%5cart%2fartists.jpg&amp;mode=21&amp;name=Artists&amp;type&amp;url=http%3a%2f%2fmusicmp3.ru%2fartists.html&quot;,return)</favourite>
	<favourite name="Radio" thumb="https://lh5.ggpht.com/T2CRrdn38OemfMd5TZWwjI21oPms5epKfjenrK6jvZ4gCFw7YeipKbMwo5XbK7HhWA">ActivateWindow(10501,&quot;plugin://plugin.audio.jango/&quot;,return)</favourite>
	<favourite name="SoundCloud" thumb="http://googledrive.com/host/0B-bY5h-uWEgZQVJQZ0lzUTdBeFE/icons/apps/soundcloud.jpg">ActivateWindow(10025,&quot;plugin://plugin.program.super.favourites/?label=SoundCloud&amp;mode=400&amp;folder=more%2FMusic%2FSoundCloud&amp;sf_options=fanart%3DC%3A%5Ckodi%5Caddons%5Cplugin.program.super.favourites%5Cfanart.jpg%26_options_sf&quot;)</favourite>
	<favourite name="[COLOR black]Audio[/COLOR]" thumb="">ActivateWindow(10025,&quot;plugin://plugin.program.super.favourites/?sf_options=&amp;mode=400&amp;path=special%3A%2F%2Fhome%2Faddons%2Fscript.supafav%2FSuper%20Favourites/More%2FMusic%5CAudio&amp;sf_options=fanart%3DNULL%26_options_sf&amp;sf_options=&quot;)</favourite>
</favourites>