<favourites>
<favourite name="CNN" thumb="https://yt3.ggpht.com/-K12xTWC-rMI/AAAAAAAAAAI/AAAAAAAAAAA/2N_u5pcKB3w/s240-c-k-no/photo.jpg">ActivateWindow(10025,&quot;plugin://plugin.video.youtube/channel/UCupvZG-5ko_eiXAupbDfxWw/&quot;,return)</favourite>
	<favourite name="Fox News" thumb="https://yt3.ggpht.com/-hWfA4bcw9-0/AAAAAAAAAAI/AAAAAAAAAAA/vIRaFanM9JE/s240-c-k-no/photo.jpg">ActivateWindow(10025,&quot;plugin://plugin.video.youtube/channel/UCXIJgqnII2ZOINSWNOGFThA/&quot;,return)</favourite>
<favourite name="VICE News" thumb="https://yt3.ggpht.com/-C_54SDZRV_U/AAAAAAAAAAI/AAAAAAAAAAA/tATYqE6eIT0/s240-c-k-no/photo.jpg">ActivateWindow(10025,&quot;plugin://plugin.video.youtube/channel/UCZaT_X_mc0BI-djXOlfhqWQ/&quot;,return)</favourite>
<favourite name="Business Insider" thumb="https://yt3.ggpht.com/-BS-6L6eQrKc/AAAAAAAAAAI/AAAAAAAAAAA/WGtdiY1ovKI/s240-c-k-no/photo.jpg">ActivateWindow(10025,&quot;plugin://plugin.video.youtube/channel/UCcyq283he07B7_KUX07mmtA/&quot;,return)</favourite>
	<favourite name="Bloomberg Business" thumb="https://yt3.ggpht.com/-VEB545Y1H1M/AAAAAAAAAAI/AAAAAAAAAAA/trwfqEkQLEU/s240-c-k-no/photo.jpg">ActivateWindow(10025,&quot;plugin://plugin.video.youtube/channel/UCUMZ7gohGI9HcU9VNsr2FJQ/&quot;,return)</favourite>
	<favourite name="Associated Press" thumb="https://yt3.ggpht.com/-w68FQ_fAEwk/AAAAAAAAAAI/AAAAAAAAAAA/0O-NUcXQDOA/s240-c-k-no/photo.jpg">ActivateWindow(10025,&quot;plugin://plugin.video.youtube/channel/UC52X5wxOL_s5yw0dQk7NtgA/&quot;)</favourite>
	
	<favourite name="Los Angeles Times" thumb="https://yt3.ggpht.com/-nBdLJUc7XJU/AAAAAAAAAAI/AAAAAAAAAAA/YARlQCW54tU/s240-c-k-no/photo.jpg">ActivateWindow(10025,&quot;plugin://plugin.video.youtube/channel/UCw3SYO_euO0TSPC_m_0Pzgw/&quot;,return)</favourite>
	<favourite name="USA TODAY" thumb="https://yt3.ggpht.com/-ZaYfYmjUUjA/AAAAAAAAAAI/AAAAAAAAAAA/J96Cc39TbSo/s240-c-k-no/photo.jpg">ActivateWindow(10025,&quot;plugin://plugin.video.youtube/channel/UCP6HGa63sBC7-KHtkme-p-g/&quot;,return)</favourite>
	
	<favourite name="The New York Times" thumb="https://yt3.ggpht.com/-AxnGfN8cSps/AAAAAAAAAAI/AAAAAAAAAAA/tz_SU-X0VOk/s240-c-k-no/photo.jpg">ActivateWindow(10025,&quot;plugin://plugin.video.youtube/channel/UCqnbDFdCpuN8CMEg0VuEBqA/&quot;,return)</favourite>
	<favourite name="New York Daily News" thumb="https://yt3.ggpht.com/-wPTWpwxLqvA/AAAAAAAAAAI/AAAAAAAAAAA/keG-65fMiHE/s240-c-k-no/photo.jpg">ActivateWindow(10025,&quot;plugin://plugin.video.youtube/channel/UCx-h2AWPCBJEqzH9HXe2ZIA/&quot;,return)</favourite>
	<favourite name="Reuters" thumb="https://yt3.ggpht.com/-BNBn3A6nYZk/AAAAAAAAAAI/AAAAAAAAAAA/ZwJ7dbtk_H0/s240-c-k-no/photo.jpg">ActivateWindow(10025,&quot;plugin://plugin.video.youtube/channel/UChqUTb7kYRX8-EiaN3XFrSQ/&quot;,return)</favourite>
	<favourite name="RT" thumb="https://yt3.ggpht.com/-Kctadlnnczo/AAAAAAAAAAI/AAAAAAAAAAA/5NdDPcu1rz8/s240-c-k-no/photo.jpg">ActivateWindow(10025,&quot;plugin://plugin.video.youtube/channel/UCpwvZwUam-URkxB7g4USKpg/&quot;,return)</favourite>
	<favourite name="RT America" thumb="https://yt3.ggpht.com/-iiWwxqdYLmw/AAAAAAAAAAI/AAAAAAAAAAA/XteKb4iwAxQ/s240-c-k-no/photo.jpg">ActivateWindow(10025,&quot;plugin://plugin.video.youtube/channel/UCczrL-2b-gYK3l4yDld4XlQ/&quot;,return)</favourite>
	<favourite name="Sky News" thumb="https://yt3.ggpht.com/-uYnyeu0wFpQ/AAAAAAAAAAI/AAAAAAAAAAA/VU2Ct3J_ZQw/s240-c-k-no/photo.jpg">ActivateWindow(10025,&quot;plugin://plugin.video.youtube/channel/UCoMdktPbSTixAyNGwb-UYkQ/&quot;,return)</favourite>
	
	
	
	<favourite name="BBC News" thumb="https://yt3.ggpht.com/-Em-drWQ3uYI/AAAAAAAAAAI/AAAAAAAAAAA/b-RZ1gDQAIc/s240-c-k-no/photo.jpg">ActivateWindow(10025,&quot;plugin://plugin.video.youtube/channel/UC16niRr50-MSBwiO3YDb3RA/&quot;,return)</favourite>
	<favourite name="euronews (in English)" thumb="https://yt3.ggpht.com/-E6JZH-KyyCc/AAAAAAAAAAI/AAAAAAAAAAA/fqL-p-2Wk40/s240-c-k-no/photo.jpg">ActivateWindow(10025,&quot;plugin://plugin.video.youtube/channel/UCSrZ3UV4jOidv8ppoVuvW9Q/&quot;,return)</favourite>
	<favourite name="News &amp; Politics" thumb="">ActivateWindow(10025,&quot;plugin://plugin.video.youtube/special/browse_channels/?guide_id=GCTmV3cyAmIFBvbGl0aWNz&quot;,return)</favourite>
	
	<favourite name="TestTube News" thumb="https://yt3.ggpht.com/-4mRYcmw0m4U/AAAAAAAAAAI/AAAAAAAAAAA/TVlKcBIKrWo/s240-c-k-no/photo.jpg">ActivateWindow(10025,&quot;plugin://plugin.video.youtube/channel/UCgRvm1yLFoaQKhmaTqXk9SA/&quot;,return)</favourite>
	
	<favourite name="Tech" thumb="">ActivateWindow(10025,&quot;plugin://plugin.video.youtube/special/browse_channels/?guide_id=GCVGVjaA&quot;,return)</favourite>
	<favourite name="Science &amp; Education" thumb="">ActivateWindow(10025,&quot;plugin://plugin.video.youtube/special/browse_channels/?guide_id=GCU2NpZW5jZSAmIEVkdWNhdGlvbg&quot;,return)</favourite>
	
	
	
</favourites>