<favourites>
	<favourite name="Spotify" thumb="">ActivateWindow(10501,&quot;plugin://plugin.video.spotitube/?limit&amp;mode=spotifyMain&amp;type&amp;url&quot;)</favourite>
	<favourite name="Spotify: Genres" thumb="">ActivateWindow(10501,&quot;plugin://plugin.video.spotitube/?limit&amp;mode=listSpotifyGenres&amp;type&amp;url=http%3a%2f%2fapi.tunigo.com%2fv3%2fspace%2fgenres%3fregion%3dus%26per_page%3d1000%26platform%3dweb&quot;,return)</favourite>
	<favourite name="Spotify: Featured" thumb="">ActivateWindow(10501,&quot;plugin://plugin.video.spotitube/?limit&amp;mode=listSpotifyPlaylists&amp;type&amp;url=http%3a%2f%2fapi.tunigo.com%2fv3%2fspace%2ffeatured-playlists%3fregion%3dus%26page%3d0%26per_page%3d50%26dt%3d2015-06-05T09%253A02%253A00%26platform%3dweb&quot;,return)</favourite>
	<favourite name="Spotify: Toplists" thumb="">ActivateWindow(10501,&quot;plugin://plugin.video.spotitube/?limit&amp;mode=listSpotifyPlaylists&amp;type&amp;url=http%3a%2f%2fapi.tunigo.com%2fv3%2fspace%2ftoplists%3fregion%3dus%26page%3d0%26per_page%3d50%26platform%3dweb&quot;,return)</favourite>
	
</favourites>