<favourites>
	
	<favourite name="Update TeamViewerQS" thumb="https://lh3.googleusercontent.com/BSE81orMXxIRiKtqWe5K0s5vvbNF6Uih48KfbzCpKhUNAO0GpeZ6zQP2yioKKLDYaA=w200">PlayMedia(&quot;plugin://plugin.video.water/?url=http%3A%2F%2Fdownload.teamviewer.com%2Fdownload%2FTeamViewerQS.apk&amp;mode=12&amp;name=TeamViewerQS&amp;description=com.teamviewer.quicksupport.market&quot;)</favourite>
	
	<favourite name="">PlayMedia(&quot;&quot;)</favourite>
	
	
	<favourite name="Update Kodi to 16.1" thumb="https://s3.amazonaws.com/f.cl.ly/items/2o1p032L301o2l282w1I/androidtest.png">PlayMedia(&quot;plugin://plugin.video.water/?url=http%3A%2F%2Fmirrors.syringanetworks.net%2Fxbmc%2Freleases%2Fandroid%2Farm%2Fold%2Fkodi-16.1-Jarvis-armeabi-v7a.apk&amp;mode=12&amp;name=Kodi_161&amp;description=kodi&quot;)</favourite>
	<favourite name="Update Kodi to 17.1" thumb="https://s3.amazonaws.com/f.cl.ly/items/2o1p032L301o2l282w1I/androidtest.png">PlayMedia(&quot;plugin://plugin.video.water/?url=http%3A%2F%2Fmirrors.syringanetworks.net%2Fxbmc%2Freleases%2Fandroid%2Farm%2Fkodi-17.1-Jarvis-armeabi-v7a.apk&amp;mode=12&amp;name=Kodi_161&amp;description=kodi&quot;)</favourite>
	<favourite name="Update SPMC to 16.6" thumb="https://lh3.googleusercontent.com/qB5b-0UXb5Dk_m1sRAgnSYj7qmTO2lCKqUhOOksXq2XfrRLBxvQlF2Kl_WyVs_0JlGM=w175">PlayMedia(&quot;plugin://plugin.video.water/?url=https://github.com/koying/SPMC/releases/download/16.6.0-spmc/SPMC-16.6.0-spmc-68a86a2-armeabi-v7a.apk&amp;mode=12&amp;name=SPMC_166&amp;description=spmc&quot;)</favourite>
	<--! favourite name="Update FTMC to 16.2" thumb="https://lh3.googleusercontent.com/qB5b-0UXb5Dk_m1sRAgnSYj7qmTO2lCKqUhOOksXq2XfrRLBxvQlF2Kl_WyVs_0JlGM=w175">PlayMedia(&quot;plugin://plugin.video.water/?url=http://freak-tab.de/luis/Ftmc/FTMC-16.1-armeabi-v7a-Build-25.apk&amp;mode=12&amp;name=FTMC&amp;description=spmc&quot;)</favourite>
	<favourite name="Click HERE if your not sure if you have [COLOR blue]Kodi/SPMC[/COLOR]" thumb="http://findicons.com/files/icons/1261/sticker_system/256/get_info.png">ActivateWindow(systeminfo)</favourite>
	<favourite name="">PlayMedia(&quot;&quot;)</favourite>
	<favourite name="Update RetroArch to 1.5.0" thumb="http://vignette2.wikia.nocookie.net/vsrecommendedgames/images/6/60/Retroarch_Android_icon.png/revision/latest?cb=20140110025517">PlayMedia(&quot;plugin://plugin.video.water/?url=http://buildbot.libretro.com/stable/1.5.0/android/RetroArch.apk&amp;mode=12&amp;name=RetroArch&amp;description=retroarch&quot;)</favourite>
</favourites>