<favourites>
	<favourite name="Search..." thumb="special://home/addons\plugin.audio.musicbox/resources/img/search.png">ActivateWindow(10025,&quot;plugin://plugin.program.super.favourites/?label=Search...&amp;mode=650&amp;cmd=ActivateWindow%2810501%2C%22plugin%3A%2F%2Fplugin.audio.musicbox%2F%3Ffanart%26iconimage%3DC%253a%255ckodi24%255cportable_data%255caddons%255cplugin.audio.musicbox%252fresources%252fimg%252fsearch.png%26mode%3D25%26name%3DSearch...%26url%3D1%22%2Creturn%29&amp;image=special%3A%2F%2Fhome%2Faddons%5Cplugin.audio.musicbox%2Fresources%2Fimg%2Fsearch.png&amp;sf_options=&quot;)</favourite>
	<favourite name="Search Music Videos (by Artist)" thumb="http://googledrive.com/host/0B-bY5h-uWEgZQVJQZ0lzUTdBeFE/icons/test2/tube.png">ActivateWindow(10025,&quot;plugin://plugin.video.vevo/?mode=searchArtists&amp;page=1&amp;url&amp;sf_options=&quot;)</favourite>
	<favourite name="Search Artists" thumb="http://googledrive.com/host/0B-bY5h-uWEgZQVJQZ0lzUTdBeFE/icons/test2/artist.png">ActivateWindow(10501,&quot;plugin://plugin.audio.mp3streams/?iconimage=http%3a%2f%2fkinkin-xbmc-repository.googlecode.com%2fsvn%2ftrunk%2fzips%2fplugin.audio.mp3streams%2fart%2fsearchartists.jpg&amp;list=search%20artists%3c%3eurl%3c%3ehttp%3a%2f%2fkinkin-xbmc-repository.googlecode.com%2fsvn%2ftrunk%2fzips%2fplugin.audio.mp3streams%2fart%2fsearchartists.jpg&amp;mode=24&amp;name=Search%20Artists&amp;type&amp;url=url&amp;sf_options=fanart%3Dspecial%3A%2F%2Fhome%2Faddons%5Cplugin.audio.mp3streams%5Cfanart.jpg%26_options_sf&quot;,return)</favourite>
	<favourite name="Search Artists" thumb="http://googledrive.com/host/0B-bY5h-uWEgZQVJQZ0lzUTdBeFE/icons/test2/artist.png">ActivateWindow(10025,&quot;plugin://plugin.audio.binaural/?artist&amp;iconimage=http%3a%2f%2fkinkin-xbmc-repository.googlecode.com%2fsvn%2ftrunk%2fzips%2fplugin.audio.binaural%2fart%2fsearch_artists.png&amp;mode=24&amp;name=Search%20Artists&amp;url=url&amp;sf_options=&quot;)</favourite>
	<favourite name="Search Albums" thumb="http://googledrive.com/host/0B-bY5h-uWEgZQVJQZ0lzUTdBeFE/icons/test2/album.png">ActivateWindow(10501,&quot;plugin://plugin.audio.mp3streams/?iconimage=http%3a%2f%2fkinkin-xbmc-repository.googlecode.com%2fsvn%2ftrunk%2fzips%2fplugin.audio.mp3streams%2fart%2fsearchalbums.jpg&amp;list=search%20albums%3c%3eurl%3c%3ehttp%3a%2f%2fkinkin-xbmc-repository.googlecode.com%2fsvn%2ftrunk%2fzips%2fplugin.audio.mp3streams%2fart%2fsearchalbums.jpg&amp;mode=24&amp;name=Search%20Albums&amp;type&amp;url=url&amp;sf_options=fanart%3Dspecial%3A%2F%2Fhome%2Faddons%5Cplugin.audio.mp3streams%5Cfanart.jpg%26_options_sf&quot;,return)</favourite>
	<favourite name="Search Albums" thumb="http://googledrive.com/host/0B-bY5h-uWEgZQVJQZ0lzUTdBeFE/icons/test2/albums2.png">ActivateWindow(10025,&quot;plugin://plugin.audio.binaural/?artist&amp;iconimage=http%3a%2f%2fkinkin-xbmc-repository.googlecode.com%2fsvn%2ftrunk%2fzips%2fplugin.audio.binaural%2fart%2fsearch_albums.png&amp;mode=24&amp;name=Search%20Albums&amp;url=url&amp;sf_options=&quot;)</favourite>
	<favourite name="Search Songs" thumb="http://kinkin-xbmc-repository.googlecode.com/svn/trunk/zips/plugin.audio.mp3streams/art/searchsongs.jpg">ActivateWindow(10501,&quot;plugin://plugin.audio.mp3streams/?iconimage=http%3a%2f%2fkinkin-xbmc-repository.googlecode.com%2fsvn%2ftrunk%2fzips%2fplugin.audio.mp3streams%2fart%2fsearchsongs.jpg&amp;list=search%20songs%3c%3eurl%3c%3ehttp%3a%2f%2fkinkin-xbmc-repository.googlecode.com%2fsvn%2ftrunk%2fzips%2fplugin.audio.mp3streams%2fart%2fsearchsongs.jpg&amp;mode=24&amp;name=Search%20Songs&amp;type&amp;url=url&amp;sf_options=fanart%3Dspecial%3A%2F%2Fhome%2Faddons%5Cplugin.audio.mp3streams%5Cfanart.jpg%26_options_sf&quot;,return)</favourite>
	<favourite name="Search Songs" thumb="http://googledrive.com/host/0B-bY5h-uWEgZQVJQZ0lzUTdBeFE/icons/test2/music_note.png">ActivateWindow(10025,&quot;plugin://plugin.audio.binaural/?artist&amp;iconimage=http%3a%2f%2fkinkin-xbmc-repository.googlecode.com%2fsvn%2ftrunk%2fzips%2fplugin.audio.binaural%2fart%2fsearch_songs.png&amp;mode=24&amp;name=Search%20Songs&amp;url=url&amp;sf_options=&quot;)</favourite>
	<favourite name="Search Artists (PLAYLISTS)" thumb="DefaultMusicPlaylists.png">ActivateWindow(10501,&quot;plugin://plugin.audio.songza/?mode=7&amp;title=Search%20Artists&amp;sf_options=fanart%3Dspecial%3A%2F%2Fhome%2Faddons%5Cplugin.audio.songza%5Cfanart.jpg%26_options_sf&quot;,return)</favourite>
	<favourite name="Search Stations (PLAYLISTS)" thumb="DefaultMusicPlaylists.png">ActivateWindow(10501,&quot;plugin://plugin.audio.songza/?mode=6&amp;title=Search%20Stations&amp;sf_options=fanart%3Dspecial%3A%2F%2Fhome%2Faddons%5Cplugin.audio.songza%5Cfanart.jpg%26_options_sf&quot;,return)</favourite>
</favourites>