<favourites>
	<favourite name="Autoruns" thumb="http://www.chemtable.com/images/autorun-organizer-logo-256px.png">ActivateWindow(10025,&quot;plugin://script.autoruns?sf_options=desc%3DYou+can+disable+startup+services%2C+improving+Kodi+internal+speed.%26_options_sf&quot;,return)</favourite>
	<favourite name="[COLOR chartreuse]Clear[/COLOR] Artwork" thumb="http://i.imgur.com/W79z4b2.png">PlayMedia(&quot;plugin://plugin.program.totalinstaller/?url=none&amp;mode=remove_textures&amp;name=Clear+My+Cached+Artwork&amp;fanart=C%3A%5Ckodi15%5Cportable_data%5Caddons%5Cplugin.program.totalinstaller%5Cfanart.jpg&amp;video=&amp;description=&amp;sf_options=fanart%3Dspecial%3A%2F%2Fhome%2Faddons%5Cplugin.program.totalinstaller%5Cfanart.jpg%26winID%3D10025%26_options_sf&quot;,return)</favourite>
	<favourite name="[COLOR chartreuse]Clear[/COLOR] Cache" thumb="https://upload.wikimedia.org/wikipedia/commons/thumb/2/2c/Broom_icon.svg/2000px-Broom_icon.svg.png">PlayMedia(&quot;plugin://plugin.video.water/?description&amp;mode=4&amp;name=DELETE%20CACHE&amp;url=url&amp;&amp;sf_options=winID%3D10025%26_options_sf&quot;,return)</favourite>
	<favourite name="Download Games">ActivateWindow(10025,&quot;plugin://plugin.program.retrogames/?mode=OnlRoot&quot;,return)</favourite>
</favourites>