<favourites>
	<favourite name="[COLOR gold][B]Italian[/B][/COLOR]" thumb="DefaultFolder.png">ActivateWindow(10025,&quot;plugin://plugin.video.kodilivetv/?description&amp;iconimage&amp;mode=2&amp;name=%5bCOLOR%20gold%5d%5bB%5dItalian%5b%2fB%5d%5b%2fCOLOR%5d&amp;url=http%3a%2f%2fkodilive.eu%2fiptv%2fraw2.php%3fl%3dit&quot;,return)</favourite>
	<favourite name="Italian" thumb="http://s15.postimg.org/awwe2xya3/Live_Italian_TV.jpg">ActivateWindow(10025,&quot;plugin://plugin.video.phstreams/?action=ndmode&amp;audio=0&amp;content=0&amp;fanart=http%3a%2f%2fs9.postimg.org%2fgbr27aken%2fcool4.jpg&amp;image=http%3a%2f%2fs15.postimg.org%2fawwe2xya3%2fLive_Italian_TV.jpg&amp;name=Live%20Italian%20Television&amp;playable=false&amp;tvshow=0&amp;url=http%3a%2f%2fgibraltar.watchkodi.com%2fForiegn%2fusatv.xml&amp;sf_options=fanart%3Dhttp%3A%2F%2Fs9.postimg.org%2Fgbr27aken%2Fcool4.jpg%26desc%3DDiscover+Great+Streaming+Playlists%21%26_options_sf&quot;,return)</favourite>
	<favourite name="[COLOR chartreuse][B][Italy][/B][/COLOR]" thumb="DefaultFolder.png">ActivateWindow(10025,&quot;plugin://plugin.video.israelive/?categoryid=10556&amp;description&amp;displayname=10716&amp;iconimage&amp;mode=2&amp;name=%5bCOLOR%20chartreuse%5d%5bB%5d%5bItaly%20-%20%d7%90%d7%99%d7%98%d7%9c%d7%99%d7%94%5d%5b%2fB%5d%5b%2fCOLOR%5d&amp;url&amp;sf_options=fanart%3Dhttp%3A%2F%2Fwww.icangiveyouhouse.com%2Faudio%2F2010%2F09%2Fworld-in-black-and-white-hands-1.jpg%26_options_sf&quot;,return)</favourite>
	<favourite name="[COLOR pink][B]Italian regional channels[/B][/COLOR]" thumb="DefaultFolder.png">ActivateWindow(10025,&quot;plugin://plugin.video.kodilivetv/?description&amp;iconimage&amp;mode=2&amp;name=%5bCOLOR%20pink%5d%5bB%5dItalian%20regional%20channels%5b%2fB%5d%5b%2fCOLOR%5d&amp;url=http%3a%2f%2fkodilive.eu%2fiptv%2fregionali.php&quot;,return)</favourite>
	<favourite name="[COLOR violet][B]Italian Radio[/B][/COLOR]" thumb="DefaultFolder.png">ActivateWindow(10025,&quot;plugin://plugin.video.kodilivetv/?description&amp;iconimage&amp;mode=2&amp;name=%5bCOLOR%20violet%5d%5bB%5dItalian%20Radio%5b%2fB%5d%5b%2fCOLOR%5d&amp;url=http%3a%2f%2fkodilive.eu%2fiptv%2fres%2fradioit2.m3u&quot;,return)</favourite>
</favourites>