<favourites>
	<favourite name="[COLOR blue]MLB Replay[/COLOR]" thumb="">ActivateWindow(10025,&quot;plugin://plugin.video.VidTime/?base=https%3a%2f%2fwww.dropbox.com%2fs%2fdvldj5bpwjs9fik%2fMLB.xml%3fraw%3dtrue&amp;mode=XML&amp;name=%5bCOLOR%20red%5dMLB%5b%2fCOLOR%5d&quot;,return)</favourite>
	<favourite name="Live Games - B-Streams" thumb="special://home/addons\plugin.video.SportsDevil\resources\images\bundesligastream.png">ActivateWindow(10025,&quot;plugin://plugin.video.SportsDevil/?item=title%3dBundesliga-Streams.net%26url%3dlivesports%252Fbundesliga-streams.net.cfg%26definedIn%3dlivesports.cfg%26director%3dbundesliga-streams.net%26genre%3dLive%2bSports%26type%3drss%26icon%3dC%253A%255Ckodi%255Cportable_data%255Caddons%255Cplugin.video.SportsDevil%255Cresources%255Cimages%255Cbundesligastream.png&amp;mode=1&quot;,return)</favourite>
	<favourite name="Live Games - StreamHunter" thumb="special://home/addons\plugin.video.SportsDevil\resources\images\lshunter_tv.png">ActivateWindow(10025,&quot;plugin://plugin.video.SportsDevil/?item=title%3dBaseball%26url%3dhttp%253A%252F%252Fwww.batmanstream.com%252Fbaseball-live-streaming-video.html%26cfg%3dlshunter-new.cfg%2540Events%26definedIn%3dlivesports%252Flshunter-new.cfg%26director%3dLSHunter.tv%26genre%3dLive%2bSports%26type%3drss%26icon%3dC%253A%255Ckodi%255Cportable_data%255Caddons%255Cplugin.video.SportsDevil%255Cresources%255Cimages%255Clshunter_tv.png&amp;mode=1&quot;,return)</favourite>
	<favourite name="Live Games - DimSports" thumb="special://home/addons\plugin.video.SportsDevil\resources\images\sports/Baseball.png">ActivateWindow(10025,&quot;plugin://plugin.video.SportsDevil/?item=title%3dBaseball%26url%3dhttp%253A%252F%252Fwww.idimsports.eu%252Fbaseball.html%26cfg%3ddimsports.eu.links.cfg%26definedIn%3dlivesports%252Fdimsports.eu.cfg%26director%3ddimsports.eu%26genre%3dLive%2bSports%26type%3drss%26icon%3dC%253A%255Ckodi%255Cportable_data%255Caddons%255Cplugin.video.SportsDevil%255Cresources%255Cimages%255Csports%252FBaseball.png&amp;mode=1&quot;,return)</favourite>
	<favourite name="Live Games - VipBox" thumb="special://home/addons\plugin.video.SportsDevil\resources\images\sports/Baseball.png">ActivateWindow(10025,&quot;plugin://plugin.video.SportsDevil/?item=title%3dBaseball%26url%3dhttp%253A%252F%252Fwww.strikeout.co%252F%26cfg%3dvipbox.tv.events.cfg%26definedIn%3dlivesports%252Fvipbox.tv.cfg%26director%3dVipBox.tv%26genre%3dLive%2bSports%26type%3drss%26icon%3dC%253A%255Ckodi%255Cportable_data%255Caddons%255Cplugin.video.SportsDevil%255Cresources%255Cimages%255Csports%252FBaseball.png&amp;mode=1&quot;,return)</favourite>
	<favourite name="Live Events" thumb="http://icons.iconarchive.com/icons/joker-design/3d-sports/128/sailing-ship-icon.png">ActivateWindow(10025,&quot;plugin://plugin.program.super.favourites/?label=Live Events&amp;mode=400&amp;folder=Sports%2FLive%20Events&amp;sf_options=fanart%3DC%3A%5Ckodi%5Caddons%5Cplugin.program.super.favourites%5Cfanart.jpg%26_options_sf&quot;)</favourite>
</favourites>