<favourites>
	<favourite name="HD (alphabetical)" thumb="http://oi43.tinypic.com/1z644mh.jpg">ActivateWindow(10025,&quot;plugin://plugin.video.phstreams/?action=ndmode&amp;audio=0&amp;content=0&amp;fanart=http%3a%2f%2fs6.postimg.org%2f4ph8mo5q9%2fBackdrop.png&amp;image=http%3a%2f%2fs6.postimg.org%2fvqvsd6h35%2f1080p.png&amp;name=%5bCOLOR%20orangered%5d1%5b%2fCOLOR%5d%5bCOLOR%20white%5d080P%5b%2fCOLOR%5d%20%5bCOLOR%20orangered%5dH%5b%2fCOLOR%5d%5bCOLOR%20white%5dD%5b%2fCOLOR%5d&amp;playable=false&amp;tvshow=0&amp;url=http%3a%2f%2fzenica.watchkodi.com%2fMovies%2f1080p%2520Movies.xml&amp;sf_options=fanart%3Dhttp%3A%2F%2Fs6.postimg.org%2F4ph8mo5q9%2FBackdrop.png%26desc%3DDiscover+Great+Streaming+Playlists%21%26_options_sf&quot;,return)</favourite>
	<favourite name="One242415" thumb="http://gibraltar.watchkodi.com/skullPhoenicIcon.png">ActivateWindow(10025,&quot;plugin://plugin.video.phstreams/?action=ndmode&amp;audio=0&amp;content=0&amp;fanart=C%3a%5ckodi%5cportable_data%5caddons%5cplugin.video.phstreams%5cfanart.jpg&amp;image=http%3a%2f%2fgibraltar.watchkodi.com%2fskullPhoenicIcon.png&amp;name=One242415&amp;playable=false&amp;tvshow=0&amp;url=http%3a%2f%2fgibraltar.watchkodi.com%2fmaindir%2fmain.xml&amp;sf_options=fanart%3Dspecial%3A%2F%2Fhome%2Faddons%5Cplugin.video.phstreams%5Cfanart.jpg%26desc%3DDiscover+Great+Streaming+Playlists%21%26_options_sf&quot;,return)</favourite>
	<favourite name="Rockcrusher" thumb="http://york.watchkodi.com/myicon.jpg">ActivateWindow(10025,&quot;plugin://plugin.video.phstreams/?action=ndmode&amp;audio=0&amp;content=0&amp;fanart=C%3a%5ckodi%5cportable_data%5caddons%5cplugin.video.phstreams%5cfanart.jpg&amp;image=http%3a%2f%2fyork.watchkodi.com%2fmyicon.jpg&amp;name=Rockcrusher&amp;playable=false&amp;tvshow=0&amp;url=http%3a%2f%2fyork.watchkodi.com%2fMainDir%2fmain.xml&amp;sf_options=fanart%3Dspecial%3A%2F%2Fhome%2Faddons%5Cplugin.video.phstreams%5Cfanart.jpg%26desc%3DDiscover+Great+Streaming+Playlists%21%26_options_sf&quot;,return)</favourite>
	<favourite name="MorePower" thumb="special://home/addons\plugin.video.morepower\icon.png">ActivateWindow(10025,&quot;plugin://plugin.video.morepower?sf_options=fanart%3Dspecial%3A%2F%2Fhome%2Faddons%5Cplugin.video.morepower%5Cfanart.jpg%26desc%3DA+Standalone+Add-on+For+The+Excellent+Play-list+From+MorePower.++Thank+you+very+much+for+stopping+by.+You+will+find+i+have+a+very+wide+selection+of+movies.+I+strive+to+have+only+the+BEST+quality.%26_options_sf&quot;,return)</favourite>
	<favourite name="Random Movies" thumb="http://s6.postimg.org/a5093vy5d/1_blank_new.png">ActivateWindow(10025,&quot;plugin://plugin.video.zeus/?description&amp;iconimage=http%3a%2f%2fs6.postimg.org%2fa5093vy5d%2f1_blank_new.png&amp;mode=59&amp;name=%5bCOLOR%20white%5dLUCKY%20DIP%5b%2fCOLOR%5d&amp;url=hd%2bfilms%2b1080p%2benglish&amp;sf_options=fanart%3Dhttp%3A%2F%2Fs6.postimg.org%2Fa5093vy5d%2F1_blank_new.png%26_options_sf&quot;,return)</favourite>
	<favourite name="123Movies" thumb="special://home/addons\plugin.video.md123movies\icon.png">ActivateWindow(10025,&quot;plugin://plugin.video.md123movies?sf_options=fanart%3Dspecial%3A%2F%2Fhome%2Faddons%5Cplugin.video.md123movies%5Cfanart.jpg%26desc%3DStream+Movies+From+The+123movies.to+WebSite%26_options_sf&quot;,return)</favourite>
	<favourite name="HuluBox" thumb="http://addons.tvaddons.ag/cache/images/9737493c8a28a5bb8c9acb98e7392f_icon.png">ActivateWindow(10025,&quot;plugin://plugin.video.hulubox?sf_options=fanart%3Dspecial%3A%2F%2Fhome%2Faddons%5Cplugin.video.hulubox%5Cfanart.jpg%26_options_sf&quot;,return)</favourite>
	<favourite name="Movie Night" thumb="special://home/addons\plugin.video.movienight\icon.png">ActivateWindow(10025,&quot;plugin://plugin.video.movienight?sf_options=fanart%3Dspecial%3A%2F%2Fhome%2Faddons%5Cplugin.video.movienight%5Cfanart.jpg%26_options_sf&quot;,return)</favourite>
	<favourite name="[COLOR tomato]Online Movies Pro[/COLOR]" thumb="https://superrepo.org/static/images/icons/original/xplugin.video.onlinemovies.png.pagespeed.ic.YcKpu11R94.png">ActivateWindow(10025,&quot;plugin://plugin.video.onlinemovies?sf_options=fanart%3Dspecial%3A%2F%2Fhome%2Faddons%5Cplugin.video.onlinemovies%5Cfanart.jpg%26_options_sf&quot;,return)</favourite>
	<favourite name="XMovies8" thumb="special://home/addons\plugin.video.xmovies8\icon.png">ActivateWindow(10025,&quot;plugin://plugin.video.xmovies8?sf_options=fanart%3Dspecial%3A%2F%2Fhome%2Faddons%5Cplugin.video.xmovies8%5Cfanart.jpg%26_options_sf&quot;,return)</favourite>
	<favourite name="Film Dictator" thumb="special://home/addons\plugin.video.filmdictator\icon.png">ActivateWindow(10025,&quot;plugin://plugin.video.filmdictator?sf_options=fanart%3Dspecial%3A%2F%2Fhome%2Faddons%5Cplugin.video.filmdictator%5Cfanart.jpg%26_options_sf&quot;,return)</favourite>
	<favourite name="ViewMovies" thumb="http://addons.tvaddons.ag/cache/images/576ada6c6cad4b8627e0a52e9ee493_icon.png">ActivateWindow(10025,&quot;plugin://plugin.video.viewmovies?sf_options=fanart%3Dspecial%3A%2F%2Fhome%2Faddons%5Cplugin.video.viewmovies%5Cfanart.jpg%26_options_sf&quot;,return)</favourite>
	<favourite name="Icefilms" thumb="http://orig04.deviantart.net/f6fe/f/2011/288/b/b/icefilms_flurry_icon_by_tomaaato-d4cps0w.png">ActivateWindow(10025,&quot;plugin://plugin.video.icefilms?sf_options=fanart%3Dspecial%3A%2F%2Fhome%2Faddons%5Cplugin.video.icefilms%5Cfanart.jpg%26desc%3DVisit+www.tvaddons.ag+for+support.%0A++++++++%0ATurns+your+XBMC+into+an+instant+free+on-demand+media-center.+Stream+and+download+to+your+library+DVD+and+HD720p+quality+videos.+Browse+and+search+the+library+of+over+77%2C000+videos+with+metadata+and+posters.+Never+experience+the+frustration+of+dead+video+links%21%26_options_sf&quot;,return)</favourite>
	<favourite name="IMAX" thumb="https://static.imax.com/static/images/IMAX_share.jpg">ActivateWindow(10025,&quot;plugin://plugin.video.phstreams/?action=ndmode&amp;audio=0&amp;content=0&amp;fanart=http%3a%2f%2fs9.postimg.org%2fgbr27aken%2fcool4.jpg&amp;image=http%3a%2f%2fs18.postimg.org%2fopsed7455%2fImax3d1.jpg&amp;name=IMAX&amp;playable=false&amp;tvshow=0&amp;url=http%3a%2f%2fgibraltar.watchkodi.com%2fCollections%2fimax.xml&quot;,return)</favourite>
</favourites>