<favourites>
	<favourite name="[COLOR cyan]All-Sports[/COLOR]" thumb="special://home/addons\plugin.video.mdfubar\resources\art\bad.png">ActivateWindow(10025,&quot;plugin://plugin.video.mdfubar/?description&amp;iconimage=C%3a%5ckodi%5cportable_data%5caddons%5cplugin.video.mdfubar%5cresources%5cart%5cbad.png&amp;mode=151&amp;name=%5bCOLOR%20cyan%5dAll-Sports%5b%2fCOLOR%5d&amp;url=http%3a%2f%2fwww.badassmovies4u.com%2f%2fforumdisplay.php%3f19-All-Sports&amp;sf_options=fanart%3Dspecial%3A%2F%2Fhome%2Faddons%5Cplugin.video.mdfubar%5Cresources%5Cart%5Cf1.jpg%26_options_sf&quot;,return)</favourite>
	<favourite name="[COLOR white]SPORT HIGHLIGHTS[/COLOR][COLOR lime][/COLOR]" thumb="https://lh3.googleusercontent.com/u7jaoqIWIbExRdxM_K3thCnzF_bBBJJFUwMAAz5zS5XJE84_3JrhXR_wuuCu1Dgxe0w=w300">ActivateWindow(10025,&quot;plugin://plugin.video.streamengine/?date&amp;description&amp;iconimage=http%3a%2f%2fi1295.photobucket.com%2falbums%2fb636%2fbeatbox8501%2fHIGHLIGHTS_zpsim3trylt.png&amp;mode=1&amp;name=%5bCOLOR%20white%5dSPORT%20HIGHLIGHTS%5b%2fCOLOR%5d%5bCOLOR%20lime%5d%5b%2fCOLOR%5d&amp;page&amp;play&amp;url=https%3a%2f%2fpastebin.com%2fraw.php%3fi%3d2YF5k2hT&amp;sf_options=fanart%3Dhttp%3A%2F%2Fi1295.photobucket.com%2Falbums%2Fb636%2Fbeatbox8501%2Fwallpaper_zpsopwvguho.jpg%26_options_sf&quot;,return)</favourite>
	<favourite name="[COLOR brown]Sports Replays[/COLOR]" thumb="http://s20.postimg.org/w5iqyo1el/Replay.png">ActivateWindow(10025,&quot;plugin://plugin.video.phstreams/?action=ndmode&amp;audio=0&amp;content=0&amp;fanart=http%3a%2f%2fs20.postimg.org%2fid8xgs00t%2fSports_Background.jpg&amp;image=http%3a%2f%2fs20.postimg.org%2fw5iqyo1el%2fReplay.png&amp;name=Sports%20Replays&amp;playable=false&amp;tvshow=0&amp;url=http%3a%2f%2fshanghai.watchkodi.com%2fDirectories%2fSports%2520Replays.xml&amp;sf_options=fanart%3Dhttp%3A%2F%2Fs20.postimg.org%2Fid8xgs00t%2FSports_Background.jpg%26desc%3DDiscover+Great+Streaming+Playlists%21%26_options_sf&quot;,return)</favourite>
	<favourite name="[COLOR brown]NBC Sports !Live[/COLOR]" thumb="https://lh5.ggpht.com/q0oylHtHJZhyD6llqXRXeporZcdy1lDohJEf-Mk6XybJpYTMwd4XJ-5zjuLFl2wqXgs=w300">ActivateWindow(10025,&quot;plugin://plugin.video.nbcsnliveextra/?sf_options=fanart%3Dspecial%3A%2F%2Fhome%2Faddons%5Cplugin.video.nbcsnliveextra%5Cfanart.jpg%26_options_sf&quot;)</favourite>
</favourites>