<favourites>
	<favourite name="Google Music" thumb="http://icons.iconarchive.com/icons/alecive/flatwoken/512/Apps-Google-Music-icon.png">ActivateWindow(10501,&quot;plugin://plugin.audio.googlemusic.exp?sf_options=fanart%3Dspecial%3A%2F%2Fhome%2Faddons%5Cplugin.audio.googlemusic.exp%5Cfanart.jpg%26desc%3DPlugin+that+lets+you+play+music+from+Google+Music.%26_options_sf&quot;,return)</favourite>
	<favourite name="Jango" thumb="https://lh5.ggpht.com/T2CRrdn38OemfMd5TZWwjI21oPms5epKfjenrK6jvZ4gCFw7YeipKbMwo5XbK7HhWA">ActivateWindow(10025,&quot;plugin://plugin.audio.jango?sf_options=fanart%3Dspecial%3A%2F%2Fhome%2Faddons%5Cplugin.audio.jango%5Cfanart.jpg%26desc%3DFree+internet+radio.+Listen+to+hundreds+of+genre+stations+or+create+your+own+with+your+favorite+music.%26_options_sf&quot;,return)</favourite>
	<favourite name="SoundCloud" thumb="http://googledrive.com/host/0B-bY5h-uWEgZQVJQZ0lzUTdBeFE/icons/apps/soundcloud.jpg">ActivateWindow(10501,&quot;plugin://plugin.audio.soundcloud/&quot;)</favourite>
	<favourite name="VEVO" thumb="http://www.androvid.de/images/icon/VEVO.png">ActivateWindow(10025,&quot;plugin://plugin.video.myvevo?sf_options=fanart%3Dspecial%3A%2F%2Fhome%2Faddons%5Cplugin.video.myvevo%5Cfanart.jpg%26desc%3DWatch+music+videos%2C+artist+videos%2C+and+original+shows+on+VEVO+and+VEVO+TV%26_options_sf&quot;,return)</favourite>
	<favourite name="YouTube" thumb="http://www.usacapitol.com/SiteAssets/stay-connected/youtube-logo.png">ActivateWindow(10025,&quot;plugin://plugin.video.youtube/&quot;,return)</favourite>
	<favourite name="Spotify Playlists" thumb="http://3.bp.blogspot.com/-8etXhhjZDe8/UMCD-sjk_VI/AAAAAAAAAaA/yYNrpv_6LNA/s1600/winpho.png">ActivateWindow(10501,&quot;plugin://plugin.video.spotitube/?limit&amp;mode=spotifyMain&amp;type&amp;url&quot;,return)</favourite>
	<favourite name="MP3 Streams" thumb="http://googledrive.com/host/0B-bY5h-uWEgZQVJQZ0lzUTdBeFE/icons/apps/mp3streams.png">ActivateWindow(10501,&quot;plugin://plugin.audio.mp3streams/?sf_options=fanart%3Dspecial%3A%2F%2Fhome%2Faddons%5Cplugin.audio.mp3streams%5Cfanart.jpg%26_options_sf&quot;,return)</favourite>
</favourites>