<favourites>
	<favourite name="[COLOR yellow]All In One[/COLOR]" thumb="">ActivateWindow(10025,&quot;plugin://plugin.program.null/&quot;,return)</favourite>
	<favourite name="HappyChick (TV)" thumb="https://lh4.ggpht.com/grN6yFK0FpUXq1RWODj2Ka_qps0l1y3aFXQcNNyvtGeqokZYqaNgbTL-UuZGc2mTxBo=w150">PlayMedia(&quot;plugin://plugin.video.water/?url=http%3A%2F%2Fwww.xiaoji001.com%2Fdownload%2Ftv%2Fxiaoji.apk&amp;mode=12&amp;name=HappyChickTV&amp;description=com.xiaoji.tvbox&amp;sf_options=winID%3D10025%26_options_sf&quot;)</favourite>
	<favourite name="HappyChick [COLOR black]*Requires TouchScreen or Mouse[/COLOR]" thumb="">PlayMedia(&quot;plugin://plugin.video.water/?url=http%3A%2F%2Fwww.xiaoji001.com%2Fdownload%2Fhappychick.apk&amp;mode=3&amp;name=Happychick&amp;description=com.xiaoji.emulator&amp;sf_options=winID%3D10025%26_options_sf&quot;)</favourite>
	<favourite name="[COLOR yellow][/COLOR]" thumb="">ActivateWindow(10025,&quot;plugin://plugin.program.null/&quot;,return)</favourite>
	<favourite name="[COLOR yellow]Emulators[/COLOR]" thumb="">ActivateWindow(10025,&quot;plugin://plugin.program.null/&quot;,return)</favourite>
	<favourite name="snes9x" thumb="">PlayMedia(&quot;plugin://plugin.video.water/?url=http://www.explusalpha.com/home/snes9x-ex/downloads/Snes9xEX-9-1.5.34.apk&amp;mode=3&amp;name=snes9x&amp;description=snes9x&amp;sf_options=winID%3D10025%26_options_sf&quot;)</favourite>
	<favourite name="mupen64" thumb="">PlayMedia(&quot;plugin://plugin.video.water/?url=http://mupen64-plus-ae.en.uptodown.com/android/download&amp;mode=3&amp;name=mupen64&amp;description=Install N64 Emulator&amp;sf_options=winID%3D10025%26_options_sf&quot;)</favourite>
	<favourite name="dolphin" thumb="">PlayMedia(&quot;plugin://plugin.video.water/?url=https%3A%2F%2Fwww.dropbox.com%2Fs%2Fqkfsva461f5hpub%2FGamecube.apk%3Fdl%3D1&amp;mode=3&amp;name=GameCube Emulator&amp;description=Install GameCube Emulator&amp;sf_options=winID%3D10025%26_options_sf&quot;)</favourite>
	<favourite name="RetroArch" thumb="http://vignette2.wikia.nocookie.net/vsrecommendedgames/images/6/60/Retroarch_Android_icon.png/revision/latest?cb=20140110025517">PlayMedia(&quot;plugin://plugin.video.water/?url=http://buildbot.libretro.com/stable/1.3.6/android/RetroArch.apk&amp;mode=3&amp;name=RetroArch&amp;description=Install RetroArch&amp;sf_options=winID%3D10025%26_options_sf&quot;)</favourite>
	<favourite name="[COLOR yellow][/COLOR]" thumb="">ActivateWindow(10025,&quot;plugin://plugin.program.null/&quot;,return)</favourite>
	<favourite name="[COLOR yellow]ROM Downloaders[/COLOR]" thumb="">ActivateWindow(10025,&quot;plugin://plugin.program.null/&quot;,return)</favourite>
	<favourite name="RetroGame Downloader" thumb="https://cdn3.iconfinder.com/data/icons/supermario/PNG/retro-mushroom-super-2.png">ActivateWindow(10025,&quot;plugin://plugin.program.retrogames/?mode=OnlRoot&quot;,return)</favourite>
	<favourite name="RomsPro" thumb="">PlayMedia(&quot;plugin://plugin.video.water/?url=https%3A%2F%2Fwww.dropbox.com%2Fs%2Fknoa4ukq3xvt9a1%2FRomsPro.apk%3Fdl%3D1%26&amp;mode=12&amp;name=RomsPro&amp;description=com.123&amp;sf_options=winID%3D10025%26_options_sf&quot;)</favourite>
	<favourite name="RomBuddy" thumb="">PlayMedia(&quot;plugin://plugin.video.water/?url=https%3A%2F%2Fwww.dropbox.com%2Fs%2Fyxnmm31grx6ueoy%2FRom_Buddy.apk%3Fdl%3D1&amp;mode=12&amp;name=RomBuddy&amp;description=com.123&amp;sf_options=winID%3D10025%26_options_sf&quot;)</favourite>
	<favourite name="Internet Archive ROM Launcher" thumb="special://home/addons\plugin.program.iarl\icon.png">ActivateWindow(10025,&quot;plugin://plugin.program.iarl/&quot;)</favourite>
</favourites>