<favourites>
	<favourite name="Search Movies" thumb="art\themes\Classic\search.jpg">PlayMedia(&quot;plugin://plugin.video.1channel/?section=movie&amp;mode=GetSearchQuery&amp;next_mode=Search&amp;sf_options=winID%3D10025%26_options_sf&quot;,return)</favourite>
	<favourite name="Search TV" thumb="art\themes\Classic\search.jpg">PlayMedia(&quot;plugin://plugin.video.1channel/?section=tv&amp;mode=GetSearchQuery&amp;next_mode=Search&amp;sf_options=winID%3D10025%26_options_sf&quot;,return)</favourite>
	<favourite name="Search Movies (Advanced Search)" thumb="art\themes\Classic\search.jpg">PlayMedia(&quot;plugin://plugin.video.1channel/?section=movie&amp;mode=GetSearchQueryAdvanced&amp;sf_options=winID%3D10025%26_options_sf&quot;,return)</favourite>
	<favourite name="Search TV (Advanced Search)" thumb="art\themes\Classic\search.jpg">PlayMedia(&quot;plugin://plugin.video.1channel/?section=tv&amp;mode=GetSearchQueryAdvanced&amp;sf_options=winID%3D10025%26_options_sf&quot;,return)</favourite>
</favourites>