<favourites>
	
	<favourite name="Schedule & Scores[COLOR black] - prosports[/COLOR]" thumb="https://www.mlbstatic.com/mlb.com/builds/site-core/8a1b123c6d57e89471233245b055a46ff73f575a_1490893516/images/favicon.png">ActivateWindow(10025,&quot;plugin://plugin.video.prosport/?away&amp;home&amp;mode=mlb&amp;url&quot;,return)</favourite>
	 <favourite name="" thumb="">ActivateWindow(10025,&quot;plugin://plugin.video.&quot;,return)</favourite>
	<favourite name="[COLOR blue]MLB[/COLOR] Network" thumb="https://www.mlbstatic.com/mlb.com/builds/site-core/8a1b123c6d57e89471233245b055a46ff73f575a_1490893516/images/favicon.png">PlayMedia(&quot;http://mlblive-akc.mlb.com/ls01/mlbam/mlb_network/NETWORK_LINEAR_1/master_wired.m3u8&quot;,return)</favourite>
	<favourite name="[COLOR blue]Live[/COLOR] Games [COLOR black] - zunox[/COLOR]" thumb="">ActivateWindow(10025,&quot;plugin://plugin.video.SportsDevil/?item=title%3dZunox.hk%26url%3dlivesports%252Fslipstreamtv.co.cfg%26definedIn%3dlivesports.cfg%26director%3dzunox.hk%26genre%3dLive%2bSports%26type%3drss%26icon%3d&amp;mode=1&quot;,return)</favourite>
	<favourite name="[COLOR blue]Live[/COLOR] Games [COLOR black] - reddit[/COLOR]" thumb="">ActivateWindow(10025,&quot;plugin://plugin.video.sportie/?fanart=&amp;iconimage=&amp;mode=319&amp;name=&amp;url=https%3a%2f%2fwww.reddit.com%2fr%2fmlbstreams%2f&quot;,return)</favourite>
	<favourite name="[COLOR blue]Live[/COLOR] Games [COLOR black] - backup servers[/COLOR]" thumb="">ActivateWindow(10025,&quot;plugin://plugin.program.super.favourites/?mode=400&amp;folder=Sports%5CMLB%5Cbackup&amp;sf_options=&quot;,return)</favourite>
	
	 
	  <favourite name="" thumb="">ActivateWindow(10025,&quot;plugin://plugin.video.&quot;,return)</favourite>
	 
	 
	 <favourite name="MLB Highlights" thumb="https://yt3.ggpht.com/-cXAzzpKrBQk/AAAAAAAAAAI/AAAAAAAAAAA/MaprkNIV-MY/s240-c-k-no-mo-rj-c0xffffff/photo.jpg">PlayMedia(&quot;plugin://plugin.video.youtube/channel/UCoLrcjPV5PbUrUyXq5mjc_A/&quot;,isdir)</favourite>
	 <favourite name="MLB Replay" thumb="http://www.logosurfer.com/sites/default/files/styles/large/public/mlb-logo_0.png?itok=xwBRpawG">ActivateWindow(10025,&quot;plugin://plugin.video.phstreams/?action=directory&amp;content=0&amp;url=http%3a%2f%2fprojectd.offshorepastebin.com%2fpdsports%2fbaseball.xml&quot;,return)</favourite>
	 <favourite name="MLB Classics" thumb="https://yt3.ggpht.com/-eaFiinrEQZ8/AAAAAAAAAAI/AAAAAAAAAAA/y0JdllZEMMI/s240-c-k-no-mo-rj-c0xffffff/photo.jpg">ActivateWindow(10025,&quot;plugin://plugin.video.youtube/channel/UCbQ07z3YBi8RUc6nBxJhg2Q/&quot;,return)</favourite>
    
</favourites>