<favourites>
	<favourite name="PrimeWire" thumb="special://home/addons\script.1channel.themepak\art\themes\Classic\date_added.png">ActivateWindow(10025,&quot;plugin://plugin.video.1channel/?mode=GetFilteredResults&amp;section=tv&amp;sort=date&amp;sf_options=fanart%3Dspecial%3A%2F%2Fhome%2Faddons%5Cscript.1channel.themepak%5Cart%5Cthemes%5CClassic%5Cfanart.png%26_options_sf&quot;,return)</favourite>
	<favourite name="HUB" thumb="special://home/addons\script.1channel.themepak\art\themes\classic\date_added.png">ActivateWindow(10025,&quot;plugin://plugin.video.allinone/?mode=GetTitles1&amp;numOfPages=1&amp;section=ALL&amp;startPage=1&amp;url=http%3a%2f%2fawesomedl.ru%2f%2f&quot;,return)</favourite>
	<favourite name="TeeVee" thumb="special://home/addons\plugin.video.teevee/icon.png">ActivateWindow(10025,&quot;plugin://plugin.video.teevee/?foldername=shows&amp;mode=new_tv&amp;page=1&quot;,return)</favourite>
	<favourite name="Airing today" thumb="http://icons.iconarchive.com/icons/oxygen-icons.org/oxygen/256/Actions-go-jump-today-icon.png">ActivateWindow(10025,&quot;plugin://plugin.video.origin2/?action=tvshows&amp;url=airing&amp;sf_options=fanart%3Dspecial%3A%2F%2Fhome%2Faddons%5Cplugin.video.genesis%5Cresources%5Cmedia%5Cgone%5Cfanart.jpg%26_options_sf&quot;,return)</favourite>
	<favourite name="New Episodes" thumb="http://www.iconpng.com/png/stickers/promotion_new.png">ActivateWindow(10025,&quot;plugin://plugin.video.origin2/?action=calendar&amp;url=added&quot;,return)</favourite>
	<favourite name="New TV Shows" thumb="http://www.iconarchive.com/download/i85595/graphicloads/100-flat/new.ico">ActivateWindow(10025,&quot;plugin://plugin.video.origin2/?action=tvshows&amp;url=premiere&amp;sf_options=fanart%3Dspecial%3A%2F%2Fhome%2Faddons%5Cplugin.video.genesis%5Cresources%5Cmedia%5Cgone%5Cfanart.jpg%26_options_sf&quot;,return)</favourite>
	<favourite name="Lastest Added" thumb="special://home/addons\plugin.video.teevee/resources/icons/new/Latest_Added.png">ActivateWindow(10025,&quot;plugin://plugin.video.teevee/?foldername=shows&amp;mode=latest_tv&amp;page=1&amp;sf_options=fanart%3Dspecial%3A%2F%2Fhome%2Faddons%5Cplugin.video.teevee%2Fresources%2Ficons%2Fnew%2Ffanart.jpg%26_options_sf&quot;,return)</favourite>
</favourites>