<favourites>
	<favourite name="Family Guy" thumb="https://upload.wikimedia.org/wikipedia/en/thumb/a/aa/Family_Guy_Logo.svg/335px-Family_Guy_Logo.svg.png">PlayMedia(&quot;http://iptvnation.com/familyguy.mp4?sf_options=winID%3D10025%26_options_sf&quot;)</favourite>
	<favourite name="South Park" thumb="http://tvtvtv.ru/icons/logo_4527.png">PlayMedia(&quot;http://iptvnation.com/southpark.mp4?sf_options=winID%3D10025%26_options_sf&quot;)</favourite>
	<favourite name="the Simpsons" thumb="">PlayMedia(&quot;http://iptvnation.com/simpsons.mp4?sf_options=winID%3D10025%26_options_sf&quot;)</favourite>
	<favourite name="Bobs Burgers" thumb="http://vignette3.wikia.nocookie.net/voiceacting/images/8/8e/Bob">PlayMedia(&quot;http://iptvnation.com/bobs.mp4?sf_options=winID%3D10025%26_options_sf&quot;)</favourite>
	<favourite name="Two and a Half Men" thumb="http://i2.ytimg.com/vi/qFKN_weKWug/mqdefault.jpg">PlayMedia(&quot;http://iptvnation.com/two.mp4?sf_options=winID%3D10025%26_options_sf&quot;)</favourite>
	<favourite name="How I Met Your Mother" thumb="http://wgnamerica.com/~/media/Images/WGNAmerica/Series/How-I-Met-Your-Mother/Hero-Area/HIMYM-logo.ashx?w=413&amp;h=300">PlayMedia(&quot;http://iptvnation.com/how.mp4quot;)?sf_options=winID%3D10025%26_options_sf&quot;)</favourite>
	<favourite name="The Big Bang Theory" thumb="http://ia.media-imdb.com/images/M/MV5BMjI1Mzc4MDUwNl5BMl5BanBnXkFtZTgwMDAzOTIxMjE%40._V1_SY317_CR20%2C0%2C214%2C317_AL_.jpg">PlayMedia(&quot;http://iptvnation.com/big.mp4quot;)?sf_options=winID%3D10025%26_options_sf&quot;)</favourite>
	<favourite name="Arrow" thumb="http://www.josepvinaixa.com/blog/wp-content/uploads/2014/07/Arrow-Season-3-logo1.png">PlayMedia(&quot;http://iptvnation.com/arrow.mp4?sf_options=winID%3D10025%26_options_sf&quot;)</favourite>
	<favourite name="The Grimm" thumb="http://aidyreviewsnet.c.presscdn.com/wp-content/uploads/2012/05/Grimm-Season-1-SUPERFAN.png">PlayMedia(&quot;http://iptvnation.com/grimm.mp4?sf_options=winID%3D10025%26_options_sf&quot;)</favourite>
	<favourite name="Bones" thumb="https://apparitionskateboards.com/wp-content/uploads/2015/04/Bones-Logo.jpg">PlayMedia(&quot;http://iptvnation.com/bones.mp4?sf_options=winID%3D10025%26_options_sf&quot;)</favourite>
	<favourite name="The Mentalist" thumb="http://tvfiles.alphacoders.com/248/clearart-248.png">PlayMedia(&quot;http://iptvnation.com/mentalist.mp4?sf_options=winID%3D10025%26_options_sf&quot;)</favourite>
	<favourite name="Criminal Minds" thumb="http://sounds.lyrics.songonlyrics.net/wp-content/uploads/2013/09/criminalminds-s9.jpeg">PlayMedia(&quot;plugin://plugin.video.ccloudtv/?url=http%3A%2F%2Fiptvnation.com%2Fcriminal.mp4&amp;mode=1&amp;name=Criminal+Minds+%28RandomAirTime+24%2F7%29+%28US%29+%28English%29&amp;iconimage=http%3A%2F%2Fsounds.lyrics.songonlyrics.net%2Fwp-content%2Fuploads%2F2013%2F09%2Fcriminalminds-s9.jpeg&amp;sf_options=winID%3D10025%26_options_sf&quot;)</favourite>
	<favourite name="CSI Miami" thumb="https://fanart.tv/api/download.php?type=download&amp;image=31066&amp;section=1">PlayMedia(&quot;http://iptvnation.com/csimiami.mp4?sf_options=winID%3D10025%26_options_sf&quot;)</favourite>
</favourites>