<favourites>
	<favourite name="USTVNow" thumb="https://watch.ustvnow.com/assets/ustvnow/ico/apple-touch-icon-144x144.png">ActivateWindow(10025,&quot;plugin://plugin.video.ustvnow.tva/?mode=live&quot;,return)</favourite>
	<favourite name="CableTV" thumb="http://rocketdock.com/images/screenshots/TV-Guide.png">ActivateWindow(10025,&quot;http://dns.theplayersklub.us:2095/enigma2.php?username=playersklub&password=playersklub&type=get_live_streams&cat_id=0&quot;,return)</favourite>
	<favourite name="SwiftStreams" thumb="https://lh3.googleusercontent.com/PVogL1BRRQgB3sNOaIK5mm0Frp6iqQfy57T9VQ4Hy4g67dtQR7zPWRU45kn1XEghwA=w200">ActivateWindow(10025,&quot;plugin://plugin.video.gobble/&quot;,return)</favourite>
	<favourite name="Mobdro [COLOR black](TV)[/COLOR]" thumb="http://rawapk.com/wp-content/uploads/2016/05/Mobdro-Icon.png">StartAndroidActivity(&quot;org.mozilla.firefox,android.intent.action.VIEW&quot;,,&quot;cnn&quot;)</favourite>
	<favourite name="UKLiveTV [COLOR black](TV)[/COLOR]" thumb="https://cdn6.aptoide.com/imgs/9/4/7/947c9686a9f69007b7d8dd66cdcd74b3.png">PlayMedia(&quot;plugin://plugin.video.water/?url=http://uktvnow.net/download/UKTVNowFirestick7.7.apk&amp;mode=12&amp;name=UKLiveTV&amp;description=com.livetv.android.apps.uktvnow.firestick&amp;sf_options=winID%3D10025%26_options_sf&quot;)</favourite>
</favourites>