<favourites>
	<favourite name="NBC Sports" thumb="http://static.wixstatic.com/media/fefd1f_da8842f45aae6ab60b81b8ada2b414e0.jpg">PlayMedia(&quot;http://54.177.79.231/server/play/nbcsnxctg/master.m3u8?sf_options=winID%3D10025%26_options_sf&quot;)</favourite>
	<favourite name="Golf Channel" thumb="http://images.bwwstatic.com/columnpic7/216010CE4-98D9-AF3E-251224A0ED270B54.jpg">PlayMedia(&quot;http://tvegolf-i.Akamaihd.net/hls/live/218225/golfx/4296k/prog.m3u8?sf_options=winID%3D10025%26_options_sf&quot;)</favourite>
	<favourite name="PAC12" thumb="http://x.pac-12.com/profiles/pac12/modules/features/pac12_standings/images/pac12.png">ActivateWindow(10025,&quot;plugin://plugin.program.super.favourites/?label=[COLOR azure]College Sports[/COLOR]&amp;mode=400&amp;path=special%3A%2F%2Fhome%2Faddons%2Fscript.supafav%2FSuper%20Favourites%5CSports%5CCollege%20Sports&amp;sf_options=fanart%3DNULL%26_options_sf&quot;,return)</favourite>
	<favourite name="Sports Addons" thumb="special://home/addons\plugin.video.prosport\icon.png">ActivateWindow(10025,&quot;plugin://plugin.program.super.favourites/?label=Sports Addons&amp;mode=400&amp;folder=Sports%2FSports%20Addons&amp;sf_options=fanart%3Dspecial%3A%2F%2Fhome%2Faddons%5Cplugin.program.super.favourites%5Cfanart.jpg%26_options_sf&quot;)</favourite>
</favourites>