<favourites>
	<favourite name="TVonline 3.0" thumb="special://home/addons\plugin.video.tvonline.cc\icon.png">ActivateWindow(10025,&quot;plugin://plugin.video.tvonline.cc?sf_options=fanart%3Dspecial%3A%2F%2Fhome%2Faddons%5Cplugin.video.tvonline.cc%5Cfanart.jpg%26desc%3DStream+from+thousands+of+TV+shows+with+one+click%26_options_sf&quot;,return)</favourite>
	<favourite name="MD.Watchseries" thumb="special://home/addons\plugin.video.mdws\icon.png">ActivateWindow(10025,&quot;plugin://plugin.video.mdws?sf_options=fanart%3Dspecial%3A%2F%2Fhome%2Faddons%5Cplugin.video.mdws%5Cfanart.jpg%26desc%3DWatch+TV+Series+From+One+Of+The+Best+Sites+On+The+Web+Brought+To+You+By+Mucky+Duck%26_options_sf&quot;,return)</favourite>
	<favourite name="MerDB" thumb="http://ftp.acc.umu.se/mirror/addons.superrepo.org/v5/addons/plugin.video.merdb/icon.png">ActivateWindow(10025,&quot;plugin://plugin.video.merdb/?sf_options=desc%3DPlay+Videos+%40+MerDB.%26_options_sf&quot;,return)</favourite>
	<favourite name="TeeVee" thumb="special://home/addons\plugin.video.teevee\icon.png">ActivateWindow(10025,&quot;plugin://plugin.video.teevee?sf_options=fanart%3Dspecial%3A%2F%2Fhome%2Faddons%5Cplugin.video.teevee%5Cfanart.jpg%26desc%3DWatch+your+favourite+TV+Shows%21%26_options_sf&quot;,return)</favourite>
</favourites>