<favourites>

 
   
   
   <favourite name="Discovery" thumb="https://app.uktvnow.net/images/channel_imgs/160116011727disc.jpg|User-Agent=Dalvik/2.1.0 (Linux; U; Android 5.1.1; SM-G920F Build/LMY47X)">PlayMedia(&quot;plugin://plugin.video.wateriptv/?url=url&amp;mode=2&amp;name=Discovery.&amp;description=&quot;)</favourite>
   
    <favourite name="Discovery" thumb="https://app.uktvnow.net/images/channel_imgs/160116011400disc.jpg|User-Agent=Dalvik/2.1.0 (Linux; U; Android 5.1.1; SM-G920F Build/LMY47X)">PlayMedia(&quot;plugin://plugin.video.wateriptv/?url=url&amp;mode=2&amp;name=Discovery&amp;description=&quot;)</favourite>
   
    
	 <favourite name="Discovery History" thumb="https://app.uktvnow.net/images/channel_imgs/160116011615disht.jpg|User-Agent=Dalvik/2.1.0 (Linux; U; Android 5.1.1; SM-G920F Build/LMY47X)">PlayMedia(&quot;plugin://plugin.video.wateriptv/?url=url&amp;mode=2&amp;name=Discovery+History&amp;description=&quot;)</favourite>
	  <favourite name="Discovery Science" thumb="https://app.uktvnow.net/images/channel_imgs/160116011644dissc.png|User-Agent=Dalvik/2.1.0 (Linux; U; Android 5.1.1; SM-G920F Build/LMY47X)">PlayMedia(&quot;plugin://plugin.video.wateriptv/?url=url&amp;mode=2&amp;name=Discovery+Science&amp;description=&quot;)</favourite>
	<favourite name="Discovery Shed" thumb="https://app.uktvnow.net/images/channel_imgs/070216081748150px-Discovery_Shed.png|User-Agent=Dalvik/2.1.0 (Linux; U; Android 5.1.1; SM-G920F Build/LMY47X)">PlayMedia(&quot;plugin://plugin.video.wateriptv/?url=url&amp;mode=2&amp;name=Discovery+Shed&amp;description=&quot;)</favourite>
    
    <favourite name="Discovery Turbo" thumb="https://app.uktvnow.net/images/channel_imgs/070216081612turb.jpg|User-Agent=Dalvik/2.1.0 (Linux; U; Android 5.1.1; SM-G920F Build/LMY47X)">PlayMedia(&quot;plugin://plugin.video.wateriptv/?url=url&amp;mode=2&amp;name=Discovery+Turbo&amp;description=&quot;)</favourite>
    <favourite name="History" thumb="https://app.uktvnow.net/images/channel_imgs/190116050031his.jpg|User-Agent=Dalvik/2.1.0 (Linux; U; Android 5.1.1; SM-G920F Build/LMY47X)">PlayMedia(&quot;plugin://plugin.video.wateriptv/?url=url&amp;mode=2&amp;name=History.&amp;description=&quot;)</favourite>
	<favourite name="History" thumb="https://app.uktvnow.net/images/channel_imgs/190116045928his.jpg|User-Agent=Dalvik/2.1.0 (Linux; U; Android 5.1.1; SM-G920F Build/LMY47X)">PlayMedia(&quot;plugin://plugin.video.wateriptv/?url=url&amp;mode=2&amp;name=History&amp;description=&quot;)</favourite>
	<favourite name="Nat Geo" thumb="https://app.uktvnow.net/images/channel_imgs/200116020643natgeo.jpg|User-Agent=Dalvik/2.1.0 (Linux; U; Android 5.1.1; SM-G920F Build/LMY47X)">PlayMedia(&quot;plugin://plugin.video.wateriptv/?url=url&amp;mode=2&amp;name=Nat+Geo&amp;description=&quot;)</favourite>
    	<favourite name="Nat Geo" thumb="https://app.uktvnow.net/images/channel_imgs/200116020816natgeo.jpg|User-Agent=Dalvik/2.1.0 (Linux; U; Android 5.1.1; SM-G920F Build/LMY47X)">PlayMedia(&quot;plugin://plugin.video.wateriptv/?url=url&amp;mode=2&amp;name=Nat+Geo.&amp;description=&amp;sf_options=winID%3D10025%26_options_sf&quot;)</favourite>
	<favourite name="Nat Geo Wild" thumb="https://app.uktvnow.net/images/channel_imgs/200116020726wild.jpg|User-Agent=Dalvik/2.1.0 (Linux; U; Android 5.1.1; SM-G920F Build/LMY47X)">PlayMedia(&quot;plugin://plugin.video.wateriptv/?url=url&amp;mode=2&amp;name=Nat+Geo+Wild&amp;description=&quot;)</favourite>

  
</favourites>
