<favourites>
	<favourite name="2 and a Half Men" thumb="http://i2.ytimg.com/vi/qFKN_weKWug/mqdefault.jpg">PlayMedia(&quot;http://iptvnation.com/two.mp4?sf_options=winID%3D10025%26_options_sf&quot;)</favourite>
	<favourite name="Home Improvement" thumb="http://cdn.vaughnsoft.com/vaughnsoft/vaughn/img_profiles/lmshows_hi_320.jpg">PlayMedia(&quot;plugin://plugin.stream.vaughnlive.tv/?sourcetype=auto&amp;title=vaughn&amp;url=http%3A%2F%2Fvaughnlive.tv%2Flmshows_hi&amp;section=&amp;site=&amp;mode=PlayLiveStream&amp;channel=lmshows_hi&amp;sf_options=winID%3D10025%26_options_sf&quot;)</favourite>
	<favourite name="Impractical Jokers" thumb="http://cdn.vaughnsoft.com/vaughnsoft/vaughn/img_profiles/lmshows_ij_320.jpg">PlayMedia(&quot;plugin://plugin.stream.vaughnlive.tv/?sourcetype=auto&amp;title=vaughn&amp;url=http%3A%2F%2Fvaughnlive.tv%2Flmshows_ij&amp;section=&amp;site=&amp;mode=PlayLiveStream&amp;channel=lmshows_ij&amp;sf_options=winID%3D10025%26_options_sf&quot;)</favourite>
	<favourite name="Married With Children" thumb="http://cdn.vaughnsoft.com/vaughnsoft/vaughn/img_profiles/lmshows_mwc_320.jpg">PlayMedia(&quot;plugin://plugin.stream.vaughnlive.tv/?sourcetype=auto&amp;title=vaughn&amp;url=http%3A%2F%2Fvaughnlive.tv%2Flmshows_mwc&amp;section=&amp;site=&amp;mode=PlayLiveStream&amp;channel=lmshows_mwc&amp;sf_options=winID%3D10025%26_options_sf&quot;)</favourite>
	<favourite name="Duck Dynasty" thumb="http://cdn.vaughnsoft.com/vaughnsoft/vaughn/img_profiles/lmshows_dd_320.jpg">PlayMedia(&quot;plugin://plugin.stream.vaughnlive.tv/?sourcetype=auto&amp;title=vaughn&amp;url=http%3A%2F%2Fvaughnlive.tv%2Flmshows_dd&amp;section=&amp;site=&amp;mode=PlayLiveStream&amp;channel=lmshows_dd&amp;sf_options=winID%3D10025%26_options_sf&quot;)</favourite>
	<favourite name="King Of Queens" thumb="http://cdn.vaughnsoft.com/vaughnsoft/vaughn/img_profiles/lmshows_koq_320.jpg">PlayMedia(&quot;plugin://plugin.stream.vaughnlive.tv/?sourcetype=auto&amp;title=lmshows+koq&amp;url=http%3A%2F%2Fvaughnlive.tv%2Flmshows_koq&amp;section=&amp;site=&amp;mode=PlayLiveStream&amp;sf_options=winID%3D10025%26_options_sf&quot;)</favourite>
	<favourite name="It&apos;s Always Sunny In Philadelphia" thumb="http://cdn.vaughnsoft.com/vaughnsoft/vaughn/img_profiles/111aaacharkcomedy_320.jpg">PlayMedia(&quot;plugin://plugin.stream.vaughnlive.tv/?sourcetype=auto&amp;img=http%3A%2F%2Fcdn.vaughnsoft.com%2Fvaughnsoft%2Fvaughn%2Fimg_profiles%2F111aaacharkcomedy_320.jpg&amp;title=111aaacharkcomedy&amp;url=http%3A%2F%2Fvaughnlive.tv%2F111aaacharkcomedy&amp;section=&amp;site=&amp;mode=PlayLiveStream&amp;fimg=http%3A%2F%2Fcdn.vaughnsoft.com%2Fvaughnsoft%2Fvaughnlive%2Fimg_backgrounds%2F111aaacharkcomedy.jpg&amp;channel=111aaacharkcomedy&amp;sf_options=winID%3D10025%26_options_sf&quot;)</favourite>
	<favourite name="Sitcoms 1: Cheers, 3rd Rock, Fraiser" thumb="http://cdn.vaughnsoft.com/vaughnsoft/vaughn/img_profiles/chrisdave1_320.jpg">PlayMedia(&quot;plugin://plugin.stream.vaughnlive.tv/?sourcetype=auto&amp;img=http%3A%2F%2Fcdn.vaughnsoft.com%2Fvaughnsoft%2Fvaughn%2Fimg_profiles%2Fchrisdave1_320.jpg&amp;title=chrisdave1&amp;url=http%3A%2F%2Fvaughnlive.tv%2Fchrisdave1&amp;section=&amp;site=&amp;mode=PlayLiveStream&amp;fimg=http%3A%2F%2Fcdn.vaughnsoft.com%2Fvaughnsoft%2Fvaughnlive%2Fimg_backgrounds%2Fchrisdave1.jpg&amp;channel=chrisdave1&amp;sf_options=winID%3D10025%26_options_sf&quot;)</favourite>
	<favourite name="Sitcoms 2: Friends, Raymond, Fresh Prince, Dharma &amp; Greg" thumb="http://cdn.vaughnsoft.com/vaughnsoft/vaughn/img_profiles/chrisdave3_320.jpg">PlayMedia(&quot;plugin://plugin.stream.vaughnlive.tv/?sourcetype=auto&amp;img=http%3A%2F%2Fcdn.vaughnsoft.com%2Fvaughnsoft%2Fvaughn%2Fimg_profiles%2Fchrisdave3_320.jpg&amp;title=chrisdave3&amp;url=http%3A%2F%2Fvaughnlive.tv%2Fchrisdave3&amp;section=&amp;site=&amp;mode=PlayLiveStream&amp;fimg=http%3A%2F%2Fcdn.vaughnsoft.com%2Fvaughnsoft%2Fvaughnlive%2Fimg_backgrounds%2Fchrisdave3.jpg&amp;channel=chrisdave3&amp;sf_options=winID%3D10025%26_options_sf&quot;)</favourite>
	<favourite name="Drew Carey Show, George Lopez, 70" thumb="http://cdn.vaughnsoft.com/vaughnsoft/vaughn/img_profiles/chrisdave5_320.jpg">PlayMedia(&quot;plugin://plugin.stream.vaughnlive.tv/?sourcetype=auto&amp;title=chrisdave5&amp;url=http%3A%2F%2Fvaughnlive.tv%2Fchrisdave5&amp;mode=PlayLiveStream&amp;channel=chrisdave5&amp;sf_options=winID%3D10025%26_options_sf&quot;)</favourite>
	<favourite name="Big Bang Theory" thumb="http://cdn.vaughnsoft.com/vaughnsoft/vaughn/img_profiles/profe3194_320.jpg">PlayMedia(&quot;plugin://plugin.stream.vaughnlive.tv/?sourcetype=auto&amp;title=profe3194&amp;url=http%3A%2F%2Fvaughnlive.tv%2Fprofe3194&amp;mode=PlayLiveStream&amp;channel=profe3194&amp;sf_options=winID%3D10025%26_options_sf&quot;)</favourite>
	<favourite name="Seinfeld..." thumb="http://cdn.vaughnsoft.com/vaughnsoft/vaughn/img_profiles/improv_comedy_320.jpg">PlayMedia(&quot;plugin://plugin.stream.vaughnlive.tv/?sourcetype=auto&amp;img=http%3A%2F%2Fcdn.vaughnsoft.com%2Fvaughnsoft%2Fvaughn%2Fimg_profiles%2Fimprov_comedy_320.jpg&amp;title=improv+comedy&amp;url=http%3A%2F%2Fvaughnlive.tv%2Fimprov_comedy&amp;section=&amp;site=&amp;mode=PlayLiveStream&amp;fimg=http%3A%2F%2Fcdn.vaughnsoft.com%2Fvaughnsoft%2Fvaughnlive%2Fimg_backgrounds%2Fimprov_comedy.jpg&amp;channel=improv_comedy&amp;sf_options=winID%3D10025%26_options_sf&quot;)</favourite>
	<favourite name="Raymond..." thumb="http://cdn.vaughnsoft.com/vaughnsoft/vaughn/img_profiles/improv_comedy2_320.jpg">PlayMedia(&quot;plugin://plugin.stream.vaughnlive.tv/?sourcetype=auto&amp;title=improv+comedy2&amp;url=http%3A%2F%2Fvaughnlive.tv%2Fimprov_comedy2&amp;mode=PlayLiveStream&amp;fimg=http%3A%2F%2Fcdn.vaughnsoft.com%2Fvaughnsoft%2Fvaughnlive%2Fimg_backgrounds%2Fimprov_comedy2.jpg&amp;channel=improv_comedy2&amp;sf_options=winID%3D10025%26_options_sf&quot;)</favourite>
	<favourite name="highspothorror112" thumb="">PlayMedia(&quot;plugin://plugin.stream.vaughnlive.tv/?sourcetype=auto&amp;img=http%3A%2F%2Fcdn.vaughnsoft.com%2Fvaughnsoft%2Fvaughn%2Fimg_profiles%2Fhighspothorror112_320.jpg&amp;title=highspothorror112&amp;url=http%3A%2F%2Fvaughnlive.tv%2Fhighspothorror112&amp;section=&amp;site=&amp;mode=PlayLiveStream&amp;fimg=http%3A%2F%2Fcdn.vaughnsoft.com%2Fvaughnsoft%2Fvaughnlive%2Fimg_backgrounds%2Fhighspothorror112.jpg&amp;channel=highspothorror112&amp;sf_options=winID%3D10025%26_options_sf&quot;)</favourite>
	<favourite name="Big Bang Theory" thumb="http://cdn.vaughnsoft.com/vaughnsoft/vaughn/img_profiles/highspothorror101_320.jpg">PlayMedia(&quot;plugin://plugin.stream.vaughnlive.tv/?sourcetype=auto&amp;title=highspothorror101&amp;url=http%3A%2F%2Fvaughnlive.tv%2Fhighspothorror101&amp;mode=PlayLiveStream&amp;channel=highspothorror101&amp;sf_options=winID%3D10025%26_options_sf&quot;)</favourite>
	<favourite name="Community" thumb="http://cdn.vaughnsoft.com/vaughnsoft/vaughn/img_profiles/castlehawkthorne_320.jpg">PlayMedia(&quot;plugin://plugin.stream.vaughnlive.tv/?sourcetype=auto&amp;img=http%3A%2F%2Fcdn.vaughnsoft.com%2Fvaughnsoft%2Fvaughn%2Fimg_profiles%2Fcastlehawkthorne_320.jpg&amp;title=castlehawkthorne&amp;url=http%3A%2F%2Fvaughnlive.tv%2Fcastlehawkthorne&amp;section=&amp;site=&amp;mode=PlayLiveStream&amp;fimg=http%3A%2F%2Fcdn.vaughnsoft.com%2Fvaughnsoft%2Fvaughnlive%2Fimg_backgrounds%2Fcastlehawkthorne.jpg&amp;channel=castlehawkthorne&amp;sf_options=winID%3D10025%26_options_sf&quot;)</favourite>
	<favourite name="Ali G: Show" thumb="http://cdn.vaughnsoft.com/vaughnsoft/vaughn/img_profiles/aligshow_320.jpg">PlayMedia(&quot;plugin://plugin.stream.vaughnlive.tv/?sourcetype=auto&amp;title=aligshow&amp;url=http%3A%2F%2Fvaughnlive.tv%2Faligshow&amp;mode=PlayLiveStream&amp;channel=aligshow&amp;sf_options=winID%3D10025%26_options_sf&quot;)</favourite>
	<favourite name="Fresh Prince of Bel Air" thumb="https://www.arconaitv.me/wp-content/uploads/2015/11/fresh-prince-2.jpg">PlayMedia(&quot;plugin://plugin.video.ccloudtv/?url=http%3A%2F%2F167.114.102.27%2Flive%2FjGNlg7jHOqBmNLb8EikkRw%2F1457125586%2F0666f0acdeed38d4cd9084ade1739498.m3u8%7CUser-Agent%3DMozilla%252F5.0%2520%28Windows%2520NT%25206.1%253B%2520WOW64%29%2520AppleWebKit%252F537.36%2520%28KHTML%252C%2520like%2520Gecko%29%2520Chrome%252F47.0.2526.106%2520Safari%252F537.36&amp;mode=1&amp;name=Fresh+Prince+of+Bel+Air+%28RandomAirTime+24%2F7%29+%28US%29+%28English%29&amp;iconimage=https%3A%2F%2Fwww.arconaitv.me%2Fwp-content%2Fuploads%2F2015%2F11%2Ffresh-prince-2.jpg&amp;sf_options=winID%3D10025%26_options_sf&quot;)</favourite>
	<favourite name="Seinfeld" thumb="http://img.sharetv.com/shows/standard/seinfeld.jpg">PlayMedia(&quot;plugin://plugin.video.ccloudtv/?url=http%3A%2F%2F167.114.102.27%2Flive%2F8K7jM-o3R5gGpqo9BQ0DwA%2F1457125183%2Faf1f8d9839dd6ffefedebab89761ee7e.m3u8%7CUser-Agent%3DMozilla%252F5.0%2520%28Windows%2520NT%25206.1%253B%2520WOW64%29%2520AppleWebKit%252F537.36%2520%28KHTML%252C%2520like%2520Gecko%29%2520Chrome%252F47.0.2526.106%2520Safari%252F537.36&amp;mode=1&amp;name=Seinfeld+%28RandomAirTime+24%2F7%29+%28US%29+%28English%29&amp;iconimage=http%3A%2F%2Fimg.sharetv.com%2Fshows%2Fstandard%2Fseinfeld.jpg&amp;sf_options=winID%3D10025%26_options_sf&quot;)</favourite>
	<favourite name="70s Show" thumb="https://www.arconaitv.me/wp-content/uploads/2015/12/70s-show.jpg">PlayMedia(&quot;plugin://plugin.video.ccloudtv/?url=http%3A%2F%2F167.114.102.27%2Flive%2FSXa-UYmpiAvIh9GBYAN9Bg%2F1457125208%2F10174e112d64ae5e09f8f955865a5993.m3u8%7CUser-Agent%3DMozilla%252F5.0%2520%28Windows%2520NT%25206.1%253B%2520WOW64%29%2520AppleWebKit%252F537.36%2520%28KHTML%252C%2520like%2520Gecko%29%2520Chrome%252F47.0.2526.106%2520Safari%252F537.36&amp;mode=1&amp;name=That+70s+Show+%28RandomAirTime+24%2F7%29+%28US%29+%28English%29&amp;iconimage=https%3A%2F%2Fwww.arconaitv.me%2Fwp-content%2Fuploads%2F2015%2F12%2F70s-show.jpg&amp;sf_options=winID%3D10025%26_options_sf&quot;)</favourite>
	<favourite name="Curb your Enthusiasm" thumb="https://www.arconaitv.me/wp-content/uploads/2015/11/curb-your.jpg">PlayMedia(&quot;plugin://plugin.video.ccloudtv/?url=http%3A%2F%2F167.114.102.27%2Flive%2FcX4i2XotKqbFGhij_q_dHg%2F1457125574%2F9b5394fd929896fb9e90e26b3d18e63d.m3u8%7CUser-Agent%3DMozilla%252F5.0%2520%28Windows%2520NT%25206.1%253B%2520WOW64%29%2520AppleWebKit%252F537.36%2520%28KHTML%252C%2520like%2520Gecko%29%2520Chrome%252F47.0.2526.106%2520Safari%252F537.36&amp;mode=1&amp;name=Curb+your+Enthusiasm+%28RandomAirTime+24%2F7%29+%28US%29+%28English%29&amp;iconimage=https%3A%2F%2Fwww.arconaitv.me%2Fwp-content%2Fuploads%2F2015%2F11%2Fcurb-your.jpg&amp;sf_options=winID%3D10025%26_options_sf&quot;)</favourite>
	<favourite name="Always Sunny In Philadelphia" thumb="https://www.arconaitv.me/wp-content/uploads/2015/06/10.png">PlayMedia(&quot;plugin://plugin.video.ccloudtv/?url=http%3A%2F%2F167.114.102.27%2Flive%2FPIB31VNzSEsIO7_9SO1Blg%2F1457125209%2Ff970e2767d0cfe75876ea857f92e319b.m3u8%7CUser-Agent%3DMozilla%252F5.0%2520%28Windows%2520NT%25206.1%253B%2520WOW64%29%2520AppleWebKit%252F537.36%2520%28KHTML%252C%2520like%2520Gecko%29%2520Chrome%252F47.0.2526.106%2520Safari%252F537.36&amp;mode=1&amp;name=Always+Sunny+In+Philadelphia+%28RandomAirTime+24%2F7%29+%28US%29+%28English%29&amp;iconimage=https%3A%2F%2Fwww.arconaitv.me%2Fwp-content%2Fuploads%2F2015%2F06%2F10.png&amp;sf_options=winID%3D10025%26_options_sf&quot;)</favourite>
</favourites>