<favourites>
	<favourite name="Football Replays" thumb="special://home/addons\plugin.video.footballreplays\icon.png">ActivateWindow(10025,&quot;plugin://plugin.video.footballreplays/?sf_options=desc%3DFootball+Replays%26_options_sf&quot;,return)</favourite>
	<favourite name="Football Today" thumb="special://home/addons\plugin.video.football.today\icon.png">ActivateWindow(10025,&quot;plugin://plugin.video.football.today?sf_options=fanart%3Dspecial%3A%2F%2Fhome%2Faddons%5Cplugin.video.football.today%5Cfanart.jpg%26desc%3DVisit+TVADDONS.ag+for+support%26_options_sf&quot;,return)</favourite>
	<favourite name="The Beautiful Game" thumb="special://home/addons\plugin.video.thebeautifulgame\icon.png">ActivateWindow(10025,&quot;plugin://plugin.video.thebeautifulgame?sf_options=fanart%3Dspecial%3A%2F%2Fhome%2Faddons%5Cplugin.video.thebeautifulgame%5Cfanart.jpg%26desc%3DFootball+news%2C+highlights%2C+tables+and+more%21%26_options_sf&quot;,return)</favourite>
	<favourite name="[COLOR blue][B]Latest Football Highlights[/B][/COLOR]  [COLOR lime](futbik) [/COLOR] &gt;&gt;" thumb="special://home/addons\plugin.video.allinone/icons/fb1.png">ActivateWindow(10025,&quot;plugin://plugin.video.allinone/?mode=GetTitles51&amp;numOfPages=1&amp;section=ALL&amp;startPage=1&amp;url=http%3a%2f%2ffutbik.com%2f%2f&amp;sf_options=fanart%3Dspecial%3A%2F%2Fhome%2Faddons%5Cplugin.video.allinone%2Ficons%2Ffanart.png%26_options_sf&quot;,return)</favourite>
</favourites>