<favourites>
	<favourite name="Fitness" thumb="http://a387.phobos.apple.com/us/r30/Purple2/v4/15/5e/41/155e415d-42e9-2f73-e11e-a73dbffcc9d6/mzl.iphtevhc.512x512-75.png">ActivateWindow(10025,&quot;plugin://plugin.program.super.favourites/?label=Fitness&amp;mode=400&amp;path=special%3A%2F%2Fhome%2Faddons%2Fscript.supafav%2FSuper%20Favourites%5Cmore%5CWomensTV%5CFitness&amp;sf_options=fanart%3Dhttp%3A%2F%2Fkodistream.info%2FMainLogos%2Fmain%2520background.jpg%26_options_sf&quot;)</favourite>
	<favourite name="Drama" thumb="http://files.softicons.com/download/tv-movie-icons/movie-genres-icons-2013-by-sirubico/png/256x256/Folder_Drama_1.png">ActivateWindow(10025,&quot;plugin://plugin.video.viewmovies/?description&amp;mode=1&amp;name=Drama&amp;url=http%3a%2f%2fwww.viewmovies.is%2fcategory%2fmovies%2fdrama%2f&amp;sf_options=fanart%3Dspecial%3A%2F%2Fhome%2Faddons%5Cplugin.video.viewmovies%5Cfanart.jpg%26_options_sf&quot;,return)</favourite>
	<favourite name="Romance" thumb="http://files.softicons.com/download/folder-icons/genres-movies-icons-by-sirubico/png/256x256/20.png">ActivateWindow(10025,&quot;plugin://plugin.video.viewmovies/?description&amp;mode=1&amp;name=Romance&amp;url=http%3a%2f%2fwww.viewmovies.is%2fcategory%2fmovies%2fromance%2f&amp;sf_options=fanart%3Dspecial%3A%2F%2Fhome%2Faddons%5Cplugin.video.viewmovies%5Cfanart.jpg%26_options_sf&quot;,return)</favourite>
	<favourite name="Hallmark Movies" thumb="http://png-2.vector.me/files/images/3/3/33306/hallmark_channel_thumb.png">ActivateWindow(10025,&quot;plugin://plugin.video.hallmark/?mode=GM&amp;name=Movies&amp;url=http%3a%2f%2fwww.hallmarkchanneleverywhere.com%2fMovies%3fNodeID%3d28&amp;sf_options=fanart%3Dspecial%3A%2F%2Fhome%2Faddons%5Cplugin.video.hallmark%5Cfanart.jpg%26_options_sf&quot;,return)</favourite>
	<favourite name="LifeTime Movies" thumb="http://www.lifetimetv.co.uk/sites/all/themes/lifetime/img/newlogo.png">ActivateWindow(10025,&quot;plugin://plugin.video.phstreams/?action=ndmode&amp;audio=0&amp;content=0&amp;fanart=http%3a%2f%2fcoolbackgroundhd.com%2fwp-content%2fuploads%2f2015%2f04%2fangels-wings-fire-wallpaper.jpg&amp;image=http%3a%2f%2fs2.postimg.org%2f5j04tttkp%2fLifetime.jpg&amp;name=LifeTime&amp;playable=false&amp;tvshow=0&amp;url=http%3a%2f%2fgibraltar.watchkodi.com%2fMovies%2flifetimebest.xml&amp;sf_options=fanart%3Dhttp%3A%2F%2Fcoolbackgroundhd.com%2Fwp-content%2Fuploads%2F2015%2F04%2Fangels-wings-fire-wallpaper.jpg%26desc%3DDiscover+Great+Streaming+Playlists%21%26_options_sf&quot;,return)</favourite>
	<favourite name="By Emotion" thumb="http://s14.postimg.org/83lyc0ich/Emotions_Are_Energy1.jpg">ActivateWindow(10025,&quot;plugin://plugin.video.phstreams/?action=ndmode&amp;audio=0&amp;content=0&amp;fanart=http%3a%2f%2fs6.postimg.org%2f4e7vodlfl%2f14266.jpg&amp;image=http%3a%2f%2fs14.postimg.org%2f83lyc0ich%2fEmotions_Are_Energy1.jpg&amp;name=%5bCOLOR%20hotpink%5dMy%20Emotions%5b%2fCOLOR%5d&amp;playable=false&amp;tvshow=0&amp;url=http%3a%2f%2fhonolulu.watchkodi.com%2fPlaylists%2fMy%2520Emotions.xml&amp;sf_options=fanart%3Dhttp%3A%2F%2Fs6.postimg.org%2F4e7vodlfl%2F14266.jpg%26desc%3DDiscover+Great+Streaming+Playlists%21%26_options_sf&quot;,return)</favourite>
	<favourite name="By Actress" thumb="http://s6.postimg.org/wevezj9fl/actress_collage_245058_2.jpg">ActivateWindow(10025,&quot;plugin://plugin.video.phstreams/?action=ndmode&amp;audio=0&amp;content=0&amp;fanart=http%3a%2f%2fs6.postimg.org%2f4e7vodlfl%2f14266.jpg&amp;image=http%3a%2f%2fs6.postimg.org%2fwevezj9fl%2factress_collage_245058_2.jpg&amp;name=%5bCOLOR%20hotpink%5dMy%20Girls%5b%2fCOLOR%5d&amp;playable=false&amp;tvshow=0&amp;url=http%3a%2f%2fhonolulu.watchkodi.com%2fMy%2520Girls%2fThe%2520Girls.xml&amp;sf_options=fanart%3Dhttp%3A%2F%2Fs6.postimg.org%2F4e7vodlfl%2F14266.jpg%26desc%3DDiscover+Great+Streaming+Playlists%21%26_options_sf&quot;,return)</favourite>
	<favourite name="Cooking on YouTube Volume 1" thumb="special://home/addons\plugin.video.yt-cook\icon.png">ActivateWindow(10025,&quot;plugin://plugin.video.yt-cook?sf_options=fanart%3Dspecial%3A%2F%2Fhome%2Faddons%5Cplugin.video.yt-cook%5Cfanart.jpg%26desc%3DThousands+of+recipes+and+cooking+how-to+videos+on+YouTube+Volume+1.+50+channels%2Fplaylists+including+Jamie+Oliver%2C+America%27s+Test+Kitchen%2C+One+Pot+Chef+Show%2C+Food+Wishes%2C+Siu%27s+Cooking+%28Chinese%29%2C+Maangchi+%28Korean+Cuisine%29%2C+India+Food+Network%2C+Gordon+Ramsay+and+BBQ+Pit+Boys.%26_options_sf&quot;,return)</favourite>
	<favourite name="Cooking on YouTube Volume 2" thumb="special://home/addons\plugin.video.yt-cook2\icon.png">ActivateWindow(10025,&quot;plugin://plugin.video.yt-cook2?sf_options=fanart%3Dspecial%3A%2F%2Fhome%2Faddons%5Cplugin.video.yt-cook2%5Cfanart.jpg%26desc%3DThousands+of+recipes+and+cooking+how-to+videos+on+YouTube+Volume+2.+50+channels%2Fplaylists+including+Sichuan%2CCantonese+and+Hunan+Cuisine%2C+Rockin+Robin%27s+Cooking+Mexican+Recipes+and+The+Frugal+Chef.%26_options_sf&quot;,return)</favourite>
	<favourite name="To The Contrary" thumb="http://image.pbs.org/merlin/s3.amazonaws.com/pbs.merlin.cdn.prod/program_pages/To-The-Contrary-logo.380x212.png.fit.480x270.png">ActivateWindow(10025,&quot;plugin://plugin.video.thinktv/?desc=With%20women%20in%20the%20forefront%20of%20politics%20and%20on%20the%20cutting%20edge%20of%20national%20agendas%2c%20To%20the%20Contrary%20with%20Bonnie%20Erbe%20continues%20to%20provide%20an%20important%2c%20timely%20forum%20for%20diverse%20women%20to%20discuss%20national%20and%20international%20issues%20and%20policies.%20It%20presents%20news%20and%20views%20that%20are%20rarely%2c%20if%20ever%2c%20available%20elsewhere%20on%20television.&amp;imageicon=http%3a%2f%2fimage.pbs.org%2fmerlin%2fs3.amazonaws.com%2fpbs.merlin.cdn.prod%2fprogram_pages%2fTo-The-Contrary-logo.380x212.png.fit.480x270.png&amp;mode=GV&amp;name=To%20The%20Contrary&amp;url=%2fprogram%2fto-the-contrary%2f&amp;sf_options=fanart%3Dspecial%3A%2F%2Fhome%2Faddons%5Cplugin.video.thinktv%5Cfanart.jpg%26desc%3DWith+women+in+the+forefront+of+politics+and+on+the+cutting+edge+of+national+agendas%2C+To+the+Contrary+with+Bonnie+Erbe+continues+to+provide+an+important%2C+timely+forum+for+diverse+women+to+discuss+national+and+international+issues+and+policies.+It+presents+news+and+views+that+are+rarely%2C+if+ever%2C+available+elsewhere+on+television.%26_options_sf&quot;,return)</favourite>
</favourites>