<favourites>
	<favourite name="Wiz1.net *" thumb="special://home/addons\plugin.video.castaway\resources/media/wiz1.png">ActivateWindow(10025,&quot;plugin://plugin.video.castaway/?mode=open_live_sport&amp;site=wiz1&amp;sf_options=fanart%3Dspecial%3A%2F%2Fhome%2Faddons%5Cplugin.video.castaway%2Ffanart.jpg%26_options_sf&quot;,return)</favourite>
	<favourite name="Atdhenet.tv *" thumb="http://1.bp.blogspot.com/_IHYYzHZEssU/TU2C83UbpwI/AAAAAAAABIA/XM_laQ1KCAQ/s1600/atdhe.gif">ActivateWindow(10025,&quot;plugin://plugin.video.castaway/?mode=open_live_sport&amp;site=atdhe&quot;,return)</favourite>
	<favourite name="wizhdsports.com" thumb="special://home/addons\plugin.video.castaway\resources/media/wizhdsports.jpg">ActivateWindow(10025,&quot;plugin://plugin.video.castaway/?mode=open_live_sport&amp;site=wizhdsports&quot;,return)</favourite>
	<favourite name="Bulldog Streams" thumb="special://home/addons\plugin.video.bulldogstreams\icon.png">ActivateWindow(10025,&quot;plugin://plugin.video.bulldogstreams/&quot;,return)</favourite>
</favourites>