<favourites>
	<favourite name="Internet Archive" thumb="special://home/addons\plugin.audio.internet.archive\icon.png">ActivateWindow(10025,&quot;plugin://plugin.audio.internet.archive/?content_type=video&amp;sf_options=fanart%3Dspecial%3A%2F%2Fhome%2Faddons%5Cplugin.audio.internet.archive%5Cfanart.jpg%26desc%3DThis+add-on+covers+both+the+audio+and+video+sections+of+The+Internet+Archive%2C+AKA+archive.org.%0A++++++%5BCR%5DThe+Internet+Archive+is+a+501%28c%29%283%29+non-profit+that+was+founded+to+build+an+Internet+library.%0A++++++Its+purposes+include+offering+permanent+access+for+researchers%2C+historians%2C+scholars%2C%0A++++++people+with+disabilities%2C+and+the+general+public+to+historical+collections+that+exist+in+digital+format.%26_options_sf&quot;,return)</favourite>
	<favourite name="Super Replays" thumb="special://home/addons\plugin.video.superreplays\icon.png">ActivateWindow(10025,&quot;plugin://plugin.video.superreplays?sf_options=fanart%3Dspecial%3A%2F%2Fhome%2Faddons%5Cplugin.video.superreplays%5Cfanart.jpg%26desc%3DWatch+Any+Sport+Replays%26_options_sf&quot;,return)</favourite>
	<favourite name="ESPN 3" thumb="special://home/addons\plugin.video.espn_3\icon.png">ActivateWindow(10025,&quot;plugin://plugin.video.espn_3/?sf_options=fanart%3Dspecial%3A%2F%2Fhome%2Faddons%5Cplugin.video.espn_3%5Cfanart.jpg%26_options_sf&quot;,return)</favourite>
	<favourite name="ESPN" thumb="http://cliqaddon.com/support/commoncore/tvaddons/moviedb/showgunart/images/espn.jpg">ActivateWindow(10025,&quot;plugin://plugin.video.moviedb/?mode=espnmain&amp;name=ESPN&amp;url=none&amp;sf_options=fanart%3Dhttp%3A%2F%2Fcliqaddon.com%2Fsupport%2Fcommoncore%2Ftvaddons%2Fmoviedb%2Fshowgunart%2Fimages%2Ffanart%2Ffanart.jpg%26desc%3DDescription+not+available+at+this+level%26_options_sf&quot;,return)</favourite>
	<favourite name="Extreme.com" thumb="special://home/addons\plugin.video.extreme\icon.png">ActivateWindow(10025,&quot;plugin://plugin.video.extreme/?sf_options=desc%3Dextreme.com%26_options_sf&quot;,return)</favourite>
	<favourite name="NFL Teams" thumb="special://home/addons\plugin.video.nfl-teams\icon.png">ActivateWindow(10025,&quot;plugin://plugin.video.nfl-teams/?sf_options=fanart%3Dspecial%3A%2F%2Fhome%2Faddons%5Cplugin.video.nfl-teams%5Cfanart.jpg%26_options_sf&quot;,return)</favourite>
	<favourite name="Relax" thumb="special://home/addons\screensaver.video\icon.png">RunScript(&quot;screensaver.video?sf_options=fanart%3Dspecial%3A%2F%2Fhome%2Faddons%5Cscreensaver.video%5Cfanart.jpg%26desc%3DPlays+a+video+when+the+screensaver+starts%2C+this+can+be+a+custom+video+or+one+of+the+built+in+videos%26_options_sf&quot;,return)</favourite>
	<favourite name="Relax 2015 SHORT" thumb="https://i.ytimg.com/vi/ni6UkvNwDLs/mqdefault.jpg">ActivateWindow(10025,&quot;plugin://plugin.video.youtube/channel/UCXWLAHCa5oeaRgG1kftEToA/playlist/PL2wOao9a7O2PRkYPVq93vEyoRxJGi4nvX?sf_options=fanart%3Dspecial%3A%2F%2Fhome%2Faddons%5Cplugin.video.youtube%5Cresources%5Cmedia%5Cfanart.jpg%26_options_sf&quot;,return)</favourite>
	<favourite name="Relax" thumb="http://googledrive.com/host/0B-bY5h-uWEgZQVJQZ0lzUTdBeFE/icons/apps/relax.jpg">ActivateWindow(10025,&quot;plugin://plugin.program.super.favourites/?folder=_sub/apps/xbmc/relax&quot;)</favourite>
	<favourite name="Cliq!" thumb="special://home/addons\plugin.video.moviedb\icon.png">ActivateWindow(10025,&quot;plugin://plugin.video.moviedb?sf_options=fanart%3Dspecial%3A%2F%2Fhome%2Faddons%5Cplugin.video.moviedb%5Cfanart.jpg%26desc%3D%22Cliq%22+Includes+iLive+Streams%2C+Movies%2C+Tv+Shows%2C+Cartoons+and+Sports+from+several+source+websites.+Content+is+updated+daily.+Download+Movies+and+Shows+to+your+library+with+a+Queue%21%21+Has+add-on+Wide+Favorites%21+If+you+want+it+all+Just+Cliq%21%21%21%26_options_sf&quot;,return)</favourite>
	<favourite name="Popcornflix" thumb="special://home/addons\plugin.video.popcornflixde\icon.png">ActivateWindow(10025,&quot;plugin://plugin.video.popcornflixde/&quot;)</favourite>
	<favourite name="Cartoon HD" thumb="special://home/addons\plugin.video.cartoonhd\icon.png">ActivateWindow(10025,&quot;plugin://plugin.video.cartoonhd/?sf_options=desc%3DWatch+All+Your+Favourite+Kids+Cartoons%26_options_sf&quot;,return)</favourite>
	<favourite name="National Geographic" thumb="https://lh6.googleusercontent.com/-gVuW1PB5eQU/AAAAAAAAAAI/AAAAAAAAAAA/TFf3A48Pyuk/photo.jpg">ActivateWindow(10025,&quot;plugin://plugin.video.youtube/channel/UCpVm7bg6pXKo1Pr6k5kxG9A/&quot;)</favourite>
	<favourite name="[COLOR tomato]AMC[/COLOR]" thumb="special://home/addons\plugin.video.ustvvod\resources\images\amc.png">ActivateWindow(10025,&quot;plugin://plugin.video.amc/&quot;)</favourite>
	<favourite name="AMC (clips)" thumb="special://home/addons\plugin.video.ustvvod\resources\images\amc.png">ActivateWindow(10025,&quot;plugin://plugin.video.ustvvod/?fanart=%22C%3a%5ckodi2%5cportable_data%5caddons%5cplugin.video.ustvvod%5cfanart.jpg%22&amp;mode=%22amc%22&amp;name=%22AMC%22&amp;sitemode=%22rootlist%22&amp;thumb=%22C%3a%5ckodi2%5cportable_data%5caddons%5cplugin.video.ustvvod%5cresources%5cimages%5camc.png%22&amp;url=%22%22&quot;)</favourite>
	<favourite name="XBMC WebBrowser" thumb="special://home/addons\plugin.program.webbrowser\icon.png">ActivateWindow(10001,&quot;plugin://plugin.program.webbrowser/?sf_options=desc%3DA+WebBrowser+with+mouse+control+via+keyboard%2Fremote+and+some+other+useful+features%26_options_sf&quot;,return)</favourite>
	<favourite name="Mail" thumb="special://home/addons\plugin.programm.xbmcmail\icon.png">ActivateWindow(10001,&quot;plugin://plugin.programm.xbmcmail/?sf_options=desc%3DWith+this+Add-on+you+can+read+your+eMails+from+any+IMAP-based+Email+Providers+like+GMail%2C+Yahoo%2C+AOL%2C+iCloud+and+others.%5BCR%5DCurrent+Features%3A%5BCR%5D+-List+Mailboxes+with+total%2Funseen+status%5BCR%5D+-Mark+eMails+as+seen%2Funseen+%28via+Context+Menu%29%5BCR%5D+-Read+%28text+based%29+eMails%5BCR%5D+-Delete+eMails+%28via+Context+Menu%29%26_options_sf&quot;,return)</favourite>
	<favourite name="Yify Movies HD" thumb="special://home/addons\plugin.video.yifymovies.hd\icon.png">ActivateWindow(10025,&quot;plugin://plugin.video.yifymovies.hd?sf_options=fanart%3Dspecial%3A%2F%2Fhome%2Faddons%5Cplugin.video.yifymovies.hd%5Cfanart.jpg%26desc%3DVisit+TVADDONS.ag+for+support%26_options_sf&quot;,return)</favourite>
	<favourite name="Disney Junior" thumb="special://home/addons\plugin.video.disneyjunior\icon.png">ActivateWindow(10025,&quot;plugin://plugin.video.disneyjunior/&quot;)</favourite>
	<favourite name="TV Ontario" thumb="special://home/addons\plugin.video.tvo\icon.png">ActivateWindow(10025,&quot;plugin://plugin.video.tvo?sf_options=fanart%3Dspecial%3A%2F%2Fhome%2Faddons%5Cplugin.video.tvo%5Cfanart.jpg%26desc%3DTVO+is+Ontario%27s+public+educational+media+organization+and+a+trusted+source+of+interactive+educational+content+that+informs%2C+inspires%2C+and+stimulates+curiosity.%26_options_sf&quot;,return)</favourite>
	<favourite name="[COLOR red]Learning Zone[/COLOR]" thumb="special://home/addons\plugin.video.learningzone\icon.png">ActivateWindow(10025,&quot;plugin://plugin.video.learningzone/&quot;,return)</favourite>
	<favourite name="[COLOR crimson]Mash Up[/COLOR]" thumb="special://home/addons\plugin.video.movie25\icon.png">ActivateWindow(10025,&quot;plugin://plugin.video.movie25/?sf_options=fanart%3Dspecial%3A%2F%2Fhome%2Faddons%5Cplugin.video.movie25%5Cfanart.jpg%26_options_sf&quot;,return)</favourite>
	<favourite name="Pluto.TV" thumb="http://googledrive.com/host/0B-bY5h-uWEgZQVJQZ0lzUTdBeFE/icons/apps/pluto.jpg">ActivateWindow(10025,&quot;plugin://plugin.video.plutotv/&quot;)</favourite>
</favourites>