<favourites>
	<favourite name="HUMTV" thumb="https://yt3.ggpht.com/-8nn2mPhObBg/AAAAAAAAAAI/AAAAAAAAAAA/nO8qj4CRQL8/s240-c-k-no-rj-c0xffffff/photo.jpg">ActivateWindow(10025,&quot;plugin://plugin.video.youtube/channel/UCEeEQxm6qc_qaTE7qTV5aLQ/&quot;,return)</favourite>
	<favourite name="Pak Dramas" thumb="special://home/addons\plugin.video.dramasonline\icon.png">ActivateWindow(10025,&quot;plugin://plugin.video.dramasonline/?sf_options=desc%3DWatch+dramasonline.com+on+your+XBMC.+This+plugin+fetches+the+video+sources+from+dramasonline.com+and+play+on+XBMC+compatible+plateforms%26_options_sf&quot;,return)</favourite>
	<favourite name="Pak Channels" thumb="http://cdnimg.dynns.com/iptvpanelnew/prog_data/thumbs/b20706935de35bbe643733f856d9e5d6pakistanBigTV.jpg">ActivateWindow(10025,&quot;plugin://plugin.video.pakindia/?iconimage=http%3a%2f%2fcdnimg.dynns.com%2fiptvpanelnew%2fprog_data%2fthumbs%2fb20706935de35bbe643733f856d9e5d6pakistanBigTV.jpg&amp;mode=1&amp;name=Pakistan&amp;url=Pakistan&quot;,return)</favourite>
	<favourite name="Pak News" thumb="">ActivateWindow(10025,&quot;plugin://plugin.video.ZemTV-shani/?mode=2&amp;name=Latest%20Shows&amp;url=Shows&amp;sf_options=&quot;,return)</favourite>
	<favourite name="ZemTV.com" thumb="special://home/addons\plugin.video.ZemTV-shani\icon.png">ActivateWindow(10025,&quot;plugin://plugin.video.ZemTV-shani/?sf_options=desc%3DWatch+ZemTV.com+on+your+XBMC.+This+plugin+fetches+the+video+sources+from+ZemTV.com+and+play+on+XBMC+compatible+plateforms%26_options_sf&quot;,return)</favourite>
	<favourite name="Pak India Live" thumb="special://home/addons\plugin.video.pakindia\icon.png">ActivateWindow(10025,&quot;plugin://plugin.video.pakindia/&quot;,return)</favourite>
	<favourite name="DesiZone" thumb="special://home/addons\plugin.video.tvondesizonexl\icon.png">RunScript(&quot;plugin.video.tvondesizonexl&quot;,return)</favourite>
	<favourite name="[COLOR blue]Enable Content[/COLOR]" thumb="">PlayMedia(&quot;plugin://plugin.video.water/?url=http%3A%2F%2Fgoogledrive.com%2Fhost%2F0B-bY5h-uWEgZbndYVGZVYmJvb0E%2Fbuild%2Findianrepos.zip&amp;mode=5&amp;name=indianrepo&amp;sf_options=winID%3D10025%26_options_sf&quot;,return)</favourite>
</favourites>