<favourites>
	<favourite name="Trending" thumb="http://icons.iconarchive.com/icons/designcontest/ecommerce-business/128/bar-chart-icon.png">ActivateWindow(10025,&quot;plugin://plugin.video.origin2/?action=movies&amp;url=trending&quot;,return)</favourite>
	<favourite name="New" thumb="http://icons.iconarchive.com/icons/custom-icon-design/pretty-office-11/512/new-icon.png">ActivateWindow(10025,&quot;plugin://plugin.video.phstreams/?action=directory&amp;url=http%3a%2f%2fphoenixtv.offshorepastebin.com%2freleases%2fmain.xml&quot;,return)</favourite>
	<favourite name="Featured" thumb="http://media.reeoo.com/MovieQuest-icon.png!icon180">ActivateWindow(10025,&quot;plugin://plugin.video.phstreams/?action=directory&amp;url=http%3a%2f%2fvalhalla.offshorepastebin.com%2fHot.xml&quot;,return)</favourite>
	<favourite name="" thumb="">PlayMedia(&quot;plugin://plugin.video.none?sf_options=winID%3D10025%26_options_sf&quot;,return)</favourite>
	<favourite name="More..." thumb="">ActivateWindow(10025,&quot;plugin://plugin.program.super.favourites/?sf_options=&amp;mode=400&amp;path=special%3A%2F%2Fhome%2Faddons%2Fscript.supafav%2FSuper%20Favourites/Movies%2FRecently Added%5CMore&amp;sf_options=&quot;,return)</favourite>
</favourites>