<favourites>
	<favourite name="Spotify Toplists" thumb="DefaultMusicVideos.png">ActivateWindow(10501,&quot;plugin://plugin.video.spotitube/?limit&amp;mode=listSpotifyPlaylists&amp;type&amp;url=http%3a%2f%2fapi.tunigo.com%2fv3%2fspace%2ftoplists%3fregion%3dus%26page%3d0%26per_page%3d50%26platform%3dweb&amp;sf_options=&quot;,return)</favourite>
	<favourite name="Billboard Charts" thumb="http://3diz6f2vh2xx4v5zz43owe81.wpengine.netdna-cdn.com/wp-content/uploads/2014/03/twitter-and-billboard-256w.png">ActivateWindow(10501,&quot;plugin://plugin.video.spotitube/?limit&amp;mode=billboardMain&amp;type&amp;url&amp;sf_options=&quot;,return)</favourite>
	<favourite name="iTunes Charts" thumb="http://vignette4.wikia.nocookie.net/logopedia/images/c/c0/ITunes_oldicon.png/revision/latest?cb=20130928132754">ActivateWindow(10501,&quot;plugin://plugin.video.spotitube/?limit&amp;mode=itunesMain&amp;type&amp;url&amp;sf_options=&quot;,return)</favourite>
	<favourite name="Music" thumb="special://home/addons\plugin.video.YouTube_Vault\resources\img\Music.png">ActivateWindow(10025,&quot;plugin://plugin.video.YouTube_Vault/?mode=13&amp;name=Music&amp;url=url&amp;sf_options=fanart%3Dspecial%3A%2F%2Fhome%2Faddons%5Cplugin.video.YouTube_Vault%5Cfanart.jpg%26_options_sf&quot;,return)</favourite>
</favourites>