<favourites>
	<favourite name="Last 7 Days" thumb="DefaultVideo.png">ActivateWindow(10025,&quot;plugin://plugin.video.vidics/?mode=20&amp;name=7%20Day%20TV%20Schedule&amp;url=TV%20Schedule&amp;sf_options=&quot;,return)</favourite>
	<favourite name="TV Calendar" thumb="DefaultRecentlyAddedEpisodes.png">ActivateWindow(10025,&quot;plugin://plugin.video.origin2/?action=calendars&quot;,return)</favourite>
	<favourite name="TV Schedule" thumb="">ActivateWindow(10025,&quot;plugin://plugin.video.teevee/?foldername=shows&amp;mode=open_calendar&quot;,return)</favourite>
	<favourite name="Airing today" thumb="http://icons.iconarchive.com/icons/oxygen-icons.org/oxygen/256/Actions-go-jump-today-icon.png">ActivateWindow(10025,&quot;plugin://plugin.video.origin2/?action=tvshows&amp;url=airing&amp;sf_options=fanart%3Dspecial%3A%2F%2Fhome%2Faddons%5Cplugin.video.genesis%5Cresources%5Cmedia%5Cgone%5Cfanart.jpg%26_options_sf&quot;,return)</favourite>
</favourites>