<favourites>
    <favourite name="Xhamster" thumb="C:\kodi\portable_data\addons\plugin.video.xhamster\icon.png">ActivateWindow(10025,&quot;plugin://plugin.video.xhamster/&quot;,return)</favourite>
    <favourite name="Xvideo" thumb="C:\kodi\portable_data\addons\plugin.video.xvideos\icon.png">ActivateWindow(10025,&quot;plugin://plugin.video.xvideos/&quot;,return)</favourite>
    <favourite name="Wildfire" thumb="C:\kodi\portable_data\addons\plugin.video.wildfire\icon.png">ActivateWindow(10025,&quot;plugin://plugin.video.wildfire/&quot;,return)</favourite>
    <favourite name="Wood Rocket" thumb="C:\kodi\portable_data\addons\plugin.video.woodrocket\icon.png">ActivateWindow(10025,&quot;plugin://plugin.video.woodrocket/&quot;,return)</favourite>
    <favourite name="Tubesex" thumb="C:\kodi\portable_data\addons\plugin.video.tubesex\icon.png">ActivateWindow(10025,&quot;plugin://plugin.video.tubesex/&quot;,return)</favourite>
    <favourite name="SirinaTV" thumb="C:\kodi\portable_data\addons\plugin.video.sirinatv\icon.png">ActivateWindow(10025,&quot;plugin://plugin.video.sirinatv/&quot;,return)</favourite>
    <favourite name="Oxo" thumb="C:\kodi\portable_data\addons\plugin.video.oxo\icon.png">ActivateWindow(10025,&quot;plugin://plugin.video.oxo/&quot;,return)</favourite>
    <favourite name="motherless" thumb="C:\kodi\portable_data\addons\plugin.video.motherless\icon.png">ActivateWindow(10025,&quot;plugin://plugin.video.motherless/&quot;,return)</favourite>
    <favourite name="Likuoo" thumb="C:\kodi\portable_data\addons\plugin.video.likuoo\icon.png">ActivateWindow(10025,&quot;plugin://plugin.video.likuoo/&quot;,return)</favourite>
    <favourite name="largecamtube" thumb="C:\kodi\portable_data\addons\plugin.video.largecamtube\icon.png">ActivateWindow(10025,&quot;plugin://plugin.video.largecamtube/&quot;,return)</favourite>
    <favourite name="Kontor" thumb="C:\kodi\portable_data\addons\plugin.video.kontor\icon.png">ActivateWindow(10025,&quot;plugin://plugin.video.kontor/&quot;,return)</favourite>
    <favourite name="HSTube" thumb="C:\kodi\portable_data\addons\plugin.video.hstube\icon.png">ActivateWindow(10025,&quot;plugin://plugin.video.hstube/&quot;,return)</favourite>
    <favourite name="Hotgoo" thumb="C:\kodi\portable_data\addons\plugin.video.hotgoo\icon.png">ActivateWindow(10025,&quot;plugin://plugin.video.hotgoo/&quot;,return)</favourite>
    <favourite name="Eporner" thumb="C:\kodi\portable_data\addons\plugin.video.eporner\icon.png">ActivateWindow(10025,&quot;plugin://plugin.video.eporner/&quot;,return)</favourite>
    <favourite name="Dclip" thumb="C:\kodi\portable_data\addons\plugin.video.dclip\icon.png">ActivateWindow(10025,&quot;plugin://plugin.video.dclip/&quot;,return)</favourite>
    <favourite name="beeg (XXX)" thumb="C:\kodi\portable_data\addons\plugin.video.beegcom\icon.png">ActivateWindow(10025,&quot;plugin://plugin.video.beegcom/&quot;,return)</favourite>
	<favourite name="Project Cypher Adult" thumb="special://home/addons/plugin.video.ProjectCypher/icons//adult.png">PlayMedia(&quot;https://raw.githubusercontent.com/FutuHDware/streams/master/ProjectCypherAdult.m3u?sf_options=winID%3D10025%26_options_sf&quot;,return)</favourite>
	<favourite name="XMan" thumb="http://redirect.superrepo.org/v5/addons/plugin.video.xman/icon.png">PlayMedia(&quot;addons://repository.superrepo.org.gotham.all/plugin.video.xman?sf_options=fanart%3Dhttp%3A%2F%2Fredirect.superrepo.org%2Fv5%2Faddons%2Fplugin.video.xman%2Ffanart.jpg%26winID%3D10025%26_options_sf&quot;,return)</favourite>
</favourites>