<favourites>
	<favourite name="HBO" thumb="http://flaticons.net/icons/Brand%20Identity/HBO.png">ActivateWindow(10025,&quot;plugin://plugin.video.origin2/?action=tvshows&amp;url=http%3a%2f%2fwww.tvmaze.com%2fnetworks%2f8%2fhbo&quot;,return)</favourite>
	<favourite name="Netflix" thumb="http://www.androidpolice.com/wp-content/uploads/2014/06/nexusae0_n.png">ActivateWindow(10025,&quot;plugin://plugin.video.origin2/?action=tvshows&amp;url=http%3a%2f%2fwww.tvmaze.com%2fwebchannels%2f1%2fnetflix&quot;,return)</favourite>
	<favourite name="Amazon" thumb="http://is1.mzstatic.com/image/thumb/Purple71/v4/25/c4/51/25c4515e-21b4-66a0-4e68-bec3d09405d9/source/175x175bb.jpg">ActivateWindow(10025,&quot;plugin://plugin.video.origin2/?action=tvshows&amp;url=http%3a%2f%2fwww.tvmaze.com%2fwebchannels%2f3%2famazon&quot;,return)</favourite>
	<favourite name="Hulu" thumb="http://orig03.deviantart.net/5162/f/2008/359/9/f/hulu_dock_icon_by_matanlurey.png">ActivateWindow(10025,&quot;plugin://plugin.video.origin2/?action=tvshows&amp;url=http%3a%2f%2fwww.tvmaze.com%2fwebchannels%2f2%2fhulu&quot;,return)</favourite>	
	<favourite name="[COLOR blue]MORE[/COLOR]" thumb="http://www.suddenlink.com/sites/default/files/Home/homepage_tv-lineup_8-10.png">ActivateWindow(10025,&quot;plugin://plugin.program.super.favourites/?label=null&amp;mode=400&amp;folder=TV%20shows%2FNetworks&quot;,return)</favourite>
	<favourite name="ABC" thumb="https://raw.githubusercontent.com/moneymaker365/plugin.video.ustvvod/master/resources/images/abcchannel.png">ActivateWindow(10025,&quot;plugin://plugin.video.origin2/?action=tvshows&amp;url=http%3a%2f%2fwww.tvmaze.com%2fnetworks%2f3%2fabc&quot;,return)</favourite>
	<favourite name="NBC" thumb="https://raw.githubusercontent.com/moneymaker365/plugin.video.ustvvod/master/resources/images/nbc.png">ActivateWindow(10025,&quot;plugin://plugin.video.origin2/?action=tvshows&amp;url=http%3a%2f%2fwww.tvmaze.com%2fnetworks%2f1%2fnbc&quot;,return)</favourite>
	<favourite name="CBS" thumb="https://raw.githubusercontent.com/moneymaker365/plugin.video.ustvvod/master/resources/images/cbs.png">ActivateWindow(10025,&quot;plugin://plugin.video.origin2/?action=tvshows&amp;url=http%3a%2f%2fwww.tvmaze.com%2fnetworks%2f2%2fcbs&quot;,return)</favourite>
	<favourite name="FOX" thumb="https://raw.githubusercontent.com/moneymaker365/plugin.video.ustvvod/master/resources/images/fox.png">ActivateWindow(10025,&quot;plugin://plugin.video.origin2/?action=tvshows&amp;url=http%3a%2f%2fwww.tvmaze.com%2fnetworks%2f4%2ffox&quot;,return)</favourite>
	<favourite name="CW" thumb="https://raw.githubusercontent.com/moneymaker365/plugin.video.ustvvod/master/resources/images/thecw.png">ActivateWindow(10025,&quot;plugin://plugin.video.origin2/?action=tvshows&amp;url=http%3a%2f%2fwww.tvmaze.com%2fnetworks%2f5%2fthe-cw&quot;,return)</favourite>

	


</favourites>