<favourites>
	<favourite name="PAC12" thumb="http://x.pac-12.com/profiles/pac12/modules/features/pac12_standings/images/pac12.png">ActivateWindow(10025,&quot;plugin://plugin.program.super.favourites/?label=[COLOR azure]College Sports[/COLOR]&amp;mode=400&amp;path=special%3A%2F%2Fhome%2Faddons%2Fscript.supafav%2FSuper%20Favourites%5CSports%5CCollege%20Sports&amp;sf_options=fanart%3DNULL%26_options_sf&quot;)</favourite>
	<favourite name="Cricket" thumb="http://theclipartwizard.com/images/Cricket.png">ActivateWindow(10025,&quot;plugin://plugin.video.SportsDevil/?item=title%3dCricket%26url%3dtv%252Fcricket.cfg%26definedIn%3dtv.cfg%26director%3dCricket%26genre%3dTV%26type%3drss%26icon%3dhttp%253A%252F%252Ftheclipartwizard.com%252Fimages%252FCricket.png&amp;mode=1&amp;sf_options=fanart%3Dspecial%3A%2F%2Fhome%2Faddons%5Cplugin.video.SportsDevil%5Cfanart.jpg%26_options_sf&amp;sf_options=&quot;,)</favourite>
	<favourite name="FOX Sports 1" thumb="http://2.bp.blogspot.com/-eGdimZ-T92c/UhObgpLOcnI/AAAAAAAAPgY/_gyeOCi0Wvg/s400/fox.jpeg">PlayMedia(&quot;http://ooyalahd2-f.akamaihd.net/i/eslax17_delivery@349499/master.m3u8?sf_options=winID%3D10025%26_options_sf&quot;)</favourite>
	<favourite name="NBCSN" thumb="https://static-s.aa-cdn.net/img/ios/542511686/0f008e63e5cf71c24a4c53fa434e23ed?v=1">PlayMedia(&quot;http://54.177.79.231/server/play/nbcsnxctg/master.m3u8?sf_options=winID%3D10025%26_options_sf&quot;)</favourite>
	<favourite name="Red Bull TV" thumb="https://superrepo.org/static/images/icons/original/xplugin.video.redbull_tv.png.pagespeed.ic.qet5GdYRQ4.png">PlayMedia(&quot;http://sacapunta.eltelon.com/channels/redbulltv/playlist.m3u8?sf_options=winID%3D10025%26_options_sf&quot;)</favourite>
	<favourite name="Golf Channel" thumb="http://cdn3.bigcommerce.com/s-r4nehnej/product_images/uploaded_images/golf-channel-logo.png?t=1426607592">PlayMedia(&quot;http://tvegolf-i.Akamaihd.net/hls/live/218225/golfx/4296k/prog.m3u8?sf_options=winID%3D10025%26_options_sf&quot;)</favourite>
	<favourite name="NHL Network" thumb="http://megaicons.net/static/img/icons_sizes/6/58/256/nhl-icon.png">PlayMedia(&quot;http://208.92.36.158/ipad/live/nba_ipad_1240.m3u8?sf_options=winID%3D10025%26_options_sf&quot;)</favourite>
	<favourite name="UK Sports" thumb="http://sports24hour.com/wp-content/uploads/2015/10/sky-sports-broadcast-live-telecast-of-ram-slam-t20-online.png">ActivateWindow(10025,&quot;plugin://plugin.video.SportsDevil/?item=title%3dMamaHD.com%26url%3dtv%252Fmamahd.com.cfg%26definedIn%3dtv.cfg%26director%3dmamahd.com%26genre%3dTV%26type%3drss%26icon%3dC%253A%255Ckodi15final1%255Cportable_data%255Caddons%255Cplugin.video.SportsDevil%255Cresources%255Cimages%255Cmamahd.png&amp;mode=1&amp;sf_options=fanart%3Dspecial%3A%2F%2Fhome%2Faddons%5Cplugin.video.SportsDevil%5Cfanart.jpg%26_options_sf&quot;,return)</favourite>
	<favourite name="Other" thumb="http://icons.iconarchive.com/icons/joker-design/3d-sports/128/sailing-ship-icon.png">ActivateWindow(10025,&quot;plugin://plugin.program.super.favourites/?label=Other&amp;mode=400&amp;folder=Sports%2FOther&amp;sf_options=fanart%3Dspecial%3A%2F%2Fhome%2Faddons%5Cplugin.video.extreme.com%5Cfanart.jpg%26_options_sf&quot;)</favourite>
</favourites>