<favourites>
	<favourite name="News" thumb="https://moosocial.com/wp-content/uploads/2015/11/livenews-icon.png">ActivateWindow(10025,&quot;plugin://plugin.program.super.favourites/?folder=News&quot;,return)</favourite>
	<favourite name="Sports" thumb="http://www.playitmobi.com/images/apps/icon_sports.png">ActivateWindow(10025,&quot;plugin://plugin.program.super.favourites/?folder=Sports&quot;,return)</favourite>
	<favourite name="Shows" thumb="https://lh3.googleusercontent.com/-sgovNKw7kE4/AAAAAAAAAAI/AAAAAAAAAA4/O-LuEQ8j-Rw/photo.jpg">ActivateWindow(10025,&quot;plugin://plugin.program.super.favourites/?folder=LiveTV/Shows&quot;,return)</favourite>
	<favourite name="Foregin" thumb="https://norahcolvin.files.wordpress.com/2013/10/anonymous_globe_of_flags_1.png">ActivateWindow(10025,&quot;plugin://plugin.program.super.favourites/?folder=Livetv/Foregin&quot;,return)</favourite>
</favourites>