<favourites>
	  <favourite name="The Red Pill" thumb="">ActivateWindow(10025,&quot;plugin://plugin.video.redpill/&quot;,return)</favourite>
	<favourite name="ECHO - Docs" thumb="special://home/addons\plugin.video.echodocs\icon.png">ActivateWindow(10025,&quot;plugin://plugin.video.echodocs/?sf_options=fanart%3Dspecial%3A%2F%2Fhome%2Faddons%5Cplugin.video.echodocs%5Cfanart.jpg%26meta%3Duserrating%253DListItem.userrating%2526label%253DEcho%252BDocumentaries%26desc%3DThis+addon+provides+documenraries+from+a+variety+of+sources.%26_options_sf&quot;,return)</favourite>
	<favourite name="UKTurk - Docs" thumb="http://metalkettle.co/UKTurk2/thumbs/UK%20TURK%20documentaries.jpg">ActivateWindow(10025,&quot;plugin://plugin.video.ukturk/?description&amp;fanart=&amp;iconimage=&amp;mode=1&amp;name=Documentaries&amp;url=http%3a%2f%2fukturk.offshorepastebin.com%2fUKTurk%2fdocs%2fIndex.txt&quot;,return)</favourite>
	<favourite name="Documentary - Newest Shows" thumb="art\themes\Classic\documentary.jpg">ActivateWindow(10025,&quot;plugin://plugin.video.1channel/?genre=Documentary&amp;mode=GetFilteredResults&amp;section=tv&amp;sort=date&amp;sf_options=fanart%3Dart%5Cthemes%5CClassic%5Cfanart.jpg%26meta%3Dlabel%253DDocumentary%2526userrating%253DListItem.userrating%2526title%253DDocumentary%26_options_sf&quot;,return)</favourite>
	<favourite name="Documentary - Newest Movies" thumb="art\themes\Classic\documentary.jpg">ActivateWindow(10025,&quot;plugin://plugin.video.1channel/?genre=Documentary&amp;mode=GetFilteredResults&amp;section=movie&amp;sort=date&amp;sf_options=fanart%3Dart%5Cthemes%5CClassic%5Cfanart.jpg%26meta%3Dlabel%253DDocumentary%2526userrating%253DListItem.userrating%2526title%253DDocumentary%26_options_sf&quot;,return)</favourite>
	<favourite name="Documentary - Popular Movies" thumb="C:\kodi\portable_data\addons\script.exodus.artwork\resources\media\exodus\genres.png">ActivateWindow(10025,&quot;plugin://plugin.video.origin2/?action=movies&amp;url=http%3a%2f%2fwww.imdb.com%2fsearch%2ftitle%3ftitle_type%3dfeature%2ctv_movie%2cdocumentary%26num_votes%3d100%2c%26release_date%3ddate%5b730%5d%2cdate%5b30%5d%26genres%3ddocumentary%26sort%3dmoviemeter%2casc%26count%3d40%26start%3d1&quot;,return)</favourite>
	<favourite name="Documentary - Popular Shows" thumb="https://lh6.ggpht.com/UkyGbUDjC4R0xnfSGiJIu1SblNw4oJTP7gGZ3TS0tWGcRDK6ThO8lhV_xxhK0ruxOQ=w300">ActivateWindow(10025,&quot;plugin://plugin.video.origin2/?action=tvshows&amp;url=http%3A%2F%2Fwww.imdb.com%2Fsearch%2Ftitle%3Ftitle_type%3Dtv_series,mini_series%26num_votes%3D100,%26release_date%3Ddate%5B730%5D,date%5B30%5D%26languages%3Den%26genres%3DDocumentary%26sort%3Dmoviemeter,asc&quot;,return)</favourite>

	<favourite name="Documentaries - one" thumb="http://s28.postimg.org/op4gqc0ot/Documentaries.jpg">ActivateWindow(10025,&quot;plugin://plugin.video.phstreams/?action=directory&amp;content=0&amp;url=http%3a%2f%2fone242415.offshorepastebin.com%2fMisc%2fdocs.xml&quot;,return)</favourite>
		<favourite name="Aerial America" thumb="http://oi68.tinypic.com/10ykw20.jpg">ActivateWindow(10025,&quot;plugin://plugin.video.phstreams/?action=directory&amp;content=0&amp;url=http%3a%2f%2fone242415.offshorepastebin.com%2fMisc%2fAirAmerica.xml&quot;,return)</favourite>
	<favourite name="HBO DOCS" thumb="http://oi63.tinypic.com/de9no6.jpg">ActivateWindow(10025,&quot;plugin://plugin.video.phstreams/?action=directory&amp;content=0&amp;url=http%3a%2f%2fone242415.offshorepastebin.com%2fMisc%2fHBODocs.xml&quot;,return)</favourite>
	
	<favourite name="Documentaries - Santcuary" thumb="special://home/addons\plugin.video.sanctuary\icon.png">ActivateWindow(10025,&quot;plugin://plugin.video.sanctuary/?description&amp;extra&amp;fanart=C%3a%5ckodi%5cportable_data%5caddons%5cplugin.video.sanctuary%5cfanart.jpg&amp;iconimage=C%3a%5ckodi%5cportable_data%5caddons%5cplugin.video.sanctuary%5cicon.png&amp;mode=39&amp;name=Documentaries&amp;url&amp;sf_options=fanart%3Dspecial%3A%2F%2Fhome%2Faddons%5Cplugin.video.sanctuary%5Cfanart.jpg%26meta%3Dlabel%253DDocumentaries%2526userrating%253DListItem.userrating%2526title%253DDocumentaries%26_options_sf&quot;,return)</favourite>
	

</favourites>