<favourites>
	<favourite name="[COLOR tomato]2 Movies Evolved[/COLOR]" thumb="special://home/addons\plugin.video.twomovies\icon.png">ActivateWindow(10025,&quot;plugin://plugin.video.twomovies?sf_options=fanart%3Dspecial%3A%2F%2Fhome%2Faddons%5Cplugin.video.twomovies%5Cfanart.jpg%26desc%3D-+GFX+by+%3AMarquerite++A+deep+database+of+Movies+%2C+TV+Shows+and+Anime.+This+addon+will+be+ever+evolving%2C+Thus%2C+The+Name...and+now+downloading+to+your+library+has+never+been+easier.%26_options_sf&quot;,return)</favourite>
	<favourite name="[COLOR tomato]Movie25[/COLOR]" thumb="http://cdimage.debian.org/mirror/addons.superrepo.org/v5/addons/plugin.video.solarmovie/icon.png">ActivateWindow(10025,&quot;plugin://plugin.video.moviestwentyfive/&quot;)</favourite>
	<favourite name="[COLOR tomato]Movie4K.to[/COLOR]" thumb="http://totalxbmc.tv/addons/cache/images/01b0faf39d850cb888e8b996b5ab20_icon.png">ActivateWindow(10025,&quot;plugin://plugin.video.movie4k/&quot;)</favourite>
	<favourite name="[COLOR yellow]Superchillin[/COLOR]" thumb="special://home/addons\plugin.video.superchillin\icon.png">ActivateWindow(10025,&quot;plugin://plugin.video.superchillin/?sf_options=desc%3DWatch+Superchillin+Videos%26_options_sf&quot;,return)</favourite>
	<favourite name="[COLOR yellow]iSTREAM[/COLOR]" thumb="special://home/addons\script.icechannel\icon.png">ActivateWindow(10025,&quot;plugin://script.icechannel/&quot;)</favourite>
	<favourite name="[COLOR tomato]Much Movies HD[/COLOR]" thumb="special://home/addons\plugin.video.muchmovies.hd\icon.png">ActivateWindow(10025,&quot;plugin://plugin.video.muchmovies.hd?sf_options=fanart%3Dspecial%3A%2F%2Fhome%2Faddons%5Cplugin.video.muchmovies.hd%5Cfanart.jpg%26desc%3DVisit+TVADDONS.ag+for+support%26_options_sf&quot;,return)</favourite>
	<favourite name="[COLOR tomato]MoviesHD[/COLOR]" thumb="special://home/addons\plugin.video.movieshd\icon.png">ActivateWindow(10025,&quot;plugin://plugin.video.movieshd/&quot;)</favourite>
	<favourite name="[COLOR tomato]FliXanity[/COLOR]" thumb="special://home/addons\plugin.video.flixanity\icon.png">ActivateWindow(10025,&quot;plugin://plugin.video.flixanity?sf_options=fanart%3Dspecial%3A%2F%2Fhome%2Faddons%5Cplugin.video.flixanity%5Cfanart.jpg%26desc%3DStream+movies+and+TV+shows+from+flixanity.com%26_options_sf&quot;,return)</favourite>
	<favourite name="[COLOR tomato]MerDB[/COLOR]" thumb="http://ftp.acc.umu.se/mirror/addons.superrepo.org/v5/addons/plugin.video.merdb/icon.png">ActivateWindow(10025,&quot;plugin://plugin.video.merdb/?sf_options=desc%3DPlay+Videos+%40+MerDB.%26_options_sf&quot;,return)</favourite>
	<favourite name="[COLOR tomato]XMovies8[/COLOR]" thumb="special://home/addons\plugin.video.xmovies8\icon.png">ActivateWindow(10025,&quot;plugin://plugin.video.xmovies8?sf_options=fanart%3Dspecial%3A%2F%2Fhome%2Faddons%5Cplugin.video.xmovies8%5Cfanart.jpg%26_options_sf&quot;,return)</favourite>
	<favourite name="[COLOR tomato]NETMOV[/COLOR]" thumb="https://superrepo.org/static/images/icons/original/plugin.video.netmov.png">PlayMedia(&quot;plugin://plugin.video.netmov?sf_options=fanart%3Dspecial%3A%2F%2Fhome%2Faddons%5Cplugin.video.netmov%5Cfanart.jpg%26winID%3D10025%26desc%3Dmovies+and+tv+shows+from+http%3A%2F%2Fnetmov.tv%2F%26_options_sf&quot;,return)</favourite>
	<favourite name="[COLOR yellowgreen]Movies Rx +[/COLOR]" thumb="">ActivateWindow(10025,&quot;plugin://plugin.video.albert/&quot;)</favourite>
	<favourite name="[COLOR tomato]PlayBox HD[/COLOR]" thumb="special://home/addons\plugin.video.playbox\icon.png">ActivateWindow(10025,&quot;plugin://plugin.video.playbox?sf_options=fanart%3Dspecial%3A%2F%2Fhome%2Faddons%5Cplugin.video.playbox%5Cfanart.jpg%26desc%3DWatch+All+Your+Favourite+Movies+Tv+Shows+Kids+Cartoons+With+PlayBox+HD%26_options_sf&quot;,return)</favourite>
	<favourite name="[COLOR orange]Project Free TV[/COLOR]" thumb="special://home/addons\plugin.video.projectfreetv\icon.png">ActivateWindow(10025,&quot;plugin://plugin.video.projectfreetv?sf_options=fanart%3Dspecial%3A%2F%2Fhome%2Faddons%5Cplugin.video.projectfreetv%5Cfanart.jpg%26desc%3DVisit+www.tvaddons.ag+for+support.%26_options_sf&quot;,return)</favourite>
	<favourite name="[COLOR orange]Film Dictator[/COLOR]" thumb="special://home/addons\plugin.video.filmdictator\icon.png">ActivateWindow(10025,&quot;plugin://plugin.video.filmdictator?sf_options=fanart%3Dspecial%3A%2F%2Fhome%2Faddons%5Cplugin.video.filmdictator%5Cfanart.jpg%26_options_sf&quot;,return)</favourite>
	<favourite name="SolarMovie" thumb="special://home/addons\plugin.video.solarmovie.so\icon.png">ActivateWindow(10025,&quot;plugin://plugin.video.solarmovie.so/?sf_options=fanart%3Dspecial%3A%2F%2Fhome%2Faddons%5Cplugin.video.solarmovie.so%5Cfanart.jpg%26_options_sf&quot;,return)</favourite>
	<favourite name="Yify Movies HD" thumb="special://home/addons\plugin.video.yifymovies.hd\icon.png">ActivateWindow(10025,&quot;plugin://plugin.video.yifymovies.hd?sf_options=fanart%3Dspecial%3A%2F%2Fhome%2Faddons%5Cplugin.video.yifymovies.hd%5Cfanart.jpg%26desc%3DVisit+TVADDONS.ag+for+support%26_options_sf&quot;,return)</favourite>
</favourites>