<favourites>
	<favourite name="BEST SERVER" thumb="http://icons.iconarchive.com/icons/designcontest/ecommerce-business/128/bar-chart-icon.png">ActivateWindow(10025,&quot;plugin://script.supafav/?url=null&amp;mode=20&quot;,return)</favourite>
	<favourite name="BEST SERVER" thumb="http://icons.iconarchive.com/icons/designcontest/ecommerce-business/128/bar-chart-icon.png">ActivateWindow(10025,&quot;plugin://plugin.video.origin2/?action=movies&amp;url=trending&quot;,return)</favourite>
	<favourite name="" thumb="">PlayMedia(&quot;plugin://plugin.video.none?sf_options=winID%3D10025%26_options_sf&quot;,return)</favourite>
	
	<favourite name="[COLOR black]- InTheMovies[/COLOR]">ActivateWindow(10025,&quot;plugin://plugin.video.inthemovies/?description&amp;iconimage=&amp;mode=3&amp;name=&amp;url=http%3a%2f%2fhollymoviehd.com&quot;,return)</favourite>
	<favourite name="[COLOR black]- primewire.ag[/COLOR]" thumb="https://firestixz.files.wordpress.com/2015/07/1channel-icon.jpg">ActivateWindow(10025,&quot;plugin://plugin.video.1channel/?mode=GetFilteredResults&amp;section=movie&amp;sort=featured&amp;sf_options=&quot;,return)</favourite>
	<favourite name="" thumb="">PlayMedia(&quot;plugin://plugin.video.none?sf_options=winID%3D10025%26_options_sf&quot;,return)</favourite>
	
	<favourite name="[COLOR black]- ph[/COLOR]" thumb="http://media.reeoo.com/MovieQuest-icon.png!icon180">ActivateWindow(10025,&quot;plugin://plugin.video.phstreams/?action=directory&amp;url=http%3a%2f%2fphoenixtv.offshorepastebin.com%2freleases%2fmain.xml&quot;,return)</favourite>
	<favourite name="[COLOR black]- bob[/COLOR]" thumb="http://www.norestrictions.club/main/mainicons/NewReleases.jpg">ActivateWindow(10025,&quot;plugin://plugin.video.phstreams/?action=directory&amp;content=0&amp;url=http%3a%2f%2fnorestrictions.club%2fnorestrictions.club%2fmain%2fnewreleases.xml&quot;,return)</favourite>
	<favourite name="[COLOR black]- one[/COLOR]" thumb="https://i.imgsafe.org/b396b5d.jpg">ActivateWindow(10025,&quot;plugin://plugin.video.phstreams/?action=directory&amp;url=http%3a%2f%2fone242415.offshorepastebin.com%2fMovies%2fLatestRelease.xml&quot;,return)</favourite>
	<favourite name="[COLOR black]- val[/COLOR]" thumb="http://i.imgur.com/8Mxn3jA.jpg">ActivateWindow(10025,&quot;plugin://plugin.video.phstreams/?action=directory&amp;content=0&amp;url=http%3a%2f%2fnorestrictions.club%2fnorestrictions.club%2fvalhalla%2fHot.xml&quot;,return)</favourite>
	<favourite name="" thumb="">PlayMedia(&quot;plugin://plugin.video.none?sf_options=winID%3D10025%26_options_sf&quot;,return)</favourite>
	<favourite name="[COLOR black]- salts[/COLOR]" thumb="special://home/addons\plugin.video.salts\art\themes\Shine\trending.png">ActivateWindow(10025,&quot;plugin://plugin.video.salts/?mode=trending&amp;section=Movies&amp;sf_options=fanart%3Dspecial%3A%2F%2Fhome%2Faddons%5Cplugin.video.salts%5Cfanart.jpg%26_options_sf&quot;,return)</favourite>

   
    
    
	
</favourites>