 <favourites>
	       
 <favourite name="FOX Sports 1" thumb="http://swiftstreamz.com/SwiftStream/images/thumbs/69943_foxspusa1.jpg|User-Agent=Dalvik/2.1.0 (Linux; U; Android 6.0; LG-H525n Build/MRA58K)&amp;Host=swiftstreamz.com&amp;Accept-Encoding=gzip&amp;Connection=Keep-Alive">PlayMedia(&quot;plugin://plugin.video.gobble/?url=http%3A%2F%2F51.15.57.108%3A8081%2Fabcd10%2Ffoxsp1usa%2Fplaylist.m3u8&amp;mode=2&amp;name=FOX+SPORT+1+USA&amp;iconimage=http%3A%2F%2Fswiftstreamz.com%2FSwiftStream%2Fimages%2Fthumbs%2F69943_foxspusa1.jpg%7CUser-Agent%3DDalvik%2F2.1.0+%28Linux%3B+U%3B+Android+6.0%3B+LG-H525n+Build%2FMRA58K%29%26Host%3Dswiftstreamz.com%26Accept-Encoding%3Dgzip%26Connection%3DKeep-Alive&quot;)</favourite>
    <favourite name="FOX Sports 2" thumb="http://swiftstreamz.com/SwiftStream/images/thumbs/75594_foxspusa2.jpg|User-Agent=Dalvik/2.1.0 (Linux; U; Android 6.0; LG-H525n Build/MRA58K)&amp;Host=swiftstreamz.com&amp;Accept-Encoding=gzip&amp;Connection=Keep-Alive">PlayMedia(&quot;plugin://plugin.video.gobble/?url=http%3A%2F%2F51.15.57.108%3A8081%2Fabcd10%2Ffoxsp2usa%2Fplaylist.m3u8&amp;mode=2&amp;name=FOX+SPORT+2+USA&amp;iconimage=http%3A%2F%2Fswiftstreamz.com%2FSwiftStream%2Fimages%2Fthumbs%2F75594_foxspusa2.jpg%7CUser-Agent%3DDalvik%2F2.1.0+%28Linux%3B+U%3B+Android+6.0%3B+LG-H525n+Build%2FMRA58K%29%26Host%3Dswiftstreamz.com%26Accept-Encoding%3Dgzip%26Connection%3DKeep-Alive&quot;)</favourite>
    
	   
	<favourite name="BT Sport ESPN" thumb="http://swiftstreamz.com/SwiftStream/images/thumbs/27554_espn.jpg|User-Agent=Dalvik/2.1.0 (Linux; U; Android 6.0; LG-H525n Build/MRA58K)&amp;Host=swiftstreamz.com&amp;Accept-Encoding=gzip&amp;Connection=Keep-Alive">PlayMedia(&quot;plugin://plugin.video.gobble/?url=http%3A%2F%2F51.15.57.108%3A8081%2Fabcd10%2FESPN1%2Fplaylist.m3u8&amp;mode=2&amp;name=ESPN&amp;iconimage=http%3A%2F%2Fswiftstreamz.com%2FSwiftStream%2Fimages%2Fthumbs%2F27554_espn.jpg%7CUser-Agent%3DDalvik%2F2.1.0+%28Linux%3B+U%3B+Android+6.0%3B+LG-H525n+Build%2FMRA58K%29%26Host%3Dswiftstreamz.com%26Accept-Encoding%3Dgzip%26Connection%3DKeep-Alive&quot;)</favourite>
	<favourite name="BT Sports 1" thumb="http://swiftstreamz.com/SwiftStream/images/thumbs/49801_bt1.jpg|User-Agent=Dalvik/2.1.0 (Linux; U; Android 6.0.1; SM-G928F Build/MMB29K)&amp;Host=swiftstreamz.com&amp;Accept-Encoding=gzip&amp;Connection=Keep-Alive">PlayMedia(&quot;plugin://plugin.video.gobble/?url=http%3A%2F%2F51.15.47.194%3A8081%2Fabcd10%2Fbt1%2Fplaylist.m3u8&amp;mode=2&amp;name=BT+Sports+1&amp;iconimage=http%3A%2F%2Fswiftstreamz.com%2FSwiftStream%2Fimages%2Fthumbs%2F49801_bt1.jpg%7CUser-Agent%3DDalvik%2F2.1.0+%28Linux%3B+U%3B+Android+6.0.1%3B+SM-G928F+Build%2FMMB29K%29%26Host%3Dswiftstreamz.com%26Accept-Encoding%3Dgzip%26Connection%3DKeep-Alive&quot;)</favourite>
    <favourite name="BT Sports 2" thumb="http://swiftstreamz.com/SwiftStream/images/thumbs/76380_bt2.jpg|User-Agent=Dalvik/2.1.0 (Linux; U; Android 6.0.1; SM-G928F Build/MMB29K)&amp;Host=swiftstreamz.com&amp;Accept-Encoding=gzip&amp;Connection=Keep-Alive">PlayMedia(&quot;plugin://plugin.video.gobble/?url=http%3A%2F%2F51.15.57.108%3A8081%2Fabcd10%2Fbt2%2Fplaylist.m3u8&amp;mode=2&amp;name=BT+Sports+2&amp;iconimage=http%3A%2F%2Fswiftstreamz.com%2FSwiftStream%2Fimages%2Fthumbs%2F76380_bt2.jpg%7CUser-Agent%3DDalvik%2F2.1.0+%28Linux%3B+U%3B+Android+6.0.1%3B+SM-G928F+Build%2FMMB29K%29%26Host%3Dswiftstreamz.com%26Accept-Encoding%3Dgzip%26Connection%3DKeep-Alive&quot;)</favourite>
    <favourite name="BT Sports 3" thumb="http://swiftstreamz.com/SwiftStream/images/thumbs/71456_bt3.jpg|User-Agent=Dalvik/2.1.0 (Linux; U; Android 6.0.1; SM-G928F Build/MMB29K)&amp;Host=swiftstreamz.com&amp;Accept-Encoding=gzip&amp;Connection=Keep-Alive">PlayMedia(&quot;plugin://plugin.video.gobble/?url=http%3A%2F%2F51.15.47.194%3A8081%2Fabcd10%2Fbt3%2Fplaylist.m3u8&amp;mode=2&amp;name=BT+Sports+3&amp;iconimage=http%3A%2F%2Fswiftstreamz.com%2FSwiftStream%2Fimages%2Fthumbs%2F71456_bt3.jpg%7CUser-Agent%3DDalvik%2F2.1.0+%28Linux%3B+U%3B+Android+6.0.1%3B+SM-G928F+Build%2FMMB29K%29%26Host%3Dswiftstreamz.com%26Accept-Encoding%3Dgzip%26Connection%3DKeep-Alive&quot;)</favourite>

	 <favourite name="NBAtv" thumb="http://swiftstreamz.com/SwiftStream/images/thumbs/62252_nbatv.jpg|User-Agent=Dalvik/2.1.0 (Linux; U; Android 6.0.1; SM-G928F Build/MMB29K)&amp;Host=swiftstreamz.com&amp;Accept-Encoding=gzip&amp;Connection=Keep-Alive">PlayMedia(&quot;plugin://plugin.video.gobble/?url=http%3A%2F%2F51.15.137.107%3A8081%2Fabcd10%2Fnbatv%2Fplaylist.m3u8&amp;mode=2&amp;name=NBA+TV&amp;iconimage=http%3A%2F%2Fswiftstreamz.com%2FSwiftStream%2Fimages%2Fthumbs%2F62252_nbatv.jpg%7CUser-Agent%3DDalvik%2F2.1.0+%28Linux%3B+U%3B+Android+6.0.1%3B+SM-G928F+Build%2FMMB29K%29%26Host%3Dswiftstreamz.com%26Accept-Encoding%3Dgzip%26Connection%3DKeep-Alive&quot;)</favourite>
    <favourite name="NFL Network" thumb="http://swiftstreamz.com/SwiftStream/images/thumbs/48206_nflnetwork.jpg|User-Agent=Dalvik/2.1.0 (Linux; U; Android 6.0.1; SM-G928F Build/MMB29K)&amp;Host=swiftstreamz.com&amp;Accept-Encoding=gzip&amp;Connection=Keep-Alive">PlayMedia(&quot;plugin://plugin.video.gobble/?url=http%3A%2F%2F51.15.137.107%3A8081%2Fabcd10%2Fnflnetwork%2Fplaylist.m3u8&amp;mode=2&amp;name=NFL+NETWORK&amp;iconimage=http%3A%2F%2Fswiftstreamz.com%2FSwiftStream%2Fimages%2Fthumbs%2F48206_nflnetwork.jpg%7CUser-Agent%3DDalvik%2F2.1.0+%28Linux%3B+U%3B+Android+6.0.1%3B+SM-G928F+Build%2FMMB29K%29%26Host%3Dswiftstreamz.com%26Accept-Encoding%3Dgzip%26Connection%3DKeep-Alive&quot;)</favourite>
	<favourite name="">PlayMedia(&quot;quot;)</favourite>
		   <favourite name="Sky Premiere" thumb="http://swiftstreamz.com/SwiftStream/images/thumbs/34081_skymovies.jpg|User-Agent=Dalvik/2.1.0 (Linux; U; Android 6.0.1; SM-T555 Build/MMB29M)&amp;Host=swiftstreamz.com&amp;Accept-Encoding=gzip&amp;Connection=Keep-Alive">PlayMedia(&quot;plugin://plugin.video.gobble/?url=http%3A%2F%2F51.15.57.159%3A8081%2Fabcd10%2FSkyMoviesPremiere%2Fplaylist.m3u8&amp;mode=2&amp;name=SkyMoviesPremiere&amp;iconimage=http%3A%2F%2Fswiftstreamz.com%2FSwiftStream%2Fimages%2Fthumbs%2F34081_skymovies.jpg%7CUser-Agent%3DDalvik%2F2.1.0+%28Linux%3B+U%3B+Android+6.0.1%3B+SM-T555+Build%2FMMB29M%29%26Host%3Dswiftstreamz.com%26Accept-Encoding%3Dgzip%26Connection%3DKeep-Alive&quot;)</favourite>
		<favourite name="Sky Greats" thumb="http://swiftstreamz.com/SwiftStream/images/thumbs/55856_skygreats.jpg|User-Agent=Dalvik/2.1.0 (Linux; U; Android 6.0.1; SM-N910T Build/MMB29V)&amp;Host=swiftstreamz.com&amp;Accept-Encoding=gzip&amp;Connection=Keep-Alive">PlayMedia(&quot;plugin://plugin.video.gobble/?url=http%3A%2F%2F51.15.57.159%3A8081%2Fabcd10%2FSkyMoviesGreats%2Fplaylist.m3u8&amp;mode=2&amp;name=Sky+Geats&amp;iconimage=http%3A%2F%2Fswiftstreamz.com%2FSwiftStream%2Fimages%2Fthumbs%2F55856_skygreats.jpg%7CUser-Agent%3DDalvik%2F2.1.0+%28Linux%3B+U%3B+Android+6.0.1%3B+SM-N910T+Build%2FMMB29V%29%26Host%3Dswiftstreamz.com%26Accept-Encoding%3Dgzip%26Connection%3DKeep-Alive&quot;)</favourite>
     <favourite name="Sky Action" thumb="http://swiftstreamz.com/SwiftStream/images/thumbs/71438_skyaction1.jpg|User-Agent=Dalvik/2.1.0 (Linux; U; Android 6.0.1; SM-N910T Build/MMB29V)&amp;Host=swiftstreamz.com&amp;Accept-Encoding=gzip&amp;Connection=Keep-Alive">PlayMedia(&quot;plugin://plugin.video.gobble/?url=http%3A%2F%2F51.15.57.159%3A8081%2Fabcd10%2FSkyMoviesAction%2Fplaylist.m3u8&amp;mode=2&amp;name=skyaction&amp;iconimage=http%3A%2F%2Fswiftstreamz.com%2FSwiftStream%2Fimages%2Fthumbs%2F71438_skyaction1.jpg%7CUser-Agent%3DDalvik%2F2.1.0+%28Linux%3B+U%3B+Android+6.0.1%3B+SM-N910T+Build%2FMMB29V%29%26Host%3Dswiftstreamz.com%26Accept-Encoding%3Dgzip%26Connection%3DKeep-Alive&quot;)</favourite>
	<favourite name="Sky Comedy" thumb="http://swiftstreamz.com/SwiftStream/images/thumbs/26959_skycomdey1.jpg|User-Agent=Dalvik/2.1.0 (Linux; U; Android 6.0.1; SM-N910T Build/MMB29V)&amp;Host=swiftstreamz.com&amp;Accept-Encoding=gzip&amp;Connection=Keep-Alive">PlayMedia(&quot;plugin://plugin.video.gobble/?url=http%3A%2F%2F51.15.57.159%3A8081%2Fabcd10%2FSkyComedy%2Fplaylist.m3u8&amp;mode=2&amp;name=SKy+Comedy&amp;iconimage=http%3A%2F%2Fswiftstreamz.com%2FSwiftStream%2Fimages%2Fthumbs%2F26959_skycomdey1.jpg%7CUser-Agent%3DDalvik%2F2.1.0+%28Linux%3B+U%3B+Android+6.0.1%3B+SM-N910T+Build%2FMMB29V%29%26Host%3Dswiftstreamz.com%26Accept-Encoding%3Dgzip%26Connection%3DKeep-Alive&quot;)</favourite>
	<favourite name="Sky Crime" thumb="http://swiftstreamz.com/SwiftStream/images/thumbs/83382_skythrill.jpg|User-Agent=Dalvik/2.1.0 (Linux; U; Android 6.0.1; SM-N910T Build/MMB29V)&amp;Host=swiftstreamz.com&amp;Accept-Encoding=gzip&amp;Connection=Keep-Alive">PlayMedia(&quot;plugin://plugin.video.gobble/?url=http%3A%2F%2F51.15.57.159%3A8081%2Fabcd10%2FSkyMoviesCrime%2Fplaylist.m3u8&amp;mode=2&amp;name=Sky+Crime&amp;iconimage=http%3A%2F%2Fswiftstreamz.com%2FSwiftStream%2Fimages%2Fthumbs%2F83382_skythrill.jpg%7CUser-Agent%3DDalvik%2F2.1.0+%28Linux%3B+U%3B+Android+6.0.1%3B+SM-N910T+Build%2FMMB29V%29%26Host%3Dswiftstreamz.com%26Accept-Encoding%3Dgzip%26Connection%3DKeep-Alive&quot;)</favourite>
    <favourite name="Sky Sci-Fi / Horror" thumb="http://swiftstreamz.com/SwiftStream/images/thumbs/8652_skysci.jpg|User-Agent=Dalvik/2.1.0 (Linux; U; Android 6.0.1; SM-N910T Build/MMB29V)&amp;Host=swiftstreamz.com&amp;Accept-Encoding=gzip&amp;Connection=Keep-Alive">PlayMedia(&quot;plugin://plugin.video.gobble/?url=http%3A%2F%2F51.15.57.159%3A8081%2Fabcd10%2FSkyMoviesSciFiHorror%2Fplaylist.m3u8&amp;mode=2&amp;name=SkyMoviesSciFiHorror&amp;iconimage=http%3A%2F%2Fswiftstreamz.com%2FSwiftStream%2Fimages%2Fthumbs%2F8652_skysci.jpg%7CUser-Agent%3DDalvik%2F2.1.0+%28Linux%3B+U%3B+Android+6.0.1%3B+SM-N910T+Build%2FMMB29V%29%26Host%3Dswiftstreamz.com%26Accept-Encoding%3Dgzip%26Connection%3DKeep-Alive&quot;)</favourite>
    <favourite name="Sky Family" thumb="http://swiftstreamz.com/SwiftStream/images/thumbs/42340_skyfamily1.jpg|User-Agent=Dalvik/2.1.0 (Linux; U; Android 6.0.1; SM-N910T Build/MMB29V)&amp;Host=swiftstreamz.com&amp;Accept-Encoding=gzip&amp;Connection=Keep-Alive">PlayMedia(&quot;plugin://plugin.video.gobble/?url=http%3A%2F%2F51.15.57.159%3A8081%2Fabcd10%2FSkyFamily%2Fplaylist.m3u8&amp;mode=2&amp;name=Sky+Family&amp;iconimage=http%3A%2F%2Fswiftstreamz.com%2FSwiftStream%2Fimages%2Fthumbs%2F42340_skyfamily1.jpg%7CUser-Agent%3DDalvik%2F2.1.0+%28Linux%3B+U%3B+Android+6.0.1%3B+SM-N910T+Build%2FMMB29V%29%26Host%3Dswiftstreamz.com%26Accept-Encoding%3Dgzip%26Connection%3DKeep-Alive&quot;)</favourite>
    
   
 
	
    
   
    <favourite name="TSN SPORTS 1" thumb="http://swiftstreamz.com/SwiftStream/images/thumbs/67935_tsn1.jpg|User-Agent=Dalvik/2.1.0 (Linux; U; Android 6.0.1; SM-G928F Build/MMB29K)&amp;Host=swiftstreamz.com&amp;Accept-Encoding=gzip&amp;Connection=Keep-Alive">PlayMedia(&quot;plugin://plugin.video.gobble/?url=http%3A%2F%2F149.202.207.8%3A8080%2Fje3nNaM00tAa%2FTseennna1%2Findex.m3u8&amp;mode=2&amp;name=TSN+SPORTS+1&amp;iconimage=http%3A%2F%2Fswiftstreamz.com%2FSwiftStream%2Fimages%2Fthumbs%2F67935_tsn1.jpg%7CUser-Agent%3DDalvik%2F2.1.0+%28Linux%3B+U%3B+Android+6.0.1%3B+SM-G928F+Build%2FMMB29K%29%26Host%3Dswiftstreamz.com%26Accept-Encoding%3Dgzip%26Connection%3DKeep-Alive&quot;)</favourite>
    <favourite name="TSN SPORTS 2" thumb="http://swiftstreamz.com/SwiftStream/images/thumbs/96819_tsn2.jpg|User-Agent=Dalvik/2.1.0 (Linux; U; Android 6.0.1; SM-G928F Build/MMB29K)&amp;Host=swiftstreamz.com&amp;Accept-Encoding=gzip&amp;Connection=Keep-Alive">PlayMedia(&quot;plugin://plugin.video.gobble/?url=http%3A%2F%2F149.202.207.8%3A8080%2Fje3nNaM00tAa%2FTseennna2%2Findex.m3u8&amp;mode=2&amp;name=TSN+SPORTS+2&amp;iconimage=http%3A%2F%2Fswiftstreamz.com%2FSwiftStream%2Fimages%2Fthumbs%2F96819_tsn2.jpg%7CUser-Agent%3DDalvik%2F2.1.0+%28Linux%3B+U%3B+Android+6.0.1%3B+SM-G928F+Build%2FMMB29K%29%26Host%3Dswiftstreamz.com%26Accept-Encoding%3Dgzip%26Connection%3DKeep-Alive&quot;)</favourite>
    <favourite name="TSN SPORTS 3" thumb="http://swiftstreamz.com/SwiftStream/images/thumbs/56142_tsn3.jpg|User-Agent=Dalvik/2.1.0 (Linux; U; Android 6.0.1; SM-G928F Build/MMB29K)&amp;Host=swiftstreamz.com&amp;Accept-Encoding=gzip&amp;Connection=Keep-Alive">PlayMedia(&quot;plugin://plugin.video.gobble/?url=http%3A%2F%2F149.202.207.8%3A8080%2Fje3nNaM00tAa%2FTseennna3%2Findex.m3u8&amp;mode=2&amp;name=TSN+SPORTS+3&amp;iconimage=http%3A%2F%2Fswiftstreamz.com%2FSwiftStream%2Fimages%2Fthumbs%2F56142_tsn3.jpg%7CUser-Agent%3DDalvik%2F2.1.0+%28Linux%3B+U%3B+Android+6.0.1%3B+SM-G928F+Build%2FMMB29K%29%26Host%3Dswiftstreamz.com%26Accept-Encoding%3Dgzip%26Connection%3DKeep-Alive&quot;)</favourite>
    <favourite name="TSN SPORTS 4" thumb="http://swiftstreamz.com/SwiftStream/images/thumbs/96507_tsn4.jpg|User-Agent=Dalvik/2.1.0 (Linux; U; Android 6.0.1; SM-G928F Build/MMB29K)&amp;Host=swiftstreamz.com&amp;Accept-Encoding=gzip&amp;Connection=Keep-Alive">PlayMedia(&quot;plugin://plugin.video.gobble/?url=http%3A%2F%2F149.202.207.8%3A8080%2Fje3nNaM00tAa%2FTseennna4%2Findex.m3u8&amp;mode=2&amp;name=TSN+SPORTS+4&amp;iconimage=http%3A%2F%2Fswiftstreamz.com%2FSwiftStream%2Fimages%2Fthumbs%2F96507_tsn4.jpg%7CUser-Agent%3DDalvik%2F2.1.0+%28Linux%3B+U%3B+Android+6.0.1%3B+SM-G928F+Build%2FMMB29K%29%26Host%3Dswiftstreamz.com%26Accept-Encoding%3Dgzip%26Connection%3DKeep-Alive&quot;)</favourite>
    <favourite name="TSN SPORTS 5" thumb="http://swiftstreamz.com/SwiftStream/images/thumbs/5065_tsn5.jpg|User-Agent=Dalvik/2.1.0 (Linux; U; Android 6.0.1; SM-G928F Build/MMB29K)&amp;Host=swiftstreamz.com&amp;Accept-Encoding=gzip&amp;Connection=Keep-Alive">PlayMedia(&quot;plugin://plugin.video.gobble/?url=http%3A%2F%2F149.202.207.8%3A8080%2Fje3nNaM00tAa%2FTseennna5%2Findex.m3u8&amp;mode=2&amp;name=TSN+SPORTS+5&amp;iconimage=http%3A%2F%2Fswiftstreamz.com%2FSwiftStream%2Fimages%2Fthumbs%2F5065_tsn5.jpg%7CUser-Agent%3DDalvik%2F2.1.0+%28Linux%3B+U%3B+Android+6.0.1%3B+SM-G928F+Build%2FMMB29K%29%26Host%3Dswiftstreamz.com%26Accept-Encoding%3Dgzip%26Connection%3DKeep-Alive&quot;)</favourite>

<favourite name="NBCSN" thumb="http://swiftstreamz.com/SwiftStream/images/thumbs/45155_nbcsn.jpg|User-Agent=Dalvik/2.1.0 (Linux; U; Android 6.0.1; SM-G928F Build/MMB29K)&amp;Host=swiftstreamz.com&amp;Accept-Encoding=gzip&amp;Connection=Keep-Alive">PlayMedia(&quot;plugin://plugin.video.gobble/?url=http%3A%2F%2F51.15.137.107%3A8081%2Fabcd10%2Fncbsn%2Fplaylist.m3u8&amp;mode=2&amp;name=NBC+SN&amp;iconimage=http%3A%2F%2Fswiftstreamz.com%2FSwiftStream%2Fimages%2Fthumbs%2F45155_nbcsn.jpg%7CUser-Agent%3DDalvik%2F2.1.0+%28Linux%3B+U%3B+Android+6.0.1%3B+SM-G928F+Build%2FMMB29K%29%26Host%3Dswiftstreamz.com%26Accept-Encoding%3Dgzip%26Connection%3DKeep-Alive&quot;)</favourite>
    <favourite name="Sky One" thumb="http://swiftstreamz.com/SwiftStream/images/thumbs/79832_sky11.jpg|User-Agent=Dalvik/2.1.0 (Linux; U; Android 6.0.1; SM-N910T Build/MMB29V)&amp;Host=swiftstreamz.com&amp;Accept-Encoding=gzip&amp;Connection=Keep-Alive">PlayMedia(&quot;plugin://plugin.video.gobble/?url=http%3A%2F%2F51.15.57.159%3A8081%2Fabcd10%2FSKYONE%2Fplaylist.m3u8&amp;mode=2&amp;name=sky+One&amp;iconimage=http%3A%2F%2Fswiftstreamz.com%2FSwiftStream%2Fimages%2Fthumbs%2F79832_sky11.jpg%7CUser-Agent%3DDalvik%2F2.1.0+%28Linux%3B+U%3B+Android+6.0.1%3B+SM-N910T+Build%2FMMB29V%29%26Host%3Dswiftstreamz.com%26Accept-Encoding%3Dgzip%26Connection%3DKeep-Alive&quot;)</favourite>

</favourites>
