<favourites>
	<favourite name="3D" thumb="http://s6.postimg.org/s8jsgsg75/3_D.png">ActivateWindow(10025,&quot;plugin://plugin.video.phstreams/?action=ndmode&amp;audio=0&amp;content=0&amp;fanart=http%3a%2f%2fs6.postimg.org%2f4ph8mo5q9%2fBackdrop.png&amp;image=http%3a%2f%2fs6.postimg.org%2fs8jsgsg75%2f3_D.png&amp;name=%5bCOLOR%20orangered%5d3%5b%2fCOLOR%5d%5bCOLOR%20white%5dD%5b%2fCOLOR%5d&amp;playable=false&amp;tvshow=0&amp;url=http%3a%2f%2fzenica.watchkodi.com%2fMovies%2f3D%2520Movies.xml&amp;sf_options=fanart%3Dhttp%3A%2F%2Fs6.postimg.org%2F4ph8mo5q9%2FBackdrop.png%26desc%3DDiscover+Great+Streaming+Playlists%21%26_options_sf&quot;,return)</favourite>
	<favourite name="3D IMAX" thumb="http://t2.gstatic.com/images?q=tbn:ANd9GcTy7yqpPJsrjrt0A0hD15RrxXSdxlv-SJJ08zQQ8OtXFdORaMkKTendZkw">PlayMedia(&quot;plugin://plugin.video.ccloudtv/?url=http%3A%2F%2Fsandman7793.lw135.ultraseedbox.com%2Fpublic-folder%2F3D%2520Movies%2FIMAX%2520Under%2520The%2520Sea%25202010%25203D.mp4&amp;mode=1&amp;name=3D+Imax+%28RandomAirTime+24%2F7%29+%28US%29+%28English%29&amp;iconimage=http%3A%2F%2Ft2.gstatic.com%2Fimages%3Fq%3Dtbn%3AANd9GcTy7yqpPJsrjrt0A0hD15RrxXSdxlv-SJJ08zQQ8OtXFdORaMkKTendZkw&amp;sf_options=winID%3D10025%26_options_sf&quot;,return)</favourite>
	<favourite name="3D Movies LQ" thumb="special://home/addons\plugin.video.allinone/icons/m4u1.png">&gt;&amp;sf_options=&quot; thumb=&amp;sf_options=&quot;special://home/addons\plugin.video.allinone/icons/m4u1.png&amp;sf_options=&quot;&gt;&gt;&amp;sf_options=&quot; thumb=&amp;sf_options=&quot;special://home/addons\plugin.video.allinone/icons/m4u1.png&amp;sf_options=&quot;&gt;&gt;&amp;sf_options=&quot; thumb=&amp;sf_options=&quot;special://home/addons\plugin.video.allinone/icons/m4u1.png&amp;sf_options=&quot;&gt;&gt;&amp;sf_options=&quot; thumb=&amp;sf_options=&quot;special://home/addons\plugin.video.allinone/icons/m4u1.png&amp;sf_options=&quot;&gt;&gt;&amp;sf_options=&quot; thumb=&amp;sf_options=&quot;special://home/addons\plugin.video.allinone/icons/m4u1.png&amp;sf_options=&quot;&gt;&gt;&amp;sf_options=&quot; thumb=&amp;sf_options=&quot;special://home/addons\plugin.video.allinone/icons/m4u1.png&amp;sf_options=&quot;&gt;&gt;&amp;sf_options=&quot; thumb=&amp;sf_options=&quot;special://home/addons\plugin.video.allinone/icons/m4u1.png&amp;sf_options=&quot;&gt;&gt;&amp;sf_options=&quot; thumb=&amp;sf_options=&quot;special://home/addons\plugin.video.allinone/icons/m4u1.png&amp;sf_options=&quot;&gt;&gt;&amp;sf_options=&quot; thumb=&amp;sf_options=&quot;special://home/addons\plugin.video.allinone/icons/m4u1.png&amp;sf_options=&quot;&gt;&gt;&amp;sf_options=&quot; thumb=&amp;sf_options=&quot;special://home/addons\plugin.video.allinone/icons/m4u1.png&amp;sf_options=&quot;&gt;&gt;&amp;sf_options=&quot; thumb=&amp;sf_options=&quot;special://home/addons\plugin.video.allinone/icons/m4u1.png&amp;sf_options=&quot;&gt;&gt;&amp;sf_options=&quot; thumb=&amp;sf_options=&quot;special://home/addons\plugin.video.allinone/icons/m4u1.png&amp;sf_options=&quot;&gt;&gt;&amp;sf_options=&quot; thumb=&amp;sf_options=&quot;special://home/addons\plugin.video.allinone/icons/m4u1.png&amp;sf_options=&quot;&gt;&gt;&amp;sf_options=&quot; thumb=&amp;sf_options=&quot;special://home/addons\plugin.video.allinone/icons/m4u1.png&amp;sf_options=&quot;&gt;&gt;&amp;sf_options=&quot; thumb=&amp;sf_options=&quot;special://home/addons\plugin.video.allinone/icons/m4u1.png&amp;sf_options=&quot;&gt;&gt;&amp;sf_options=&quot; thumb=&amp;sf_options=&quot;special://home/addons\plugin.video.allinone/icons/m4u1.png&amp;sf_options=&quot;&gt;&gt;&amp;sf_options=&quot; thumb=&amp;sf_options=&quot;special://home/addons\plugin.video.allinone/icons/m4u1.png&amp;sf_options=&quot;&gt;&gt;&amp;sf_options=&quot; thumb=&amp;sf_options=&quot;special://home/addons\plugin.video.allinone/icons/m4u1.png&amp;sf_options=&quot;&gt;&gt;&amp;sf_options=&quot; thumb=&amp;sf_options=&quot;special://home/addons\plugin.video.allinone/icons/m4u1.png&amp;sf_options=&quot;&gt;&gt;&amp;sf_options=&quot; thumb=&amp;sf_options=&quot;special://home/addons\plugin.video.allinone/icons/m4u1.png&amp;sf_options=&quot;&gt;&gt;&amp;sf_options=&quot; thumb=&amp;sf_options=&quot;special://home/addons\plugin.video.allinone/icons/m4u1.png&amp;sf_options=&quot;&gt;ActivateWindow(10025,&quot;plugin://plugin.video.allinone/?mode=GetTitles23&amp;numOfPages=1&amp;section=ALL&amp;startPage=1&amp;url=http%3a%2f%2f300mbmovies4u.com%2f%2fcategory%2fhollywood-movie%2fenglish-3d-movie%2f&amp;sf_options=fanart%3Dspecial%3A%2F%2Fhome%2Faddons%5Cplugin.video.allinone%2Ficons%2Ffanart.png%26_options_sf&quot;,return)</favourite>
	<favourite name="3D MOVIES" thumb="http://i1295.photobucket.com/albums/b636/beatbox8501/3D_zpscmqjmtij.png">ActivateWindow(10025,&quot;plugin://plugin.video.streamengine/?date&amp;description&amp;iconimage=http%3a%2f%2fi1295.photobucket.com%2falbums%2fb636%2fbeatbox8501%2f3D_zpscmqjmtij.png&amp;mode=1&amp;name=3D%20MOVIES&amp;page&amp;play&amp;url=https%3a%2f%2fpastebin.com%2fraw.php%3fi%3dzqVbad0D&amp;sf_options=fanart%3Dhttp%3A%2F%2Fi1295.photobucket.com%2Falbums%2Fb636%2Fbeatbox8501%2Fwallpaper_zpsopwvguho.jpg%26_options_sf&quot;,return)</favourite>
	<favourite name="[COLOR white]3D Movies[/COLOR]" thumb="DefaultFolder.png">ActivateWindow(10025,&quot;plugin://plugin.video.morepower/?description&amp;iconimage&amp;mode=1&amp;name=%5bCOLOR%20white%5d3D%20Movies%5b%2fCOLOR%5d&amp;url=http%3a%2f%2fwww.navixtreme.com%2fplaylist%2f153361%2f3d_movies.plx&amp;sf_options=fanart%3Dspecial%3A%2F%2Fhome%2Faddons%5Cplugin.video.morepower%5Cfanart.jpg%26_options_sf&quot;,return)</favourite>
	<favourite name="Classic 3D Movie &amp; Cartoon Movie Collection" thumb="http://metalkettle.co/UKTurk2/thumbs/UK TURK old movies.jpg">ActivateWindow(10025,&quot;plugin://plugin.video.ukturk/?description&amp;iconimage=http%3a%2f%2fmetalkettle.co%2fUKTurk2%2fthumbs%2fUK%20TURK%20old%20movies.jpg&amp;mode=1&amp;name=Classic%203D%20Movie%20%26%20Cartoon%20Movie%20Collection&amp;url=http%3a%2f%2fmetalkettle.co%2fUKTurk2%2fmovies%2f3D.txt&amp;sf_options=fanart%3Dspecial%3A%2F%2Fhome%2Faddons%5Cplugin.video.ukturk%5Cfanart.jpg%26_options_sf&quot;,return)</favourite>
</favourites>