<favourites>
	<favourite name="Grimm *" thumb="http://thetvdb.com/banners/_cache/posters/248736-13.jpg">PlayMedia(&quot;http://iptvnation.com/grimm.mp4?sf_options=winID%3D10025%26_options_sf&quot;)</favourite>
	<favourite name="Arrow *" thumb="http://thetvdb.com/banners/_cache/posters/257655-27.jpg">PlayMedia(&quot;http://iptvnation.com/arrow.mp4?sf_options=winID%3D10025%26_options_sf&quot;)</favourite>
	<favourite name="Mentalist *" thumb="http://thetvdb.com/banners/_cache/posters/82459-6.jpg">PlayMedia(&quot;http://iptvnation.com/mentalist.mp4?sf_options=winID%3D10025%26_options_sf&quot;)</favourite>
	<favourite name="Bones *" thumb="http://thetvdb.com/banners/_cache/posters/75682-17.jpg">PlayMedia(&quot;http://iptvnation.com/bones.mp4?sf_options=winID%3D10025%26_options_sf&quot;)</favourite>
	<favourite name="Criminal Minds" thumb="http://thetvdb.com/banners/_cache/posters/75710-6.jpg">PlayMedia(&quot;http://iptvnation.com/criminal.mp4?sf_options=winID%3D10025%26_options_sf&quot;)</favourite>
	<favourite name="CSI Miami" thumb="http://thetvdb.com/banners/_cache/posters/78310-7.jpg">PlayMedia(&quot;http://iptvnation.com/csimiami.mp4?sf_options=winID%3D10025%26_options_sf&quot;)</favourite>
	<favourite name="Bobs Burgers *" thumb="http://thetvdb.com/banners/_cache/posters/194031-3.jpg">PlayMedia(&quot;http://iptvnation.com/bobs.mp4?sf_options=winID%3D10025%26_options_sf&quot;)</favourite>
	<favourite name="Two and a Half Men *" thumb="http://thetvdb.com/banners/_cache/posters/72227-11.jpg">PlayMedia(&quot;http://iptvnation.com/two.mp4?sf_options=winID%3D10025%26_options_sf&quot;)</favourite>
	<favourite name="Pawn Shows" thumb="http://thetvdb.com/banners/_cache/posters/111051-5.jpg">PlayMedia(&quot;plugin://plugin.stream.vaughnlive.tv/?sourcetype=auto&amp;title=vaughn&amp;url=http%3A%2F%2Fvaughnlive.tv%2Flmshows_hps&amp;section=&amp;site=&amp;mode=PlayLiveStream&amp;channel=lmshows_hps&amp;sf_options=winID%3D10025%26_options_sf&quot;)</favourite>
	<favourite name="Quantum Leap" thumb="http://thetvdb.com/banners/_cache/posters/72248-13.jpg">ActivateWindow(10025,&quot;plugin://plugin.video.wnbc/?mode=GC&amp;url=%2fclassic-tv%2fquantum-leap%2fvideo&quot;,return)</favourite>
	<favourite name="Super Store" thumb="http://thetvdb.com/banners/_cache/posters/295648-2.jpg">PlayMedia(&quot;plugin://plugin.video.wnbc/?mode=GS&amp;url=%2fdata%2fnode%2f248711%2fvideo_carousel&quot;,isdir)&amp;sf_options=winID%3D10025%26_options_sf&quot;)</favourite>
	<favourite name="OutSourced" thumb="http://thetvdb.com/banners/_cache/posters/163561-1.jpg">PlayMedia(&quot;plugin://plugin.video.wnbc/?mode=GS&amp;url=%2fdata%2fnode%2f146161%2fvideo_carousel&quot;,isdir)&amp;sf_options=winID%3D10025%26_options_sf&quot;)</favourite>
</favourites>