<favourites>
	<favourite name="PTC sports" thumb="DefaultFolder.png">ActivateWindow(10025,&quot;plugin://plugin.video.ZemTV-shani/?mode=51&amp;name=PTC%20sports&amp;url=sss&amp;sf_options=&quot;,return)</favourite>
	<favourite name="UniTV sports" thumb="DefaultFolder.png">ActivateWindow(10025,&quot;plugin://plugin.video.ZemTV-shani/?mode=53&amp;name=UniTV%20sports&amp;url=sss&amp;sf_options=&quot;,return)</favourite>
	<favourite name="Paktv sports" thumb="DefaultFolder.png">ActivateWindow(10025,&quot;plugin://plugin.video.ZemTV-shani/?mode=52&amp;name=Paktv%20sports&amp;url=sss&amp;sf_options=&quot;,return)</favourite>
	<favourite name="UKTurk" thumb="http://metalkettle.co/UKTurk18022016/thumbs/new/Uk%20turk%20thumbnails%20sports.jpg">ActivateWindow(10025,&quot;plugin://plugin.video.ukturk/?description&amp;iconimage=http%3a%2f%2fmetalkettle.co%2fUKTurk18022016%2fthumbs%2fnew%2fUk%2520turk%2520thumbnails%2520sports.jpg&amp;mode=1&amp;name=Sports&amp;url=http%3a%2f%2fmetalkettle.co%2fUKTurk18022016%2fSportsList.txt&amp;sf_options=fanart%3Dspecial%3A%2F%2Fhome%2Faddons%5Cplugin.video.ukturk%5Cfanart.jpg%26_options_sf&quot;,return)</favourite>
	<favourite name="crichd.tv" thumb="special://home/addons\plugin.video.castaway\resources/media/crichd.png">ActivateWindow(10025,&quot;plugin://plugin.video.castaway/?mode=open_live_tv&amp;site=crichd&amp;sf_options=fanart%3Dspecial%3A%2F%2Fhome%2Faddons%5Cplugin.video.castaway%2Ffanart.jpg%26_options_sf&quot;,return)</favourite>
	<favourite name="MamaHD" thumb="special://home/addons\plugin.video.SportsDevil\resources\images\mamahd.png">ActivateWindow(10025,&quot;plugin://plugin.video.SportsDevil/?item=title%3dMamaHD.com%26url%3dtv%252Fmamahd.com.cfg%26definedIn%3dtv.cfg%26director%3dmamahd.com%26genre%3dTV%26type%3drss%26icon%3dC%253A%255Ckodi15final1%255Cportable_data%255Caddons%255Cplugin.video.SportsDevil%255Cresources%255Cimages%255Cmamahd.png&amp;mode=1&amp;sf_options=fanart%3Dspecial%3A%2F%2Fhome%2Faddons%5Cplugin.video.SportsDevil%5Cfanart.jpg%26_options_sf&quot;,return)</favourite>
	<favourite name="SportsDevil" thumb="special://home/addons\plugin.video.SportsDevil\resources\images\station.png">ActivateWindow(10025,&quot;plugin://plugin.video.SportsDevil/?item=title%3dSports%2bTV%26url%3dtv.cfg%26definedIn%3dmainMenu.cfg%26director%3dSportsDevil%26genre%3dTV%26type%3drss%26icon%3dC%253A%255Ckodi%255Cportable_data%255Caddons%255Cplugin.video.SportsDevil%255Cresources%255Cimages%255Cstation.png&amp;mode=1&amp;sf_options=fanart%3Dspecial%3A%2F%2Fhome%2Faddons%5Cplugin.video.SportsDevil%5Cfanart.jpg%26_options_sf&quot;,return)</favourite>
	<favourite name="Broken" thumb="https://www.housing.purdue.edu/BTV/Channel/ChannelIcon/dd17595e-9a36-4a83-97ee-8e198ea4afbb">ActivateWindow(10025,&quot;plugin://plugin.program.super.favourites/?label=Broken&amp;mode=400&amp;folder=Sports%2FChannels%2FChannels%2FBroken&amp;sf_options=fanart%3DNULL%26_options_sf&quot;)</favourite>
	<favourite name="[COLOR azure]UK Sports[/COLOR]" thumb="">ActivateWindow(10025,&quot;plugin://plugin.program.super.favourites/?label=[COLOR azure]UK Sports[/COLOR]&amp;mode=400&amp;folder=Sports%2FChannels%2FUK%20Sports&amp;sf_options=fanart%3DNULL%26_options_sf&quot;)</favourite>
</favourites>