<favourites>
	<favourite name="[COLOR aqua]Fitness[/COLOR]" thumb="http://s2.postimg.org/4qm1q6zmx/fitness.png">ActivateWindow(10025,&quot;plugin://plugin.video.dijentertainments/?description&amp;mode=1&amp;name=%5bCOLOR%20aqua%5dFitness%5b%2fCOLOR%5d&amp;url=https%3a%2f%2fraw.github.com%2fdjjohnnyb15%2fdij-entertainments%2fmaster%2fDirectory%2fMovies%2ffitness%2ffitnessdir.xml&amp;sf_options=fanart%3Dhttp%3A%2F%2Fs30.postimg.org%2Fkouqxngtt%2Ficon.png%26_options_sf&quot;,return)</favourite>
	<favourite name="Fitness Club" thumb="http://shadowcrew.info/twins/Logos/Fitness_thumb.png">ActivateWindow(10025,&quot;plugin://plugin.video.RobinHood-PPL-List/?fanart=http%3a%2f%2fshadowcrew.info%2ftwins%2fLogos%2fFitness_fanart.jpg&amp;mode=1&amp;name=Fitness%20Club&amp;url=http%3a%2f%2fshadowcrew.info%2ftwins%2fFitness%2fFitness.xml&amp;sf_options=fanart%3Dhttp%3A%2F%2Fshadowcrew.info%2Ftwins%2FLogos%2FFitness_fanart.jpg%26_options_sf&quot;,return)</favourite>
	<favourite name="Fitness" thumb="http://s21.postimg.org/jr9dvc6p3/Fitness.jpg">ActivateWindow(10025,&quot;plugin://plugin.video.phstreams/?action=ndmode&amp;audio=0&amp;content=0&amp;fanart=http%3a%2f%2fcoolbackgroundhd.com%2fwp-content%2fuploads%2f2015%2f04%2fangels-wings-fire-wallpaper.jpg&amp;image=http%3a%2f%2fs21.postimg.org%2fjr9dvc6p3%2fFitness.jpg&amp;name=Fitness&amp;playable=false&amp;tvshow=0&amp;url=http%3a%2f%2fgibraltar.watchkodi.com%2ffitness%2ffitness_directory.xml&amp;sf_options=fanart%3Dhttp%3A%2F%2Fcoolbackgroundhd.com%2Fwp-content%2Fuploads%2F2015%2F04%2Fangels-wings-fire-wallpaper.jpg%26desc%3DDiscover+Great+Streaming+Playlists%21%26_options_sf&quot;,return)</favourite>
	<favourite name="[COLOR hotpink]Workout[/COLOR]" thumb="http://s6.postimg.org/re40an269/fitness_woman_perspiration_2_1.jpg">ActivateWindow(10025,&quot;plugin://plugin.video.phstreams/?action=ndmode&amp;audio=0&amp;content=0&amp;fanart=http%3a%2f%2fs6.postimg.org%2f4e7vodlfl%2f14266.jpg&amp;image=http%3a%2f%2fs6.postimg.org%2fre40an269%2ffitness_woman_perspiration_2_1.jpg&amp;name=%5bCOLOR%20hotpink%5dWorkout%5b%2fCOLOR%5d&amp;playable=false&amp;tvshow=0&amp;url=http%3a%2f%2fhonolulu.watchkodi.com%2fFitness%2fFitness%2520Main.xml&amp;sf_options=fanart%3Dhttp%3A%2F%2Fs6.postimg.org%2F4e7vodlfl%2F14266.jpg%26desc%3DDiscover+Great+Streaming+Playlists%21%26_options_sf&quot;,return)</favourite>

</favourites>