<favourites>
	<favourite name="New Albums" thumb="https://github.com/jurialmunkey/skin.eminence.2/blob/master/extras/icons/recentlyadded.png?raw=true">ActivateWindow(10025,&quot;plugin://plugin.audio.mp3streams/?iconimage=C%3a%5ckodi%5cportable_data%5caddons%5cplugin.audio.mp3streams%5cart%2fnewalbums.jpg&amp;list=new%20albums%3c%3ehttp%3a%2f%2fmusicmp3.ru%2fnew_albums.html%3c%3eC%3a%5ckodi%5cportable_data%5caddons%5cplugin.audio.mp3streams%5cart%2fnewalbums.jpg&amp;mode=12&amp;name=New%20Albums&amp;type&amp;url=http%3a%2f%2fmusicmp3.ru%2fnew_albums.html&quot;,return)</favourite>
	<favourite name="Top Albums" thumb="https://www.materialui.co/materialIcons/action/trending_up_white_192x192.png">ActivateWindow(10025,&quot;plugin://plugin.audio.mp3streams/?iconimage=C%3a%5ckodi%5cportable_data%5caddons%5cplugin.audio.mp3streams%5cart%2ftopalbums.jpg&amp;list=top%20albums%3c%3ehttp%3a%2f%2fmusicmp3.ru%2fgenres.html%3c%3eC%3a%5ckodi%5cportable_data%5caddons%5cplugin.audio.mp3streams%5cart%2ftopalbums.jpg&amp;mode=12&amp;name=Top%20Albums&amp;type&amp;url=http%3a%2f%2fmusicmp3.ru%2fgenres.html&quot;,return)</favourite>
	<favourite name="Artists" thumb="https://raw.githubusercontent.com/jurialmunkey/skin.eminence.2/master/extras/icons/artist.png">ActivateWindow(10025,&quot;plugin://plugin.audio.mp3streams/?iconimage=C%3a%5ckodi%5cportable_data%5caddons%5cplugin.audio.mp3streams%5cart%2fartists.jpg&amp;list=artists%3c%3ehttp%3a%2f%2fmusicmp3.ru%2fartists.html%3c%3eC%3a%5ckodi%5cportable_data%5caddons%5cplugin.audio.mp3streams%5cart%2fartists.jpg&amp;mode=21&amp;name=Artists&amp;type&amp;url=http%3a%2f%2fmusicmp3.ru%2fartists.html&quot;,return)</favourite>
	<favourite name="Jango" thumb="http://s1.cdn107.com/assets/logos/jango/jango_logo_full_trans_no_outline_100-7d4fbe5030f4615cc349317252b707757f154a0db227bd5270d32a1f31638ea9.png">ActivateWindow(10025,&quot;plugin://plugin.audio.jango/&quot;,return)</favourite>
	<favourite name="Pandora" thumb="https://raw.githubusercontent.com/jurialmunkey/skin.eminence.2/master/extras/icons/pandora.png">ActivateWindow(10025,&quot;plugin://plugin.audio.pandoki/&quot;,return)</favourite>
	<favourite name="iHeartRadio" thumb="http://www.atlastransmissions.space/uploads/3/4/9/3/34931970/iheartradio_1.png">ActivateWindow(10025,&quot;plugin://plugin.audio.iheart/&quot;,return)</favourite>
	<favourite name="TuneIn Radio" thumb="https://store-images.s-microsoft.com/image/apps.8613.13510798886209406.919b276d-23a8-49be-92f5-a023da6b2b85.6e6d02ee-3809-498b-b121-4218c42fd1a2?w=180&h=180&q=60">ActivateWindow(10025,&quot;plugin://plugin.audio.tuneinradio/&quot;,return)</favourite>
	
	<favourite name="Google Music" thumb="http://helle.16mb.com/wp-content/themes/helle/images/headphone.png">ActivateWindow(10501,&quot;plugin://plugin.audio.googlemusic.exp?sf_options=fanart%3Dspecial%3A%2F%2Fhome%2Faddons%5Cplugin.audio.googlemusic.exp%5Cfanart.jpg%26desc%3DPlugin+that+lets+you+play+music+from+Google+Music.%26_options_sf&quot;,return)</favourite>
	
	
	 <favourite name="Karaoke" thumb="http://allaboutwindowsphone.com/images/appicons/197153.png">ActivateWindow(10025,&quot;plugin://plugin.video.MikeysKaraoke/?content_type=video&quot;,return)</favourite>
	 ActivateWindow(10025,&quot;plugin://plugin.audio.iheart/&quot;,return)</favourite>
	
	
	 
	<favourite name="Police Scanner" thumb="https://raw.githubusercontent.com/jurialmunkey/skin.eminence.2/master/extras/icons/radio.png">ActivateWindow(10025,&quot;plugin://plugin.audio.radioreference/?action=states&amp;extra&amp;page&amp;plot&amp;title=United%20States&amp;url=http%3a%2f%2fwww.broadcastify.com%2flisten%2fcoid%2f1&amp;sf_options=&quot;)</favourite>
	
	 <favourite name="My Music" thumb="">ActivateWindow(10025,&quot;plugin://plugin.program.super.favourites/?mode=400&amp;folder=More%2FMusic%5CMyMusic&amp;sf_options=&quot;)</favourite>
	  <favourite name="[COLOR black]Audio[/COLOR]" thumb="">ActivateWindow(10025,&quot;plugin://plugin.program.super.favourites/?mode=400&amp;folder=More%2FMusic%5CAudio&amp;sf_options=&quot;)</favourite>
</favourites>