<favourites>
	<favourite name="NJMLive" thumb="special://home/addons\plugin.video.NJMLive\icon.png">ActivateWindow(10025,&quot;plugin://plugin.video.NJMLive/&quot;,return)</favourite>
	<favourite name="AtdheNet.tv" thumb="special://home/addons\plugin.video.SportsDevil\resources\images\livesports.png">ActivateWindow(10025,&quot;plugin://plugin.video.SportsDevil/?item=title%3dAtdheNet.tv%26url%3dlivesports%252Fatdee.net.cfg%26definedIn%3dlivesports.cfg%26director%3dAtdheNet.tv%26genre%3dLive%2bSports%26type%3drss%26icon%3dC%253A%255Ckodi%255Cportable_data%255Caddons%255Cplugin.video.SportsDevil%255Cresources%255Cimages%255Clivesports.png&amp;mode=1&quot;,return)</favourite>
	<favourite name="B-Streams" thumb="special://home/addons\plugin.video.SportsDevil\resources\images\bundesligastream.png">ActivateWindow(10025,&quot;plugin://plugin.video.SportsDevil/?item=title%3dBundesliga-Streams.net%26url%3dlivesports%252Fbundesliga-streams.net.cfg%26definedIn%3dlivesports.cfg%26director%3dbundesliga-streams.net%26genre%3dLive%2bSports%26type%3drss%26icon%3dC%253A%255Ckodi%255Cportable_data%255Caddons%255Cplugin.video.SportsDevil%255Cresources%255Cimages%255Cbundesligastream.png&amp;mode=1&quot;,return)</favourite>
	<favourite name="Zunox.hk" thumb="special://home/addons\plugin.video.SportsDevil\resources\images\zunoxlogo3.png">ActivateWindow(10025,&quot;plugin://plugin.video.SportsDevil/?item=title%3dZunox.hk%26url%3dlivesports%252Fslipstreamtv.co.cfg%26definedIn%3dlivesports.cfg%26director%3dzunox.hk%26genre%3dLive%2bSports%26type%3drss%26icon%3dC%253A%255Ckodi%255Cportable_data%255Caddons%255Cplugin.video.SportsDevil%255Cresources%255Cimages%255Czunoxlogo3.png&amp;mode=1&quot;,return)</favourite>
	<favourite name="Live Games - HDfree.tv" thumb="special://home/addons\plugin.video.SportsDevil\resources\images\hdfree.png">ActivateWindow(10025,&quot;plugin://plugin.video.SportsDevil/?item=title%3dHDFree.tv%26url%3dtv%252Ffreesport.cfg%26definedIn%3dtv.cfg%26director%3dHDFree.tv%26genre%3dTV%26type%3drss%26icon%3dC%253A%255Ckodi%255Cportable_data%255Caddons%255Cplugin.video.SportsDevil%255Cresources%255Cimages%255Chdfree.png&amp;mode=1&quot;,return)</favourite>
	<favourite name="Live Games - ShowSport" thumb="special://home/addons\plugin.video.SportsDevil\resources\images\showsport.png">ActivateWindow(10025,&quot;plugin://plugin.video.SportsDevil/?item=title%3d%252ASchedule%252A%26url%3dhttp%253A%252F%252Fshowsport-tv.com%26cfg%3dshowsport-tv.com.cfg%2540Schedule%26definedIn%3dtv%252Fshowsport-tv.com.cfg%26director%3dshowsport-tv.com%26genre%3dTV%26type%3drss%26icon%3dC%253A%255Ckodi%255Cportable_data%255Caddons%255Cplugin.video.SportsDevil%255Cresources%255Cimages%255Cshowsport.png&amp;mode=1&quot;,return)</favourite>
	<favourite name="LiveGames - StreamHunter" thumb="special://home/addons\plugin.video.SportsDevil\resources\images\lshunter_tv.png">ActivateWindow(10025,&quot;plugin://plugin.video.SportsDevil/?item=title%3dFootball%26url%3dhttp%253A%252F%252Fwww.batmanstream.com%252Ffootball-live-streaming-video-2016-3.html%26cfg%3dlshunter-new.cfg%2540Events%26definedIn%3dlivesports%252Flshunter-new.cfg%26director%3dLSHunter.tv%26genre%3dLive%2bSports%26type%3drss%26icon%3dC%253A%255Ckodi%255Cportable_data%255Caddons%255Cplugin.video.SportsDevil%255Cresources%255Cimages%255Clshunter_tv.png&amp;mode=1&quot;,return)</favourite>
	<favourite name="MamaHD" thumb="special://home/addons\plugin.video.SportsDevil\resources\images\mamahd.png">ActivateWindow(10025,&quot;plugin://plugin.video.SportsDevil/?item=title%3dMamaHD.com%26url%3dtv%252Fmamahd.com.cfg%26definedIn%3dtv.cfg%26director%3dmamahd.com%26genre%3dTV%26type%3drss%26icon%3dC%253A%255Ckodi%255Cportable_data%255Caddons%255Cplugin.video.SportsDevil%255Cresources%255Cimages%255Cmamahd.png&amp;mode=1&quot;,return)</favourite>
</favourites>