<favourites>  
	    <favourite name="Sony SAB" thumb="http://static.filmon.com/assets/channels/3701/big_logo.png">ActivateWindow(10025,&quot;plugin://plugin.video.SportsDevil/?item=definedIn%3dfilmon.com.cfg%26url.tmp%3d%252Fchannel%252Fsony-sab%26title%3dSony%2bSAB%26url%3dhttp%253A%252F%252Fwww.filmon.com%252Fchannel%252Fsony-sab%26cfg%3dfilmon.com.cfg%2540Streams%26videoTitle%3dSony%2bSAB%26director%3dfilmon.com%26genre%3dLive%2bTV%26type%3drss%26icon%3dhttp%253A%252F%252Fstatic.filmon.com%252Fassets%252Fchannels%252F3701%252Fbig_logo.png&amp;mode=1&quot;,return)</favourite>
    <favourite name="ABP News" thumb="http://static.filmon.com/assets/channels/3704/big_logo.png">ActivateWindow(10025,&quot;plugin://plugin.video.SportsDevil/?item=definedIn%3dfilmon.com.cfg%26url.tmp%3d%252Fchannel%252Fabp-news%26title%3dABP%2bNews%26url%3dhttp%253A%252F%252Fwww.filmon.com%252Fchannel%252Fabp-news%26cfg%3dfilmon.com.cfg%2540Streams%26videoTitle%3dABP%2bNews%26director%3dfilmon.com%26genre%3dLive%2bTV%26type%3drss%26icon%3dhttp%253A%252F%252Fstatic.filmon.com%252Fassets%252Fchannels%252F3704%252Fbig_logo.png&amp;mode=1&quot;,return)</favourite>
    <favourite name="Films Of India" thumb="http://static.filmon.com/assets/channels/3791/big_logo.png">ActivateWindow(10025,&quot;plugin://plugin.video.SportsDevil/?item=definedIn%3dfilmon.com.cfg%26url.tmp%3d%252Fchannel%252Foriginal-films-of-india%26title%3dFilms%2bOf%2bIndia%26url%3dhttp%253A%252F%252Fwww.filmon.com%252Fchannel%252Foriginal-films-of-india%26cfg%3dfilmon.com.cfg%2540Streams%26videoTitle%3dFilms%2bOf%2bIndia%26director%3dfilmon.com%26genre%3dLive%2bTV%26type%3drss%26icon%3dhttp%253A%252F%252Fstatic.filmon.com%252Fassets%252Fchannels%252F3791%252Fbig_logo.png&amp;mode=1&quot;,return)</favourite>
    <favourite name="Kids Zone" thumb="http://static.filmon.com/assets/channels/3794/big_logo.png">ActivateWindow(10025,&quot;plugin://plugin.video.SportsDevil/?item=definedIn%3dfilmon.com.cfg%26url.tmp%3d%252Fchannel%252Fkids-zone%26title%3dKids%2bZone%26url%3dhttp%253A%252F%252Fwww.filmon.com%252Fchannel%252Fkids-zone%26cfg%3dfilmon.com.cfg%2540Streams%26videoTitle%3dKids%2bZone%26director%3dfilmon.com%26genre%3dLive%2bTV%26type%3drss%26icon%3dhttp%253A%252F%252Fstatic.filmon.com%252Fassets%252Fchannels%252F3794%252Fbig_logo.png&amp;mode=1&quot;,return)</favourite>
    <favourite name="Live9 TV" thumb="http://static.filmon.com/assets/channels/3797/big_logo.png">ActivateWindow(10025,&quot;plugin://plugin.video.SportsDevil/?item=definedIn%3dfilmon.com.cfg%26url.tmp%3d%252Fchannel%252Flive9-tv%26title%3dLive9%2bTV%26url%3dhttp%253A%252F%252Fwww.filmon.com%252Fchannel%252Flive9-tv%26cfg%3dfilmon.com.cfg%2540Streams%26videoTitle%3dLive9%2bTV%26director%3dfilmon.com%26genre%3dLive%2bTV%26type%3drss%26icon%3dhttp%253A%252F%252Fstatic.filmon.com%252Fassets%252Fchannels%252F3797%252Fbig_logo.png&amp;mode=1&quot;,return)</favourite>
    <favourite name="Delhi Aaj Tak" thumb="http://static.filmon.com/assets/channels/3479/big_logo.png">ActivateWindow(10025,&quot;plugin://plugin.video.SportsDevil/?item=definedIn%3dfilmon.com.cfg%26url.tmp%3d%252Fchannel%252Fdelhi-aaj-tak%26title%3dDelhi%2bAaj%2bTak%26url%3dhttp%253A%252F%252Fwww.filmon.com%252Fchannel%252Fdelhi-aaj-tak%26cfg%3dfilmon.com.cfg%2540Streams%26videoTitle%3dDelhi%2bAaj%2bTak%26director%3dfilmon.com%26genre%3dLive%2bTV%26type%3drss%26icon%3dhttp%253A%252F%252Fstatic.filmon.com%252Fassets%252Fchannels%252F3479%252Fbig_logo.png&amp;mode=1&quot;,return)</favourite>
    <favourite name="Tez TV" thumb="http://static.filmon.com/assets/channels/3488/big_logo.png">ActivateWindow(10025,&quot;plugin://plugin.video.SportsDevil/?item=definedIn%3dfilmon.com.cfg%26url.tmp%3d%252Fchannel%252Ftez-tv%26title%3dTez%2bTV%26url%3dhttp%253A%252F%252Fwww.filmon.com%252Fchannel%252Ftez-tv%26cfg%3dfilmon.com.cfg%2540Streams%26videoTitle%3dTez%2bTV%26director%3dfilmon.com%26genre%3dLive%2bTV%26type%3drss%26icon%3dhttp%253A%252F%252Fstatic.filmon.com%252Fassets%252Fchannels%252F3488%252Fbig_logo.png&amp;mode=1&quot;,return)</favourite>
    <favourite name="Zee Bollyworld TV" thumb="http://static.filmon.com/assets/channels/3491/big_logo.png">ActivateWindow(10025,&quot;plugin://plugin.video.SportsDevil/?item=definedIn%3dfilmon.com.cfg%26url.tmp%3d%252Fchannel%252Fzee-bollyworld-tv%26title%3dZee%2bBollyworld%2bTV%26url%3dhttp%253A%252F%252Fwww.filmon.com%252Fchannel%252Fzee-bollyworld-tv%26cfg%3dfilmon.com.cfg%2540Streams%26videoTitle%3dZee%2bBollyworld%2bTV%26director%3dfilmon.com%26genre%3dLive%2bTV%26type%3drss%26icon%3dhttp%253A%252F%252Fstatic.filmon.com%252Fassets%252Fchannels%252F3491%252Fbig_logo.png&amp;mode=1&quot;,return)</favourite>
  <favourite name="Color HD" thumb="http://cdnimg.dynns.com/iptvpanelnew/prog_data/thumbs/070c425fd005e11aec1a90706dda66f5colorshd.jpg">PlayMedia(&quot;plugin://plugin.video.pakindia/?url=http%3A%2F%2F130.185.144.63%3A8081%2Find%2FColorsHD%2Fplaylist.m3u8&amp;mode=200&amp;name=Color+HD&amp;iconimage=http%3A%2F%2Fcdnimg.dynns.com%2Fiptvpanelnew%2Fprog_data%2Fthumbs%2F070c425fd005e11aec1a90706dda66f5colorshd.jpg&quot;)</favourite>
    <favourite name="Color Uk" thumb="http://cdnimg.dynns.com/iptvpanelnew/prog_data/thumbs/c77bfda61a0204d445185053e6a9a8fecolorsuk.gif">PlayMedia(&quot;plugin://plugin.video.pakindia/?url=http%3A%2F%2F130.185.144.63%3A8081%2Find%2Fcolors%2Fplaylist.m3u8&amp;mode=200&amp;name=Color+Uk&amp;iconimage=http%3A%2F%2Fcdnimg.dynns.com%2Fiptvpanelnew%2Fprog_data%2Fthumbs%2Fc77bfda61a0204d445185053e6a9a8fecolorsuk.gif&quot;)</favourite>
    <favourite name="Color Apac" thumb="http://cdnimg.dynns.com/iptvpanelnew/prog_data/thumbs/f12ee9734e1edf70ed02d9829018b3d9colorAPAC.jpg">PlayMedia(&quot;plugin://plugin.video.pakindia/?url=http%3A%2F%2F130.185.144.63%3A8081%2Find%2FColorsEurope%2Fplaylist.m3u8&amp;mode=200&amp;name=Color+Apac&amp;iconimage=http%3A%2F%2Fcdnimg.dynns.com%2Fiptvpanelnew%2Fprog_data%2Fthumbs%2Ff12ee9734e1edf70ed02d9829018b3d9colorAPAC.jpg&quot;)</favourite>
    <favourite name="Color Europe" thumb="http://cdnimg.dynns.com/iptvpanelnew/prog_data/thumbs/b4d6f2b565ca0eef1f9245403aac366acolorEurope.jpg">PlayMedia(&quot;plugin://plugin.video.pakindia/?url=http%3A%2F%2F130.185.144.63%3A8081%2Find%2FColorsEurope%2Fplaylist.m3u8&amp;mode=200&amp;name=Color+Europe&amp;iconimage=http%3A%2F%2Fcdnimg.dynns.com%2Fiptvpanelnew%2Fprog_data%2Fthumbs%2Fb4d6f2b565ca0eef1f9245403aac366acolorEurope.jpg&quot;)</favourite>
    <favourite name="S Plus HD" thumb="http://cdnimg.dynns.com/iptvpanelnew/prog_data/thumbs/a5771bce93e200c36f7cd9dfd0e5deaastarplusHD.jpg">PlayMedia(&quot;plugin://plugin.video.pakindia/?url=http%3A%2F%2F130.185.144.63%3A8081%2Find%2FStarPlusHD%2Fplaylist.m3u8&amp;mode=200&amp;name=S+Plus+HD&amp;iconimage=http%3A%2F%2Fcdnimg.dynns.com%2Fiptvpanelnew%2Fprog_data%2Fthumbs%2Fa5771bce93e200c36f7cd9dfd0e5deaastarplusHD.jpg&quot;)</favourite>
    <favourite name="Sony HD" thumb="http://cdnimg.dynns.com/iptvpanelnew/prog_data/thumbs/4a3fd911279cd8bc597fa13222ef83besonyHd.jpg">PlayMedia(&quot;plugin://plugin.video.pakindia/?url=http%3A%2F%2F130.185.144.63%3A8081%2Find%2FSonyTVHD%2Fplaylist.m3u8&amp;mode=200&amp;name=Sony+HD&amp;iconimage=http%3A%2F%2Fcdnimg.dynns.com%2Fiptvpanelnew%2Fprog_data%2Fthumbs%2F4a3fd911279cd8bc597fa13222ef83besonyHd.jpg&quot;)</favourite>
    <favourite name="Sony Aud" thumb="http://cdnimg.dynns.com/iptvpanelnew/prog_data/thumbs/d69768b3da745b77e82cdbddcc8bac98sonyAUD.jpg">PlayMedia(&quot;plugin://plugin.video.pakindia/?url=http%3A%2F%2F130.185.144.63%3A8081%2Find%2FSonyTVAUD%2Fplaylist.m3u8&amp;mode=200&amp;name=Sony+Aud&amp;iconimage=http%3A%2F%2Fcdnimg.dynns.com%2Fiptvpanelnew%2Fprog_data%2Fthumbs%2Fd69768b3da745b77e82cdbddcc8bac98sonyAUD.jpg&quot;)</favourite>
    <favourite name="Sony Uk" thumb="http://cdnimg.dynns.com/iptvpanelnew/prog_data/thumbs/70c445ee64b1ed0583367a12a79a9ef2sonyuk.gif">PlayMedia(&quot;plugin://plugin.video.pakindia/?url=http%3A%2F%2F130.185.144.63%3A8081%2Find%2FSonyTVUK%2Fplaylist.m3u8&amp;mode=200&amp;name=Sony+Uk&amp;iconimage=http%3A%2F%2Fcdnimg.dynns.com%2Fiptvpanelnew%2Fprog_data%2Fthumbs%2F70c445ee64b1ed0583367a12a79a9ef2sonyuk.gif&quot;)</favourite>
    <favourite name="Rishtey" thumb="http://cdnimg.dynns.com/iptvpanelnew/prog_data/thumbs/42e7aaa88b48137a16a1acd04ed91125rishty.jpg">PlayMedia(&quot;plugin://plugin.video.pakindia/?url=http%3A%2F%2F130.185.144.63%3A8081%2Find%2Frishty%2Fplaylist.m3u8&amp;mode=200&amp;name=Rishtey&amp;iconimage=http%3A%2F%2Fcdnimg.dynns.com%2Fiptvpanelnew%2Fprog_data%2Fthumbs%2F42e7aaa88b48137a16a1acd04ed91125rishty.jpg&quot;)</favourite>
    <favourite name="Rishtey Uk" thumb="http://cdnimg.dynns.com/iptvpanelnew/prog_data/thumbs/b1790a55a67906c18bd9a046e17c5935rishtyUK.jpg">PlayMedia(&quot;plugin://plugin.video.pakindia/?url=http%3A%2F%2F130.185.144.63%3A8081%2Find%2FRishteyUK%2Fplaylist.m3u8&amp;mode=200&amp;name=Rishtey+Uk&amp;iconimage=http%3A%2F%2Fcdnimg.dynns.com%2Fiptvpanelnew%2Fprog_data%2Fthumbs%2Fb1790a55a67906c18bd9a046e17c5935rishtyUK.jpg&quot;)</favourite>
    <favourite name="Life Ok" thumb="http://cdnimg.dynns.com/iptvpanelnew/prog_data/thumbs/f3ada80d5c4ee70142b17b8192b2958elifeok.jpg">PlayMedia(&quot;plugin://plugin.video.pakindia/?url=http%3A%2F%2F130.185.144.63%3A8081%2Find%2FLifeOK%2Fplaylist.m3u8&amp;mode=200&amp;name=Life+Ok&amp;iconimage=http%3A%2F%2Fcdnimg.dynns.com%2Fiptvpanelnew%2Fprog_data%2Fthumbs%2Ff3ada80d5c4ee70142b17b8192b2958elifeok.jpg&quot;)</favourite>
    <favourite name="Life Uk" thumb="http://cdnimg.dynns.com/iptvpanelnew/prog_data/thumbs/6ba1085b788407963fe0e89c699a7396lifeok.jpg">PlayMedia(&quot;plugin://plugin.video.pakindia/?url=http%3A%2F%2F130.185.144.63%3A8081%2Find%2Flifeok%2Fplaylist.m3u8&amp;mode=200&amp;name=Life+Uk&amp;iconimage=http%3A%2F%2Fcdnimg.dynns.com%2Fiptvpanelnew%2Fprog_data%2Fthumbs%2F6ba1085b788407963fe0e89c699a7396lifeok.jpg&quot;)</favourite>
    <favourite name="Star Ind" thumb="http://cdnimg.dynns.com/iptvpanelnew/prog_data/thumbs/154f596a0e4aec4cf23ee4b76ae3d34aStarGold.jpg">PlayMedia(&quot;plugin://plugin.video.pakindia/?url=http%3A%2F%2F130.185.144.63%3A8081%2Find%2Fstargoldind%2Fplaylist.m3u8&amp;mode=200&amp;name=Star+Ind&amp;iconimage=http%3A%2F%2Fcdnimg.dynns.com%2Fiptvpanelnew%2Fprog_data%2Fthumbs%2F154f596a0e4aec4cf23ee4b76ae3d34aStarGold.jpg&quot;)</favourite>
    <favourite name="Mtunes HD" thumb="http://cdnimg.dynns.com/iptvpanelnew/prog_data/thumbs/8dcf2420e78a64333a59674678fb283bMtune.png">PlayMedia(&quot;plugin://plugin.video.pakindia/?url=http%3A%2F%2F130.185.144.63%3A8081%2Find%2FMtunesHD%2Fplaylist.m3u8&amp;mode=200&amp;name=Mtunes+HD&amp;iconimage=http%3A%2F%2Fcdnimg.dynns.com%2Fiptvpanelnew%2Fprog_data%2Fthumbs%2F8dcf2420e78a64333a59674678fb283bMtune.png&quot;)</favourite>
    <favourite name="MTV India" thumb="http://cdnimg.dynns.com/iptvpanelnew/prog_data/thumbs/6195f47dcff14b8f242aa333cdb2703emtvmusic.jpg">PlayMedia(&quot;plugin://plugin.video.pakindia/?url=http%3A%2F%2F130.185.144.63%3A8081%2Find%2FMTVIndia%2Fplaylist.m3u8&amp;mode=200&amp;name=MTV+India&amp;iconimage=http%3A%2F%2Fcdnimg.dynns.com%2Fiptvpanelnew%2Fprog_data%2Fthumbs%2F6195f47dcff14b8f242aa333cdb2703emtvmusic.jpg&quot;)</favourite>
    <favourite name="Music India" thumb="http://cdnimg.dynns.com/iptvpanelnew/prog_data/thumbs/988f9153ac4fd966ea302dd9ab9bae15indiamusic.jpg">PlayMedia(&quot;plugin://plugin.video.pakindia/?url=http%3A%2F%2F130.185.144.63%3A8081%2Find%2FMusicIndia%2Fplaylist.m3u8&amp;mode=200&amp;name=Music+India&amp;iconimage=http%3A%2F%2Fcdnimg.dynns.com%2Fiptvpanelnew%2Fprog_data%2Fthumbs%2F988f9153ac4fd966ea302dd9ab9bae15indiamusic.jpg&quot;)</favourite>
    <favourite name="9x Jhakaas" thumb="http://cdnimg.dynns.com/iptvpanelnew/prog_data/thumbs/e661551c8ec9308379cda7e2419348e59xjhakaas.jpg">PlayMedia(&quot;plugin://plugin.video.pakindia/?url=http%3A%2F%2F130.185.144.63%3A8081%2Find%2F9xJhakaas%2Fplaylist.m3u8&amp;mode=200&amp;name=9x+Jhakaas&amp;iconimage=http%3A%2F%2Fcdnimg.dynns.com%2Fiptvpanelnew%2Fprog_data%2Fthumbs%2Fe661551c8ec9308379cda7e2419348e59xjhakaas.jpg&quot;)</favourite>
    <favourite name="Sab Ind" thumb="http://cdnimg.dynns.com/iptvpanelnew/prog_data/thumbs/75df63609809c7a2052fdffe5c00a84esonysab.jpg">PlayMedia(&quot;plugin://plugin.video.pakindia/?url=http%3A%2F%2F130.185.144.63%3A8081%2Find%2Fsabtvind%2Fplaylist.m3u8&amp;mode=200&amp;name=Sab+Ind&amp;iconimage=http%3A%2F%2Fcdnimg.dynns.com%2Fiptvpanelnew%2Fprog_data%2Fthumbs%2F75df63609809c7a2052fdffe5c00a84esonysab.jpg&quot;)</favourite>
    <favourite name="Sab Uk" thumb="http://cdnimg.dynns.com/iptvpanelnew/prog_data/thumbs/789ba2ae4d335e8a2ad283a3f7effcedsonysab.jpg">PlayMedia(&quot;plugin://plugin.video.pakindia/?url=http%3A%2F%2F130.185.144.63%3A8081%2Find%2Fsabtv%2Fplaylist.m3u8&amp;mode=200&amp;name=Sab+Uk&amp;iconimage=http%3A%2F%2Fcdnimg.dynns.com%2Fiptvpanelnew%2Fprog_data%2Fthumbs%2F789ba2ae4d335e8a2ad283a3f7effcedsonysab.jpg&quot;)</favourite>
    <favourite name="Sat Max" thumb="http://cdnimg.dynns.com/iptvpanelnew/prog_data/thumbs/99cad265a1768cc2dd013f0e740300aesonymax.png">PlayMedia(&quot;plugin://plugin.video.pakindia/?url=http%3A%2F%2F130.185.144.63%3A8081%2Find%2FSATMAX%2Fplaylist.m3u8&amp;mode=200&amp;name=Sat+Max&amp;iconimage=http%3A%2F%2Fcdnimg.dynns.com%2Fiptvpanelnew%2Fprog_data%2Fthumbs%2F99cad265a1768cc2dd013f0e740300aesonymax.png&quot;)</favourite>
    <favourite name="Enterr 10" thumb="http://cdnimg.dynns.com/iptvpanelnew/prog_data/thumbs/7690dd4db7a92524c684e3191919eb6benter10.jpg">PlayMedia(&quot;plugin://plugin.video.pakindia/?url=http%3A%2F%2F130.185.144.63%3A8081%2Find%2Fenter10%2Fplaylist.m3u8&amp;mode=200&amp;name=Enterr+10&amp;iconimage=http%3A%2F%2Fcdnimg.dynns.com%2Fiptvpanelnew%2Fprog_data%2Fthumbs%2F7690dd4db7a92524c684e3191919eb6benter10.jpg&quot;)</favourite>
    <favourite name="UTV Bindass" thumb="http://cdnimg.dynns.com/iptvpanelnew/prog_data/thumbs/84d2004bf28a2095230e8e14993d398dutvbindas.jpg">PlayMedia(&quot;plugin://plugin.video.pakindia/?url=http%3A%2F%2F130.185.144.63%3A8081%2Find%2FUTVBindass%2Fplaylist.m3u8&amp;mode=200&amp;name=UTV+Bindass&amp;iconimage=http%3A%2F%2Fcdnimg.dynns.com%2Fiptvpanelnew%2Fprog_data%2Fthumbs%2F84d2004bf28a2095230e8e14993d398dutvbindas.jpg&quot;)</favourite>
    <favourite name="B4U Movies" thumb="http://cdnimg.dynns.com/iptvpanelnew/prog_data/thumbs/fd3ae753500ad06fd8fa224f28bcac59b4umovies.jpg">PlayMedia(&quot;plugin://plugin.video.pakindia/?url=http%3A%2F%2F130.185.144.63%3A8081%2Find%2Fb4umovies%2Fplaylist.m3u8&amp;mode=200&amp;name=B4U+Movies&amp;iconimage=http%3A%2F%2Fcdnimg.dynns.com%2Fiptvpanelnew%2Fprog_data%2Fthumbs%2Ffd3ae753500ad06fd8fa224f28bcac59b4umovies.jpg&quot;)</favourite>
    <favourite name="Aaj Tak" thumb="http://cdnimg.dynns.com/iptvpanelnew/prog_data/thumbs/f387624df552cea2f369918c5e1e12bcajjtak.jpg">PlayMedia(&quot;plugin://plugin.video.pakindia/?url=http%3A%2F%2F130.185.144.63%3A8081%2Find%2Faajtak%2Fplaylist.m3u8&amp;mode=200&amp;name=Aaj+Tak&amp;iconimage=http%3A%2F%2Fcdnimg.dynns.com%2Fiptvpanelnew%2Fprog_data%2Fthumbs%2Ff387624df552cea2f369918c5e1e12bcajjtak.jpg&quot;)</favourite>
    <favourite name="NDTV" thumb="http://cdnimg.dynns.com/iptvpanelnew/prog_data/thumbs/42dab56861d81108ee356d037190c315NDTV.jpg">PlayMedia(&quot;plugin://plugin.video.pakindia/?url=http%3A%2F%2F130.185.144.63%3A8081%2Find%2FNDTV%2Fplaylist.m3u8&amp;mode=200&amp;name=NDTV&amp;iconimage=http%3A%2F%2Fcdnimg.dynns.com%2Fiptvpanelnew%2Fprog_data%2Fthumbs%2F42dab56861d81108ee356d037190c315NDTV.jpg&quot;)</favourite>
    <favourite name="NDTV Profit" thumb="http://cdnimg.dynns.com/iptvpanelnew/prog_data/thumbs/5b8add2a5d98b1a652ea7fd72d942dacndtvprofit.jpg">PlayMedia(&quot;plugin://plugin.video.pakindia/?url=http%3A%2F%2F130.185.144.63%3A8081%2Find%2Fndtvprofit%2Fplaylist.m3u8&amp;mode=200&amp;name=NDTV+Profit&amp;iconimage=http%3A%2F%2Fcdnimg.dynns.com%2Fiptvpanelnew%2Fprog_data%2Fthumbs%2F5b8add2a5d98b1a652ea7fd72d942dacndtvprofit.jpg&quot;)</favourite>
    <favourite name="Times Now" thumb="http://cdnimg.dynns.com/iptvpanelnew/prog_data/thumbs/5751ec3e9a4feab575962e78e006250dtimesnow.gif">PlayMedia(&quot;plugin://plugin.video.pakindia/?url=http%3A%2F%2F130.185.144.63%3A8081%2Find%2Ftimenow%2Fplaylist.m3u8&amp;mode=200&amp;name=Times+Now&amp;iconimage=http%3A%2F%2Fcdnimg.dynns.com%2Fiptvpanelnew%2Fprog_data%2Fthumbs%2F5751ec3e9a4feab575962e78e006250dtimesnow.gif&quot;)</favourite>
    <favourite name="ABP News" thumb="http://cdnimg.dynns.com/iptvpanelnew/prog_data/thumbs/5c3a3b139a11689e0bc55abd95e20e39abp.jpg">PlayMedia(&quot;plugin://plugin.video.pakindia/?url=http%3A%2F%2F130.185.144.63%3A8081%2Find%2Fabpnews%2Fplaylist.m3u8&amp;mode=200&amp;name=ABP+News&amp;iconimage=http%3A%2F%2Fcdnimg.dynns.com%2Fiptvpanelnew%2Fprog_data%2Fthumbs%2F5c3a3b139a11689e0bc55abd95e20e39abp.jpg&quot;)</favourite>
    <favourite name="Aastha Bhajan" thumb="http://cdnimg.dynns.com/iptvpanelnew/prog_data/thumbs/de9240f5c623bf031dcf0fca9770db44askashbanglaa.jpg">PlayMedia(&quot;plugin://plugin.video.pakindia/?url=http%3A%2F%2F130.185.144.63%3A8081%2Find%2FAasthaBhajan%2Fplaylist.m3u8&amp;mode=200&amp;name=Aastha+Bhajan&amp;iconimage=http%3A%2F%2Fcdnimg.dynns.com%2Fiptvpanelnew%2Fprog_data%2Fthumbs%2Fde9240f5c623bf031dcf0fca9770db44askashbanglaa.jpg&quot;)</favourite>
    <favourite name="Food Food" thumb="http://cdnimg.dynns.com/iptvpanelnew/prog_data/thumbs/fa2431bf9d65058fe34e9713e32d60e6food.jpg">PlayMedia(&quot;plugin://plugin.video.pakindia/?url=http%3A%2F%2F130.185.144.63%3A8081%2Find%2Ffood%2Fplaylist.m3u8&amp;mode=200&amp;name=Food+Food&amp;iconimage=http%3A%2F%2Fcdnimg.dynns.com%2Fiptvpanelnew%2Fprog_data%2Fthumbs%2Ffa2431bf9d65058fe34e9713e32d60e6food.jpg&quot;)</favourite>
    <favourite name="Bindass Play" thumb="http://cdnimg.dynns.com/iptvpanelnew/prog_data/thumbs/43cca4b3de2097b9558efefd0ecc3588bindasplay.jpg">PlayMedia(&quot;plugin://plugin.video.pakindia/?url=http%3A%2F%2F130.185.144.63%3A8081%2Find%2FBindassPlay%2Fplaylist.m3u8&amp;mode=200&amp;name=Bindass+Play&amp;iconimage=http%3A%2F%2Fcdnimg.dynns.com%2Fiptvpanelnew%2Fprog_data%2Fthumbs%2F43cca4b3de2097b9558efefd0ecc3588bindasplay.jpg&quot;)</favourite>
    <favourite name="SEPL Movies Hindi" thumb="http://cdnimg.dynns.com/iptvpanelnew/prog_data/thumbs/edcdaad57f7f4a4d3826728f009bcf24Seplemovies.gif">PlayMedia(&quot;plugin://plugin.video.pakindia/?url=http%3A%2F%2F130.185.144.63%3A8081%2Find%2FSEPLMoviesHindi%2Fplaylist.m3u8&amp;mode=200&amp;name=SEPL+Movies+Hindi&amp;iconimage=http%3A%2F%2Fcdnimg.dynns.com%2Fiptvpanelnew%2Fprog_data%2Fthumbs%2Fedcdaad57f7f4a4d3826728f009bcf24Seplemovies.gif&quot;)</favourite>
	
	</favourites> 