<favourites>
	<favourite name="Recently added movies" thumb="DefaultRecentlyAddedMovies.png">ActivateWindow(10025,&quot;videodb://recentlyaddedmovies/&quot;,return)</favourite>
	<favourite name="Title" thumb="DefaultFolder.png">ActivateWindow(10025,&quot;videodb://movies/titles/&quot;,return)</favourite>
	<favourite name="Genres" thumb="DefaultFolder.png">ActivateWindow(10025,&quot;videodb://movies/genres/&quot;,return)</favourite>
	<favourite name="Year" thumb="DefaultFolder.png">ActivateWindow(10025,&quot;videodb://movies/years/&quot;,return)</favourite>
	<favourite name="Actors" thumb="DefaultActor.png">ActivateWindow(10025,&quot;videodb://movies/actors/&quot;,return)</favourite>
	<favourite name="Directors" thumb="DefaultFolder.png">ActivateWindow(10025,&quot;videodb://movies/directors/&quot;,return)</favourite>
	<favourite name="Studios" thumb="DefaultFolder.png">ActivateWindow(10025,&quot;videodb://movies/studios/&quot;,return)</favourite>
	<favourite name="Countries" thumb="DefaultFolder.png">ActivateWindow(10025,&quot;videodb://movies/countries/&quot;,return)</favourite>
	<favourite name="Tags" thumb="DefaultFolder.png">ActivateWindow(10025,&quot;videodb://movies/tags/&quot;,return)</favourite>
</favourites>