<favourites>
	<favourite name="SideLoad Launcher" thumb="">PlayMedia(&quot;plugin://plugin.video.water/?url=http%3A%2F%2Fforum.xda-developers.com%2Fattachment.php%3Fattachmentid%3D3204194%26d%3D1426022897&amp;mode=3&amp;name=SideLoadLauncher&amp;description=Install SideLoad Launcer (nVidia Shield Only)&amp;sf_options=winID%3D10025%26_options_sf&quot;)</favourite>
	<favourite name="" thumb="">PlayMedia(&quot;plugin://plugin.video.&quot;)</favourite>
	<favourite name="Half-Life2" thumb="">PlayMedia(&quot;plugin://plugin.video.water/?url=http://share724.com/user2/1393/mobile/Half.Life.2.v44.apk&amp;mode=12&amp;name=HalfLife2v44&amp;description=com.nvidia.valvesoftware.halflife2&amp;sf_options=winID%3D10025%26_options_sf&quot;)</favourite>
	<favourite name="Half-Life2 EP1 - Aptoide" thumb="">PlayMedia(&quot;plugin://plugin.video.water/?url=http://webservices.aptoide.com/webservices/getApkInstall/8082927/denis86&amp;mode=12&amp;name=HalfLife2EP1&amp;description=com.nvidia.valvesoftware.halflife2ep1&amp;sf_options=winID%3D10025%26_options_sf&quot;)</favourite>
	<favourite name="Half-Life2 EP2 - Aptoide" thumb="">PlayMedia(&quot;plugin://plugin.video.water/?url=http://webservices.aptoide.com/webservices/getApkInstall/10035994/vip-apk&amp;mode=12&amp;name=HalfLife2EP2&amp;description=com.nvidia.valvesoftware.halflife2ep1&amp;sf_options=winID%3D10025%26_options_sf&quot;)</favourite>
	<favourite name="" thumb="">PlayMedia(&quot;plugin://plugin.video.&quot;)</favourite>
	<favourite name="Super Slam Dunk Touchdown - Aptoide" thumb="">PlayMedia(&quot;plugin://plugin.video.water/?url=http://webservices.aptoide.com/webservices/getApkInstall/19195120/watertv&amp;mode=12&amp;name=Super+Slam+Dunk+TouchDown&amp;description=com.TippingGoat.SuperSlamDunkTouchdown&amp;sf_options=winID%3D10025%26_options_sf&quot;)</favourite>
	<favourite name="NBA Jam - Aptoide" thumb="">PlayMedia(&quot;plugin://plugin.video.water/?url=http://webservices.aptoide.com/webservices/getApkInstall/10774821/thebamaify&amp;mode=12&amp;name=NBA Jam&amp;description=com.eamobile.nbajam_na_wf&amp;sf_options=winID%3D10025%26_options_sf&quot;)</favourite>
	<favourite name="" thumb="">PlayMedia(&quot;plugin://plugin.video.&quot;)</favourite>
	<favourite name="the Battle of Sol" thumb="">PlayMedia(&quot;plugin://plugin.video.water/?url=https://archive.org/download/bob_lackmail_Tbos/tbos.apk&amp;mode=12&amp;name=The+Battle+of+SOL&amp;description=com.bph.SOLExodus&amp;sf_options=winID%3D10025%26_options_sf&quot;)</favourite>
</favourites>