<favourites>
	<favourite name="History Channel" thumb="">PlayMedia(&quot;plugin://plugin.video.israelive/?url=208-history-channel%3Fmode%3D29&amp;mode=10&amp;name=%5BCOLOR+turquoise%5D%5BB%5Dhistory+channel%5B%2FB%5D%5B%2FCOLOR%5D&amp;iconimage=&amp;description=&amp;displayname=history+channel&amp;categoryid=10763&amp;sf_options=winID%3D10025%26_options_sf&quot;)</favourite>
	<favourite name="VIASAT Explorer" thumb="">PlayMedia(&quot;plugin://plugin.video.israelive/?url=119-VIASAT-explorer%3Fmode%3D29&amp;mode=10&amp;name=%5BCOLOR+turquoise%5D%5BB%5DVIASAT+explorer%5B%2FB%5D%5B%2FCOLOR%5D&amp;iconimage=&amp;description=&amp;displayname=VIASAT+explorer&amp;categoryid=10763&amp;sf_options=winID%3D10025%26_options_sf&quot;)</favourite>
	<favourite name="VIASAT History" thumb="">PlayMedia(&quot;plugin://plugin.video.israelive/?url=116-VIASAT-history%3Fmode%3D29&amp;mode=10&amp;name=%5BCOLOR+turquoise%5D%5BB%5DVIASAT+history%5B%2FB%5D%5B%2FCOLOR%5D&amp;iconimage=&amp;description=&amp;displayname=VIASAT+history&amp;categoryid=10763&amp;sf_options=winID%3D10025%26_options_sf&quot;)</favourite>
	<favourite name="VIASAT Nature" thumb="">PlayMedia(&quot;plugin://plugin.video.israelive/?url=180-VIASAT-nature%3Fmode%3D29&amp;mode=10&amp;name=%5BCOLOR+turquoise%5D%5BB%5DVIASAT+nature%5B%2FB%5D%5B%2FCOLOR%5D&amp;iconimage=&amp;description=&amp;displayname=VIASAT+nature&amp;categoryid=10763&amp;sf_options=winID%3D10025%26_options_sf&quot;)</favourite>
	<favourite name="Discovery" thumb="">PlayMedia(&quot;plugin://plugin.video.israelive/?url=discovery-channel-tv-online%3Fmode%3D25&amp;mode=10&amp;name=%5BCOLOR+turquoise%5D%5BB%5DDiscovery+TV%5B%2FB%5D%5B%2FCOLOR%5D&amp;iconimage=&amp;description=&amp;displayname=Discovery+TV&amp;categoryid=10763&amp;sf_options=winID%3D10025%26_options_sf&quot;)</favourite>
	<favourite name="Discovery World" thumb="">PlayMedia(&quot;plugin://plugin.video.israelive/?url=discovery-world-tv-online%3Fmode%3D25&amp;mode=10&amp;name=%5BCOLOR+turquoise%5D%5BB%5DDiscovery+World%5B%2FB%5D%5B%2FCOLOR%5D&amp;iconimage=&amp;description=&amp;displayname=Discovery+World&amp;categoryid=10763&amp;sf_options=winID%3D10025%26_options_sf&quot;)</favourite>
	<favourite name="Discovery Science" thumb="">PlayMedia(&quot;plugin://plugin.video.israelive/?url=discovery-science-tv-online%3Fmode%3D25&amp;mode=10&amp;name=%5BCOLOR+turquoise%5D%5BB%5DDiscovery+Science%5B%2FB%5D%5B%2FCOLOR%5D&amp;iconimage=&amp;description=&amp;displayname=Discovery+Science&amp;categoryid=10763&amp;sf_options=winID%3D10025%26_options_sf&quot;)</favourite>
</favourites>