<favourites>
	<favourite name="MAME - MAME4droid" thumb="">PlayMedia(&quot;plugin://plugin.video.apkdownload/?url=http://www.emuparadise.me/emulators/files/MAME4droid%20Reloaded%201.1.apk&amp;d=1&amp;mode=1&amp;name=MAME4droid&amp;description=&amp;sf_options=winID%3D10025%26_options_sf&quot;)</favourite>
	<favourite name="SNES - Snes9x EX 1.5.28" thumb="https://lh6.ggpht.com/L1XDJfH2IhZ_TclVa-KAHGcTZ8Dpah9JJ_ieOPsrvdQosq5_NC2JKri3i4t7USThtF0">PlayMedia(&quot;plugin://plugin.video.apkdownload/?url=http://www.explusalpha.com/home/snes9x-ex/downloads/Snes9xEX-9-1.5.28.apk&amp;d=1&amp;mode=1&amp;name=SNES9x&amp;description=&amp;sf_options=winID%3D10025%26_options_sf&quot;)</favourite>
	<favourite name="SNES - snesNOID" thumb="https://lh3.ggpht.com/yq3ZQWLLrOxR6GOXMmrZOtmdpp5LhtiaQ4wBzozKazNprauPXoh1PXlZ1rqJmledq7Em=w170">PlayMedia(&quot;plugin://plugin.video.apkdownload/?url=http://file.appsapk.com/wp-content/uploads/apps-1/SNesoid.apk&amp;d=1&amp;mode=1&amp;name=snesNOID&amp;description=&amp;sf_options=winID%3D10025%26_options_sf&quot;)</favourite>
	<favourite name="GENESIS - GENPLUSDroid 1.9.3" thumb="https://lh4.ggpht.com/-tqmnLAk7nMW75TabqCBRFy0OABtioaybVQFVaeNyGx9sUf92mwrkbvaRYtzKIF-yH4=w300">PlayMedia(&quot;plugin://plugin.video.apkdownload/?url=http://mega-tron.tv/transform/APKs/GENPLUSDroid_1.9.3.apk&amp;mode=1&amp;name=GENPLUSDroid&amp;description=&amp;sf_options=winID%3D10025%26_options_sf&quot;)</favourite>
	<favourite name="N64 - Mupen64+ AE 2.4.4." thumb="https://lh3.ggpht.com/rHiI9vTURCrdsprC5HsB74D8CcxdjJDSb91Gkq0baPcarSZ2uGjsrkSh_RH_uZ0hZg=w300">PlayMedia(&quot;plugin://plugin.video.apkdownload/?url=http://mega-tron.tv/transform/APKs/Mupen64_Plus_AE_2.4.4.apk&amp;mode=1&amp;name=Mupen64&amp;description=&amp;sf_options=winID%3D10025%26_options_sf&quot;)</favourite>
	<favourite name="SATURN - SATURN.emu 1.5.27" thumb="https://lh6.ggpht.com/Uu3L55vhVN5xqZ4tvgLAf6f2EpbMfEBgNC3gNFZYI6oY7sPUjG4jCQj7b4GBITP3DFE">PlayMedia(&quot;plugin://plugin.video.apkdownload/?url=http://www.explusalpha.com/home/saturn-emu/SaturnEmu-9-1.5.27.apk&amp;d=1&amp;mode=1&amp;name=SATURN.emu&amp;description=&amp;sf_options=winID%3D10025%26_options_sf&quot;)</favourite>
	<favourite name="PSP - PPSSPP" thumb="https://upload.wikimedia.org/wikipedia/commons/thumb/d/dc/PPSSPP_logo.svg/512px-PPSSPP_logo.svg.png">PlayMedia(&quot;plugin://plugin.video.apkdownload/?url=http://www.ppsspp.org/files/1_1_1/ppsspp.apk&amp;d=1&amp;mode=1&amp;name=PPSSPP&amp;description=&amp;sf_options=winID%3D10025%26_options_sf&quot;)</favourite>
	<favourite name="DREAMCAST - Reicast" thumb="http://4.bp.blogspot.com/-RdqVHoGE3cs/UuOYUVziF6I/AAAAAAAAM1M/jMhUhye62ds/s320/Reicast.png">PlayMedia(&quot;plugin://plugin.video.apkdownload/?url=http://builds.reicast.com/releases/r6/reicast-android-r6.apk&amp;mode=1&amp;name=Reicast&amp;description=&amp;sf_options=winID%3D10025%26_options_sf&quot;)</favourite>
	<favourite name="PLAYSTATION - ePSXe 1.9.30" thumb="http://data.apkhere.com/data/fb/com.epsxe.ePSXe/1.9.19/icon.png">PlayMedia(&quot;plugin://plugin.video.apkdownload/?url=https%3A%2F%2Fdrive.google.com%2Fuc%3Fexport%3Ddownload%26id%3D0B0OWv9-CQsAGWFRZWmswclhJTm8&amp;mode=1&amp;name=ePSXe&amp;description=&amp;sf_options=winID%3D10025%26_options_sf&quot;)</favourite>
	<favourite name="RetroArch 1.2.2" thumb="http://www.maxconsole.com/maxconsole/contents/RKLS00000013341/icon_xl.jpg">PlayMedia(&quot;plugin://plugin.video.apkdownload/?url=http://buildbot.libretro.com/stable/1.2.2/android/RetroArch_1.2.2.apk&amp;mode=1&amp;name=RetroArch&amp;description=&amp;sf_options=winID%3D10025%26_options_sf&quot;)</favourite>
	<favourite name="SixAxis Controller 0.8.3" thumb="https://lh6.ggpht.com/RFKzH9xQ8r30C8GyXuC6akaUrk638guFMi6VnYRM1G3_qnewmze31oBby9JtXNB6Xmxn">PlayMedia(&quot;plugin://plugin.video.apkdownload/?url=http://mega-tron.tv/transform/APKs/Sixaxis_Controller_0.8.3.apk&amp;mode=1&amp;name=GENPLUSDroid&amp;description=&amp;sf_options=winID%3D10025%26_options_sf&quot;)</favourite>
	<favourite name="BT Controller" thumb="http://apk-dl.com/detail/image/softigloo.btcontrollereditor-w250.png">PlayMedia(&quot;plugin://plugin.video.apkdownload/?url=http%3A%2F%2Fdl3.apk-dl.com%2Froot%2Fapk%2F2015%2F10%2F29%2Fsoftigloo.btcontroller_5.apk%3Ff%3DBT%2520Controller_2.1.2_apk-dl.com.apk&amp;mode=1&amp;name=BT Controller&amp;description=&amp;sf_options=winID%3D10025%26_options_sf&quot;)</favourite>
	<favourite name="RetroBox" thumb="">PlayMedia(&quot;plugin://plugin.video.apkdownload/?url=http://retroboxtv.com/downloads/Retroboxdroid.apk&amp;mode=1&amp;name=RetroBox&amp;description=&amp;sf_options=winID%3D10025%26_options_sf&quot;)</favourite>
	<favourite name="EMU Downloader" thumb="">ActivateWindow(10025,&quot;plugin://plugin.video.emudownload/&quot;)</favourite>
</favourites>