<favourites>
	<favourite name="HLN" thumb="http://googledrive.com/host/0B-bY5h-uWEgZQVJQZ0lzUTdBeFE/icons/networks/news/hln.png">PlayMedia(&quot;rtmp://b.cdn.newschat.tv/edge playpath=hln_live swfUrl=http://newschat.tv/player.swf live=1  pageUrl=http://www.livenewschat.eu/twoons/ ?sf_options=winID%3D10025%26_options_sf&amp;sf_options=&quot;)</favourite>
	<favourite name="CNBC" thumb="http://googledrive.com/host/0B-bY5h-uWEgZQVJQZ0lzUTdBeFE/icons/news/cnbc.png">PlayMedia(&quot;rtmp://d.cdn.newschat.tv/edge playpath=cnbc_live swfUrl=http://newschat.tv/player.swf live=1 pageUrl=http://www.livenewschat.eu/stocks?sf_options=winID%3D10025%26_options_sf&amp;sf_options=&quot;)</favourite>
	<favourite name="ABC News" thumb="http://stepdadding.com/wp-content/uploads/2012/08/abc-image2.jpg">PlayMedia(&quot;http://abclive.abcnews.com/i/abc_live4@136330/index_1200_av-b.m3u8?sd=10&amp;b=1200&amp;rebase=on&amp;sf_options=winID%3D10025%26_options_sf&amp;sf_options=&quot;)</favourite>
	<favourite name="Bloomberg" thumb="http://cdn.marketplaceimages.windowsphone.com/v8/images/b72e664a-887b-4373-9a8c-8261a7ddece8?imageType=ws_icon_large">PlayMedia(&quot;http://cdn3.videos.bloomberg.com/btv/us/master.m3u8?sf_options=winID%3D10025%26_options_sf&amp;sf_options=&quot;)</favourite>
	<favourite name="Al Jazera" thumb="http://mirror.umd.edu/xbmc/addons/gotham/plugin.video.aljazeera/icon.png">PlayMedia(&quot;rtmp://aljazeeraflashlivefs.fplive.net:1935/aljazeeraflashlive-live?videoId=883816736001&amp;lineUpId=&amp;pubId=665003303001&amp;playerId=751182905001&amp;affiliateId=/aljazeera_eng_high?videoId=883816736001&amp;lineUpId=&amp;pubId=665003303001&amp;playerId=751182905001&amp;affiliateId=.flv live=1 &amp;sf_options=winID%3D10025%26_options_sf&amp;sf_options=&quot;)</favourite>
	<favourite name="BBC World News" thumb="http://googledrive.com/host/0B-bY5h-uWEgZQVJQZ0lzUTdBeFE/icons/networks/news/bbcworld.png">PlayMedia(&quot;rtmp://b.cdn.newschat.tv/edge playpath=bbcwn_live swfUrl=http://newschat.tv/player.swf live=1  pageUrl=http://www.livenewschat.eu/twoons?sf_options=winID%3D10025%26_options_sf&amp;sf_options=&quot;)</favourite>
	<favourite name="CBC" thumb="https://pbs.twimg.com/profile_images/466664981673410560/886Az0vu.jpeg">PlayMedia(&quot;rtmp://b.cdn.newschat.tv/edge playpath=cbc_live swfUrl=http://newschat.tv/player.swf live=1  pageUrl=http://www.livenewschat.eu/twoons/ ?sf_options=winID%3D10025%26_options_sf&amp;sf_options=&quot;)</favourite>
	<favourite name="EuroNews" thumb="http://googledrive.com/host/0B-bY5h-uWEgZQVJQZ0lzUTdBeFE/icons/networks/news/euronews.png">PlayMedia(&quot;rtmp://b.cdn.newschat.tv/edge playpath=euronews_live swfUrl=http://newschat.tv/player.swf live=1  pageUrl=http://www.livenewschat.eu/twoons/ ?sf_options=winID%3D10025%26_options_sf&amp;sf_options=&quot;)</favourite>
	<favourite name="France24" thumb="http://googledrive.com/host/0B-bY5h-uWEgZQVJQZ0lzUTdBeFE/icons/networks/news/france24.png">PlayMedia(&quot;http://static.france24.com/live/F24_EN_LO_HLS/live_web.m3u8?sf_options=winID%3D10025%26_options_sf&amp;sf_options=&quot;)</favourite>
	<favourite name="i24" thumb="https://static-s.aa-cdn.net/img/ios/671837118/d705b4b2e3ae27c811a2561eb5d054a2?v=1">PlayMedia(&quot;plugin://plugin.video.youtube/play/?video_id=Msgo-R3zZuM&amp;sf_options=&quot;)</favourite>
	<favourite name="RT" thumb="http://googledrive.com/host/0B-bY5h-uWEgZQVJQZ0lzUTdBeFE/icons/networks/news/rt.png">PlayMedia(&quot;http://rt-a.akamaihd.net/ch_04@325608/master.m3u8?sf_options=winID%3D10025%26_options_sf&amp;sf_options=&quot;)</favourite>
	<favourite name="Sky News Live" thumb="http://googledrive.com/host/0B-bY5h-uWEgZQVJQZ0lzUTdBeFE/icons/news/skynews.png">PlayMedia(&quot;plugin://plugin.video.youtube/play/?video_id=y60wDzZt8yg&amp;sf_options=winID%3D10025%26_options_sf&amp;sf_options=&quot;)</favourite>
	<favourite name="Newsmax" thumb="https://lh6.ggpht.com/P0WK2c5_ZE6aA2IvDkEA5oOyaqbuOoqHNK3tQ2YWCWhW-IP3zeuoSDeZuO9FFmqjuA=w300">PlayMedia(&quot;plugin://plugin.video.youtube/play/?video_id=6bqvoUMVmCs&amp;sf_options=winID%3D10025%26_options_sf&amp;sf_options=&quot;)</favourite>
	<favourite name="Special Events" thumb="http://www.thehealingchurchri.com/assets/images/eventsicon.png">PlayMedia(&quot;rtmp://b.cdn.newschat.tv/edge playpath=special_live swfUrl=http://newschat.tv/player.swf live=1  pageUrl=http://www.livenewschat.eu/twoons/ ?sf_options=winID%3D10025%26_options_sf&amp;sf_options=&quot;)</favourite>
	<favourite name="[COLOR azure].News OnDemand[/COLOR]" thumb="http://icons.iconarchive.com/icons/designcontest/ecommerce-business/128/news-icon.png">ActivateWindow(10025,&quot;plugin://plugin.program.super.favourites/?sf_options=&amp;mode=400&amp;path=special%3A%2F%2Fhome%2Faddons%2Fscript.supafav%2FSuper%20Favourites/News%5CNews%20OnDemand&amp;sf_options=fanart%3Dspecial%3A%2F%2Fhome%2Faddons%5Cplugin.video.ustvvod%5Cfanart.jpg%26_options_sf&quot;,return)</favourite>
</favourites>