<favourites>
	<favourite name="Popcornflix" thumb="special://home/addons\plugin.video.popcornflix\icon.png">ActivateWindow(10025,&quot;plugin://plugin.video.popcornflix/?sf_options=desc%3DPopcornflix+offers+a+broad+collection+of+great+movies+you+can+watch+right+now%26_options_sf&quot;,return)</favourite>
	<favourite name="Reddit.com" thumb="http://googledrive.com/host/0B-bY5h-uWEgZQVJQZ0lzUTdBeFE/icons/apps/reddit3.png">ActivateWindow(10025,&quot;plugin://plugin.video.reddit_tv/&quot;)</favourite>
	<favourite name="Portico.tv" thumb="special://home/addons\plugin.video.portico.tv\icon.png">ActivateWindow(10025,&quot;plugin://plugin.video.portico.tv/?sf_options=desc%3DPortico+TV+delivers+a+variety+of+programming+from+producers+such+as+Time%2C+Cooking+Light%2C+People%2C+Popular+Science%2C+Newsy%2C+Rev3+and+AP.%26_options_sf&quot;,return)</favourite>
	<favourite name="YouTube" thumb="special://home/addons\plugin.video.youtube\icon.png">ActivateWindow(10025,&quot;plugin://plugin.video.youtube?sf_options=fanart%3Dspecial%3A%2F%2Fhome%2Faddons%5Cplugin.video.youtube%5Cfanart.jpg%26desc%3DYouTube+is+a+one+of+the+biggest+video-sharing+websites+of+the+world.%26_options_sf&quot;,return)</favourite>
	<favourite name="Vevo Youtube" thumb="special://home/addons\plugin.video.vevoyoutube\icon.png">ActivateWindow(10025,&quot;plugin://plugin.video.vevoyoutube?sf_options=fanart%3Dspecial%3A%2F%2Fhome%2Faddons%5Cplugin.video.vevoyoutube%5Cfanart.jpg%26desc%3DAwesome+VEVO+videos+from+YouTube.%26_options_sf&quot;,return)</favourite>
	<favourite name="VEVO TV" thumb="special://home/addons\plugin.video.vevo_tv\icon.png">ActivateWindow(10025,&quot;plugin://plugin.video.vevo_tv/?content_type=video&amp;sf_options=desc%3DWatch+music+videos+24%2F7+-+Official+mode+is+currently+available+in+the+US%2C+Canada%2C+and+Germany.+Custom+mode+is+currently+available+in+Australia%2C+Brazil%2C+Canada%2C+France%2C+Germany%2C+Ireland%2C+Italy%2C+The+Netherlands%2C+New+Zealand%2C+Poland%2C+Spain%2C+UK+and+US.%26_options_sf&quot;,return)</favourite>
	<favourite name="VEVO" thumb="special://home/addons\plugin.video.vevo\icon.png">ActivateWindow(10025,&quot;plugin://plugin.video.vevo/?content_type=video&quot;)</favourite>
	<favourite name="Blip.tv" thumb="special://home/addons\plugin.video.blip_tv\icon.png">ActivateWindow(10025,&quot;plugin://plugin.video.blip_tv/?sf_options=desc%3DBlip+is+home+to+the+best+in+original+web+series+from+professional+and+up-and-coming+producers.+Watch+dramas%2C+comedies+and+other+online+videos+for+free.%26_options_sf&quot;,return)</favourite>
	<favourite name="Clipfish" thumb="special://home/addons\plugin.video.clipfish.de\icon.png">ActivateWindow(10025,&quot;plugin://plugin.video.clipfish.de?sf_options=fanart%3Dspecial%3A%2F%2Fhome%2Faddons%5Cplugin.video.clipfish.de%5Cfanart.jpg%26desc%3DClipfish+offers+you+entertainment%2C+music+videos%2C+movies%2C+anime%2C+beauty+and+lifestyle%2C+TV+highlights+and+much+more.%26_options_sf&quot;,return)</favourite>
	<favourite name="Crunchyroll" thumb="special://home/addons\plugin.video.crunchyroll-takeout\icon.png">ActivateWindow(10025,&quot;plugin://plugin.video.crunchyroll-takeout?sf_options=fanart%3Dspecial%3A%2F%2Fhome%2Faddons%5Cplugin.video.crunchyroll-takeout%5Cfanart.jpg%26desc%3DCrunchyroll+is+an+online+video+service+and+community+that+offers+full-length+episodes+and+movies+of+the+very+best+in+Japanese+anime+and+Asian+entertainment.%26_options_sf&quot;,return)</favourite>
	<favourite name="DailyMotion.com" thumb="special://home/addons\plugin.video.dailymotion_com\icon.png">ActivateWindow(10025,&quot;plugin://plugin.video.dailymotion_com/?sf_options=desc%3DMovies%2C+TV%2C+Music%2C+User-Clips%2C+3D+and+Livestreams%26_options_sf&quot;,return)</favourite>
	<favourite name="Vimeo" thumb="special://home/addons\plugin.video.vimeo\icon.png">ActivateWindow(10025,&quot;plugin://plugin.video.vimeo?sf_options=fanart%3Dspecial%3A%2F%2Fhome%2Faddons%5Cplugin.video.vimeo%5Cfanart.jpg%26desc%3DVimeo+is+a+one+of+the+biggest+video-sharing+websites+of+the+world.%26_options_sf&quot;,return)</favourite>
	<favourite name="Vine" thumb="special://home/addons\plugin.video.vine\icon.png">ActivateWindow(10025,&quot;plugin://plugin.video.vine?sf_options=fanart%3Dspecial%3A%2F%2Fhome%2Faddons%5Cplugin.video.vine%5Cfanart.jpg%26desc%3DVideos+from+Twitter.+Waste+your+life%2C+six+seconds+at+a+time.%26_options_sf&quot;,return)</favourite>
	<favourite name="tubi tv" thumb="special://home/addons\plugin.video.tubitv\icon.png">ActivateWindow(10025,&quot;plugin://plugin.video.tubitv/?sf_options=desc%3DTubi+TV+has+the+largest+library+of+FREE+videos+of+hit+and+cult+TV+shows+and+films%26_options_sf&quot;,return)</favourite>
	<favourite name="Break Videos" thumb="special://home/addons\plugin.video.break_com\icon.png">ActivateWindow(10025,&quot;plugin://plugin.video.break_com?sf_options=fanart%3Dspecial%3A%2F%2Fhome%2Faddons%5Cplugin.video.break_com%5Cfanart.jpg%26desc%3DBreak+is+the+%231+source+for+funny+videos.+Get+the+hilarious+videos+today+that+will+be+viral+tomorrow.+Get+the+most+awesome+videos+on+Earth+today%2C+because+being+bored+sucks.%26_options_sf&quot;,return)</favourite>
	<favourite name="Funny Or Die" thumb="special://home/addons\script.funnyordie\icon.png">RunScript(&quot;script.funnyordie/?sf_options=desc%3DFunny+Or+Die+is+a+comedy+website+that+combines+user-generated+content+with+original%2C+exclusive+content.%5BCR%5D%0A++++The+site+is+a+place+where+celebrities%2C+established+and+up-and-coming+comedians+and+regular+users+can+all+put+up+stuff+they+think+is+funny.%26_options_sf&quot;,return)</favourite>
	<favourite name="TheOnion.com" thumb="special://home/addons\plugin.video.theonion_com\icon.png">ActivateWindow(10025,&quot;plugin://plugin.video.theonion_com/?sf_options=desc%3DAmerica%27s+Finest+News+Source%26_options_sf&quot;,return)</favourite>
	<favourite name="World Star Hip Hop" thumb="special://home/addons\plugin.video.worldstarhiphop\icon.png">ActivateWindow(10025,&quot;plugin://plugin.video.worldstarhiphop?sf_options=fanart%3Dspecial%3A%2F%2Fhome%2Faddons%5Cplugin.video.worldstarhiphop%5Cfanart.jpg%26desc%3DWorldstarhiphop+is+home+to+everything+entertainment+and+hip+hop%26_options_sf&quot;,return)</favourite>
	<favourite name="IGN.com" thumb="special://home/addons\plugin.video.ign_com\icon.png">ActivateWindow(10025,&quot;plugin://plugin.video.ign_com/?sf_options=desc%3DGame+and+Movie+trailers%2Freviews%2Fnews%26_options_sf&quot;,return)</favourite>
	<favourite name="Revision3" thumb="special://home/addons\plugin.video.revision3\icon.png">ActivateWindow(10025,&quot;plugin://plugin.video.revision3?sf_options=fanart%3Dspecial%3A%2F%2Fhome%2Faddons%5Cplugin.video.revision3%5Cfanart.jpg%26desc%3DThe+leading+independent+free+online+video+service.%26_options_sf&quot;,return)</favourite>
	<favourite name="TwitchTV" thumb="special://home/addons\plugin.video.twitch\icon.png">ActivateWindow(10025,&quot;plugin://plugin.video.twitch/?sf_options=desc%3DWatch+your+favorite+gaming+streams%21%26_options_sf&quot;,return)</favourite>
	<favourite name="Twitch.tv" thumb="special://home/addons\plugin.video.twitch.tv\icon.png">ActivateWindow(10025,&quot;plugin://plugin.video.twitch.tv/?sf_options=desc%3DTwitchTV+%D0%BF%D0%BE%D0%BA%D0%B0%D0%B7%D1%8B%D0%B2%D0%B0%D0%B5%D1%82+%D0%B2%D0%B8%D0%B4%D0%B5%D0%BE+%D0%BE%D1%82+%D0%B3%D0%BB%D0%B0%D0%B2%D0%BD%D1%8B%D1%85+%D0%B8%D0%B3%D1%80%D0%B0%D1%8E%D1%89%D0%B8%D1%85+%D0%BB%D0%B8%D1%86%2C+%D0%B8%D0%B3%D1%80%D0%BE%D0%BA%D0%BE%D0%B2%2C+%D1%82%D1%83%D1%80%D0%BD%D0%B8%D1%80%D0%BE%D0%B2%2C+%D0%BB%D0%B8%D0%B3+%D0%B8+%D0%BA%D0%BE%D0%BC%D0%BC%D0%B5%D0%BD%D1%82%D0%B0%D1%80%D0%B8%D1%8F%2C+%D0%B2+%D0%B4%D0%BE%D0%BF%D0%BE%D0%BB%D0%BD%D0%B5%D0%BD%D0%B8%D0%B5+%D0%BA+%D1%81%D0%B0%D0%BC%D1%8B%D0%BC+%D0%B0%D0%BA%D1%82%D0%B8%D0%B2%D0%BD%D1%8B%D0%BC+%D0%B8+%D0%B8%D0%BD%D1%82%D0%B5%D1%80%D0%B5%D1%81%D0%BD%D1%8B%D0%BC+%D0%BE%D0%B1%D1%81%D1%83%D0%B6%D0%B4%D0%B5%D0%BD%D0%B8%D1%8F%D0%BC+%D0%B2%D0%BE%D0%BA%D1%80%D1%83%D0%B3+%D0%B2%D0%B8%D0%B4%D0%B5%D0%BE%D0%B8%D0%B3%D1%80.%26_options_sf&quot;,return)</favourite>
	<favourite name="TWiT" thumb="special://home/addons\plugin.video.twit\icon.png">ActivateWindow(10025,&quot;plugin://plugin.video.twit/?content_type=video&amp;sf_options=fanart%3Dspecial%3A%2F%2Fhome%2Faddons%5Cplugin.video.twit%5Cfanart.jpg%26desc%3Dhttp%3A%2F%2Ftwit.tv%2Fwhat-is-twit%0A++++++%5BCR%5DThe+TWiT.tv+Netcast+Network+with+Leo+Laporte+features+the+%231+ranked+technology+podcast+This+Week+in+Tech%2C+along+with+over+20+other+top-ranked+online+shows.%26_options_sf&quot;,return)</favourite>
	<favourite name="USTV VoD" thumb="special://home/addons\plugin.video.ustvvod\icon.png">ActivateWindow(10025,&quot;plugin://plugin.video.ustvvod/&quot;)</favourite>
	<favourite name="Crackle" thumb="special://home/addons\plugin.video.ustvvod\resources\images\crackle.png">ActivateWindow(10025,&quot;plugin://plugin.video.ustvvod/?fanart=%22C%3a%5ckodi15f%5cportable_data%5caddons%5cplugin.video.ustvvod%5cfanart.jpg%22&amp;mode=%22crackle%22&amp;name=%22Crackle%22&amp;sitemode=%22rootlist%22&amp;thumb=%22C%3a%5ckodi15f%5cportable_data%5caddons%5cplugin.video.ustvvod%5cresources%5cimages%5ccrackle.png%22&amp;url=%22%22&amp;sf_options=fanart%3Dspecial%3A%2F%2Fhome%2Faddons%5Cplugin.video.ustvvod%5Cfanart.jpg%26desc%3DCrackle%2C+Inc.+is+a+multi-platform+video+entertainment+network+and+studio+that+distributes+full+length%2C+uncut%2C+movies%2C+TV+shows+and+original+programming+in+our+users+favorite+genres+like+comedy%2C+action%2C+crime%2C+horror%2C+Sci-Fi%2C+and+thriller.+Crackles+channels+and+shows+reach+a+global+audience+across+the+Internet%2C+in+the+living+room%2C+and+on+devices+including+a+broad+range+of+Sony+electronics.%26_options_sf&quot;,return)</favourite>
	<favourite name="TheHollywoodReporter" thumb="special://home/addons\plugin.video.hollywoodreporter\icon.png">ActivateWindow(10025,&quot;plugin://plugin.video.hollywoodreporter/?sf_options=desc%3DThe+premier+destination+and+most-widely+trusted+resource+for+entertainment+news%2C+reviews%2C+videos+and+analysis.%26_options_sf&quot;,return)</favourite>
	<favourite name="Vaughn Live" thumb="special://home/addons\plugin.stream.vaughnlive.tv\icon.png">ActivateWindow(10025,&quot;plugin://plugin.stream.vaughnlive.tv?sf_options=fanart%3Dspecial%3A%2F%2Fhome%2Faddons%5Cplugin.stream.vaughnlive.tv%5Cfanart.jpg%26desc%3DUsed+to+browse+the+site+of+Live+Streams+and+allow+you+to+launch+your+OS%27s+default+browser+via+XBMC%27s+context+menu%28s%29+so+to+visit+the+channel%27s+page%2C+embed+video%2C+or+embed+chat.++Streams+are+now+playable+in+KODI+%28XBMC%29.%26_options_sf&quot;,return)</favourite>
	<favourite name="Rooster Teeth" thumb="special://home/addons\plugin.video.roosterteeth\icon.png">ActivateWindow(10025,&quot;plugin://plugin.video.roosterteeth?sf_options=fanart%3Dspecial%3A%2F%2Fhome%2Faddons%5Cplugin.video.roosterteeth%5Cfanart.jpg%26desc%3DWatch+funny+videos+from+RoosterTeeth.com%26_options_sf&quot;,return)</favourite>
	<favourite name="Funnier Moments" thumb="special://home/addons\plugin.video.funniermoments\icon.png">ActivateWindow(10025,&quot;plugin://plugin.video.funniermoments/?sf_options=desc%3DWatch+your+favourite+Hanna-Barbera+cartoons%2C+and+many+more%2C+courtesy+of+www.funniermoments.com%26_options_sf&quot;,return)</favourite>
	<favourite name="Esquire TV" thumb="special://home/addons\plugin.video.esquire\icon.png">ActivateWindow(10025,&quot;plugin://plugin.video.esquire?sf_options=fanart%3Dspecial%3A%2F%2Fhome%2Faddons%5Cplugin.video.esquire%5Cfanart.jpg%26desc%3DEsquire+TV+video+addon.%26_options_sf&quot;,return)</favourite>
	<favourite name="eBaumsWorld.com" thumb="special://home/addons\plugin.video.ebaumsworld_com\icon.png">ActivateWindow(10025,&quot;plugin://plugin.video.ebaumsworld_com/?sf_options=desc%3DWatch+videos+from+eBaum%27s+World%26_options_sf&quot;,return)</favourite>
	<favourite name="Classic Cinema" thumb="special://home/addons\plugin.video.classiccinema\icon.png">ActivateWindow(10025,&quot;plugin://plugin.video.classiccinema/?sf_options=desc%3DWatch+online+video+movies+found+at+http%3A%2F%2Fwww.classiccinemaonline.com.++The+site+aggregates+old+movies+and+tv+shows+found+on+google+video+and+archive.org.%26_options_sf&quot;,return)</favourite>
	<favourite name="BestOfYoutube.com" thumb="special://home/addons\plugin.video.bestofyoutube_com\icon.png">ActivateWindow(10025,&quot;plugin://plugin.video.bestofyoutube_com/?sf_options=desc%3DOnly+the+best+Youtube+clips%26_options_sf&quot;,return)</favourite>
	<favourite name="Snagfilms" thumb="special://home/addons\plugin.video.snagfilms\icon.png">ActivateWindow(10025,&quot;plugin://plugin.video.snagfilms/?sf_options=desc%3DSnagFilms+offers+a+broad+collection+of+great+movies+you+can+watch+right+now%26_options_sf&quot;,return)</favourite>
	<favourite name="ECB TV" thumb="special://home/addons\plugin.video.ecbtv\icon.png">ActivateWindow(10025,&quot;plugin://plugin.video.ecbtv/?sf_options=desc%3DThis+video+plugin+provides+access+to+the+videos+from+the+official+site+of+the+England+and+Wales+Cricket+Board.%26_options_sf&quot;,return)</favourite>
	<favourite name="Infowars" thumb="special://home/addons\plugin.video.infowars\icon.png">ActivateWindow(10025,&quot;plugin://plugin.video.infowars?sf_options=fanart%3Dspecial%3A%2F%2Fhome%2Faddons%5Cplugin.video.infowars%5Cfanart.jpg%26desc%3DVideos+from+Infowars.com+Including+live+daily+shows%26_options_sf&quot;,return)</favourite>
	<favourite name="WWE Online" thumb="special://home/addons\plugin.video.wweonline\icon.png">ActivateWindow(10025,&quot;plugin://plugin.video.wweonline?sf_options=fanart%3Dspecial%3A%2F%2Fhome%2Faddons%5Cplugin.video.wweonline%5Cfanart.jpg%26desc%3DWWE+Online+%28wweo.net%29+-+The+biggest+WWE+and+Wrestling+TV+Show+and+videos+Database.+Watch+WWE%2C+TNA%2C+UFC%2C+FCW%2C+ROH+for+free.%26_options_sf&quot;,return)</favourite>
	<favourite name="Livestream" thumb="http://mirrors.kodi.tv/addons/helix/plugin.video.livestream/icon.png">PlayMedia(&quot;addons://all/plugin.video.livestream?sf_options=fanart%3Dhttp%3A%2F%2Fmirrors.kodi.tv%2Faddons%2Fhelix%2Fplugin.video.livestream%2Ffanart.jpg%26winID%3D10040%26desc%3DLivestream%2C+formerly+known+as+Mogulus%2C+is+a+live+streaming+video+platform+that+allows+users+to+view+and+broadcast+video+content+using+a+camera+and+a+computer+through+the+internet.%26_options_sf&quot;,return)</favourite>
</favourites>