<favourites>
	<favourite name="Services" thumb="">ActivateWindow(servicesettings)</favourite>
	<favourite name="PVR" thumb="">ActivateWindow(tvsettings)</favourite>
	<favourite name="Video" thumb="">ActivateWindow(videossettings)</favourite>
	<favourite name="Music" thumb="">ActivateWindow(musicsettings)</favourite>
	<favourite name="Pictures" thumb="">ActivateWindow(picturessettings)</favourite>
	<favourite name="System" thumb="">ActivateWindow(systemsettings)</favourite>
	<favourite name="Profiles" thumb="">ActivateWindow(Profiles)</favourite>
	<favourite name="System Info" thumb="">ActivateWindow(SystemInfo)</favourite>
	<favourite name="" thumb="">ActivateWindow(10025,&quot;&quot;,return)</favourite>
	<favourite name="[COLOR aliceblue]Video add-ons[/COLOR]" thumb="http://icons.iconarchive.com/icons/itzikgur/my-seven/128/Videos-1-icon.png">ActivateWindow(10025,&quot;addons://sources/video/&quot;,return)</favourite>
	<favourite name="[COLOR aliceblue]Music add-ons[/COLOR]" thumb="http://icons.iconarchive.com/icons/itzikgur/my-seven/128/Videos-1-icon.png">ActivateWindow(10025,&quot;addons://sources/audio/&quot;,return)</favourite>
	<favourite name="[COLOR aliceblue]Program add-ons[/COLOR]" thumb="DefaultAddonProgram.png">ActivateWindow(10001,addons://sources/executable/)</favourite>
	<favourite name="Search add-ons" thumb="http://icons.iconarchive.com/icons/custom-icon-design/flatastic-1/512/search-icon.png">ActivateWindow(10040,&quot;addons://search/&quot;,return)</favourite>
	<favourite name="[COLOR chartreuse]Check For Updates[/COLOR]" thumb="http://vignette1.wikia.nocookie.net/scream-queens/images/8/88/Update-icon.png/revision/latest?cb=20150927230935">PlayMedia(&quot;plugin://plugin.video.water/?url=http%3A%2F%2Ftiny.cc.com&amp;mode=10&amp;name=Check+For+Updates&amp;iconimage=&amp;sf_options=winID%3D10025%26_options_sf&quot;)</favourite>
	<favourite name="" thumb="">ActivateWindow(10025,&quot;&quot;,return)</favourite>
	<favourite name="[COLOR cadetblue]Android Settings[/COLOR]" thumb="https://lh3.ggpht.com/v0Na9wm3dVQlJ6eiGchC8FoUVgnSY4ik0yOLZwyeX1iieMJ_byckvj9yEHp8IpVzCXty=w200">ActivateWindow(10025,&quot;plugin://plugin.program.super.favourites/?label=[COLOR whitesmoke]Settings[/COLOR]&amp;mode=400&amp;folder=more%2FAndroid%2FSettings&amp;sf_options=fanart%3DC%3A%5Ckodi%5Caddons%5Cplugin.program.super.favourites%5Cfanart.jpg%26_options_sf&quot;)</favourite>
</favourites>