<favourites>
	<favourite name="The Beautiful Game" thumb="special://home/addons\plugin.video.thebeautifulgame\icon.png">ActivateWindow(10025,&quot;plugin://plugin.video.thebeautifulgame?sf_options=fanart%3Dspecial%3A%2F%2Fhome%2Faddons%5Cplugin.video.thebeautifulgame%5Cfanart.jpg%26desc%3DFootball+news%2C+highlights%2C+tables+and+more%21%26_options_sf&quot;,return)</favourite>
	<favourite name="Football Replays" thumb="special://home/addons\plugin.video.footballreplays\icon.png">ActivateWindow(10025,&quot;plugin://plugin.video.footballreplays/?sf_options=desc%3DFootball+Replays%26_options_sf&quot;,return)</favourite>
	<favourite name="Football Today" thumb="special://home/addons\plugin.video.football.today\icon.png">ActivateWindow(10025,&quot;plugin://plugin.video.football.today?sf_options=fanart%3Dspecial%3A%2F%2Fhome%2Faddons%5Cplugin.video.football.today%5Cfanart.jpg%26desc%3DVisit+TVADDONS.ag+for+support%26_options_sf&quot;,return)</favourite>
	<favourite name="Games" thumb="special://home/addons\plugin.video.football.today\resources/art/videos_games.png">ActivateWindow(10025,&quot;plugin://plugin.video.football.today/?action=videos_games&amp;sf_options=fanart%3Dspecial%3A%2F%2Fhome%2Faddons%5Cplugin.video.football.today%5Cfanart.jpg%26desc%3DFootball+on+demand%26_options_sf&quot;,return)</favourite>
	<favourite name="Full Matches" thumb="DefaultFolder.png">ActivateWindow(10025,&quot;plugin://plugin.video.footballreplays/?iconimage&amp;mode=3&amp;name=Full%20Matches&amp;page=1&amp;url=url&amp;sf_options=&quot;,return)</favourite>
</favourites>