<favourites>
	<favourite name="[COLOR gold][B]Spanish[/B][/COLOR]" thumb="DefaultFolder.png">ActivateWindow(10025,&quot;plugin://plugin.video.kodilivetv/?description&amp;iconimage&amp;mode=2&amp;name=%5bCOLOR%20gold%5d%5bB%5dSpanish%5b%2fB%5d%5b%2fCOLOR%5d&amp;url=http%3a%2f%2fkodilive.eu%2fiptv%2fraw2.php%3fl%3des&quot;,return)</favourite>
	<favourite name="Mexico" thumb="http://alaska.watchkodi.com/flags/mexico.png">ActivateWindow(10025,&quot;plugin://plugin.video.phstreams/?action=ndmode&amp;audio=0&amp;content=0&amp;fanart=C%3a%5ckodi%5cportable_data%5caddons%5cplugin.video.phstreams%5cfanart.jpg&amp;image=http%3a%2f%2falaska.watchkodi.com%2fflags%2fmexico.png&amp;name=Mexico%20%5bCOLOR%20red%5d%20Updated%2010%2f10%2f2015%5b%2fCOLOR%5d&amp;playable=false&amp;tvshow=0&amp;url=http%3a%2f%2falaska.watchkodi.com%2fmexico.xml&amp;sf_options=fanart%3Dspecial%3A%2F%2Fhome%2Faddons%5Cplugin.video.phstreams%5Cfanart.jpg%26desc%3DDiscover+Great+Streaming+Playlists%21%26_options_sf&quot;,return)</favourite>
	<favourite name="Stallion-IPTV" thumb="special://home/addons\plugin.video.Stallion-IPTV\icon.png">ActivateWindow(10025,&quot;plugin://plugin.video.Stallion-IPTV/?sf_options=desc%3D%5BCOLOR+cyan%5D%5BB%5DStallion-IPTV%2C+el+mejor+sistema+IPTV+para+tu+hogar%5B%2FB%5D%5B%2FCOLOR%5D%26_options_sf&quot;,return)</favourite>
	<favourite name="[COLOR brown]cinestrenostv.tv (Spanish TV)[/COLOR]" thumb="special://home/addons\plugin.video.SportsDevil\resources\images\folder.png">ActivateWindow(10025,&quot;plugin://plugin.video.SportsDevil/?item=title%3dcinestrenostv.tv%2b%2528Spanish%2bTV%2529%26url%3dcustoms%252Fcinestrenostv.tv.cfg%26definedIn%3dcustoms.cfg%26director%3dcinestrenostv.tv%26genre%3dLive%2bTV%26type%3drss%26icon%3d&amp;mode=1&amp;sf_options=fanart%3Dspecial%3A%2F%2Fhome%2Faddons%5Cplugin.video.SportsDevil%5Cfanart.jpg%26_options_sf&quot;,return)</favourite>
	<favourite name="[COLOR FFAAAAAA][COLOR FFFFFFFF]E[/COLOR]spanol[/COLOR]" thumb="special://home/addons\plugin.stream.vaughnlive.tv\art\espanol.jpg">ActivateWindow(10025,&quot;plugin://plugin.stream.vaughnlive.tv/?cat=espanol&amp;mode=BrowseCat3&amp;site&amp;type=php&amp;sf_options=fanart%3Dspecial%3A%2F%2Fhome%2Faddons%5Cplugin.stream.vaughnlive.tv%5Cfanart.jpg%26_options_sf&quot;,return)</favourite>
</favourites>