<favourites>



	<favourite name="Nick" thumb="https://app.uktvnow.net/images/channel_imgs/200116021225nick.png|User-Agent=Dalvik/2.1.0 (Linux; U; Android 5.1.1; SM-G920F Build/LMY47X)">PlayMedia(&quot;plugin://plugin.video.wateriptv/?url=url&amp;mode=2&amp;name=Nick.&amp;description=&amp;sf_options=winID%3D10025%26_options_sf&quot;)</favourite>
<favourite name="Cartoon Network" thumb="https://app.uktvnow.net/images/channel_imgs/160116115720cn.png|User-Agent=Dalvik/2.1.0 (Linux; U; Android 5.1.1; SM-G920F Build/LMY47X)">PlayMedia(&quot;plugin://plugin.video.wateriptv/?url=url&amp;mode=2&amp;name=Cartoon+Network.&amp;description=&quot;)</favourite>
    <favourite name="Cartoon Network" thumb="https://app.uktvnow.net/images/channel_imgs/160116115659cn.png|User-Agent=Dalvik/2.1.0 (Linux; U; Android 5.1.1; SM-G920F Build/LMY47X)">PlayMedia(&quot;plugin://plugin.video.wateriptv/?url=url&amp;mode=2&amp;name=Cartoon+Network&amp;description=&quot;)</favourite>
    <favourite name="Disney" thumb="https://app.uktvnow.net/images/channel_imgs/160116012005disnep.jpg|User-Agent=Dalvik/2.1.0 (Linux; U; Android 5.1.1; SM-G920F Build/LMY47X)">PlayMedia(&quot;plugin://plugin.video.wateriptv/?url=url&amp;mode=2&amp;name=Disney&amp;description=&quot;)</favourite>
    <favourite name="Disney Junior" thumb="https://app.uktvnow.net/images/channel_imgs/160116014600disj.jpg|User-Agent=Dalvik/2.1.0 (Linux; U; Android 5.1.1; SM-G920F Build/LMY47X)">PlayMedia(&quot;plugin://plugin.video.wateriptv/?url=url&amp;mode=2&amp;name=Disney+Junior&amp;description=&quot;)</favourite>
    <favourite name="Disney XD" thumb="https://app.uktvnow.net/images/channel_imgs/070216061240disneyxd.png|User-Agent=Dalvik/2.1.0 (Linux; U; Android 5.1.1; SM-G920F Build/LMY47X)">PlayMedia(&quot;plugin://plugin.video.wateriptv/?url=url&amp;mode=2&amp;name=Disney+XD&amp;description=&quot;)</favourite>
    <favourite name="Nick" thumb="https://app.uktvnow.net/images/channel_imgs/200116021059nick.png|User-Agent=Dalvik/2.1.0 (Linux; U; Android 5.1.1; SM-G920F Build/LMY47X)">PlayMedia(&quot;plugin://plugin.video.wateriptv/?url=url&amp;mode=2&amp;name=Nick&amp;description=&quot;)</favourite>
    <favourite name="Nick Toons" thumb="https://app.uktvnow.net/images/channel_imgs/200116021120nicktoons.png|User-Agent=Dalvik/2.1.0 (Linux; U; Android 5.1.1; SM-G920F Build/LMY47X)">PlayMedia(&quot;plugin://plugin.video.wateriptv/?url=url&amp;mode=2&amp;name=Nick+Toons&amp;description=&quot;)</favourite>
</favourites>
