<favourites>
	<favourite name="[COLOR azure]UK Sports[/COLOR]" thumb="">ActivateWindow(10025,&quot;plugin://plugin.program.super.favourites/?label=[COLOR azure]UK Sports[/COLOR]&amp;mode=400&amp;folder=Sports%2FChannels%2FUK%20Sports&amp;sf_options=fanart%3DNULL%26_options_sf&quot;)</favourite>
	<favourite name="FOX Sports 1" thumb="http://2.bp.blogspot.com/-eGdimZ-T92c/UhObgpLOcnI/AAAAAAAAPgY/_gyeOCi0Wvg/s400/fox.jpeg">PlayMedia(&quot;http://ooyalahd2-f.akamaihd.net/i/eslax17_delivery@349499/master.m3u8?sf_options=winID%3D10025%26_options_sf&quot;)</favourite>
	<favourite name="FOX Sports 2" thumb="http://wsitelecom.com.pe/logo/fox-sports-2-hd.png">PlayMedia(&quot;http://80.243.189.26:8889/pintvhd/FoxSport2/index.m3u8?sf_options=winID%3D10025%26_options_sf&quot;)</favourite>
	<favourite name="NBCSN" thumb="https://static-s.aa-cdn.net/img/ios/542511686/0f008e63e5cf71c24a4c53fa434e23ed?v=1">PlayMedia(&quot;http://54.177.79.231/server/play/nbcsnxctg/master.m3u8?sf_options=winID%3D10025%26_options_sf&quot;)</favourite>
	<favourite name="Golf Channel" thumb="http://www.kellyvillarreal.com/images/Golf_Channel_logo.png">PlayMedia(&quot;http://tvegolf-i.Akamaihd.net/hls/live/218225/golfx/4296k/prog.m3u8?sf_options=winID%3D10025%26_options_sf&quot;)</favourite>
	<favourite name="NHL Network" thumb="http://megaicons.net/static/img/icons_sizes/6/58/256/nhl-icon.png">PlayMedia(&quot;http://208.92.36.158/ipad/live/nba_ipad_1240.m3u8?sf_options=winID%3D10025%26_options_sf&quot;)</favourite>
	<favourite name="Red Bull TV" thumb="https://superrepo.org/static/images/icons/original/xplugin.video.redbull_tv.png.pagespeed.ic.qet5GdYRQ4.png">PlayMedia(&quot;http://sacapunta.eltelon.com/channels/redbulltv/playlist.m3u8?sf_options=winID%3D10025%26_options_sf&quot;)</favourite>
	<favourite name="[COLOR azure]PAC12[/COLOR]" thumb="https://pbs.twimg.com/profile_images/513575549969510402/ZNBcZ7jb.jpeg">ActivateWindow(10025,&quot;plugin://plugin.program.super.favourites/?label=[COLOR azure]College Sports[/COLOR]&amp;mode=400&amp;sf_options=&amp;mode=400&amp;path=special%3A%2F%2Fhome%2Faddons%2Fscript.supafav%2FSuper%20Favourites/Sports%5CCollege%20Sports&quot;)</favourite>
	<favourite name="[COLOR blue]Live Events[/COLOR]" thumb="https://blog-blogmediainc.netdna-ssl.com/upload/SportsBlogcom/8533199/0700052001449483723_filepicker.png">ActivateWindow(10025,&quot;plugin://plugin.program.super.favourites/?label=[COLOR aliceblue]Live Events[/COLOR]&amp;mode=400&amp;path=special%3A%2F%2Fhome%2Faddons%2Fscript.supafav%2FSuper%20Favourites%2FSports%2FChannels%5CLive%20Events&amp;sf_options=fanart%3Dspecial%3A%2F%2Fhome%2Faddons%5Cplugin.video.castaway%2Ffanart.jpg%26_options_sf&quot;)</favourite>
</favourites>