<favourites>
	<favourite name="BEST SERVER" thumb="http://icons.iconarchive.com/icons/designcontest/ecommerce-business/128/bar-chart-icon.png">ActivateWindow(10025,&quot;plugin://script.supafav/?url=null&amp;mode=20&quot;,return)</favourite>
	<favourite name="[COLOR black] - findastream[/COLOR]" thumb="http://findastream.com/wp-content/uploads/2017/01/movies_icon.png">ActivateWindow(10025,&quot;plugin://plugin.video.phstreams/?action=directory&amp;content=0&amp;url=http%3a%2f%2ffindastream.com%2fkodi_addon%2fmovies.xml&quot;,return)</favourite>
	<favourite name="[COLOR black]- alpha[/COLOR]" thumb="http://alphareborn.offshorepastebin.com/arb/images/newreleases.png">ActivateWindow(10025,&quot;plugin://plugin.video.phstreams/?action=directory&amp;content=0&amp;url=http%3a%2f%2falphareborn.offshorepastebin.com%2farb%2fnewreleases%2fnewreleases.xml&quot;,return)</favourite>
	<favourite name="[COLOR black]- primewire[/COLOR]" thumb="https://firestixz.files.wordpress.com/2015/07/1channel-icon.jpg">ActivateWindow(10025,&quot;plugin://plugin.video.1channel/?mode=GetFilteredResults&amp;section=movie&amp;sort=featured&amp;sf_options=&quot;,return)</favourite>
	<favourite name="" thumb="">PlayMedia(&quot;plugin://plugin.video.none?sf_options=winID%3D10025%26_options_sf&quot;,return)</favourite>
	
	<favourite name="[COLOR black]- ph[/COLOR]" thumb="http://media.reeoo.com/MovieQuest-icon.png!icon180">ActivateWindow(10025,&quot;plugin://plugin.video.phstreams/?action=directory&amp;url=http%3a%2f%2fphoenixtv.offshorepastebin.com%2freleases%2fmain.xml&quot;,return)</favourite>
	<favourite name="[COLOR black]- bob[/COLOR]" thumb="http://www.norestrictions.club/main/mainicons/NewReleases.jpg">ActivateWindow(10025,&quot;plugin://plugin.video.phstreams/?action=directory&amp;content=0&amp;url=http%3a%2f%2fnorestrictions.club%2fnorestrictions.club%2fmain%2fnewreleases.xml&quot;,return)</favourite>
	<favourite name="[COLOR black]- one[/COLOR]" thumb="https://i.imgsafe.org/b396b5d.jpg">ActivateWindow(10025,&quot;plugin://plugin.video.phstreams/?action=directory&amp;url=http%3a%2f%2fone242415.offshorepastebin.com%2fMovies%2fLatestRelease.xml&quot;,return)</favourite>
	<favourite name="[COLOR black]- val[/COLOR]" thumb="http://i.imgur.com/8Mxn3jA.jpg">ActivateWindow(10025,&quot;plugin://plugin.video.phstreams/?action=directory&amp;content=0&amp;url=http%3a%2f%2fnorestrictions.club%2fnorestrictions.club%2fvalhalla%2fHot.xml&quot;,return)</favourite>

	<favourite name="" thumb="">PlayMedia(&quot;plugin://plugin.video.none?sf_options=winID%3D10025%26_options_sf&quot;,return)</favourite>
	<favourite name="[COLOR black]- supremacy[/COLOR]" thumb="">ActivateWindow(10025,&quot;plugin://plugin.video.sanctuary/?mode=1101&amp;name=&amp;url=https%3a%2f%2fsimplekore.com%2fwp-content%2fuploads%2ffile-manager%2fsteboy11%2fNew%2520Releases%2fNew%2520Releases.txt&amp;&quot;,return)</favourite>
		<favourite name="[COLOR black]- streamingtime.net[/COLOR]" thumb="">ActivateWindow(10025,&quot;plugin://plugin.video.inthemovies/?description&amp;iconimage=&amp;mode=5&amp;name=&amp;url=http%3a%2f%2fwww.streamingtime.net%2f&quot;,return)</favourite>
    <favourite name="[COLOR black]- lenix.net[/COLOR]" thumb="">ActivateWindow(10025,&quot;plugin://plugin.video.filmcube/?description&amp;iconimage=&amp;mode=5&amp;name=&amp;url=https%3a%2f%2fflenix.net%2fmovies%2freleases%2f&quot;,return)</favourite>
		<favourite name="" thumb="">PlayMedia(&quot;plugin://plugin.video.none?sf_options=winID%3D10025%26_options_sf&quot;,return)</favourite>
	<favourite name="[COLOR black]- salts[/COLOR]" thumb="special://home/addons\plugin.video.salts\art\themes\Shine\trending.png">ActivateWindow(10025,&quot;plugin://plugin.video.salts/?mode=trending&amp;section=Movies&amp;sf_options=fanart%3Dspecial%3A%2F%2Fhome%2Faddons%5Cplugin.video.salts%5Cfanart.jpg%26_options_sf&quot;,return)</favourite>
</favourites>