<favourites>
	<favourite name="SPMC 16.4" thumb="">PlayMedia(&quot;plugin://plugin.video.water/?url=https://github.com/koying/SPMC/releases/download/16.4.0-spmc/SPMC-armeabi-v7a_16.4.0.apk&amp;mode=12&amp;name=SPMC_164&amp;description=Install SPMC 16.3&amp;sf_options=winID%3D10025%26_options_sf&quot;)</favourite>
	<favourite name="Kodi 16.1" thumb="">PlayMedia(&quot;plugin://plugin.video.water/?url=http%3A%2F%2Fmirrors.kodi.tv%2Freleases%2Fandroid%2Farm%2Fkodi-16.1-Jarvis-armeabi-v7a.apk&amp;mode=12&amp;name=Kodi_161&amp;description=Install Kodi 16.1&amp;sf_options=winID%3D10025%26_options_sf&quot;)</favourite>
	<favourite name="MouseToggle" thumb="">PlayMedia(&quot;plugin://plugin.video.water/?url=http://webservices.aptoide.com/webservices/getApkInstall/20000691/volkmanfkm&amp;mode=12&amp;name=MouseToggle&amp;description=Install Mouse Toggle FOR FIRETV ONLY!!!&amp;sf_options=winID%3D10025%26_options_sf&quot;)</favourite>
	<favourite name="AppStarter (Amazon)" thumb="">PlayMedia(&quot;plugin://plugin.video.water/?url=https%3A%2F%2Fgithub.com%2Fsphinx02%2FAppStarter%2Freleases%2Fdownload%2Fv4.0%2FAppStarter-v4.0.apk&amp;mode=3&amp;name=FireStopper&amp;description=Install AppStarter&amp;sf_options=winID%3D10025%26_options_sf&quot;)</favourite>
	<favourite name="FireStopper (Amazon)" thumb="">PlayMedia(&quot;plugin://plugin.video.water/?url=http%3A%2F%2Fforum.xda-developers.com%2Fattachment.php%3Fattachmentid%3D3709025%26d%3D1459908921&amp;mode=3&amp;name=FireStopper&amp;description=Install FireStopper&amp;sf_options=winID%3D10025%26_options_sf&quot;)</favourite>
</favourites>