<favourites>
	<favourite name="PBS News Hour" thumb="http://image.pbs.org/contentchannels/43/wsqwf9aYt4VWIPcECpVGw.jpg">PlayMedia(&quot;plugin://plugin.video.thinktv/?mode=GE&amp;name=Episodes%20(43)&amp;url=newshour%7cepisodes%7c1&quot;,isdir)&amp;sf_options=winID%3D10025%26_options_sf&quot;)</favourite>
	<favourite name="NBC Nightly News" thumb="">ActivateWindow(10025,&quot;plugin://plugin.video.wnbc/?mode=GS&amp;url=%2fdata%2fnode%2f208991%2fvideo_carousel&quot;,return)</favourite>
	<favourite name="Vice News" thumb="http://a5.mzstatic.com/us/r30/Purple69/v4/8e/96/c7/8e96c725-6b07-6d16-877e-351b4ebcd5b6/icon175x175.png">ActivateWindow(10025,&quot;plugin://plugin.video.youtube/user/vicenews/&quot;,return)</favourite>
	<favourite name="Dateline" thumb="">ActivateWindow(10025,&quot;plugin://plugin.video.wnbc/&amp;sf_options=?mode=GS&amp;url=%2fdata%2fnode%2f209511%2fvideo_carousel&quot;,return)</favourite>
	<favourite name="Fareed Zakaria GPS" thumb="http://is5.mzstatic.com/image/thumb/Music69/v4/a9/c6/aa/a9c6aa49-0b89-92be-9a03-7ace46821f36/source/100x100bb.jpg">ActivateWindow(10501,&quot;plugin://plugin.video.itunes_podcasts/audio/podcast/items/377785090/&quot;,return)</favourite>
	<favourite name="Democracy Now!" thumb="https://lh6.ggpht.com/vXEuZkQFDSNZgY2G478AQ-XyXxMI1l98PDSIZUkD1wY-HBGSb6vMAap7wKr2pCfaUg=w300">ActivateWindow(10025,&quot;plugin://plugin.video.democracynow?sf_options=fanart%3Dspecial%3A%2F%2Fhome%2Faddons%5Cplugin.video.democracynow%5Cfanart.jpg%26desc%3DDemocracy+Now%21+is+a+syndicated+program+of+news%2C+analysis%2C+and+opinion+aired+by+more+than+700+radio+and+television%2C+satellite+and+cable+TV+networks+in+North+America.+Democracy+Now%21+serves+as+the+flagship+program+for+the+Pacifica+Radio+network.%26_options_sf&quot;,return)</favourite>
</favourites>