<favourites>
	<favourite name="Movies" thumb="">ActivateWindow(10025,&quot;plugin://plugin.video.origin2/?action=movies&amp;url=http%3a%2f%2fwww.imdb.com%2fsearch%2ftitle%3ftitle_type%3dfeature%2ctv_movie%26languages%3den%26num_votes%3d100%2c%26release_date%3ddate%5b730%5d%2cdate%5b30%5d%26genres%3dfamily%26sort%3dmoviemeter%2casc%26count%3d40%26start%3d1&quot;,return)</favourite>
	<favourite name="[B][COLOR lawngreen]View All Kids Movies[/COLOR][/B]" thumb="http://alphaaddon.comli.com/kids-movies-all.jpg">ActivateWindow(10025,&quot;plugin://plugin.video.AlphaMovies/?fanart=C%3a%5ckodi%5cportable_data%5caddons%5cplugin.video.AlphaMovies%5cfanart.jpg&amp;mode=1&amp;name=%5bB%5d%5bCOLOR%20lawngreen%5dView%20All%20Kids%20Movies%5b%2fCOLOR%5d%5b%2fB%5d&amp;url=http%3a%2f%2falphaaddon.co.uk%2fthealpha%2falphakids%2fkids-movies-all%2fkids-movies-all.txt&quot;,return)</favourite>
	<favourite name="Disney Movies Evolved" thumb="http://i.imgur.com/Ug5VmKO.png">ActivateWindow(10025,&quot;plugin://plugin.video.Evolve/?description&amp;fanart=http%3a%2f%2fi.imgur.com%2fOgd1Uxf&amp;mode=1&amp;name=Disney%20Movies%20Evolved&amp;url=http%3a%2f%2fpastebin.com%2fraw%2f9asUaifd&quot;,return)</favourite>
	<favourite name="The Disney Collection" thumb="http://s30.postimg.org/jsccn9npt/The_DCollection.jpg">ActivateWindow(10025,&quot;plugin://plugin.video.phstreams/?action=directory&amp;url=http%3a%2f%2fone242415.offshorepastebin.com%2fDisne%2fDisne_Directory.xml&quot;,return)</favourite>
	<favourite name="Nickelodeon" thumb="http://www.nick.com/nick-assets/common/nick-logo-200x200.png">PlayMedia(&quot;plugin://plugin.video.ccloudtv/?url=http%3A%2F%2F94.23.35.42%2FcCloudTv%2Fparser.php%3Fsurl%3Dhttps%3A%2F%2Fwww.arconaitv.me%2Fnickie%2F%7CUser-Agent%3DMozilla%252F5.0%2520%28Windows%2520NT%25206.1%253B%2520WOW64%29%2520AppleWebKit%252F537.36%2520%28KHTML%252C%2520like%2520Gecko%29%2520Chrome%252F47.0.2526.106%2520Safari%252F537.36&amp;mode=1&amp;name=Nick&amp;iconimage=&amp;sf_options=winID%3D10025%26_options_sf&quot;,return)</favourite>
	<favourite name="[COLOR black]SORT[/COLOR]" thumb="">ActivateWindow(10025,&quot;plugin://plugin.program.super.favourites/?label=[COLOR black]SORT[/COLOR]&amp;mode=400&amp;sf_options=&amp;mode=400&amp;path=special%3A%2F%2Fhome%2Faddons%2Fscript.supafav%2FSuper%20Favourites/more%5CKidsTV%5CSORT&amp;sf_options=fanart%3DNULL%26_options_sf&quot;,return)</favourite>
</favourites>