<favourites>
	<favourite name="Recently Added" thumb="http://icons.iconarchive.com/icons/custom-icon-design/pretty-office-11/512/new-icon.png">ActivateWindow(10025,&quot;plugin://plugin.program.super.favourites/?folder=TV Shows/Recently Added&quot;,return)</favourite>
	<favourite name="By Network" thumb="http://www.clipartlord.com/wp-content/uploads/2013/05/satellite-dish1.png">ActivateWindow(10025,&quot;plugin://plugin.program.super.favourites/?folder=TV Shows/Networks&quot;,return)</favourite>
	<favourite name="Browse TV" thumb="http://thumbs.dreamstime.com/t/film-genre-squared-app-icon-set-flat-style-vector-illustrations-long-shadows-49654570.jpg">ActivateWindow(10025,&quot;plugin://plugin.program.super.favourites/?folder=TV Shows/Popular&quot;,return)</favourite>
	<favourite name="Crime" thumb="https://pbs.twimg.com/profile_images/556805890817658881/iMsru_J2_400x400.jpeg">ActivateWindow(10025,&quot;plugin://plugin.video.yt-crime?sf_options=fanart%3Dspecial%3A%2F%2Fhome%2Faddons%5Cplugin.video.yt-crime%5Cfanart.jpg%26desc%3DA+megamix+of+True+Crime+channels+and+playlists+from+YouTube%2C+First+48%2C+Serial+Killers.%26_options_sf&quot;,return)</favourite>
	<favourite name="Late Night" thumb="http://www.rw-designer.com/icon-image/10006-256x256x32.png">ActivateWindow(10025,&quot;plugin://plugin.program.super.favourites/?label=[COLOR darkorange]Late Night[/COLOR]&amp;mode=400&amp;folder=TV%20Shows%5CLate%20Night&amp;sf_options=fanart%3DC%3A%5Ckodi2%5Cportable_data%5Caddons%5Cplugin.video.ustvvod%5Cfanart.jpg%26_options_sf&quot;,return)</favourite>
	<favourite name="Search" thumb="http://googledrive.com/host/0B-bY5h-uWEgZQVJQZ0lzUTdBeFE/icons/searchtv.png">ActivateWindow(10025,&quot;plugin://plugin.program.super.favourites/?label=Search&amp;mode=400&amp;folder=TV%20Shows%5CSearch&amp;sf_options=fanart%3DNULL%26_options_sf&quot;,return)</favourite>
</favourites>