<favourites>
	<favourite name="Riptide GP2 - Appraw" thumb="">PlayMedia(&quot;plugin://plugin.video.water/?url=https://appraw.com/dl/viOlRIxyjQ&amp;mode=12&amp;name=RiptideGP2&amp;description=com.vectorunit.red.lunar&amp;sf_options=winID%3D10025%26_options_sf&quot;)</favourite>
	<favourite name="nVidia Shield - Portal" thumb="">PlayMedia(&quot;plugin://plugin.video.water/?url=https://archive.org/download/PortalV58/portal&amp;mode=12&amp;name=Portal&amp;description=com.nvidia.valvesoftware.portal&amp;sf_options=winID%3D10025%26_options_sf&quot;)</favourite>
	<favourite name="Rochard" thumb="">PlayMedia(&quot;plugin://plugin.video.water/?url=http://webservices.aptoide.com/webservices/getApkInstall/18435052/wunschdibbertzd7&amp;mode=12&amp;name=Rochard&amp;description=&amp;sf_options=winID%3D10025%26_options_sf&quot;)</favourite>
	<favourite name="nVidia Shield - PartyHard! - Direct" thumb="">PlayMedia(&quot;plugin://plugin.video.water/?url=https://archive.org/download/parthard/party_hard-1468442802-www.androeed.ru.apk&amp;mode=12&amp;name=Party+Hard&amp;description=Install PartyHard!&amp;sf_options=winID%3D10025%26_options_sf&quot;)</favourite>
	<favourite name="nVidia Shield - PartyHard! - Aptoide" thumb="">PlayMedia(&quot;plugin://plugin.video.water/?url=http://webservices.aptoide.com/webservices/getApkInstall/20348966/vip-apk&amp;mode=12&amp;name=Party+Hard&amp;description=Install PartyHard!&amp;sf_options=winID%3D10025%26_options_sf&quot;)</favourite>
	<favourite name="nVidia Shield - Parallax" thumb="">PlayMedia(&quot;plugin://plugin.video.water/?url=http://s10.androeed.ru/_u/_f/1456/9/parallax_-1456999908-www.androeed.ru___.apk&amp;mode=12&amp;name=Parallax&amp;description=&amp;sf_options=winID%3D10025%26_options_sf&quot;)</favourite>
</favourites>