<favourites>
	<favourite name="Vice" thumb="http://www.vice.com/assets/images/vice/og/og-image.jpg">ActivateWindow(10025,&quot;plugin://plugin.video.youtube/user/vice/&quot;,return)</favourite>
	<favourite name="Vice News" thumb="http://a5.mzstatic.com/us/r30/Purple69/v4/8e/96/c7/8e96c725-6b07-6d16-877e-351b4ebcd5b6/icon175x175.png">ActivateWindow(10025,&quot;plugin://plugin.video.youtube/user/vicenews/&quot;,return)</favourite>
	<favourite name="VICELAND" thumb="https://yt3.ggpht.com/-eHn3-vaOb3Y/AAAAAAAAAAI/AAAAAAAAAAA/2y3py4kCs5A/s240-c-k-no/photo.jpg">ActivateWindow(10025,&quot;plugin://plugin.video.youtube/channel/UCWF0PiUvUi3Jma2oFgaiX2w/&quot;,return)</favourite>
	<favourite name="Munchies" thumb="https://yt3.ggpht.com/-VXDa5ce1Zr0/AAAAAAAAAAI/AAAAAAAAAAA/yLyEVhQzQIw/s240-c-k-no/photo.jpg">ActivateWindow(10025,&quot;plugin://plugin.video.youtube/channel/UCaLfMkkHhSA_LaCta0BzyhQ/&quot;,return)</favourite>
	<favourite name="Noisey" thumb="https://yt3.ggpht.com/-WHdsTGMMGoo/AAAAAAAAAAI/AAAAAAAAAAA/YG6V1iqrJUg/s240-c-k-no/photo.jpg">ActivateWindow(10025,&quot;plugin://plugin.video.youtube/channel/UC0iwHRFpv2_fpojZgQhElEQ/&quot;,return)</favourite>
	<favourite name="Broadly" thumb="https://yt3.ggpht.com/-vxsNK4Vcxtc/AAAAAAAAAAI/AAAAAAAAAAA/8Vzv_2qP1a4/s240-c-k-no/photo.jpg">ActivateWindow(10025,&quot;plugin://plugin.video.youtube/channel/UCfQDD-pbllOCXHYwiXxjJxA/&quot;,return)</favourite>
	<favourite name="Fightland" thumb="https://yt3.ggpht.com/-9qgwTne7hnk/AAAAAAAAAAI/AAAAAAAAAAA/a9FJtjZWMGs/s240-c-k-no/photo.jpg">ActivateWindow(10025,&quot;plugin://plugin.video.youtube/channel/UCVfmHpXONv-LVACBV68tq5Q/&quot;,return)</favourite>
	<favourite name="Huang&apos;s World (Season 1)" thumb="https://i.ytimg.com/vi/Rix7OL8vOIE/mqdefault.jpg">ActivateWindow(10025,&quot;plugin://plugin.video.youtube/channel/UCaLfMkkHhSA_LaCta0BzyhQ/playlist/PLnPDn1Lb79JEb7YK2N7WGItv1jVDd9u_8/&quot;,return)</favourite>
	<favourite name="Huang&apos;s World (Season 2)" thumb="https://i.ytimg.com/vi/QligM6VuM_4/mqdefault.jpg">ActivateWindow(10025,&quot;plugin://plugin.video.youtube/channel/UCaLfMkkHhSA_LaCta0BzyhQ/playlist/PLnPDn1Lb79JEvKZ42CFMsV-DUuUCsx1R_/&quot;,return)</favourite>
</favourites>