<favourites>
	<favourite name="FOX5 - San Diego" thumb="https://pbs.twimg.com/profile_images/572850275304480768/Ha1byGDp.png">PlayMedia(&quot;plugin://plugin.video.livestream/?url=%2Flive_now&amp;mode=104&amp;name=%5BCOLOR%3DFF00B7EB%2F%5DKSWB+-+24%2F7%5B%2FCOLOR%5D&amp;icon=http%3A%2F%2Fimg.new.livestream.com%2Fevents%2F000000000030ac27%2Fd463054d-f9e8-4793-8ed6-8025391a843d_0.jpg&amp;event_id=3189799&amp;owner_id=9263055&amp;video_id=LIVE&amp;sf_options=fanart%3Dspecial%3A%2F%2Fhome%2Faddons%5Cplugin.video.livestream%2Ffanart.jpg%26winID%3D10025%26desc%3DNone%26_options_sf&quot;)</favourite>
	<favourite name="FOX5 - L.A." thumb="http://img.new.livestream.com/events/000000000030abc9/76b4cda2-aa2e-42fe-8063-3d20f68d286f_0.jpg">PlayMedia(&quot;plugin://plugin.video.livestream/?url=%2Flive_now&amp;mode=104&amp;name=%5BCOLOR%3DFF00B7EB%2F%5DKTLA+-+24%2F7%5B%2FCOLOR%5D&amp;icon=http%3A%2F%2Fimg.new.livestream.com%2Fevents%2F000000000030abc9%2F76b4cda2-aa2e-42fe-8063-3d20f68d286f_0.jpg&amp;event_id=3189705&amp;owner_id=9262780&amp;video_id=LIVE&amp;sf_options=fanart%3Dspecial%3A%2F%2Fhome%2Faddons%5Cplugin.video.livestream%2Ffanart.jpg%26winID%3D10025%26desc%3DNone%26_options_sf&quot;)</favourite>
	<favourite name="FOX5 - NY" thumb="http://img.new.livestream.com/events/0000000000278ee3/10544329-9f4e-4ff3-8d21-a468dbf1b22e_0.jpg">PlayMedia(&quot;plugin://plugin.video.livestream/?url=%2Flive_now&amp;mode=104&amp;name=%5BCOLOR%3DFF00B7EB%2F%5DWNYW+-+24%2F7%5B%2FCOLOR%5D&amp;icon=http%3A%2F%2Fimg.new.livestream.com%2Fevents%2F0000000000278ee3%2F10544329-9f4e-4ff3-8d21-a468dbf1b22e_0.jpg&amp;event_id=2592483&amp;owner_id=6372917&amp;video_id=LIVE&amp;sf_options=fanart%3Dspecial%3A%2F%2Fhome%2Faddons%5Cplugin.video.livestream%2Ffanart.jpg%26winID%3D10025%26desc%3DNone%26_options_sf&quot;)</favourite>
	<favourite name="PIX11 - NY" thumb="http://img.new.livestream.com/events/00000000002f5f12/bae4e2f1-1ad7-4f63-9726-256979fd6ff2_0.jpg">PlayMedia(&quot;plugin://plugin.video.livestream/?url=%2Flive_now&amp;mode=104&amp;name=%5BCOLOR%3DFF00B7EB%2F%5DWPIX+-+24%2F7%5B%2FCOLOR%5D&amp;icon=http%3A%2F%2Fimg.new.livestream.com%2Fevents%2F00000000002f5f12%2Fbae4e2f1-1ad7-4f63-9726-256979fd6ff2_0.jpg&amp;event_id=3104530&amp;owner_id=8896933&amp;video_id=LIVE&amp;sf_options=fanart%3Dspecial%3A%2F%2Fhome%2Faddons%5Cplugin.video.livestream%2Ffanart.jpg%26winID%3D10025%26desc%3DNone%26_options_sf&quot;)</favourite>
	<favourite name="FOX29 - Philly" thumb="http://img.new.livestream.com/events/0000000000278c74/be1047c0-120b-4f9d-9484-4bbc00ae34d8_0.jpg">PlayMedia(&quot;plugin://plugin.video.livestream/?url=%2Flive_now&amp;mode=104&amp;name=%5BCOLOR%3DFF00B7EB%2F%5DWTXF+-+24%2F7%5B%2FCOLOR%5D&amp;icon=http%3A%2F%2Fimg.new.livestream.com%2Fevents%2F0000000000278c74%2Fbe1047c0-120b-4f9d-9484-4bbc00ae34d8_0.jpg&amp;event_id=2591860&amp;owner_id=6370754&amp;video_id=LIVE&amp;sf_options=winID%3D10025%26_options_sf&quot;)</favourite>
	<favourite name="WTVF - Nashville, TN" thumb="http://img.new.livestream.com/events/00000000001fb416/89355455-821a-42ad-9c62-31d16e5637a6_0.jpg">PlayMedia(&quot;plugin://plugin.video.livestream/?url=%2Flive_now&amp;mode=104&amp;name=%5BCOLOR%3DFF00B7EB%2F%5DWTVF+-+24%2F7%5B%2FCOLOR%5D&amp;icon=http%3A%2F%2Fimg.new.livestream.com%2Fevents%2F00000000001fb416%2F89355455-821a-42ad-9c62-31d16e5637a6_0.jpg&amp;event_id=2077718&amp;owner_id=3889236&amp;video_id=LIVE&amp;sf_options=winID%3D10025%26_options_sf&quot;)</favourite>
	<favourite name="KMTV - Omaha" thumb="http://img.new.livestream.com/events/0000000000215e39/c616cd75-56df-4693-8ee2-1ccc65f798be_0.jpg">PlayMedia(&quot;plugin://plugin.video.livestream/?url=%2Flive_now&amp;mode=104&amp;name=%5BCOLOR%3DFF00B7EB%2F%5DKMTV+-+24%2F7%5B%2FCOLOR%5D&amp;icon=http%3A%2F%2Fimg.new.livestream.com%2Fevents%2F0000000000215e39%2Fc616cd75-56df-4693-8ee2-1ccc65f798be_0.jpg&amp;event_id=2186809&amp;owner_id=4424727&amp;video_id=LIVE&amp;sf_options=winID%3D10025%26_options_sf&quot;)</favourite>
	<favourite name="CBS5 - Kansas City" thumb="http://img.new.livestream.com/events/0000000000278c61/0e286402-00ac-4d69-b94a-38badeae8396_0.jpg">PlayMedia(&quot;plugin://plugin.video.livestream/?url=%2Flive_now&amp;mode=104&amp;name=%5BCOLOR%3DFF00B7EB%2F%5DKCTV+-+24%2F7%5B%2FCOLOR%5D&amp;icon=http%3A%2F%2Fimg.new.livestream.com%2Fevents%2F0000000000278c61%2F0e286402-00ac-4d69-b94a-38badeae8396_0.jpg&amp;event_id=2591841&amp;owner_id=6370696&amp;video_id=LIVE&amp;sf_options=winID%3D10025%26_options_sf&quot;)</favourite>
	<favourite name="CBS4 - St. Louis" thumb="http://img.new.livestream.com/events/00000000003b736d/526307e7-4e31-45ba-b2d7-c7c20767ad1f_0.jpg">PlayMedia(&quot;plugin://plugin.video.livestream/?url=%2Flive_now&amp;mode=104&amp;name=%5BCOLOR%3DFF00B7EB%2F%5DKMOV+-+24%2F7%5B%2FCOLOR%5D&amp;icon=http%3A%2F%2Fimg.new.livestream.com%2Fevents%2F00000000003b736d%2F526307e7-4e31-45ba-b2d7-c7c20767ad1f_0.jpg&amp;event_id=3896173&amp;owner_id=12654794&amp;video_id=LIVE&amp;sf_options=winID%3D10025%26_options_sf&quot;)</favourite>
	<favourite name="FOX2 - St. Louis" thumb="http://img.new.livestream.com/events/000000000019f852/59aaacda-b1b9-4705-99d0-5e3fa25bdc7b_0.jpg">PlayMedia(&quot;plugin://plugin.video.livestream/?url=%2Flive_now&amp;mode=104&amp;name=%5BCOLOR%3DFF00B7EB%2F%5DKTVI+-+24%2F7%5B%2FCOLOR%5D&amp;icon=http%3A%2F%2Fimg.new.livestream.com%2Fevents%2F000000000019f852%2F59aaacda-b1b9-4705-99d0-5e3fa25bdc7b_0.jpg&amp;event_id=1701970&amp;owner_id=2075940&amp;video_id=LIVE&amp;sf_options=winID%3D10025%26_options_sf&quot;)</favourite>
	<favourite name="FOX4 - Fort Worth, TX" thumb="http://img.new.livestream.com/events/000000000027a5ec/e94f78f4-549c-4d99-a6a6-616f9a92335e_0.jpg">PlayMedia(&quot;plugin://plugin.video.livestream/?url=%2Flive_now&amp;mode=104&amp;name=%5BCOLOR%3DFF00B7EB%2F%5DKDFW+-+24%2F7%5B%2FCOLOR%5D&amp;icon=http%3A%2F%2Fimg.new.livestream.com%2Fevents%2F000000000027a5ec%2Fe94f78f4-549c-4d99-a6a6-616f9a92335e_0.jpg&amp;event_id=2598380&amp;owner_id=6395980&amp;video_id=LIVE&amp;sf_options=winID%3D10025%26_options_sf&quot;)</favourite>
	<favourite name="FOX2 - Detriot" thumb="http://img.new.livestream.com/events/000000000027a67d/31984930-78a8-4a82-9a82-c2e78fd532bb_0.jpg">PlayMedia(&quot;plugin://plugin.video.livestream/?url=%2Flive_now&amp;mode=104&amp;name=%5BCOLOR%3DFF00B7EB%2F%5DWJBK+-+24%2F7%5B%2FCOLOR%5D&amp;icon=http%3A%2F%2Fimg.new.livestream.com%2Fevents%2F000000000027a67d%2F31984930-78a8-4a82-9a82-c2e78fd532bb_0.jpg&amp;event_id=2598525&amp;owner_id=6396566&amp;video_id=LIVE&amp;sf_options=winID%3D10025%26_options_sf&quot;)</favourite>
	<favourite name="NBC8 - Hawaii" thumb="http://img.new.livestream.com/events/000000000039f799/700a990b-53f9-49c3-848f-6e10df7e315e_0.jpg">PlayMedia(&quot;plugin://plugin.video.livestream/?url=%2Flive_now&amp;mode=104&amp;name=%5BCOLOR%3DFF00B7EB%2F%5DKHNL+-+24%2F7%5B%2FCOLOR%5D&amp;icon=http%3A%2F%2Fimg.new.livestream.com%2Fevents%2F000000000039f799%2F700a990b-53f9-49c3-848f-6e10df7e315e_0.jpg&amp;event_id=3798937&amp;owner_id=12139043&amp;video_id=LIVE&amp;sf_options=winID%3D10025%26_options_sf&quot;)</favourite>
	<favourite name="FOX5 - D.C." thumb="http://img.new.livestream.com/events/00000000001ae8c0/ecbc316c-f30f-488b-87b9-4ff1d034c5c1_0.jpg">PlayMedia(&quot;plugin://plugin.video.livestream/?url=%2Flive_now&amp;mode=104&amp;name=%5BCOLOR%3DFF00B7EB%2F%5DWTTG+-+24%2F7%5B%2FCOLOR%5D&amp;icon=http%3A%2F%2Fimg.new.livestream.com%2Fevents%2F00000000001ae8c0%2Fecbc316c-f30f-488b-87b9-4ff1d034c5c1_0.jpg&amp;event_id=1763520&amp;owner_id=2363281&amp;video_id=LIVE&amp;sf_options=winID%3D10025%26_options_sf&quot;)</favourite>
	<favourite name="NBC12 - Richmond, VA" thumb="http://img.new.livestream.com/events/00000000003760d0/07e79d0d-af72-4ae9-8b8f-addaa6767932_0.jpg">PlayMedia(&quot;plugin://plugin.video.livestream/?url=%2Flive_now&amp;mode=104&amp;name=%5BCOLOR%3DFF00B7EB%2F%5DWWBT+-+24%2F7%5B%2FCOLOR%5D&amp;icon=http%3A%2F%2Fimg.new.livestream.com%2Fevents%2F00000000003760d0%2F07e79d0d-af72-4ae9-8b8f-addaa6767932_0.jpg&amp;event_id=3629264&amp;owner_id=11203782&amp;video_id=LIVE&amp;sf_options=winID%3D10025%26_options_sf&quot;)</favourite>
	<favourite name="KTVK3 - Phoneix, AZ" thumb="http://img.new.livestream.com/events/00000000003b6a6c/5890d415-5d66-4801-a408-cb6d39f3e98c_0.jpg">PlayMedia(&quot;plugin://plugin.video.livestream/?url=%2Flive_now&amp;mode=104&amp;name=%5BCOLOR%3DFF00B7EB%2F%5DKTVK+-+24%2F7%5B%2FCOLOR%5D&amp;icon=http%3A%2F%2Fimg.new.livestream.com%2Fevents%2F00000000003b6a6c%2F5890d415-5d66-4801-a408-cb6d39f3e98c_0.jpg&amp;event_id=3893868&amp;owner_id=12643960&amp;video_id=LIVE&amp;sf_options=winID%3D10025%26_options_sf&quot;)</favourite>
	<favourite name="[COLOR=FF00B7EB/]NewsChannel 8 - 24/7[/COLOR]" thumb="http://img.new.livestream.com/events/00000000001e4060/dbd81262-8e47-4b6a-a044-2ef7b366e61d_0.jpg">PlayMedia(&quot;plugin://plugin.video.livestream/?url=%2Flive_now&amp;mode=104&amp;name=%5BCOLOR%3DFF00B7EB%2F%5DNewsChannel+8+-+24%2F7%5B%2FCOLOR%5D&amp;icon=http%3A%2F%2Fimg.new.livestream.com%2Fevents%2F00000000001e4060%2Fdbd81262-8e47-4b6a-a044-2ef7b366e61d_0.jpg&amp;event_id=1982560&amp;owner_id=3428238&amp;video_id=LIVE&amp;sf_options=winID%3D10025%26_options_sf&quot;)</favourite>
	<favourite name="[COLOR=FF00B7EB/]WFXT - 24/7[/COLOR]" thumb="http://img.new.livestream.com/events/000000000027a5fc/f3391d55-ac3e-424b-9af8-f87d3579de52_0.jpg">PlayMedia(&quot;plugin://plugin.video.livestream/?url=%2Flive_now&amp;mode=104&amp;name=%5BCOLOR%3DFF00B7EB%2F%5DWFXT+-+24%2F7%5B%2FCOLOR%5D&amp;icon=http%3A%2F%2Fimg.new.livestream.com%2Fevents%2F000000000027a5fc%2Ff3391d55-ac3e-424b-9af8-f87d3579de52_0.jpg&amp;event_id=2598396&amp;owner_id=6396048&amp;video_id=LIVE&amp;sf_options=winID%3D10025%26_options_sf&quot;)</favourite>
	<favourite name="ABC4 - Seattle" thumb="http://img.new.livestream.com/events/00000000002fe04c/67bd0cd3-6c76-45f2-9c5b-feeb3db51d04.jpg">ActivateWindow(10025,&quot;plugin://plugin.video.livestream/?event_id=3137612&amp;icon=http%3a%2f%2fimg.new.livestream.com%2fevents%2f00000000002fe04c%2f67bd0cd3-6c76-45f2-9c5b-feeb3db51d04.jpg&amp;mode=101&amp;name=Live&amp;owner_id=9033656&amp;url=%2fvideos&amp;sf_options=fanart%3Dspecial%3A%2F%2Fhome%2Faddons%5Cplugin.video.livestream%2Ffanart.jpg%26desc%3DNone%26_options_sf&quot;,return)</favourite>
	<favourite name="FOX13 - Seattle" thumb="http://img.new.livestream.com/events/0000000000318559/c7542453-f383-4f90-894e-905388d2108f_0.jpg">PlayMedia(&quot;plugin://plugin.video.livestream/?url=%2Flive_now&amp;mode=104&amp;name=%5BCOLOR%3DFF00B7EB%2F%5DKCPQ+-+24%2F7%5B%2FCOLOR%5D&amp;icon=http%3A%2F%2Fimg.new.livestream.com%2Fevents%2F0000000000318559%2Fc7542453-f383-4f90-894e-905388d2108f_0.jpg&amp;event_id=3245401&amp;owner_id=9486768&amp;video_id=LIVE&amp;sf_options=fanart%3Dspecial%3A%2F%2Fhome%2Faddons%5Cplugin.video.livestream%2Ffanart.jpg%26winID%3D10025%26desc%3DNone%26_options_sf&quot;)</favourite>
	<favourite name="WWOR - Seccacus, NJ" thumb="http://img.new.livestream.com/events/0000000000278eea/682235a7-5f78-42a8-b8a1-b384577e1ecf_0.jpg">PlayMedia(&quot;plugin://plugin.video.livestream/?url=%2Flive_now&amp;mode=104&amp;name=%5BCOLOR%3DFF00B7EB%2F%5DWWOR+-+24%2F7%5B%2FCOLOR%5D&amp;icon=http%3A%2F%2Fimg.new.livestream.com%2Fevents%2F0000000000278eea%2F682235a7-5f78-42a8-b8a1-b384577e1ecf_0.jpg&amp;event_id=2592490&amp;owner_id=6372957&amp;video_id=LIVE&amp;sf_options=fanart%3Dspecial%3A%2F%2Fhome%2Faddons%5Cplugin.video.livestream%2Ffanart.jpg%26winID%3D10025%26desc%3DNone%26_options_sf&quot;)</favourite>
	<favourite name="FOX25 - Boston" thumb="http://img.new.livestream.com/events/000000000027a5fc/396e30aa-1a15-4099-b7f5-41a2ba6b743c_0.jpg">PlayMedia(&quot;plugin://plugin.video.livestream/?url=%2Flive_now&amp;mode=104&amp;name=%5BCOLOR%3DFF00B7EB%2F%5DWFXT+-+24%2F7%5B%2FCOLOR%5D&amp;icon=http%3A%2F%2Fimg.new.livestream.com%2Fevents%2F000000000027a5fc%2F396e30aa-1a15-4099-b7f5-41a2ba6b743c_0.jpg&amp;event_id=2598396&amp;owner_id=6396048&amp;video_id=LIVE&amp;sf_options=fanart%3Dspecial%3A%2F%2Fhome%2Faddons%5Cplugin.video.livestream%2Ffanart.jpg%26winID%3D10025%26desc%3DNone%26_options_sf&quot;)</favourite>
	<favourite name="FOX5 - Las Vegas" thumb="http://img.new.livestream.com/events/00000000002950ae/002fc1ac-d1ac-420c-a1d5-015636d6639f_0.jpg">PlayMedia(&quot;plugin://plugin.video.livestream/?url=%2Flive_now&amp;mode=104&amp;name=%5BCOLOR%3DFF00B7EB%2F%5DKVVU+-+24%2F7%5B%2FCOLOR%5D&amp;icon=http%3A%2F%2Fimg.new.livestream.com%2Fevents%2F00000000002950ae%2F002fc1ac-d1ac-420c-a1d5-015636d6639f_0.jpg&amp;event_id=2707630&amp;owner_id=6910894&amp;video_id=LIVE&amp;sf_options=fanart%3Dspecial%3A%2F%2Fhome%2Faddons%5Cplugin.video.livestream%2Ffanart.jpg%26winID%3D10025%26desc%3DNone%26_options_sf&quot;)</favourite>
</favourites>