<favourites>
	<favourite name="Random Cartoons 1" thumb="">PlayMedia(&quot;plugin://plugin.stream.vaughnlive.tv/?sourcetype=auto&amp;img=http%3A%2F%2Fcdn.vaughnsoft.com%2Fvaughnsoft%2Fvaughn%2Fimg_profiles%2Fchrisdave2_320.jpg&amp;title=chrisdave2&amp;url=http%3A%2F%2Fvaughnlive.tv%2Fchrisdave2&amp;section=&amp;site=&amp;mode=PlayLiveStream&amp;fimg=http%3A%2F%2Fcdn.vaughnsoft.com%2Fvaughnsoft%2Fvaughnlive%2Fimg_backgrounds%2Fchrisdave2.jpg&amp;channel=chrisdave2&amp;sf_options=winID%3D10025%26_options_sf&quot;)</favourite>
	<favourite name="Random Cartoons 2" thumb="">PlayMedia(&quot;plugin://plugin.stream.vaughnlive.tv/?sourcetype=auto&amp;img=http%3A%2F%2Fcdn.vaughnsoft.com%2Fvaughnsoft%2Fvaughn%2Fimg_profiles%2Fchrisdave4_320.jpg&amp;title=chrisdave4&amp;url=http%3A%2F%2Fvaughnlive.tv%2Fchrisdave4&amp;section=&amp;site=&amp;mode=PlayLiveStream&amp;fimg=http%3A%2F%2Fcdn.vaughnsoft.com%2Fvaughnsoft%2Fvaughnlive%2Fimg_backgrounds%2Fchrisdave4.jpg&amp;channel=chrisdave4&amp;sf_options=winID%3D10025%26_options_sf&quot;)</favourite>
	<favourite name="Random Cartoons 3" thumb="">PlayMedia(&quot;plugin://plugin.stream.vaughnlive.tv/?sourcetype=auto&amp;img=http%3A%2F%2Fcdn.vaughnsoft.com%2Fvaughnsoft%2Fvaughn%2Fimg_profiles%2Fimprov_animation_320.jpg&amp;title=improv+animation&amp;url=http%3A%2F%2Fvaughnlive.tv%2Fimprov_animation&amp;section=&amp;site=&amp;mode=PlayLiveStream&amp;fimg=http%3A%2F%2Fcdn.vaughnsoft.com%2Fvaughnsoft%2Fvaughnlive%2Fimg_backgrounds%2Fimprov_animation.jpg&amp;channel=improv_animation&amp;sf_options=winID%3D10025%26_options_sf&quot;)</favourite>
	<favourite name="Random Cartoons 4" thumb="">PlayMedia(&quot;plugin://plugin.stream.vaughnlive.tv/?sourcetype=auto&amp;img=http%3A%2F%2Fcdn.vaughnsoft.com%2Fvaughnsoft%2Fvaughn%2Fimg_profiles%2Fimprov_animation2_320.jpg&amp;title=improv+animation2&amp;url=http%3A%2F%2Fvaughnlive.tv%2Fimprov_animation2&amp;section=&amp;site=&amp;mode=PlayLiveStream&amp;fimg=http%3A%2F%2Fcdn.vaughnsoft.com%2Fvaughnsoft%2Fvaughnlive%2Fimg_backgrounds%2Fimprov_animation2.jpg&amp;channel=improv_animation2&amp;sf_options=winID%3D10025%26_options_sf&quot;)</favourite>
</favourites>