<favourites>
	<favourite name="Classic" thumb="http://cdn2-b.examiner.com/sites/default/files/styles/image_content_width/hash/09/48/09481ea8f5a8be47c6cf09a877ef1dd1.jpg?itok=nIBveHCt">ActivateWindow(10025,&quot;plugin://plugin.program.super.favourites/?label=Classic&amp;mode=400&amp;sf_options=&amp;mode=400&amp;path=special%3A%2F%2Fhome%2Faddons%2Fscript.supafav%2FSuper%20Favourites/More%2FKidsTV%5CCartoons%5CClassic&amp;sf_options=fanart%3DNULL%26_options_sf&quot;,return)</favourite>
	<favourite name="KidsTime" thumb="http://venturebeat.com/wp-content/uploads/2015/02/YouTube-Kids-App-Icon.png">PlayMedia(&quot;plugin://plugin.video.supercartoons/?mode=100&amp;title=Kids+Time&amp;image=C%3A%5Ckodi%5Cportable_data%5Caddons%5Cplugin.video.supercartoons%5Cresources%5Cartwork%5Ckidstime.png&amp;page=1&amp;sf_options=winID%3D10025%26_options_sf&quot;,return)</favourite>
	<favourite name="Classic Characters" thumb="special://home/addons\plugin.video.supercartoons\resources\artwork\characters.png">ActivateWindow(10025,&quot;plugin://plugin.video.supercartoons/?image=C%3a%5ckodi15f%5cportable_data%5caddons%5cplugin.video.supercartoons%5cresources%5cartwork%5ccharacters.png&amp;mode=400&amp;page=1&amp;title=Characters&amp;sf_options=fanart%3Dspecial%3A%2F%2Fhome%2Faddons%5Cplugin.video.supercartoons%5Cfanart.jpg%26_options_sf&quot;,return)</favourite>
	<favourite name="[COLOR lime]LEGO EPISODES[/COLOR]" thumb="http://icons.iconarchive.com/icons/hopstarter/sleek-xp-software/128/Lego-Designer-icon.png">ActivateWindow(10025,&quot;plugin://plugin.video.kidsflix/?fanart=http%3a%2f%2ficons.iconarchive.com%2ficons%2fhopstarter%2fsleek-xp-software%2f128%2fLego-Designer-icon.png&amp;mode=1&amp;name=%5bCOLOR%20lime%5dLEGO%20EPISODES%5b%2fCOLOR%5d&amp;url=http%3a%2f%2fpastebin.com%2fraw.php%3fi%3d%20DTz8ErGJ&amp;sf_options=fanart%3Dhttp%3A%2F%2Ficons.iconarchive.com%2Ficons%2Fhopstarter%2Fsleek-xp-software%2F128%2FLego-Designer-icon.png%26_options_sf&quot;,return)</favourite>
	<favourite name="Kiddie Cartoons" thumb="special://home/addons\plugin.video.kiddiecartoons\icon.png">ActivateWindow(10025,&quot;plugin://plugin.video.kiddiecartoons/?sf_options=fanart%3Dspecial%3A%2F%2Fhome%2Faddons%5Cplugin.video.kiddiecartoons%5Cfanart.jpg%26_options_sf&quot;,return)</favourite>
	<favourite name="Toonjet" thumb="special://home/addons\plugin.video.toonjet\icon.png">ActivateWindow(10025,&quot;plugin://plugin.video.toonjet/&amp;sf_options=&quot;)</favourite>
	<favourite name="Cartoon Shows" thumb="http://s6.postimg.org/r7jjrnz7l/Cartoonland.png">ActivateWindow(10025,&quot;plugin://plugin.video.phstreams/?action=ndmode&amp;audio=0&amp;content=0&amp;fanart=http%3a%2f%2fs6.postimg.org%2f4ph8mo5q9%2fBackdrop.png&amp;image=http%3a%2f%2fs6.postimg.org%2fr7jjrnz7l%2fCartoonland.png&amp;name=%5bCOLOR%20orangered%5dC%5b%2fCOLOR%5d%5bCOLOR%20white%5dARTOON%5b%2fCOLOR%5d%20%5bCOLOR%20orangered%5dL%5b%2fCOLOR%5d%5bCOLOR%20white%5dAND%5b%2fCOLOR%5d&amp;playable=false&amp;tvshow=0&amp;url=http%3a%2f%2fzenica.watchkodi.com%2fDirectories%2fKids%2520Directories%2fCartoonland%2520Directory.xml&amp;sf_options=fanart%3Dhttp%3A%2F%2Fs6.postimg.org%2F4ph8mo5q9%2FBackdrop.png%26desc%3DDiscover+Great+Streaming+Playlists%21%26_options_sf&quot;,return)</favourite>
	<favourite name="Cartoons" thumb="special://home/addons\plugin.video.YouTube_Vault\resources\img\Cartoons.png">ActivateWindow(10025,&quot;plugin://plugin.video.YouTube_Vault/?mode=12&amp;name=Cartoons&amp;url=url&amp;sf_options=fanart%3Dspecial%3A%2F%2Fhome%2Faddons%5Cplugin.video.YouTube_Vault%5Cfanart.jpg%26_options_sf&quot;,return)</favourite>
</favourites>