<favourites>
	<favourite name="ProSport" thumb="special://home/addons\plugin.video.prosport\icon.png">ActivateWindow(10025,&quot;plugin://plugin.video.prosport/&quot;,return)</favourite>
	<favourite name="B-Streams" thumb="special://home/addons\plugin.video.SportsDevil\resources\images\bundesligastream.png">ActivateWindow(10025,&quot;plugin://plugin.video.SportsDevil/?item=title%3dBundesliga-Streams.net%26url%3dlivesports%252Fbundesliga-streams.net.cfg%26definedIn%3dlivesports.cfg%26director%3dbundesliga-streams.net%26genre%3dLive%2bSports%26type%3drss%26icon%3dC%253A%255Ckodi%255Cportable_data%255Caddons%255Cplugin.video.SportsDevil%255Cresources%255Cimages%255Cbundesligastream.png&amp;mode=1&quot;,return)</favourite>
	
	<favourite name="StreamHunter" thumb="special://home/addons\plugin.video.SportsDevil\resources\images\lshunter_tv.png">ActivateWindow(10025,&quot;plugin://plugin.video.SportsDevil/?item=title%3dLive%26url%3dhttp%253A%252F%252Fwww.batmanstream.com%252Ffree-live-streaming-videos-2.html%26cfg%3dlshunter-new.cfg%2540Events%26definedIn%3dlivesports%252Flshunter-new.cfg%26director%3dLSHunter.tv%26genre%3dLive%2bSports%26type%3drss%26icon%3dC%253A%255Ckodi%255Cportable_data%255Caddons%255Cplugin.video.SportsDevil%255Cresources%255Cimages%255Clshunter_tv.png&amp;mode=1&amp;sf_options=fanart%3Dspecial%3A%2F%2Fhome%2Faddons%5Cplugin.video.SportsDevil%5Cfanart.jpg%26_options_sf&quot;,return)</favourite>
	<favourite name="StreamHD.eu" thumb="special://home/addons\plugin.video.SportsDevil\resources\images\streamhd.png">ActivateWindow(10025,&quot;plugin://plugin.video.SportsDevil/?item=videoTitle%3d%252ASchedule%252A%26title%3d%252ASchedule%252A%26url%3dhttp%253A%252F%252Fstreamhd.eu%26cfg%3dstreamhd.eu.cfg%2540Schedule%26definedIn%3dtv%252Fstreamhd.eu.cfg%26director%3dstreamhd.eu%26genre%3dTV%26type%3donce%26icon%3dC%253A%255Ckodi%255Cportable_data%255Caddons%255Cplugin.video.SportsDevil%255Cresources%255Cimages%255Cstreamhd.png&amp;mode=1&quot;,return)</favourite>
	
	<favourite name="Dimsports.eu" thumb="special://home/addons\plugin.video.SportsDevil\resources\images\dimsports.png">ActivateWindow(10025,&quot;plugin://plugin.video.SportsDevil/?item=title%3dDimsports.eu%26url%3dlivesports%252Fdimsports.eu.cfg%26definedIn%3dlivesports.cfg%26director%3ddimsports.eu%26genre%3dLive%2bSports%26type%3drss%26icon%3dC%253A%255Ckodi%255Cportable_data%255Caddons%255Cplugin.video.SportsDevil%255Cresources%255Cimages%255Cdimsports.png&amp;mode=1&amp;sf_options=fanart%3Dspecial%3A%2F%2Fhome%2Faddons%5Cplugin.video.SportsDevil%5Cfanart.jpg%26_options_sf&quot;,return)</favourite>
	<favourite name="" thumb="">ActivateWindow(10025,&quot;plugin://plugin.video.null&quot;)</favourite>
	
	<favourite name="Sportie" thumb="">ActivateWindow(10025,&quot;plugin://plugin.video.sportie/&quot;,return)</favourite>
	
	
	<favourite name="Cricket" thumb="http://theclipartwizard.com/images/Cricket.png">ActivateWindow(10025,&quot;plugin://plugin.video.SportsDevil/?item=title%3dCricket%26url%3dtv%252Fcricket.cfg%26definedIn%3dtv.cfg%26director%3dCricket%26genre%3dTV%26type%3drss%26icon%3dhttp%253A%252F%252Ftheclipartwizard.com%252Fimages%252FCricket.png&amp;mode=1&amp;sf_options=fanart%3Dspecial%3A%2F%2Fhome%2Faddons%5Cplugin.video.SportsDevil%5Cfanart.jpg%26_options_sf&amp;sf_options=&quot;,)</favourite>
	<favourite name="[COLOR black]StreamHunter[/COLOR]" thumb="special://home/addons\plugin.video.SportsDevil\resources\images\lshunter_tv.png">ActivateWindow(10025,&quot;plugin://plugin.video.SportsDevil/?item=title%3dLSHunter.tv%26url%3dlivesports%252Flshunter-new.cfg%26definedIn%3dlivesports.cfg%26director%3dLSHunter.tv%26genre%3dLive%2bSports%26type%3drss%26icon%3dC%253A%255Ckodi%255Cportable_data%255Caddons%255Cplugin.video.SportsDevil%255Cresources%255Cimages%255Clshunter_tv.png&amp;mode=1&quot;,return)</favourite>
	<favourite name="[COLOR black]AtdheNet.tv[/COLOR]" thumb="special://home/addons\plugin.video.SportsDevil\resources\images\livesports.png">ActivateWindow(10025,&quot;plugin://plugin.video.SportsDevil/?item=title%3dAtdheNet.tv%26url%3dlivesports%252Fatdee.net.cfg%26definedIn%3dlivesports.cfg%26director%3dAtdheNet.tv%26genre%3dLive%2bSports%26type%3drss%26icon%3dC%253A%255Ckodi%255Cportable_data%255Caddons%255Cplugin.video.SportsDevil%255Cresources%255Cimages%255Clivesports.png&amp;mode=1&amp;sf_options=fanart%3Dspecial%3A%2F%2Fhome%2Faddons%5Cplugin.video.SportsDevil%5Cfanart.jpg%26_options_sf&quot;,return)</favourite>
	<favourite name="[COLOR black]Zunox.hk[/COLOR]" thumb="special://home/addons\plugin.video.SportsDevil\resources\images\zunoxlogo3.png">ActivateWindow(10025,&quot;plugin://plugin.video.SportsDevil/?item=title%3dZunox.hk%26url%3dlivesports%252Fslipstreamtv.co.cfg%26definedIn%3dlivesports.cfg%26director%3dzunox.hk%26genre%3dLive%2bSports%26type%3drss%26icon%3dC%253A%255Ckodi%255Cportable_data%255Caddons%255Cplugin.video.SportsDevil%255Cresources%255Cimages%255Czunoxlogo3.png&amp;mode=1&amp;sf_options=fanart%3Dspecial%3A%2F%2Fhome%2Faddons%5Cplugin.video.SportsDevil%5Cfanart.jpg%26_options_sf&quot;,return)</favourite>
	<favourite name="[COLOR black]CricFree.tv[/COLOR]" thumb="http://cricfree.tv/images/cricfree.png">ActivateWindow(10025,&quot;plugin://plugin.video.SportsDevil/?item=title%3d%252ASchedule%252A%26url%3dhttp%253A%252F%252Fcricfree.sc%26cfg%3dcricfree.tv.cfg%2540Schedule%26definedIn%3dtv%252Fcricfree.tv.cfg%26director%3dcricfree.tv%26genre%3dTV%26type%3donce%26icon%3dhttp%253A%252F%252Fcricfree.tv%252Fimages%252Fcricfree.png&amp;mode=1&quot;,return)</favourite>
	
</favourites>