<favourites>
	<favourite name="Weather Settings" thumb="http://www.iconarchive.com/download/i94398/bokehlicia/captiva/weather.ico">ActivateWindow(weathersettings)</favourite>
	<favourite name="Add-ons" thumb="http://schmoozecom.com/assets/img/Add-Ons-Icon.png">ActivateWindow(10025,&quot;plugin://plugin.program.super.favourites/?label=Popular Addons&amp;mode=400&amp;sf_options=&amp;mode=400&amp;path=special%3A%2F%2Fhome%2Faddons%2Fscript.supafav%2FSuper%20Favourites/More%2FPopular%20Addons&amp;sf_options=fanart%3DNULL%26_options_sf&quot;,return)</favourite>
	<favourite name="Appearance" thumb="http://icons.iconseeker.com/png/fullsize/crystal-clear-actions/appearance-2.png">ActivateWindow(10019)</favourite>
	<favourite name="System" thumb="https://lh4.ggpht.com/lQ3HQcoNO7KAuMSiTD_FmU6CsKFTBn7P_qaY5WXJfnjvVQg7AF_hx9g3JkW-vWfE9DQ=w300">ActivateWindow(10025,&quot;plugin://plugin.program.super.favourites/?label=System&amp;mode=400&amp;sf_options=&amp;mode=400&amp;path=special%3A%2F%2Fhome%2Faddons%2Fscript.supafav%2FSuper%20Favourites/More%2FSettings%5CSystem&amp;sf_options=fanart%3DNULL%26_options_sf&amp;sf_options=&quot;)</favourite>
</favourites>