<favourites>
	<favourite name="TV Mix" thumb="special://home/addons\plugin.video.tvmix\icon.png">ActivateWindow(10025,&quot;plugin://plugin.video.tvmix/&quot;,return)</favourite>
	<favourite name="TeeVee" thumb="special://home/addons\plugin.video.teevee\icon.png">ActivateWindow(10025,&quot;plugin://plugin.video.teevee/?sf_options=fanart%3Dspecial%3A%2F%2Fhome%2Faddons%5Cplugin.video.teevee%5Cfanart.jpg%26desc%3DWatch+your+favourite+TV+Shows%21%26_options_sf&quot;,return)</favourite>
	<favourite name="USTV VoD" thumb="special://home/addons\plugin.video.ustvvod\icon.png">ActivateWindow(10025,&quot;plugin://plugin.video.ustvvod/?sf_options=desc%3DYour+Video-on-Demand+streaming+platform+from+US+TV+Networks%26_options_sf&quot;,return)</favourite>
	<favourite name="WABC Programs" thumb="https://raw.githubusercontent.com/moneymaker365/plugin.video.ustvvod/master/resources/images/abcchannel.png">ActivateWindow(10025,&quot;plugin://plugin.video.wabc/?sf_options=desc%3DWABC+Programs+in+1080+from+the+flagship+ABC+station+in+New+York.%26_options_sf&quot;,return)</favourite>
	<favourite name="WNBC Programs" thumb="https://raw.githubusercontent.com/moneymaker365/plugin.video.ustvvod/master/resources/images/nbc.png">ActivateWindow(10025,&quot;plugin://plugin.video.wnbc/?sf_options=desc%3DWNBC+Programs+from+the+flagship+NBC+station+in+New+York.+Programs+include%3A+The+Tonight+Show%2C+NBC+News+and+NBC+Classic+TV.%26_options_sf&quot;,return)</favourite>
	<favourite name="WCBS Programs" thumb="https://raw.githubusercontent.com/moneymaker365/plugin.video.ustvvod/master/resources/images/cbs.png">ActivateWindow(10025,&quot;plugin://plugin.video.wral/?sf_options=desc%3DGet+current+CBS+News%2C+current+and+classic+CBS+programs.%26_options_sf&quot;,return)</favourite>
</favourites>