<favourites>
	<favourite name="[COLOR blue]Live Games[/COLOR]" thumb="DefaultFolder.png">ActivateWindow(10025,&quot;plugin://plugin.video.prosport/?away&amp;home&amp;mode=nba&amp;url&amp;sf_options=&quot;,return)</favourite>
	<favourite name="NBA Replay" thumb="">ActivateWindow(10025,&quot;plugin://plugin.video.nbafullgames/?date=http%3a%2f%2fnbahd.com%2f&amp;foldername=Most%20Recent&amp;mode=games&amp;page=first&quot;,return)</favourite>
	<favourite name="" thumb="">PlayMedia(&quot;plugin://plugin.video.none?sf_options=winID%3D10025%26_options_sf&quot;,return)</favourite>
	<favourite name="Teams" thumb="">ActivateWindow(10025,&quot;plugin://plugin.video.nbafullgames/?foldername=Teams&amp;mode=teams&quot;,return)</favourite>
	<favourite name="NBA.com" thumb="">ActivateWindow(10025,&quot;plugin://plugin.video.nbafullgames/?mode=nbacom&quot;,return)</favourite>
	<favourite name="NBA on Youtube" thumb="">ActivateWindow(10025,&quot;plugin://plugin.video.nbafullgames/?mode=yt_channels&quot;,return)</favourite>
	<favourite name="[COLOR black]NBA Replay[/COLOR]" thumb="special://home/addons\plugin.video.nbafullgames\icon.png">ActivateWindow(10025,&quot;plugin://plugin.video.nbafullgames/&quot;,return)</favourite>
</favourites>