<favourites>
	<favourite name="Recent Games" thumb="special://home/addons\plugin.video.phstreams\resources/media/nhlcom/hockey.jpg">ActivateWindow(10025,&quot;plugin://plugin.video.phstreams/?action=nhlArchives&amp;fanart=C%3a%5ckodi%5cportable_data%5caddons%5cplugin.video.phstreams%5cfanart.jpg&amp;image=C%3a%5ckodi%5cportable_data%5caddons%5cplugin.video.phstreams%5cresources%2fmedia%2fnhlcom%2fhockey.jpg&amp;name=%5bCOLOR%20red%5dArchived%20Games%5b%2fCOLOR%5d&amp;url=Archived&amp;sf_options=fanart%3Dspecial%3A%2F%2Fhome%2Faddons%5Cplugin.video.phstreams%5Cfanart.jpg%26_options_sf&quot;,return)</favourite>
	<favourite name="NHL On-demand" thumb="special://home/addons\plugin.video.nhlondemand\icon.png">ActivateWindow(10025,&quot;plugin://plugin.video.nhlondemand?sf_options=fanart%3Dspecial%3A%2F%2Fhome%2Faddons%5Cplugin.video.nhlondemand%5Cfanart.jpg%26desc%3DVisit+TVADDONS.ag+for+support%26_options_sf&quot;,return)</favourite>
	<favourite name="The Best Of Hockey Fights" thumb="http://s7.postimg.org/la55kflgr/Hockey_Fights.jpg">ActivateWindow(10025,&quot;plugin://plugin.video.phstreams/?action=ndmode&amp;audio=0&amp;content=0&amp;fanart=http%3a%2f%2fcoolbackgroundhd.com%2fwp-content%2fuploads%2f2015%2f04%2fangels-wings-fire-wallpaper.jpg&amp;image=http%3a%2f%2fs7.postimg.org%2fla55kflgr%2fHockey_Fights.jpg&amp;name=The%20Best%20Of%20Hockey%20Fights&amp;playable=false&amp;tvshow=0&amp;url=http%3a%2f%2fgibraltar.watchkodi.com%2fHockeyFights%2fhockeyfightsdirectory.xml&amp;sf_options=fanart%3Dhttp%3A%2F%2Fcoolbackgroundhd.com%2Fwp-content%2Fuploads%2F2015%2F04%2Fangels-wings-fire-wallpaper.jpg%26desc%3DDiscover+Great+Streaming+Playlists%21%26_options_sf&quot;,return)</favourite>
	<favourite name="NBA and NHL Live Streams" thumb="special://home/addons\plugin.video.nbanhlstreams\icon.png">ActivateWindow(10025,&quot;plugin://plugin.video.nbanhlstreams/?sf_options=desc%3DLive+HD+streams+from+www.nbastream.net+and+www.nhlstream.net%26_options_sf&quot;,return)</favourite>
</favourites>