<favourites>
	<favourite name="HD Releases" thumb="http://s8.postimg.org/4j128hdmt/HDNew.jpg">ActivateWindow(10025,&quot;plugin://plugin.video.phstreams/?action=ndmode&amp;audio=0&amp;content=0&amp;fanart=http%3a%2f%2fwallcomphd.com%2fwp-content%2fuploads%2f2015%2f06%2f3D-The-Hunger-Games-Mockingjay-Logo-Wallpaper.jpg&amp;image=http%3a%2f%2fs8.postimg.org%2f4j128hdmt%2fHDNew.jpg&amp;name=%5bCOLOR%20red%5dHD%5b%2fCOLOR%5d%20Releases&amp;playable=false&amp;tvshow=0&amp;url=http%3a%2f%2fgibraltar.watchkodi.com%2fMovies%2fNEWHD.xml&amp;sf_options=fanart%3Dhttp%3A%2F%2Fwallcomphd.com%2Fwp-content%2Fuploads%2F2015%2F06%2F3D-The-Hunger-Games-Mockingjay-Logo-Wallpaper.jpg%26desc%3DDiscover+Great+Streaming+Playlists%21%26_options_sf&quot;,return)</favourite>
	<favourite name="New Releases" thumb="http://s3.postimg.org/58uxtll6r/New_Releases.jpg">ActivateWindow(10025,&quot;plugin://plugin.video.phstreams/?action=ndmode&amp;audio=0&amp;content=0&amp;fanart=http%3a%2f%2fimg05.deviantart.net%2f6db8%2fi%2f2013%2f337%2fb%2ff%2fuprising_of_the_mockingjay_by_sikundoto-d6wm4rz.jpg&amp;image=http%3a%2f%2fs3.postimg.org%2f58uxtll6r%2fNew_Releases.jpg&amp;name=New%20Releases&amp;playable=false&amp;tvshow=0&amp;url=http%3a%2f%2fgibraltar.watchkodi.com%2fMovies%2fLatestRelease.xml&amp;sf_options=fanart%3Dhttp%3A%2F%2Fimg05.deviantart.net%2F6db8%2Fi%2F2013%2F337%2Fb%2Ff%2Fuprising_of_the_mockingjay_by_sikundoto-d6wm4rz.jpg%26desc%3DDiscover+Great+Streaming+Playlists%21%26_options_sf&quot;,return)</favourite>
	<favourite name="Current Movies" thumb="http://s5.postimg.org/7myi619vr/Current_Movies.jpg">ActivateWindow(10025,&quot;plugin://plugin.video.phstreams/?action=ndmode&amp;audio=0&amp;content=0&amp;fanart=http%3a%2f%2fs5.postimg.org%2fn5fv921c7%2fFan_art.png&amp;image=http%3a%2f%2fs5.postimg.org%2f7myi619vr%2fCurrent_Movies.jpg&amp;name=%5bCOLOR%20yellow%5dCurrent%20Movies%5b%2fCOLOR%5d&amp;playable=false&amp;tvshow=0&amp;url=http%3a%2f%2fyork.watchkodi.com%2fPlaylists%2fCurrent%2520Movies.xml&amp;sf_options=fanart%3Dhttp%3A%2F%2Fs5.postimg.org%2Fn5fv921c7%2FFan_art.png%26desc%3DDiscover+Great+Streaming+Playlists%21%26_options_sf&quot;,return)</favourite>
	<favourite name="Newly Added" thumb="http://s14.postimg.org/fnlkeb2u9/newmovies.png">ActivateWindow(10025,&quot;plugin://plugin.video.phstreams/?action=ndmode&amp;audio=0&amp;content=0&amp;fanart=http%3a%2f%2f7-themes.com%2fdata_images%2fout%2f59%2f6973439-beautiful-forest-photos.jpg&amp;image=http%3a%2f%2fs14.postimg.org%2ffnlkeb2u9%2fnewmovies.png&amp;name=%5bCOLOR%20blue%5dNewly%20Added%5b%2fCOLOR%5d&amp;playable=false&amp;tvshow=0&amp;url=http%3a%2f%2fhonolulu.watchkodi.com%2fPlaylists%2fNew%2520Releases.xml&amp;sf_options=fanart%3Dhttp%3A%2F%2F7-themes.com%2Fdata_images%2Fout%2F59%2F6973439-beautiful-forest-photos.jpg%26desc%3DDiscover+Great+Streaming+Playlists%21%26_options_sf&quot;,return)</favourite>
	<favourite name="" thumb="">PlayMedia(&quot;plugin://plugin.video.none?sf_options=winID%3D10025%26_options_sf&quot;,return)</favourite>
	<favourite name="New in HD" thumb="http://powerschool.mmhsbulldogs.org/pincludes/new%20(2).png">ActivateWindow(10025,&quot;plugin://plugin.video.phstreams/?action=ndmode&amp;audio=0&amp;content=0&amp;fanart=http%3a%2f%2fi.imgur.com%2fW7qRvEq.png&amp;image=http%3a%2f%2fi.imgur.com%2ftgiZgd3.png&amp;name=2015%20HD%20movies&amp;playable=false&amp;tvshow=0&amp;url=http%3a%2f%2ftuzla.watchkodi.com%2f2015%2520HD.xml&amp;sf_options=fanart%3Dhttp%3A%2F%2Fi.imgur.com%2FW7qRvEq.png%26desc%3DDiscover+Great+Streaming+Playlists%21%26_options_sf&quot;,return)</favourite>
	<favourite name="[COLOR azure]More...[/COLOR]" thumb="special://home/addons\plugin.video.xmovies8\icon.png">ActivateWindow(10025,&quot;plugin://plugin.program.super.favourites/?folder=Movies%2FRecently Added%5CMore&quot;,return)</favourite>
	<favourite name="Latest Movies" thumb="special://home/addons\plugin.video.origin2\resources\media\gone\moviesAdded.jpg">ActivateWindow(10025,&quot;plugin://plugin.video.origin2/?action=movieWidget&amp;sf_options=fanart%3Dspecial%3A%2F%2Fhome%2Faddons%5Cplugin.video.origin2%5Cresources%5Cmedia%5Cgone%5Cfanart.jpg%26_options_sf&quot;,return)</favourite>

</favourites>