<favourites>
	<favourite name="njmlive_matchday" thumb="special://home/addons\plugin.video.NJMLive/icon.png">ActivateWindow(10025,&quot;plugin://plugin.video.NJMLive/?mode=1&amp;name=njmlive_matchday&amp;url=njmlive_matchday.m3u&quot;,return)</favourite>
	<favourite name="Live Games - B-Streams" thumb="special://home/addons\plugin.video.SportsDevil\resources\images\bundesligastream.png">ActivateWindow(10025,&quot;plugin://plugin.video.SportsDevil/?item=title%3dBundesliga-Streams.net%26url%3dlivesports%252Fbundesliga-streams.net.cfg%26definedIn%3dlivesports.cfg%26director%3dbundesliga-streams.net%26genre%3dLive%2bSports%26type%3drss%26icon%3dC%253A%255Ckodi%255Cportable_data%255Caddons%255Cplugin.video.SportsDevil%255Cresources%255Cimages%255Cbundesligastream.png&amp;mode=1&quot;,return)</favourite>
	<favourite name="Live Games - StreamHunter" thumb="special://home/addons\plugin.video.SportsDevil\resources\images\lshunter_tv.png">ActivateWindow(10025,&quot;plugin://plugin.video.SportsDevil/?item=title%3dFootball%26url%3dhttp%253A%252F%252Fwww.batmanstream.com%252Ffootball-live-streaming-video-2016-3.html%26cfg%3dlshunter-new.cfg%2540Events%26definedIn%3dlivesports%252Flshunter-new.cfg%26director%3dLSHunter.tv%26genre%3dLive%2bSports%26type%3drss%26icon%3dC%253A%255Ckodi%255Cportable_data%255Caddons%255Cplugin.video.SportsDevil%255Cresources%255Cimages%255Clshunter_tv.png&amp;mode=1&quot;,return)</favourite>
	<favourite name="Live Games - ShowSport" thumb="special://home/addons\plugin.video.SportsDevil\resources\images\showsport.png">ActivateWindow(10025,&quot;plugin://plugin.video.SportsDevil/?item=title%3d%252ASchedule%252A%26url%3dhttp%253A%252F%252Fshowsport-tv.com%26cfg%3dshowsport-tv.com.cfg%2540Schedule%26definedIn%3dtv%252Fshowsport-tv.com.cfg%26director%3dshowsport-tv.com%26genre%3dTV%26type%3drss%26icon%3dC%253A%255Ckodi%255Cportable_data%255Caddons%255Cplugin.video.SportsDevil%255Cresources%255Cimages%255Cshowsport.png&amp;mode=1&quot;,return)</favourite>
	<favourite name="Live Games - CricFree" thumb="http://cricfree.tv/images/cricfree.png">ActivateWindow(10025,&quot;plugin://plugin.video.SportsDevil/?item=title%3d%252ASchedule%252A%26url%3dhttp%253A%252F%252Fcricfree.sc%26cfg%3dcricfree.tv.cfg%2540Schedule%26definedIn%3dtv%252Fcricfree.tv.cfg%26director%3dcricfree.tv%26genre%3dTV%26type%3donce%26icon%3dhttp%253A%252F%252Fcricfree.tv%252Fimages%252Fcricfree.png&amp;mode=1&quot;,return)</favourite>
	<favourite name="Live Games - HDfree.tv" thumb="special://home/addons\plugin.video.SportsDevil\resources\images\hdfree.png">ActivateWindow(10025,&quot;plugin://plugin.video.SportsDevil/?item=title%3d%252ASchedule%252A%26url%3dhttp%253A%252F%252Ffreehdsport.com%26cfg%3dfreesport.cfg%2540Schedule%26definedIn%3dtv%252Ffreesport.cfg%26director%3dHDFree.tv%26genre%3dTV%26type%3drss%26icon%3dC%253A%255Ckodi%255Cportable_data%255Caddons%255Cplugin.video.SportsDevil%255Cresources%255Cimages%255Chdfree.png&amp;mode=1&quot;,return)</favourite>
	<favourite name="HDfree.tv" thumb="special://home/addons\plugin.video.SportsDevil\resources\images\hdfree.png">ActivateWindow(10025,&quot;plugin://plugin.video.SportsDevil/?item=title%3dHDFree.tv%26url%3dtv%252Ffreesport.cfg%26definedIn%3dtv.cfg%26director%3dHDFree.tv%26genre%3dTV%26type%3drss%26icon%3dC%253A%255Ckodi%255Cportable_data%255Caddons%255Cplugin.video.SportsDevil%255Cresources%255Cimages%255Chdfree.png&amp;mode=1&quot;,return)</favourite>
	<favourite name="MamaHD" thumb="special://home/addons\plugin.video.SportsDevil\resources\images\mamahd.png">ActivateWindow(10025,&quot;plugin://plugin.video.SportsDevil/?item=title%3dMamaHD.com%26url%3dtv%252Fmamahd.com.cfg%26definedIn%3dtv.cfg%26director%3dmamahd.com%26genre%3dTV%26type%3drss%26icon%3dC%253A%255Ckodi%255Cportable_data%255Caddons%255Cplugin.video.SportsDevil%255Cresources%255Cimages%255Cmamahd.png&amp;mode=1&quot;,return)</favourite>
	<favourite name="Live Events" thumb="http://icons.iconarchive.com/icons/joker-design/3d-sports/128/sailing-ship-icon.png">ActivateWindow(10025,&quot;plugin://plugin.program.super.favourites/?label=Live Events&amp;mode=400&amp;folder=Sports%2FLive%20Events&amp;sf_options=fanart%3DC%3A%5Ckodi%5Caddons%5Cplugin.program.super.favourites%5Cfanart.jpg%26_options_sf&quot;)</favourite>
	<favourite name="[COLOR black]NJMLive[/COLOR]" thumb="special://home/addons\plugin.video.NJMLive\icon.png">ActivateWindow(10025,&quot;plugin://plugin.video.NJMLive/&quot;,return)</favourite>
</favourites>