<favourites>
	
	<favourite name="RetroArch" thumb="">PlayMedia(&quot;plugin://plugin.video.water/?url=http%3A%2F%2Fbuildbot.libretro.com%2Fstable%2F1.3.4%2Fandroid%2FRetroArch.apk&amp;mode=3&amp;name=RetroArch&amp;description=Install RetroArch&quot;)</favourite>
	<favourite name="Duck Tails" thumb="">PlayMedia(&quot;plugin://plugin.video.water/?url=http%3A%2F%2Fdl1.revdownload.com%2Fdl1%2F1601%2FDuckTales_Remastered_v1.0.3_Revdl.com.apk&amp;mode=3&amp;name=DuckTales&amp;description=Install Duck Tales&quot;)</favourite>
	<favourite name="HalfLife EP1" thumb="">PlayMedia(&quot;plugin://plugin.video.water/?url=https://ia801501.us.archive.org/13/items/lkl011602/Half-Life%202%20Episode%20One%20v56.zip&amp;mode=3&amp;name=HalfLifeEP1&amp;description=HalfLife EP1&quot;)</favourite>
	<favourite name="NBA Jam" thumb="">PlayMedia(&quot;plugin://plugin.video.water/?url=http%3A%2F%2Fdl1.revdownload.com%2Fdl1%2F2015%2F1501%2Fnba_jam_by_ea_sports_V04.00.08_revdl.com.apk&amp;mode=3&amp;name=NBA Jam&amp;description=Install NBA Jam&quot;)</favourite>
	<favourite name="MFTInstaller" thumb="">PlayMedia(&quot;plugin://plugin.video.water/?url=http%3A%2F%2Fwww.mtlfreetv.com%2Fapks%2FMFTInstaller.apk&amp;mode=3&amp;name=MFTInstaller&amp;description=Install MFTInstaller&quot;)</favourite>
	<favourite name="BitGames Centre" thumb="">PlayMedia(&quot;plugin://plugin.video.water/?url=http%3A%2F%2Fforum.xda-developers.com%2Fattachment.php%3Fattachmentid%3D2846189%26d%3D1405107994&amp;mode=3&amp;name=BitGamesCentre&amp;description=BitGames Centre&quot;)</favourite>
	<favourite name="HappyChickTV" thumb="">PlayMedia(&quot;plugin://plugin.video.water/?url=http%3A%2F%2Fwww.xiaoji001.com%2Fdownload%2Ftv%2Fxiaoji.apk&amp;mode=3&amp;name=HappyChickTV&amp;description=Install HappyChickTV&quot;)</favourite>
	<favourite name="GamePad Assitant" thumb="">PlayMedia(&quot;plugin://plugin.video.water/?url=http%3A%2F%2Fforum.xda-developers.com%2Fattachment.php%3Fattachmentid%3D2846198%26d%3D1405108186&amp;mode=3&amp;name=GamePadAssitant&amp;description=Install GamePad Assitant&quot;)</favourite>
	<favourite name="iPega GameCentre" thumb="">PlayMedia(&quot;plugin://plugin.video.water/?url=http%3A%2F%2Fforum.xda-developers.com%2Fattachment.php%3Fattachmentid%3D2846185%26d%3D1405107904&amp;mode=3&amp;name=iPegaGameCentre&amp;description=Install iPega GameCentre&quot;)</favourite>
	<favourite name="iPega Touch" thumb="">PlayMedia(&quot;plugin://plugin.video.water/?url=http%3A%2F%2Fforum.xda-developers.com%2Fattachment.php%3Fattachmentid%3D2846186%26d%3D1405107917&amp;mode=3&amp;name=iPegaTouch&amp;description=Install iPega Touch&quot;)</favourite>
</favourites>