<favourites>
	
	<favourite name="Documentaries" thumb="https://github.com/jurialmunkey/skin.eminence.2/raw/master/extras/icons/musicvideo.png">ActivateWindow(10025,&quot;plugin://plugin.program.super.favourites/?mode=400&amp;folder=more/Documentaries&amp;sf_options=&quot;)</favourite>
	<favourite name="KidsTV" thumb="https://github.com/jurialmunkey/skin.eminence.2/raw/master/extras/icons/octo.png">ActivateWindow(10025,&quot;plugin://plugin.program.super.favourites/?mode=400&amp;folder=more/KidsTV&amp;sf_options=&quot;,return)</favourite>
	<--! favourite name="Stand-Up" thumb="https://lh6.ggpht.com/JH8vf9T54XQET1h-BgpvZrXedGkWEqG-K9DSgf_TXlU2r0WpM3NlZ817a3F9Ch83aBg=w300">ActivateWindow(10025,&quot;plugin://plugin.video.phstreams/?action=directory&amp;url=http%3a%2f%2fone242415.offshorepastebin.com%2fCollections%2fStandup.xml&quot;,return)</favourite>
	<--! favourite name="Stand-Up" thumb="https://github.com/jurialmunkey/skin.eminence.2/raw/master/extras/icons/quote.png">ActivateWindow(10025,&quot;plugin://plugin.video.phstreams/?action=directory&amp;url=http%3a%2f%2fbeaub.srve.io%2fbeausplace%2fstandup.xml&quot;,return)</favourite>
	<favourite name="Stand-Up" thumb="https://github.com/jurialmunkey/skin.eminence.2/raw/master/extras/icons/quote.png">ActivateWindow(10025,&quot;plugin://plugin.video.origin2/?action=movies&amp;url=http%3A%2F%2Fwww.imdb.com%2Flist%2Fls069510197&quot;,return)</favourite>
	

	
	<favourite name="Education" thumb="https://github.com/jurialmunkey/skin.eminence.2/raw/master/extras/icons/lightbulb.png">ActivateWindow(10025,&quot;plugin://plugin.program.super.favourites/?mode=400&amp;folder=more/Education&amp;sf_options=&quot;,return)</favourite>
	<--! favourite name="Tech News" thumb="https://github.com/jurialmunkey/skin.eminence.2/raw/master/extras/icons/sysinfo.png">ActivateWindow(10025,&quot;plugin://plugin.program.super.favourites/?mode=400&amp;folder=more/Tech News&amp;sf_options=&quot;,return)</favourite>
	<favourite name="Music" thumb="https://github.com/jurialmunkey/skin.eminence.2/raw/master/extras/icons/songs.png">ActivateWindow(10025,&quot;plugin://plugin.program.super.favourites/?mode=400&amp;folder=more%5CMusic&amp;sf_options=&quot;)</favourite>
	<favourite name="WasteTime" thumb="https://github.com/jurialmunkey/skin.eminence.2/raw/master/extras/icons/timer.png">ActivateWindow(10025,&quot;plugin://plugin.program.super.favourites/?mode=400&amp;folder=more%5CWasteTime&amp;sf_options=&quot;,return)</favourite>
	<favourite name="YouTube" thumb="https://github.com/jurialmunkey/skin.eminence.2/raw/master/extras/icons/youtube.png">ActivateWindow(10025,&quot;plugin://plugin.video.youtube/&quot;,return)</favourite>
	<--! favourite name="Library" thumb="https://github.com/jurialmunkey/skin.eminence.2/raw/master/extras/icons/filebox.png">ActivateWindow(10025,&quot;plugin://plugin.program.super.favourites/?mode=400&amp;folder=more/Library&amp;sf_options=&quot;)</favourite>
	<favourite name="" thumb="">PlayMedia(&quot;?sf_options=winID%3D10001%26_options_sf&quot;)</favourite>
	<favourite name="" thumb="">ActivateWindow(10025,&quot;plugin://plugin.program.null/&quot;,return)</favourite>
	<favourite name="" thumb="">ActivateWindow(10025,&quot;plugin://plugin.program.null/&quot;,return)</favourite>
	<favourite name="" thumb="">ActivateWindow(10025,&quot;plugin://plugin.program.null/&quot;,return)</favourite>
	<favourite name="" thumb="">ActivateWindow(10025,&quot;plugin://plugin.program.null/&quot;,return)</favourite>
	<favourite name="" thumb="">ActivateWindow(10025,&quot;plugin://plugin.program.null/&quot;,return)</favourite>
	<favourite name="Restricted Zone" thumb="https://github.com/jurialmunkey/skin.eminence.2/raw/master/extras/icons/forbidden.png">ActivateWindow(10025,&quot;plugin://plugin.program.super.favourites/?mode=400&amp;folder=More/xAdult&amp;sf_options=&quot;,return)</favourite>
	<favourite name="Settings" thumb="https://github.com/jurialmunkey/skin.eminence/raw/master/extras/icons/settings.png">ActivateWindow(10025,&quot;plugin://plugin.program.super.favourites/?mode=400&amp;folder=More/Settings&amp;sf_options=&quot;,return)</favourite>
	<favourite name="TESTING" thumb="special://home/addons\plugin.video.yt-cook\icon.png">ActivateWindow(10025,&quot;plugin://plugin.program.super.favourites/?mode=400&amp;folder=more/TESTING&amp;sf_options=&quot;)</favourite>
</favourites>