<favourites>
	<favourite name="World TV - islive" thumb="http://www.icangiveyouhouse.com/audio/2010/09/world-in-black-and-white-hands-1.jpg">ActivateWindow(10025,&quot;plugin://plugin.video.israelive/?categoryid=9999&amp;description&amp;displayname=10556&amp;iconimage=http%3a%2f%2fwww.icangiveyouhouse.com%2faudio%2f2010%2f09%2fworld-in-black-and-white-hands-1.jpg&amp;mode=2&amp;name=%5bCOLOR%20blue%5d%5bB%5d%5bWorld%20-%20%d7%a2%d7%95%d7%9c%d7%9d%5d%5b%2fB%5d%5b%2fCOLOR%5d&amp;url&amp;sf_options=fanart%3Dhttp%3A%2F%2Fwww.icangiveyouhouse.com%2Faudio%2F2010%2F09%2Fworld-in-black-and-white-hands-1.jpg%26_options_sf&quot;,return)</favourite>
	<favourite name="[B]Non-English/International[/B]" thumb="special://home/addons\plugin.video.ccloudtv\resources/icons//international.png">ActivateWindow(10025,&quot;plugin://plugin.video.ccloudtv/?iconimage=C%3a%5ckodi%5cportable_data%5caddons%5cplugin.video.ccloudtv%5cresources%2ficons%2f%2finternational.png&amp;mode=64&amp;name=%5bCOLOR%20royalblue%5d%5bB%5dNon-English%2fInternational%5b%2fB%5d%5b%2fCOLOR%5d&amp;url=international&amp;sf_options=fanart%3Dspecial%3A%2F%2Fhome%2Faddons%5Cplugin.video.ccloudtv%5Cfanart.jpg%26_options_sf&quot;,return)</favourite>
	<favourite name="FilmON.TV" thumb="https://superrepo.org/static/images/icons/original/xplugin.video.filmon.png.pagespeed.ic.3J28DkfxkJ.png">ActivateWindow(10025,&quot;plugin://plugin.video.SportsDevil/?item=title%3dFilmOn.com%26url%3dcustoms%252Ffilmon.com.cfg%26definedIn%3dcustoms.cfg%26director%3dfilmon.com%26genre%3dLive%2bTV%26type%3drss%26icon%3dhttp%253A%252F%252Fwww.filmon.com%252Ftv%252Fthemes%252Ffilmontv%252Fimg%252Fnew-filmon-logo.png&amp;mode=1&amp;sf_options=fanart%3Dspecial%3A%2F%2Fhome%2Faddons%5Cplugin.video.SportsDevil%5Cfanart.jpg%26_options_sf&quot;,return)</favourite>
	<favourite name="S2" thumb="special://home/addons\plugin.video.SportsDevil\resources\images\folder.png">ActivateWindow(10025,&quot;plugin://plugin.video.SportsDevil/?item=title%3dS2%26url%3dcustoms%252Fs2.cfg%26definedIn%3dcustoms.cfg%26director%3dS2%26genre%3dLive%2bTV%26type%3drss%26icon%3d&amp;mode=1&amp;sf_options=fanart%3Dspecial%3A%2F%2Fhome%2Faddons%5Cplugin.video.SportsDevil%5Cfanart.jpg%26_options_sf&quot;,return)</favourite>
	<favourite name="USA Channels" thumb="special://home/addons\plugin.video.castaway\resources/media/shadownet.png">ActivateWindow(10025,&quot;plugin://plugin.video.castaway/?mode=open_tv_cat&amp;site=shadownet&amp;url=http%3a%2f%2fwww.shadownet.me%2fcategories%2fUSA-Channels%2f&quot;,return)</favourite>
	<favourite name="United States" thumb="http://www.stream2watch.co/images/countries/us.png|Referer=http://www.stream2watch.co/&amp;User-Agent=Mozilla/5.0 (Windows NT 6.3) AppleWebKit/537.36 (KHTML, like Gecko) Chrome/48.0.2564.97 Safari/537.36">ActivateWindow(10025,&quot;plugin://plugin.video.SportsDevil/?item=title%3dUnited%2bStates%26url%3dhttp%253A%252F%252Fwww.stream2watch.co%252Flive-tv%252Fus%26cfg%3ds2.cfg%2540Channels%26definedIn%3dcustoms%252Fs2.cfg%26director%3dS2%26genre%3dLive%2bTV%26type%3drss%26_icon%3dhttp%253A%252F%252Fwww.stream2watch.co%252Fimages%252Fcountries%252Fus.png%26icon%3dhttp%253A%252F%252Fwww.stream2watch.co%252Fimages%252Fcountries%252Fus.png%257CReferer%253Dhttp%253A%252F%252Fwww.stream2watch.co%252F%2526User-Agent%253DMozilla%252F5.0%2b%2528Windows%2bNT%2b6.3%2529%2bAppleWebKit%252F537.36%2b%2528KHTML%252C%2blike%2bGecko%2529%2bChrome%252F48.0.2564.97%2bSafari%252F537.36&amp;mode=1&amp;sf_options=fanart%3Dspecial%3A%2F%2Fhome%2Faddons%5Cplugin.video.SportsDevil%5Cfanart.jpg%26_options_sf&quot;,return)</favourite>
	<favourite name="TVGuide: UK" thumb="special://home/addons\script.ftvguide\icon.png">RunScript(&quot;script.ftvguide?sf_options=fanart%3Dspecial%3A%2F%2Fhome%2Faddons%5Cscript.ftvguide%5Cfanart.jpg%26desc%3DTFTV+Guide+allows+you+to+combine+some+of+your+favourite+live+TV+plugins+for+use+with+a+fully+working+EPG%26_options_sf&quot;)</favourite>
	<favourite name="TVGuide: All" thumb="special://home/addons\script.watertv\icon.png">RunScript(&quot;script.watertvguide/&quot;)</favourite>
</favourites>