<favourites>
	<favourite name="FreeViewTV" thumb="http://granlundkompetanse.no/wp-content/uploads/united_kingdom.png">ActivateWindow(10025,&quot;plugin://plugin.video.israelive/?description&amp;displayname=Favourites&amp;iconimage=http%3a%2f%2fcdn3.tnwcdn.com%2ffiles%2f2010%2f07%2fbright_yellow_star.png&amp;mode=16&amp;name=%5bCOLOR%20green%5d%5bB%5d%5bFavourites%5d%5b%2fB%5d%5b%2fCOLOR%5d&amp;url=favorites&amp;sf_options=fanart%3Dhttp%3A%2F%2F3.bp.blogspot.com%2F-vVfHI8TbKA4%2FUBAbrrZay0I%2FAAAAAAAABRM%2FdPFgXAnF8Sg%2Fs1600%2Fretro-tv-icon.jpg%26_options_sf&quot;,return)</favourite>
	<favourite name="News" thumb="https://moosocial.com/wp-content/uploads/2015/11/livenews-icon.png">ActivateWindow(10025,&quot;plugin://plugin.program.super.favourites/?folder=News&quot;,return)</favourite>
	<favourite name="Sports" thumb="http://www.playitmobi.com/images/apps/icon_sports.png">ActivateWindow(10025,&quot;plugin://plugin.program.super.favourites/?folder=Sports&quot;,return)</favourite>
	<favourite name="Shows" thumb="https://lh3.googleusercontent.com/-sgovNKw7kE4/AAAAAAAAAAI/AAAAAAAAAA4/O-LuEQ8j-Rw/photo.jpg">ActivateWindow(10025,&quot;plugin://plugin.program.super.favourites/?folder=LiveTV/Shows&quot;,return)</favourite>
	<favourite name="Foregin" thumb="https://norahcolvin.files.wordpress.com/2013/10/anonymous_globe_of_flags_1.png">ActivateWindow(10025,&quot;plugin://plugin.program.super.favourites/?folder=Livetv/Foregin&quot;,return)</favourite>
	<favourite name="Plugins" thumb="http://icons.iconarchive.com/icons/vladgohn/adobe-folders/512/plugin-folder-icon.png">ActivateWindow(10025,&quot;plugin://plugin.program.super.favourites/?folder=LiveTV/Plugins&quot;,return)</favourite>
</favourites>