<favourites>
	<favourite name="Watch TV Series" thumb="special://home/addons\plugin.video.mdwatchtvseries\icon.png">ActivateWindow(10025,&quot;plugin://plugin.video.mdwatchtvseries?sf_options=fanart%3Dspecial%3A%2F%2Fhome%2Faddons%5Cplugin.video.mdwatchtvseries%5Cfanart.jpg%26desc%3DStream+Content+From+The+tvwatchtvseries.com+WebSite%26_options_sf&quot;,return)</favourite>
	<favourite name="TeeVee" thumb="https://offshoregit.com/natko1412/plugin.video.teevee/icon.png">ActivateWindow(10025,&quot;plugin://plugin.video.teevee/?sf_options=desc%3DWatch+your+favourite+TV+Shows%21%26_options_sf&quot;,return)</favourite>
	<favourite name="Rlseries" thumb="special://home/addons\plugin.video.rlseriesER\icon.png">ActivateWindow(10025,&quot;plugin://plugin.video.rlseriesER/&amp;&quot;,return)</favourite>
	<favourite name="ProjectFreeTV" thumb="http://s20.postimg.org/cx0jfbg0p/project_free_tv.jpg?noCache=1369862974">ActivateWindow(10025,&quot;plugin://plugin.video.pftvso?sf_options=fanart%3Dspecial%3A%2F%2Fhome%2Faddons%5Cplugin.video.pftvso%5Cfanart.jpg%26desc%3DWatch+movies+and+TV+Shows+available+at+projectfreetv.so%26_options_sf&quot;,return)</favourite>
	<favourite name="TubePlus" thumb="special://home/addons\plugin.video.tubeplus\icon.png">ActivateWindow(10025,&quot;plugin://plugin.video.tubeplus/&amp;&quot;,return)</favourite>
	<favourite name="DubStop" thumb="special://home/addons\plugin.video.dubstop\icon.png">ActivateWindow(10025,&quot;plugin://plugin.video.dubstop/&amp;&quot;,return)</favourite>
	<favourite name="TvOnline" thumb="special://home/addons\plugin.video.tvonlineER\icon.png">ActivateWindow(10025,&quot;plugin://plugin.video.tvonlineER/&amp;&quot;,return)</favourite>
	<favourite name="MD.Watchseries" thumb="special://home/addons\plugin.video.mdws\icon.png">ActivateWindow(10025,&quot;plugin://plugin.video.mdws/&amp;&quot;,return)</favourite>
	<favourite name="StreamThis.Tv" thumb="special://home/addons\plugin.video.streamthisER\icon.png">ActivateWindow(10025,&quot;plugin://plugin.video.streamthisER/&amp;&quot;,return)</favourite>
	<favourite name="MerDB Shows" thumb="special://home/addons\plugin.video.merdbshows\icon.png">ActivateWindow(10025,&quot;plugin://plugin.video.merdbshows?sf_options=fanart%3Dspecial%3A%2F%2Fhome%2Faddons%5Cplugin.video.merdbshows%5Cfanart.jpg%26desc%3DWatch+TV+Shows+from+MerDB%26_options_sf&quot;,return)</favourite>
	<favourite name="Watch4free" thumb="special://home/addons\plugin.video.watch4free\icon.png">ActivateWindow(10025,&quot;plugin://plugin.video.watch4free?sf_options=fanart%3Dspecial%3A%2F%2Fhome%2Faddons%5Cplugin.video.watch4free%5Cfanart.jpg%26desc%3DCredits+to+MK+for+the+base+of+the+addon%26_options_sf&quot;,return)</favourite>
	<favourite name="USTV VoD" thumb="https://raw.githubusercontent.com/moneymaker365/plugin.video.ustvvod/master/icon.png">ActivateWindow(10025,&quot;plugin://plugin.video.ustvvod/?sf_options=desc%3DYour+Video-on-Demand+streaming+platform+from+US+TV+Networks%26_options_sf&quot;,return)</favourite>
</favourites>