<favourites>
	<favourite name="USTVNow" thumb="https://watch.ustvnow.com/assets/ustvnow/ico/apple-touch-icon-144x144.png">ActivateWindow(10025,&quot;plugin://plugin.video.ustvnow.tva/?mode=live&quot;,return)</favourite>
	
	<--! favourite name="Mobdro [COLOR black](TV)[/COLOR]" thumb="http://rawapk.com/wp-content/uploads/2016/05/Mobdro-Icon.png">PlayMedia(&quot;plugin://plugin.video.water/?url=https://archive.org/download/mobdro_20160821/mobdro.apk&amp;mode=12&amp;name=Mobdro&amp;description=com.mobdro.android&amp;sf_options=winID%3D10025%26_options_sf&quot;)</favourite>
	<favourite name="Mobdro [COLOR black](TV)[/COLOR]" thumb="http://rawapk.com/wp-content/uploads/2016/05/Mobdro-Icon.png">StartAndroidActivity(&quot;org.mozilla.firefox,android.intent.action.VIEW&quot;,,&quot;cnn&quot;)</favourite>
	<favourite name="UKLiveTV [COLOR black](TV)[/COLOR]" thumb="https://cdn6.aptoide.com/imgs/9/4/7/947c9686a9f69007b7d8dd66cdcd74b3.png">PlayMedia(&quot;plugin://plugin.video.water/?url=http://uktvnow.net/download/UKTVNowFirestick7.7.apk&amp;mode=12&amp;name=UKLiveTV&amp;description=com.livetv.android.apps.uktvnow.firestick&amp;sf_options=winID%3D10025%26_options_sf&quot;)</favourite>
	<favourite name="Movies" thumb="https://lh3.googleusercontent.com/-6L0P-m9LBu0/AAAAAAAAAAI/AAAAAAAAAAA/sv18rObM38s/photo.jpg">ActivateWindow(10025,&quot;plugin://plugin.program.super.favourites/?label=Random Movies&amp;mode=400&amp;folder=LiveTV%2FShows%2FRandom%20Movies&amp;sf_options=fanart%3Dspecial%3A%2F%2Fhome%2Faddons%5Cplugin.program.super.favourites%5Cfanart.jpg%26_options_sf&quot;)</favourite>
	<favourite name="PlayersKlub (BETA)" thumb="http://rocketdock.com/images/screenshots/TV-Guide.png">ActivateWindow(10025,&quot;plugin://plugin.video.playklub/?action=stream_video&amp;extra&amp;page&amp;plot&amp;thumbnail=&amp;title=All&amp;url=http%3a%2f%2fdns.theplayersklub.us%3a2095%2fenigma2.php%3fusername%3dbeta%26password%3dbeta%26type%3dget_live_streams%26cat_id%3d0&amp;sf_options=meta%3Dlabel%253DAll%2526userrating%253DListItem.userrating%2526title%253DAll%26_options_sf&quot;,return)</favourite>
</favourites>