<favourites>
	<favourite name="FireStopper (Amazon)" thumb="">PlayMedia(&quot;plugin://plugin.video.water/?url=http%3A%2F%2Fforum.xda-developers.com%2Fattachment.php%3Fattachmentid%3D3709025%26d%3D1459908921&amp;mode=3&amp;name=FireStopper&amp;description=Install FireStopper&amp;sf_options=winID%3D10025%26_options_sf&quot;)</favourite>
	<favourite name="AppStarter (Amazon)" thumb="">PlayMedia(&quot;plugin://plugin.video.water/?url=https%3A%2F%2Fgithub.com%2Fsphinx02%2FAppStarter%2Freleases%2Fdownload%2Fv4.0%2FAppStarter-v4.0.apk&amp;mode=3&amp;name=FireStopper&amp;description=Install AppStarter&amp;sf_options=winID%3D10025%26_options_sf&quot;)</favourite>
	<favourite name="SideLoad Launcher (AndroidTV)" thumb="">PlayMedia(&quot;plugin://plugin.video.water/?url=http%3A%2F%2Fforum.xda-developers.com%2Fattachment.php%3Fattachmentid%3D3204194%26d%3D1426022897&amp;mode=3&amp;name=SideLoadLauncher&amp;description=Install SideLoad Launcer (nVidia Shield Only)&amp;sf_options=winID%3D10025%26_options_sf&quot;)</favourite>
	<favourite name="NovaLauncher 4.3 (Android)" thumb="">PlayMedia(&quot;plugin://plugin.video.water/?url=http%3A%2F%2Fnovalauncher.com%2Fapk%2FNovaLauncher_4.3.apk&amp;mode=3&amp;name=NovaLauncher4.3&amp;description=Install Nova Launcher&amp;sf_options=winID%3D10025%26_options_sf&quot;)</favourite>
	<favourite name="[COLOR darkseagreen]XBMCLauncher[/COLOR] (Android)" thumb="">PlayMedia(&quot;plugin://plugin.video.water/?url=http%3A%2F%2Fdl3.apk-dl.com%2Froot%2Fapk%2F2016%2F3%2F22%2Fse.blunden.xbmclauncher_16.apk%3Ff%3DXBMC%2520Launcher_2.5_apk-dl.com.apk&amp;mode=3&amp;name=XBMCLauncher&amp;description=XBMCLauncher&amp;sf_options=winID%3D10025%26_options_sf&quot;)</favourite>
</favourites>