<favourites>
	<favourite name="Arrow" thumb="http://www.josepvinaixa.com/blog/wp-content/uploads/2014/07/Arrow-Season-3-logo1.png">PlayMedia(&quot;http://iptvnation.com/arrow.mp4?sf_options=winID%3D10025%26_options_sf&quot;)</favourite>
	<favourite name="The Grimm" thumb="http://aidyreviewsnet.c.presscdn.com/wp-content/uploads/2012/05/Grimm-Season-1-SUPERFAN.png">PlayMedia(&quot;http://iptvnation.com/grimm.mp4?sf_options=winID%3D10025%26_options_sf&quot;)</favourite>
	<favourite name="Bones" thumb="https://apparitionskateboards.com/wp-content/uploads/2015/04/Bones-Logo.jpg">PlayMedia(&quot;http://iptvnation.com/bones.mp4?sf_options=winID%3D10025%26_options_sf&quot;)</favourite>
	<favourite name="The Mentalist" thumb="http://tvfiles.alphacoders.com/248/clearart-248.png">PlayMedia(&quot;http://iptvnation.com/mentalist.mp4?sf_options=winID%3D10025%26_options_sf&quot;)</favourite>
	<favourite name="StarGate SG1" thumb="http://vignette4.wikia.nocookie.net/stargate/images/b/b9/Sg1-title.jpg/revision/latest?cb=20080425075918">PlayMedia(&quot;http://veetle.com/index.php/hls/streamMbrFast/53f4d3cfbfad1_/stream.m3u8?sf_options=winID%3D10025%26_options_sf&quot;)</favourite>
	<favourite name="StarTrek TNG" thumb="https://upload.wikimedia.org/wikipedia/en/b/bb/TNGopeninglogo.png">PlayMedia(&quot;http://veetle.com/index.php/hls/streamMbrFast/51e482fa02883_/stream.m3u8?sf_options=winID%3D10025%26_options_sf&quot;)</favourite>
	<favourite name="UFC" thumb="http://www.interaksyon.com/interaktv/assets/2015/01/ufc-logo.jpg">PlayMedia(&quot;plugin://plugin.stream.vaughnlive.tv/?sourcetype=auto&amp;title=vaughn&amp;url=http%3A%2F%2Fvaughnlive.tv%2Fprofe3193&amp;section=&amp;site=&amp;mode=PlayLiveStream&amp;channel=profe3193&amp;sf_options=winID%3D10025%26_options_sf&quot;)</favourite>
	<favourite name="Random Shows" thumb="special://home/addons\plugin.stream.vaughnlive.tv\art\misc.jpg">ActivateWindow(10025,&quot;plugin://plugin.stream.vaughnlive.tv/?cat=misc&amp;mode=BrowseCat3&amp;site&amp;type=php&amp;sf_options=fanart%3Dspecial%3A%2F%2Fhome%2Faddons%5Cplugin.stream.vaughnlive.tv%5Cfanart.jpg%26_options_sf&quot;,return)</favourite>
	<favourite name="Veetle" thumb="https://googledrive.com/host/0B-bY5h-uWEgZQVJQZ0lzUTdBeFE/icons/apps/veetle.jpg">ActivateWindow(10025,&quot;plugin://plugin.video.veetle/?category=20&quot;)</favourite>
	<favourite name="Entertainment ([COLOR=blue]44[/COLOR])" thumb="DefaultFolder.png">ActivateWindow(10025,&quot;plugin://plugin.video.veetle/?category=10&quot;,return)</favourite>
	<favourite name="[COLOR blue]Shows - TGUN[/COLOR]" thumb="special://home/addons\plugin.video.tgun/icons/newtv.png">ActivateWindow(10025,&quot;plugin://plugin.video.tgun/?mode=tvchannels&amp;page_num=1&amp;url=http%3a%2f%2fwww.tgun.tv%2fmenus%2fshows%2fchmenu.php&quot;,return)</favourite>
	<favourite name="[COLOR FFFFFFFF]game of thrones9[/COLOR]" thumb="http://cdn.vaughnsoft.com/vaughnsoft/vaughn/img_profiles/game_of_thrones9_320.jpg">PlayMedia(&quot;plugin://plugin.stream.vaughnlive.tv/?sourcetype=auto&amp;img=http%3A%2F%2Fcdn.vaughnsoft.com%2Fvaughnsoft%2Fvaughn%2Fimg_profiles%2Fgame_of_thrones9_320.jpg&amp;title=game+of+thrones9&amp;url=http%3A%2F%2Fvaughnlive.tv%2Fgame_of_thrones9&amp;section=&amp;site=&amp;mode=PlayLiveStream&amp;fimg=http%3A%2F%2Fcdn.vaughnsoft.com%2Fvaughnsoft%2Fvaughnlive%2Fimg_backgrounds%2Fgame_of_thrones9.jpg&amp;channel=game_of_thrones9&amp;sf_options=fanart%3Dhttp%3A%2F%2Fcdn.vaughnsoft.com%2Fvaughnsoft%2Fvaughnlive%2Fimg_backgrounds%2Fgame_of_thrones9.jpg%26winID%3D10025%26_options_sf&quot;)</favourite>
</favourites>