<favourites>
	<favourite name="9-14" thumb="https://upload.wikimedia.org/wikipedia/ru/4/49/4-%D0%B9_%D0%BB%D0%BE%D0%B3%D0%BE%D1%82%D0%B8%D0%BF_Teen_TV.png">ActivateWindow(10025,&quot;plugin://plugin.video.phstreams/?action=ndmode&amp;audio=0&amp;content=0&amp;fanart=http%3a%2f%2fs6.postimg.org%2f4ph8mo5q9%2fBackdrop.png&amp;image=http%3a%2f%2fs6.postimg.org%2fdhtlwm1hd%2fKids_TV.png&amp;name=%5bCOLOR%20orangered%5dK%5b%2fCOLOR%5d%5bCOLOR%20white%5dIDS%5b%2fCOLOR%5d%20%5bCOLOR%20orangered%5dT%5b%2fCOLOR%5d%5bCOLOR%20white%5dV%5b%2fCOLOR%5d&amp;playable=false&amp;tvshow=0&amp;url=http%3a%2f%2fzenica.watchkodi.com%2fDirectories%2fKids%2520Directories%2fKids%2520TV%2520Directory.xml&amp;sf_options=fanart%3Dhttp%3A%2F%2Fs6.postimg.org%2F4ph8mo5q9%2FBackdrop.png%26desc%3DDiscover+Great+Streaming+Playlists%21%26_options_sf&quot;,return)</favourite>
	<favourite name="ToonMania" thumb="special://home/addons\plugin.video.toonmania\icon.png">ActivateWindow(10025,&quot;plugin://plugin.video.toonmania?sf_options=fanart%3Dspecial%3A%2F%2Fhome%2Faddons%5Cplugin.video.toonmania%5Cfanart.jpg%26_options_sf&quot;,return)</favourite>
	<favourite name="SpongeBob" thumb="http://d3u3s1yur1h76d.cloudfront.net/production/session-thumbnails-desktop/50686cb1bbaa9/9e095de81b74bbd918fa37fc2605348f/50686cb1bbaa9_9e095de81b74bbd918fa37fc2605348f_20151229023158_5682611eac06b_128.jpg">PlayMedia(&quot;plugin://plugin.video.veetle/?channel=50686cb1bbaa9&amp;sf_options=winID%3D10025%26_options_sf&quot;)</favourite>
	<favourite name="Cartoon Crazy" thumb="special://home/addons\plugin.video.phstreams/resources/media/phtoons/CartoonCrazy-icon.png">ActivateWindow(10025,&quot;plugin://plugin.video.phstreams/?action=CartoonCrazy&amp;fanart=C%3a%5ckodi%5cportable_data%5caddons%5cplugin.video.phstreams%2fresources%2fmedia%2fphtoons%2fCartoonCrazy-fanart.jpg&amp;image=C%3a%5ckodi%5cportable_data%5caddons%5cplugin.video.phstreams%2fresources%2fmedia%2fphtoons%2fCartoonCrazy-icon.png&amp;url=0&amp;sf_options=fanart%3Dspecial%3A%2F%2Fhome%2Faddons%5Cplugin.video.phstreams%2Fresources%2Fmedia%2Fphtoons%2FCartoonCrazy-fanart.jpg%26_options_sf&quot;,return)</favourite>
</favourites>