<favourites>
	<favourite name="UFC 196: McGregor vs Diaz - Extended Preview" thumb="https://i.ytimg.com/vi/JFsdzOr3z1I/hqdefault.jpg">PlayMedia(&quot;plugin://plugin.video.youtube/play/?video_id=JFsdzOr3z1I&amp;sf_options=winID%3D10025%26_options_sf&quot;)</favourite>
	<favourite name="UFC 196: Inside The Octagon - McGregor vs. Diaz" thumb="https://i.ytimg.com/vi/pQjXinvLXIs/hqdefault.jpg">PlayMedia(&quot;plugin://plugin.video.youtube/play/?video_id=pQjXinvLXIs&amp;sf_options=winID%3D10025%26_options_sf&quot;)</favourite>
	<favourite name="Countdown to UFC 196: Conor McGregor vs Nate Diaz" thumb="https://i.ytimg.com/vi/1m2Qepxdt4Q/hqdefault.jpg">PlayMedia(&quot;plugin://plugin.video.youtube/play/?video_id=1m2Qepxdt4Q&amp;sf_options=winID%3D10025%26_options_sf&quot;)</favourite>
	<favourite name="Countdown to UFC 196: Holly Holm vs Miesha Tate" thumb="https://i.ytimg.com/vi/ysm312JJI_I/hqdefault.jpg">PlayMedia(&quot;plugin://plugin.video.youtube/play/?video_id=ysm312JJI_I&amp;sf_options=winID%3D10025%26_options_sf&quot;)</favourite>
	<favourite name="UFC 196 Embedded: Vlog Series - Episode 1" thumb="https://i.ytimg.com/vi/rbM8rlVVuoY/hqdefault.jpg">PlayMedia(&quot;plugin://plugin.video.youtube/play/?video_id=rbM8rlVVuoY&amp;sf_options=winID%3D10025%26_options_sf&quot;)</favourite>
	<favourite name="UFC 196 Embedded: Vlog Series - Episode 2" thumb="https://i.ytimg.com/vi/QlDtxpyM76s/hqdefault.jpg">PlayMedia(&quot;plugin://plugin.video.youtube/play/?video_id=QlDtxpyM76s&amp;sf_options=winID%3D10025%26_options_sf&quot;)</favourite>
	<favourite name="UFC 196 Embedded: Vlog Series - Episode 3" thumb="https://i.ytimg.com/vi/4KhFQdBK0Q4/hqdefault.jpg">PlayMedia(&quot;plugin://plugin.video.youtube/play/?video_id=4KhFQdBK0Q4&amp;sf_options=winID%3D10025%26_options_sf&quot;)</favourite>
	<favourite name="UFC 196 Pre-fight Press Conference" thumb="https://i.ytimg.com/vi/5Qq6mMVR1ng/hqdefault.jpg">PlayMedia(&quot;plugin://plugin.video.youtube/play/?video_id=5Qq6mMVR1ng&amp;sf_options=winID%3D10025%26_options_sf&quot;)</favourite>
</favourites>