<favourites>
	<favourite name="American Dad *" thumb="http://thetvdb.com/banners/_cache/posters/73141-8.jpg">PlayMedia(&quot;plugin://plugin.video.ccloudtv/?url=http%3A%2F%2F94.23.35.42%2FcCloudTv%2Fparser.php%3Fsurl%3Dhttps%3A%2F%2Fwww.arconaitv.me%2Famerro%2F%7CUser-Agent%3DMozilla%252F5.0%2520%28Windows%2520NT%25206.1%253B%2520WOW64%29%2520AppleWebKit%252F537.36%2520%28KHTML%252C%2520like%2520Gecko%29%2520Chrome%252F47.0.2526.106%2520Safari%252F537.36&amp;mode=1&amp;name=Office&amp;iconimage=&amp;sf_options=winID%3D10025%26_options_sf&quot;,return)</favourite>
	<favourite name="Bobs Burgers *" thumb="http://thetvdb.com/banners/_cache/posters/194031-3.jpg">PlayMedia(&quot;plugin://plugin.video.ccloudtv/?url=http%3A%2F%2F94.23.35.42%2FcCloudTv%2Fparser.php%3Fsurl%3Dhttps%3A%2F%2Fwww.arconaitv.me%2Fbb%2F%7CUser-Agent%3DMozilla%252F5.0%2520%28Windows%2520NT%25206.1%253B%2520WOW64%29%2520AppleWebKit%252F537.36%2520%28KHTML%252C%2520like%2520Gecko%29%2520Chrome%252F47.0.2526.106%2520Safari%252F537.36&amp;mode=1&amp;name=Bobs+Burgers&amp;iconimage=&amp;sf_options=winID%3D10025%26_options_sf&quot;,return)</favourite>
	<favourite name="Family Guy *" thumb="https://upload.wikimedia.org/wikipedia/en/thumb/a/aa/Family_Guy_Logo.svg/335px-Family_Guy_Logo.svg.png">PlayMedia(&quot;plugin://plugin.video.ccloudtv/?url=http%3A%2F%2F94.23.35.42%2FcCloudTv%2Fparser.php%3Fsurl%3Dhttps%3A%2F%2Fwww.arconaitv.me%2Ffg%2F%7CUser-Agent%3DMozilla%252F5.0%2520%28Windows%2520NT%25206.1%253B%2520WOW64%29%2520AppleWebKit%252F537.36%2520%28KHTML%252C%2520like%2520Gecko%29%2520Chrome%252F47.0.2526.106%2520Safari%252F537.36&amp;mode=1&amp;name=Family+Guy&amp;iconimage=&amp;sf_options=winID%3D10025%26_options_sf&quot;,return)</favourite>
	<favourite name="Futurama *" thumb="https://www.arconaitv.me/wp-content/uploads/2015/06/9.png">PlayMedia(&quot;plugin://plugin.video.ccloudtv/?url=http%3A%2F%2F94.23.35.42%2FcCloudTv%2Fparser.php%3Fsurl%3Dhttps%3A%2F%2Fwww.arconaitv.me%2Ffuture%2F%7CUser-Agent%3DMozilla%252F5.0%2520%28Windows%2520NT%25206.1%253B%2520WOW64%29%2520AppleWebKit%252F537.36%2520%28KHTML%252C%2520like%2520Gecko%29%2520Chrome%252F47.0.2526.106%2520Safari%252F537.36&amp;mode=1&amp;name=Futurama&amp;iconimage=&amp;sf_options=winID%3D10025%26_options_sf&quot;,return)</favourite>
	<favourite name="Simpsons *" thumb="http://thetvdb.com/banners/_cache/posters/71663-10.jpg">PlayMedia(&quot;plugin://plugin.video.ccloudtv/?url=http%3A%2F%2F94.23.35.42%2FcCloudTv%2Fparser.php%3Fsurl%3Dhttps%3A%2F%2Fwww.arconaitv.me%2Fs%2F%7CUser-Agent%3DMozilla%252F5.0%2520%28Windows%2520NT%25206.1%253B%2520WOW64%29%2520AppleWebKit%252F537.36%2520%28KHTML%252C%2520like%2520Gecko%29%2520Chrome%252F47.0.2526.106%2520Safari%252F537.36&amp;mode=1&amp;name=Simpsons&amp;iconimage=&amp;sf_options=winID%3D10025%26_options_sf&quot;,return)</favourite>
	<favourite name="South Park *" thumb="http://thetvdb.com/banners/_cache/posters/75897-5.jpg">PlayMedia(&quot;plugin://plugin.video.ccloudtv/?url=http%3A%2F%2F94.23.35.42%2FcCloudTv%2Fparser.php%3Fsurl%3Dhttps%3A%2F%2Fwww.arconaitv.me%2Fsp%2F%7CUser-Agent%3DMozilla%252F5.0%2520%28Windows%2520NT%25206.1%253B%2520WOW64%29%2520AppleWebKit%252F537.36%2520%28KHTML%252C%2520like%2520Gecko%29%2520Chrome%252F47.0.2526.106%2520Safari%252F537.36&amp;mode=1&amp;name=South+Park&amp;iconimage=&amp;sf_options=winID%3D10025%26_options_sf&quot;,return)</favourite>
	<favourite name="Ren and Stimpy" thumb="https://www.arconaitv.me/wp-content/uploads/2015/11/Ren-and-Stimpy.jpg">PlayMedia(&quot;plugin://plugin.video.ccloudtv/?url=http%3A%2F%2F94.23.35.42%2FcCloudTv%2Fparser.php%3Fsurl%3Dhttps%3A%2F%2Fwww.arconaitv.me%2Frenstimp%2F%7CUser-Agent%3DMozilla%252F5.0%2520%28Windows%2520NT%25206.1%253B%2520WOW64%29%2520AppleWebKit%252F537.36%2520%28KHTML%252C%2520like%2520Gecko%29%2520Chrome%252F47.0.2526.106%2520Safari%252F537.36&amp;mode=1&amp;name=RenNStimpty&amp;sf_options=winID%3D10025%26_options_sf&quot;,return)</favourite>
	<favourite name="Cartoon Network" thumb="https://upload.wikimedia.org/wikipedia/commons/thumb/2/2c/Cartoon_Network_2004_logo.svg/220px-Cartoon_Network_2004_logo.svg.png">ActivateWindow(10025,&quot;plugin://plugin.program.super.favourites/?label=Cartoon Network&amp;mode=400&amp;folder=LiveTV%2FShows%2FCartoon%20Network&amp;sf_options=fanart%3DNULL%26_options_sf&quot;)</favourite>
</favourites>