<favourites>
	<favourite name="Pamela Smart and William &quot;Billy&quot; Flynn" thumb="http://www.oxygen.com/sites/nbcuoxygen/files/styles/watch-full-episode-thumbnail--mobile/public/bravo_video_thumbnails/72/943/151203_2947680_Pamela_Smart_and_William__Billy__Flynn_800x450_585264195734.jpg?itok=FgGYRMEr">PlayMedia(&quot;plugin://plugin.video.oxygen/?url=oFNILilWc_4l&amp;mode=GV&amp;sf_options=fanart%3Dhttp%3A%2F%2Ftve-static-oxygen.nbcuni.com%2Fprod%2Fimage%2F72%2F943%2F151203_2947680_Pamela_Smart_and_William__Billy__Flynn_1120x630_585264195736.jpg%26winID%3D10025%26desc%3DA+sexy+teacher+and++her+teenaged+lover+hatch+a+plot+that+rocks+a+nation.+Episode+610%26_options_sf&quot;,return)</favourite>
	<favourite name="Nicole Houchin and John Mackay" thumb="http://www.oxygen.com/sites/nbcuoxygen/files/styles/watch-full-episode-thumbnail--mobile/public/bravo_video_thumbnails/616/267/151202_2947008_Nicole_Houchin_and_John_Mackay_800x450_580465731846.jpg?itok=hRbBMKm0">PlayMedia(&quot;plugin://plugin.video.oxygen/?url=Dzk4xAlLZU7H&amp;mode=GV&amp;sf_options=fanart%3Dhttp%3A%2F%2Ftve-static-oxygen.nbcuni.com%2Fprod%2Fimage%2F616%2F267%2F151202_2947008_Nicole_Houchin_and_John_Mackay_1120x630_580465731848.jpg%26winID%3D10025%26desc%3DTwo+married+couples%E2%80%99+infidelity+leads+to+one+deadly+home+invasion%2C+and+a+shocking+investigation+that+unveils+a+pair+of+unlikely+suspects.+Episode+609%26_options_sf&quot;,return)</favourite>
	<favourite name="Cassandra Kimbrough and Antonio Drayton" thumb="http://www.oxygen.com/sites/nbcuoxygen/files/styles/watch-full-episode-thumbnail--mobile/public/bravo_video_thumbnails/910/591/151123_2942253_Cassandra_Kimbrough_and_Antonio_Drayton_800x450_575405123766.jpg?itok=d8Vab9Tk">PlayMedia(&quot;plugin://plugin.video.oxygen/?url=PplVSazSctnx&amp;mode=GV&amp;sf_options=fanart%3Dhttp%3A%2F%2Ftve-static-oxygen.nbcuni.com%2Fprod%2Fimage%2F910%2F591%2F151123_2942253_Cassandra_Kimbrough_and_Antonio_Drayton_1120x630_575405123769.jpg%26winID%3D10025%26desc%3DA+red+hot+romance+comes+to+a+fiery+end+when+jealousy+threatens+to+rip+two+lovers+apart.+Is+it+a+crime+of+passion+or+a+cold+blooded+conspiracy+Episode+608%26_options_sf&quot;,return)</favourite>
	<favourite name="Antoinette Stephen and Kashif Parvaiz" thumb="http://www.oxygen.com/sites/nbcuoxygen/files/styles/watch-full-episode-thumbnail--mobile/public/bravo_video_thumbnails/851/234/151117_2938706_Antoinette_Stephen_and_Kashif_Parvaiz_800x450_572120131882.jpg?itok=PvCl8RjK">PlayMedia(&quot;plugin://plugin.video.oxygen/?url=2GqfgmGhf2cy&amp;mode=GV&amp;sf_options=fanart%3Dhttp%3A%2F%2Ftve-static-oxygen.nbcuni.com%2Fprod%2Fimage%2F851%2F234%2F151117_2938706_Antoinette_Stephen_and_Kashif_Parvaiz_1120x630_572120131884.jpg%26winID%3D10025%26desc%3DWhen+a+family+is+attacked+on+the+side+of+the+road+in+an+apparent+hate+crime%3B+investigators+uncover+a+crime+of+passion%2C+lust%2C+and+revenge.+Episode+607%26_options_sf&quot;,return)</favourite>
	<favourite name="Brandi Hungerford and Robert Lemke" thumb="http://www.oxygen.com/sites/nbcuoxygen/files/styles/watch-full-episode-thumbnail--mobile/public/bravo_video_thumbnails/14/127/151109_2934155_Brandi_Hungerford_and_Robert_Lemke_800x450_566950467508.jpg?itok=RyQmeqE4">PlayMedia(&quot;plugin://plugin.video.oxygen/?url=ALJrdFO_4KE2&amp;mode=GV&amp;sf_options=fanart%3Dhttp%3A%2F%2Ftve-static-oxygen.nbcuni.com%2Fprod%2Fimage%2F14%2F127%2F151109_2934155_Brandi_Hungerford_and_Robert_Lemke_1120x630_566950467510.jpg%26winID%3D10025%26desc%3DAn+Arizona+high-roller%E2%80%99s+luck+runs+out+when+two+strippers+conspire+to+take+his+life.+Episode+606%26_options_sf&quot;,return)</favourite>
	<favourite name="Dena Riley and Richard Dean Davis" thumb="http://www.oxygen.com/sites/nbcuoxygen/files/styles/watch-full-episode-thumbnail--mobile/public/bravo_video_thumbnails/595/943/151028_2927819_Dena_Riley_and_Richard_Dean_Davis_800x450_556823619585.jpg?itok=bT9HS9c9">PlayMedia(&quot;plugin://plugin.video.oxygen/?url=5rlFFkPkzl9_&amp;mode=GV&amp;sf_options=fanart%3Dhttp%3A%2F%2Ftve-static-oxygen.nbcuni.com%2Fprod%2Fimage%2F595%2F943%2F151028_2927819_Dena_Riley_and_Richard_Dean_Davis_1120x630_556823619587.jpg%26winID%3D10025%26desc%3DTwo+love-obsessed+grocery+store+employees+find+passion+among+the+aisles+and+come+up+with+a+deadly+plan+to+begin+their+lives+together.+Episode+604%26_options_sf&quot;,return)</favourite>
	<favourite name="Jennifer Pan and Daniel Wong" thumb="http://www.oxygen.com/sites/nbcuoxygen/files/styles/watch-full-episode-thumbnail--mobile/public/bravo_video_thumbnails/554/807/151021_2924441_Jennifer_Pan_and_Daniel_Wong_anvver_1.jpg?itok=TFYIKJpg">PlayMedia(&quot;plugin://plugin.video.oxygen/?url=hGO0wzDijm18&amp;mode=GV&amp;sf_options=fanart%3Dhttp%3A%2F%2Ftve-static-oxygen.nbcuni.com%2Fprod%2Fimage%2F554%2F807%2F151021_2924441_Jennifer_Pan_and_Daniel_Wong_anvver_1.jpg%26winID%3D10025%26desc%3DOverprotective+parents+lead+a+love-struck+couple+down+a+murderous+path.+Episode+603%26_options_sf&quot;,return)</favourite>
	<favourite name="Harlow Cuadra and Joe Kerekes" thumb="http://www.oxygen.com/sites/nbcuoxygen/files/styles/watch-full-episode-thumbnail--mobile/public/bravo_video_thumbnails/219/151/151014_2921265_Harlow_Cuadra_and_Joe_Kerekes_anvver_1_800x450_546764355522.jpg?itok=4WcvpCZX">PlayMedia(&quot;plugin://plugin.video.oxygen/?url=nNKxLbSwI0iS&amp;mode=GV&amp;sf_options=fanart%3Dhttp%3A%2F%2Ftve-static-oxygen.nbcuni.com%2Fprod%2Fimage%2F219%2F151%2F151014_2921265_Harlow_Cuadra_and_Joe_Kerekes_anvver_1_1120x630_546764355524.jpg%26winID%3D10025%26desc%3DA+Virginia+couple%E2%80%99s+desperation+leaves+their+gay+porn+empire+in+ashes.+Episode+602%26_options_sf&quot;,return)</favourite>
	<favourite name="Stephanie Molino &amp; Coty Young" thumb="http://www.oxygen.com/sites/nbcuoxygen/files/styles/watch-full-episode-thumbnail--mobile/public/bravo_video_thumbnails/304/915/151002_2915657_Stephanie_Molino___Coty_Young_800x450_542559299950.jpg?itok=0DqXnJ5X">PlayMedia(&quot;plugin://plugin.video.oxygen/?url=mw067knPyE2c&amp;mode=GV&amp;sf_options=fanart%3Dhttp%3A%2F%2Ftve-static-oxygen.nbcuni.com%2Fprod%2Fimage%2F304%2F915%2F151002_2915657_Stephanie_Molino___Coty_Young_1120x630_542559299954.jpg%26winID%3D10025%26desc%3DA+hostile+living+environment+between+feuding+couples+leaves+two+dead+and+an+apartment+in+flames.+Episode+601%26_options_sf&quot;,return)</favourite>
</favourites>