<favourites>
	<favourite name="MetalKettles Addon Repository" thumb="special://home/addons\repository.metalkettle\icon.png">ActivateWindow(10040,&quot;addons://repository.metalkettle/?sf_options=desc%3DDownload+and+install+addons+from+MetalKettle%26_options_sf&quot;,return)</favourite>
	<favourite name="Mucky Ducks Repo" thumb="special://home/addons\repository.mdrepo\icon.png">ActivateWindow(10040,&quot;addons://repository.mdrepo/?sf_options=desc%3DDownload+And+Install+Addons+Developed+By+Mucky+Duck+And+Various+Other+Developers%26_options_sf&quot;,return)</favourite>
	<favourite name="The Entertainment Repository" thumb="special://home/addons\repository.entertainmentrepo\icon.png">ActivateWindow(10040,&quot;addons://repository.entertainmentrepo?sf_options=fanart%3Dspecial%3A%2F%2Fhome%2Faddons%5Crepository.entertainmentrepo%5Cfanart.jpg%26desc%3DDownload+and+install+addons+by+Mr+Entertainment%26_options_sf&quot;,return)</favourite>
	<favourite name=".[COLOR blue].Kodisrael [/COLOR][COLOR white] Repository [/COLOR]" thumb="special://home/addons\repository.kodil\icon.png">ActivateWindow(10040,&quot;addons://repository.kodil/?sf_options=desc%3Dkodisrael+repository+-+the+most+extensive+repository+in+israel%26_options_sf&quot;,return)</favourite>
</favourites>