<favourites>
	<favourite name="SideLoad Launcher" thumb="https://lh4.ggpht.com/RzAG20v5dw-rXGcCncPm2jQu2hNdO6l0IvIPxJsIo1OwKDO_BMgvYVSnDEBU4ZkEAcpC">PlayMedia(&quot;plugin://plugin.video.apkdownload/?url=http%3A%2F%2Fforum.xda-developers.com%2Fattachment.php%3Fattachmentid%3D3204194%26d%3D1426022897&amp;mode=1&amp;name=SideLoad+Launcher&amp;description=&amp;sf_options=winID%3D10025%26_options_sf&quot;)</favourite>
	<favourite name="Tetris" thumb="">PlayMedia(&quot;plugin://plugin.video.apkdownload/?url=https%3A%2F%2Fdrive.google.com%2Fuc%3Fexport%3Ddownload%26id%3D0B6iWE6_ZHNEzOVdpVFhFZzB2ejA&amp;d=1&amp;mode=1&amp;name=Tetris&amp;description=&amp;sf_options=winID%3D10025%26_options_sf&quot;)</favourite>
	<favourite name="More Apps..." thumb="http://2.bp.blogspot.com/-R1tyOQoBlG4/UtNjxfzsexI/AAAAAAAAEqg/n6oryF_qXz8/s1600/download-button-android-new.png">ActivateWindow(10025,&quot;plugin://plugin.video.apkdownload/&quot;)</favourite>
	<favourite name="GAMES" thumb="special://home/addons\plugin.video.GenieTv\resources\art\APK.png">ActivateWindow(10025,&quot;plugin://plugin.video.GenieTv/?mode=2031&amp;name=GAMES&amp;url=http%3a%2f%2fdownload.elitedili.com%2fAndroid%2fGames%2520Apk%2f&quot;,return)</favourite>
	<favourite name="APTOIDE SOURCE" thumb="special://home/addons\plugin.video.GenieTv\resources\art\APK.png">ActivateWindow(10025,&quot;plugin://plugin.video.GenieTv/?mode=2031&amp;name=APTOIDE%20SOURCE&amp;url=http%3a%2f%2fdl2.melidownload.com%2fandroid%2f&quot;,return)</favourite>
	<favourite name="Apk SOURCE 2015" thumb="special://home/addons\plugin.video.GenieTv\resources\art\APK.png">ActivateWindow(10025,&quot;plugin://plugin.video.GenieTv/?mode=2031&amp;name=Apk%20SOURCE%202015&amp;url=http%3a%2f%2fcirrus.turtil.net%2fpi2%2fapk%2f&quot;,return)</favourite>
</favourites>