<favourites>
	<favourite name="adBlock Browser" thumb="">PlayMedia(&quot;plugin://plugin.video.water/?url=https%3A%2F%2Fupdate.adblockplus.org%2Flatest%2Fadblockplusandroid.apk&amp;mode=3&amp;name=adBlockBrowser&amp;description=Install adBlock Browser&quot;)</favourite>
	<favourite name="Amazon Underground" thumb="">PlayMedia(&quot;plugin://plugin.video.water/?url=https%3A%2F%2Famazonadsi-a.akamaihd.net%2Fpublic%2Fsnuffy%2Fus_stable%2Fdefault%2Fus%2FAmazon_App.apk&amp;mode=3&amp;name=amazonUnderground&amp;description=Amazon Underground&quot;)</favourite>
	<favourite name="Aptoide" thumb="">PlayMedia(&quot;plugin://plugin.video.water/?url=http://pool.apk.aptoide.com/1/aptoide-7.apk&amp;mode=3&amp;name=Aptoide&amp;description=Install Aptoide&quot;)</favourite>
	<favourite name="Aptoide Lite" thumb="">PlayMedia(&quot;plugin://plugin.video.water/?url=http://pool.apk.aptoide.com/1/aptoidelitev-1.0.1.apk&amp;mode=3&amp;name=Aptoide Lite&amp;description=Install Aptoide Lite&quot;)</favourite>
	
	
	<favourite name="AptoideTV" thumb="">PlayMedia(&quot;plugin://plugin.video.water/?url=http%3A%2F%2Fwebservices.aptoide.com%2Fapkinstall%2Fapk%3Fuid%3D18819138%26store%3Dwatertv&amp;mode=3&amp;name=AptoideTV&amp;description=Install AptoideTV&quot;)</favourite>
	<favourite name="Mobdro" thumb="">PlayMedia(&quot;plugin://plugin.video.water/?url=https%3A%2F%2Fwww.mobdro.com%2Flb%2Fdownloads%2Fmobdro.apk&amp;mode=3&amp;name=Mobdro&amp;description=Install Mobdro&quot;)</favourite>
	<favourite name="TeamViewerQS" thumb="">PlayMedia(&quot;plugin://plugin.video.water/?url=http%3A%2F%2Fdownload.teamviewer.com%2Fdownload%2FTeamViewerQS.apk&amp;mode=3&amp;name=TeamViewerQS&amp;description=Install TeamViewerQS&quot;)</favourite>
	<favourite name="XBMCLauncher" thumb="">PlayMedia(&quot;plugin://plugin.video.water/?url=http%3A%2F%2Fdl3.apk-dl.com%2Froot%2Fapk%2F2016%2F3%2F22%2Fse.blunden.xbmclauncher_16.apk%3Ff%3DXBMC%2520Launcher_2.5_apk-dl.com.apk&amp;mode=3&amp;name=XBMCLauncher&amp;description=XBMCLauncher&quot;)</favourite>

</favourites>