<favourites>
	<favourite name="World TV - islive" thumb="http://www.icangiveyouhouse.com/audio/2010/09/world-in-black-and-white-hands-1.jpg">ActivateWindow(10025,&quot;plugin://plugin.video.israelive/?categoryid=9999&amp;description&amp;displayname=10556&amp;iconimage=http%3a%2f%2fwww.icangiveyouhouse.com%2faudio%2f2010%2f09%2fworld-in-black-and-white-hands-1.jpg&amp;mode=2&amp;name=%5bCOLOR%20blue%5d%5bB%5d%5bWorld%20-%20%d7%a2%d7%95%d7%9c%d7%9d%5d%5b%2fB%5d%5b%2fCOLOR%5d&amp;url&amp;sf_options=fanart%3Dhttp%3A%2F%2Fwww.icangiveyouhouse.com%2Faudio%2F2010%2F09%2Fworld-in-black-and-white-hands-1.jpg%26_options_sf&quot;,return)</favourite>
	<favourite name="[B]Non-English/International[/B]" thumb="special://home/addons\plugin.video.ccloudtv\resources/icons//international.png">ActivateWindow(10025,&quot;plugin://plugin.video.ccloudtv/?iconimage=C%3a%5ckodi%5cportable_data%5caddons%5cplugin.video.ccloudtv%5cresources%2ficons%2f%2finternational.png&amp;mode=64&amp;name=%5bCOLOR%20royalblue%5d%5bB%5dNon-English%2fInternational%5b%2fB%5d%5b%2fCOLOR%5d&amp;url=international&amp;sf_options=fanart%3Dspecial%3A%2F%2Fhome%2Faddons%5Cplugin.video.ccloudtv%5Cfanart.jpg%26_options_sf&quot;,return)</favourite>
	<favourite name="FilmON.TV" thumb="https://superrepo.org/static/images/icons/original/xplugin.video.filmon.png.pagespeed.ic.3J28DkfxkJ.png">ActivateWindow(10025,&quot;plugin://plugin.video.SportsDevil/?item=title%3dFilmOn.com%26url%3dcustoms%252Ffilmon.com.cfg%26definedIn%3dcustoms.cfg%26director%3dfilmon.com%26genre%3dLive%2bTV%26type%3drss%26icon%3dhttp%253A%252F%252Fwww.filmon.com%252Ftv%252Fthemes%252Ffilmontv%252Fimg%252Fnew-filmon-logo.png&amp;mode=1&amp;sf_options=fanart%3Dspecial%3A%2F%2Fhome%2Faddons%5Cplugin.video.SportsDevil%5Cfanart.jpg%26_options_sf&quot;,return)</favourite>
	<favourite name="IPTV - Crusader88 International" thumb="http://crusader88.offshorepastebin.com/CrusaderStreams/Countries/crusader88A.png">ActivateWindow(10025,&quot;plugin://plugin.video.phstreams/?action=directory&amp;content=0&amp;url=http%3a%2f%2fcrusader88.offshorepastebin.com%2fCrusaderStreams%2fCountries%2fmain2.xml&quot;,return)</favourite>
</favourites>