<favourites>
	<favourite name="Sundance Movies" thumb="special://home/addons\plugin.video.sundance\icon.png">ActivateWindow(10025,&quot;plugin://plugin.video.sundance/?mode=GC&amp;name=Movies&amp;url=http%3a%2f%2fwww.sundance.tv%2fwatch-now%2fmovies%2f&amp;sf_options=fanart%3Dspecial%3A%2F%2Fhome%2Faddons%5Cplugin.video.sundance%5Cfanart.jpg%26_options_sf&quot;,return)</favourite>
	<favourite name="Crackle Movies" thumb="http://voozy.tv/img/crackle-logo.png">ActivateWindow(10025,&quot;plugin://plugin.video.ustvvod/?fanart=%22C%3a%5ckodi24%5cportable_data%5caddons%5cplugin.video.ustvvod%5cfanart.jpg%22&amp;mode=%22crackle%22&amp;name=%22--Crackle%20Movies%22&amp;sitemode=%22episodes_movies%22&amp;thumb=%22C%3a%5ckodi24%5cportable_data%5caddons%5cplugin.video.ustvvod%5cresources%5cimages%5ccrackle.png%22&amp;url=%22http%3a%2f%2fapi.crackle.com%2fService.svc%2fbrowse%2fmovies%2fall%2fall%2falpha%2fus%3fformat%3djson%22&amp;sf_options=fanart%3Dspecial%3A%2F%2Fhome%2Faddons%5Cplugin.video.ustvvod%5Cfanart.jpg%26_options_sf&quot;)</favourite>
	<favourite name="PopcornFlix" thumb="http://drogan.x10.mx/PSImages/pf_app.png">ActivateWindow(10025,&quot;plugin://plugin.video.popcornflix/&quot;)</favourite>
	<favourite name="Snagfilms" thumb="https://pbs.twimg.com/profile_images/344513261580445284/d5473f35acf972f382b5dfe659f5adb5_400x400.jpeg">ActivateWindow(10025,&quot;plugin://plugin.video.snagfilms?sf_options=desc%3DSnagFilms+offers+a+broad+collection+of+great+movies+you+can+watch+right+now%26_options_sf&quot;,return)</favourite>
	<favourite name="tubitv" thumb="http://etcandroid.com/wp-content/uploads/2015/08/tubi-tv-free-tv-movies.png">ActivateWindow(10025,&quot;plugin://plugin.video.tubitv/?sf_options=desc%3DTubi+TV+has+the+largest+library+of+FREE+videos+of+hit+and+cult+TV+shows+and+films%26_options_sf&quot;,return)</favourite>
	<favourite name="YouTube" thumb="http://icons.iconarchive.com/icons/graphics-vibe/neon-glow-social/256/youtube-icon.png">ActivateWindow(10025,&quot;plugin://plugin.video.YouTube_Vault?sf_options=fanart%3Dspecial%3A%2F%2Fhome%2Faddons%5Cplugin.video.YouTube_Vault%5Cfanart.jpg%26desc%3DWatch+Movies%2FTv+Shows%2FCartoons%2FMusic+Videos%2FAnd+The+Latest+News+And+Sports+Clips+From+Tvaddons+YouTube+Vault+addon.%26_options_sf&quot;,return)</favourite>
	<favourite name="TBS Movies" thumb="http://googledrive.com/host/0B-bY5h-uWEgZQVJQZ0lzUTdBeFE/icons/networks/ustvod/tbs.png">ActivateWindow(10025,&quot;plugin://plugin.video.ustvvod/?mode=%22tbs%22&amp;name=%22--TBS%20Movies%22&amp;sitemode=%22episodes%22&amp;url=%22Movie%23http%3a%2f%2fwww.tbs.com%2fmobile%2fipad%2ffeeds%2fmovies.jsp%22&quot;,return)</favourite>
	<favourite name="TNT Movies" thumb="http://googledrive.com/host/0B-bY5h-uWEgZQVJQZ0lzUTdBeFE/icons/networks/ustvod/tnt.png">ActivateWindow(10025,&quot;plugin://plugin.video.ustvvod/?fanart=%22C%3a%5ckodi2%5cportable_data%5caddons%5cplugin.video.ustvvod%5cfanart.jpg%22&amp;mode=%22tnt%22&amp;name=%22--TNT%20Movies%22&amp;sitemode=%22episodes%22&amp;thumb=%22C%3a%5cUsers%5cUser%5cAppData%5cRoaming%5cKodi%5caddons%5cplugin.video.ustvvod%5cresources%5cimages%5ctnt.png%22&amp;url=%22Movie%23http%3a%2f%2fwww.tntdrama.com%2fmobile%2fipad%2ffeeds%2fmovies.jsp%22&amp;sf_options=fanart%3DC%3A%5Ckodi2%5Cportable_data%5Caddons%5Cplugin.video.ustvvod%5Cfanart.jpg%26desc%3DStation%3A+TNT%0A%0A%26_options_sf&quot;,return)</favourite>
</favourites>