<favourites>
	<favourite name="The Disney Collection" thumb="http://s30.postimg.org/jsccn9npt/The_DCollection.jpg">ActivateWindow(10025,&quot;plugin://plugin.video.phstreams/?action=ndmode&amp;audio=0&amp;content=0&amp;fanart=http%3a%2f%2fwallcomphd.com%2fwp-content%2fuploads%2f2015%2f06%2f3D-The-Hunger-Games-Mockingjay-Logo-Wallpaper.jpg&amp;image=http%3a%2f%2fs30.postimg.org%2fjsccn9npt%2fThe_DCollection.jpg&amp;name=The%20D%20Collection&amp;playable=false&amp;tvshow=0&amp;url=http%3a%2f%2fgibraltar.watchkodi.com%2fDisne%2fDisne_Directory.xml&amp;sf_options=fanart%3Dhttp%3A%2F%2Fwallcomphd.com%2Fwp-content%2Fuploads%2F2015%2F06%2F3D-The-Hunger-Games-Mockingjay-Logo-Wallpaper.jpg%26desc%3DDiscover+Great+Streaming+Playlists%21%26_options_sf&quot;,return)</favourite>
	<favourite name="Disney HD" thumb="https://raw.githubusercontent.com/dandy0850/iStream/master/disney.jpg">ActivateWindow(10025,&quot;plugin://plugin.video.dandyboxset/?description&amp;mode=1&amp;name=%5bCOLOR%20blue%5dDisney%20Collection%20(2010%2b)%5b%2fCOLOR%5d&amp;url=https%3a%2f%2fraw.githubusercontent.com%2fdandy0850%2fiStream%2fmaster%2fdandyboxsets%2fdisney_2010.txt&amp;sf_options=fanart%3Dspecial%3A%2F%2Fhome%2Faddons%5Cplugin.video.dandyboxset%5Cfanart.jpg%26_options_sf&quot;,return)</favourite>
	<favourite name="9-14" thumb="https://upload.wikimedia.org/wikipedia/ru/4/49/4-%D0%B9_%D0%BB%D0%BE%D0%B3%D0%BE%D1%82%D0%B8%D0%BF_Teen_TV.png">ActivateWindow(10025,&quot;plugin://plugin.video.phstreams/?action=ndmode&amp;audio=0&amp;content=0&amp;fanart=http%3a%2f%2fs6.postimg.org%2f4ph8mo5q9%2fBackdrop.png&amp;image=http%3a%2f%2fs6.postimg.org%2fdhtlwm1hd%2fKids_TV.png&amp;name=%5bCOLOR%20orangered%5dK%5b%2fCOLOR%5d%5bCOLOR%20white%5dIDS%5b%2fCOLOR%5d%20%5bCOLOR%20orangered%5dT%5b%2fCOLOR%5d%5bCOLOR%20white%5dV%5b%2fCOLOR%5d&amp;playable=false&amp;tvshow=0&amp;url=http%3a%2f%2fzenica.watchkodi.com%2fDirectories%2fKids%2520Directories%2fKids%2520TV%2520Directory.xml&amp;sf_options=fanart%3Dhttp%3A%2F%2Fs6.postimg.org%2F4ph8mo5q9%2FBackdrop.png%26desc%3DDiscover+Great+Streaming+Playlists%21%26_options_sf&quot;,return)</favourite>
	<favourite name="[COLOR black]SORT[/COLOR]" thumb="">ActivateWindow(10025,&quot;plugin://plugin.program.super.favourites/?label=[COLOR black]SORT[/COLOR]&amp;mode=400&amp;folder=more%5CKidsTV%5CSORT&amp;sf_options=fanart%3DNULL%26_options_sf&quot;,return)</favourite>
</favourites>