<favourites>
	<favourite name="USTVnow" thumb="http://www.pseudotvlive.com/images/referral_ustvnow.png">PlayMedia(&quot;plugin://plugin.program.super.favourites/?label=USTVnow&amp;mode=650&amp;cmd=ActivateWindow%2810025%2C%22plugin%3A%2F%2Fplugin.video.VidTime%2F%3Fmode%3DUSTV%2520RIGHT%2520NOW%22%2Creturn%29&amp;image=https%3A%2F%2Fftp.heanet.ie%2Fmirrors%2Fxbmc%2Faddons%2Fhelix%2Fplugin.video.ustvnow%2Ficon.png&amp;content_type=&amp;sf_options=winID%3D10025%26_options_sf&quot;,return)</favourite>
	<favourite name="WaterTV" thumb="http://i.imgur.com/taqI56i.png">ActivateWindow(10025,&quot;plugin://plugin.program.super.favourites/?label=WaterTV1&amp;mode=400&amp;folder=liveTV%2FTESTING%2FWaterTV1&amp;sf_options=fanart%3DC%3A%5Ckodi%5Caddons%5Cplugin.program.super.favourites%5Cfanart.jpg%26_options_sf&quot;,return)</favourite>
	<favourite name="UKTVnow" thumb="http://bestforkodi.com/wp-content/uploads/2015/12/uktv-now-kodi-addon.png">ActivateWindow(10025,&quot;plugin://plugin.video.wateriptv/?description&amp;mode=10&amp;name=%5bCOLOR%20white%5dLoad%20TV%20Categories%5b%2fCOLOR%5d&amp;url=0&quot;,return)</favourite>
	<favourite name="FreeView" thumb="https://static-s.aa-cdn.net/img/ios/353765787/c64e0bf25cda40f52e362b04c5ce46f6?v=1">ActivateWindow(10025,&quot;plugin://plugin.video.israelive/?description&amp;displayname=Favourites&amp;iconimage=http%3a%2f%2fcdn3.tnwcdn.com%2ffiles%2f2010%2f07%2fbright_yellow_star.png&amp;mode=16&amp;name=%5bCOLOR%20green%5d%5bB%5d%5bFavourites%5d%5b%2fB%5d%5b%2fCOLOR%5d&amp;url=favorites&amp;sf_options=fanart%3Dhttp%3A%2F%2F3.bp.blogspot.com%2F-vVfHI8TbKA4%2FUBAbrrZay0I%2FAAAAAAAABRM%2FdPFgXAnF8Sg%2Fs1600%2Fretro-tv-icon.jpg%26_options_sf&quot;,return)</favourite>
</favourites>