<addon id="plugin.program.menu" name="Super Menu" version="2.0.57a" provider-name="OG by Spoyser">
  <requires>
    <import addon="xbmc.python" version="2.1.0"/>
	<import addon="script.module.metahandler" optional="true" />
	<import addon="script.supafav"  />
  </requires>

  <extension point="xbmc.python.pluginsource" library="default.py">
        <provides>video</provides>
  </extension>
  
  <extension point="xbmc.addon.metadata">
    <summary lang="en">blank</summary>
    <description lang="en"></description>
    <platform>all</platform>
    <language>en</language>
    <license>GNU GENERAL PUBLIC LICENSE. Version 2, June 1991</license>
    <forum></forum>
    <website></website>
    <source></source>
    <email>none</email>
  </extension>
</addon>