<favourites>
	<favourite name="By Year" thumb="http://googledrive.com/host/0B-bY5h-uWEgZQVJQZ0lzUTdBeFE/icons/year.png">ActivateWindow(10025,&quot;plugin://plugin.video.origin2/?action=movieYears&quot;,return)</favourite>
	<favourite name="By Actor" thumb="http://googledrive.com/host/0B-bY5h-uWEgZQVJQZ0lzUTdBeFE/icons/test/actors.png">ActivateWindow(10025,&quot;plugin://plugin.video.origin2/?action=moviePersons&amp;sf_options=fanart%3Dspecial%3A%2F%2Fhome%2Faddons%5Cplugin.video.genesis%5Cresources%5Cmedia%5Cgone%5Cfanart.jpg%26_options_sf&quot;,return)</favourite>
	<favourite name="In Theaters" thumb="http://www.iconeasy.com/icon/png/Movie%20%26%20TV/Curtains/TheatreSpotlights.png">ActivateWindow(10025,&quot;plugin://plugin.video.origin2/?action=movies&amp;url=theaters&quot;,return)</favourite>
	<favourite name="Browse IMBD" thumb="special://home/addons\script.extendedinfo\icon.png">RunScript(&quot;script.extendedinfo&quot;)</favourite>
</favourites>