<favourites>
	<favourite name="Hockey - Live.RU" thumb="special://home/addons\plugin.video.SportsDevil\resources\images\sports/Ice Hockey.png">ActivateWindow(10025,&quot;plugin://plugin.video.SportsDevil/?item=count.tmp%3d13%26title.tmp%3dIce%2bHockey%26ticon.tmp%3dhttp%253A%252F%252Fcdnx.xliveru.sx%252Fimg%252Fsport%252F2.gif%26url%3dhttp%253A%252F%252Fxliveru.sx%252Fen%252Fallupcomingsports%252F2%252F%26cfg%3dlivetv.ru.videos.cfg%2540CATEGORY%25402%26definedIn%3dlivesports%252Flivetv.ru.cfg%26director%3dLiveTV.ru%26id.tmp%3d2%26referer%3dhttp%253A%252F%252Fxliveru.sx%252Fen%252Fallupcoming%26genre%3dLive%2bSports%26title%3dIce%2bHockey%2b%252813%2529%26icon.tmp%3dC%253A%255Ckodi%255Cportable_data%255Caddons%255Cplugin.video.SportsDevil%255Cresources%255Cimages%255Csports%252FIce%2bHockey.png%26type%3drss%26icon%3dC%253A%255Ckodi%255Cportable_data%255Caddons%255Cplugin.video.SportsDevil%255Cresources%255Cimages%255Csports%252FIce%2bHockey.png&amp;mode=1&quot;,return)</favourite>
	<favourite name="Hockey - LShunter.TV" thumb="special://home/addons\plugin.video.SportsDevil\resources\images\sports/Ice Hockey.png">ActivateWindow(10025,&quot;plugin://plugin.video.SportsDevil/?item=title%3dHockey%26url%3dhttp%253A%252F%252Fwww.realstreamunited.com%252Fstatic%252Fsection37.html%26cfg%3dlshunter.tv.days.cfg%2540http%253A%252F%252Fwww.realstreamunited.com%252Fstatic%252Fsection37.html%26definedIn%3dlivesports%252Flshunter.tv.cfg%26director%3dLSHunter.tv%26genre%3dLive%2bSports%26type%3drss%26icon%3dC%253A%255Ckodi%255Cportable_data%255Caddons%255Cplugin.video.SportsDevil%255Cresources%255Cimages%255Csports%252FIce%2bHockey.png&amp;mode=1&quot;,return)</favourite>
	<favourite name="Hockey - StopStream.com" thumb="special://home/addons\plugin.video.SportsDevil\resources\images\sports/Ice Hockey.png">ActivateWindow(10025,&quot;plugin://plugin.video.SportsDevil/?item=title%3dIce%2bHockey%26url%3dhttp%253A%252F%252Fwww.stopstream.tv%252F3-hockey.html%26cfg%3dstopstream.com.events.cfg%26definedIn%3dlivesports%252Fstopstream.com.cfg%26director%3dstopstream.com%26genre%3dLive%2bSports%26type%3drss%26icon%3dC%253A%255Ckodi%255Cportable_data%255Caddons%255Cplugin.video.SportsDevil%255Cresources%255Cimages%255Csports%252FIce%2bHockey.png&amp;mode=1&quot;,return)</favourite>
	<favourite name="Hockey - VIPbox.TV" thumb="special://home/addons\plugin.video.SportsDevil\resources\images\sports/Ice Hockey.png">ActivateWindow(10025,&quot;plugin://plugin.video.SportsDevil/?item=title%3dIce%2bHockey%26url%3dhttp%253A%252F%252Fwww.vipleague.is%252Fsports%252Fice-hockey.html%26cfg%3dvipbox.tv.events.cfg%26definedIn%3dlivesports%252Fvipbox.tv.cfg%26director%3dVipBox.tv%26genre%3dLive%2bSports%26type%3drss%26icon%3dC%253A%255Ckodi%255Cportable_data%255Caddons%255Cplugin.video.SportsDevil%255Cresources%255Cimages%255Csports%252FIce%2bHockey.png&amp;mode=1&quot;,return)</favourite>
	<favourite name="Hockey - DimSports.eu" thumb="special://home/addons\plugin.video.SportsDevil\resources\images\sports/Ice Hockey.png">ActivateWindow(10025,&quot;plugin://plugin.video.SportsDevil/?item=title%3dIce%2bHockey%26url%3dhttp%253A%252F%252Fwww.idimsports.eu%252Fice-hockey.html%26cfg%3ddimsports.eu.links.cfg%26definedIn%3dlivesports%252Fdimsports.eu.cfg%26director%3ddimsports.eu%26genre%3dLive%2bSports%26type%3drss%26icon%3dC%253A%255Ckodi%255Cportable_data%255Caddons%255Cplugin.video.SportsDevil%255Cresources%255Cimages%255Csports%252FIce%2bHockey.png&amp;mode=1&quot;,return)</favourite>
	<favourite name="Hockey - FirstRowSports.eu" thumb="special://home/addons\plugin.video.SportsDevil\resources\images\sports/Ice Hockey.png">ActivateWindow(10025,&quot;plugin://plugin.video.SportsDevil/?item=title%3dIce%2bHockey%26url%3dhttp%253A%252F%252Fwww.thefeed2all.eu%252Ftype%252Fice-hockey.html%26cfg%3dfirstrowsports.eu.links.cfg%26definedIn%3dlivesports%252Ffirstrowsports.eu.cfg%26director%3dFirstRowSports.eu%26genre%3dLive%2bSports%26type%3drss%26icon%3dC%253A%255Ckodi%255Cportable_data%255Caddons%255Cplugin.video.SportsDevil%255Cresources%255Cimages%255Csports%252FIce%2bHockey.png&amp;mode=1&quot;,return)</favourite>
	<favourite name="Hockey - FirstRowSports.ge" thumb="special://home/addons\plugin.video.SportsDevil\resources\images\sports/Ice Hockey.png">ActivateWindow(10025,&quot;plugin://plugin.video.SportsDevil/?item=title%3dIce%2bHockey%26url%3dhttp%253A%252F%252Ffirstrowsports.ge%252Findex.php%253Fgame%253Dice-hockey%26cfg%3dfirstrowsports.eu.links.cfg%26definedIn%3dlivesports%252Ffirstrowsports.ge.cfg%26director%3dFirstRowSports.ge%26genre%3dLive%2bSports%26type%3drss%26icon%3dC%253A%255Ckodi%255Cportable_data%255Caddons%255Cplugin.video.SportsDevil%255Cresources%255Cimages%255Csports%252FIce%2bHockey.png&amp;mode=1&quot;,return)</favourite>
	<favourite name="[COLOR=FFFFFF00][ NHL Archive ][/COLOR]" thumb="DefaultFolder.png">ActivateWindow(10025,&quot;plugin://plugin.video.prosport/?away&amp;home&amp;mode=nhlarch&amp;url&quot;,return)</favourite>
	<favourite name="NHL On-demand" thumb="special://home/addons\plugin.video.nhlondemand\icon.png">ActivateWindow(10025,&quot;plugin://plugin.video.nhlondemand?sf_options=fanart%3Dspecial%3A%2F%2Fhome%2Faddons%5Cplugin.video.nhlondemand%5Cfanart.jpg%26desc%3DVisit+TVADDONS.ag+for+support%26_options_sf&quot;,return)</favourite>
</favourites>