<favourites>
	<favourite name="Trakt" thumb="special://home/addons\script.trakt\icon.png">RunScript(&quot;script.trakt/?sf_options=fanart%3Dspecial%3A%2F%2Fhome%2Faddons%5Cscript.trakt%5Cfanart.jpg%26_options_sf&quot;,return)</favourite>
	<favourite name="TVRage-Eps" thumb="special://home/addons\script.tvrage.com\icon.png">RunScript(&quot;script.tvrage.com/?content_type=video&amp;sf_options=fanart%3Dspecial%3A%2F%2Fhome%2Faddons%5Cscript.tvrage.com%5Cfanart.jpg%26desc%3DSearch+and+save+a+list+of+your+favorite+shows+to+be+automatically+updated+and+sorted+by+what%27s+on+next+and+highlighted+for+what%27s+on+today+and+tomorrow.+Shows+next+and+previous+episode+details.+Select+a+show+to+browse+an+episode+list.+Select+an+episode+for+a+summary.%26_options_sf&quot;,return)</favourite>
	<favourite name="Navi-X" thumb="special://home/addons\script.navi-x\icon.png">RunScript(&quot;script.navi-x/?content_type=video&quot;)</favourite>
	<favourite name="Rom Collection Browser" thumb="special://home/addons\script.games.rom.collection.browser\icon.png">RunScript(&quot;script.games.rom.collection.browser/?sf_options=desc%3DWith+this+Addon+you+can+browse+and+launch+emulator+roms+and+standalone+games+in+XBMC.+See+the+wiki+page+for+more+information%3A+http%3A%2F%2Fcode.google.com%2Fp%2Fromcollectionbrowser%2Fwiki%2FWelcome.%0A%0AFirst+Use%3A%0A++%2A+On+first+launch+RCB+will+start+a+simple+configuration+wizard%0A++%2A+After+the+wizard+is+completed+RCB+will+ask+you+to+import+your+games%0A++%2A+If+needed+you+can+launch+the+wizard+anytime+via+context+menu%0A++%2A+Just+press+%22C%22+on+your+keyboard+or+%22Menu%22+on+your+remote%0A%0AFeatures%3A%0A++%2A+scan+your+rom+folders+and+import+games+to+local+database%0A++%2A+scrape+artwork+and+meta+data+from+various+online+sources%0A++%2A+import+local+available+descriptions%2C+artwork+and+videos%0A++%2A+filter+games+by+console%2C+genre%2C+year+and+publisher%0A++%2A+favorites+function%0A++%2A+automatic+video+playback+in+video+window%0A++%2A+fullscreen+video+browser%0A++%2A+game+details+page%0A++%2A+dedicated+MAME+views+to+display+cabinets+and+marquees%0A++%2A+launch+roms+and+standalone+games+in+solo+or+non-solo+mode%0A++%2A+detect+games+in+zip+and+7z+archives+and+ask+user+which+game+to+load%0A++%2A+direct+launching+of+savestate+files%0A++%2A+...%26_options_sf&quot;,return)</favourite>
	<favourite name="Password Storage" thumb="special://home/addons\script.module.password.storage\icon.png">RunScript(&quot;script.module.password.storage/?sf_options=desc%3DModule+providing+encrypted+password+storage+via+keyrings.+Will+attempt+to+use+the+system+keyring+if+available%2C+or+fallback+to+an+internal+file+based+encrypted+keyring.%26_options_sf&quot;,return)</favourite>
	<favourite name="IrcChat" thumb="special://home/addons\script.ircchat\icon.png">RunScript(&quot;script.ircchat?sf_options=fanart%3Dspecial%3A%2F%2Fhome%2Faddons%5Cscript.ircchat%5Cfanart.jpg%26desc%3DThis+add-on+is+a+basic+IRC+client+for+XBMC+mediacenter.%0A++++++Internet+Relay+Chat+%28IRC%29+is+a+protocol+for+live+interactive%0A++++++Internet+text+messaging+%28chat%29+or+synchronous+conferencing.%0A++++++It+is+mainly+designed+for+group+communication+in+discussion+forums%2C+called+channels.%26_options_sf&quot;,return)</favourite>
	<favourite name="Forum Browser" thumb="special://home/addons\script.forum.browser\icon.png">RunScript(&quot;script.forum.browser?sf_options=fanart%3Dspecial%3A%2F%2Fhome%2Faddons%5Cscript.forum.browser%5Cfanart.jpg%26desc%3DBrowse+Forums+in+Kodi.+Supports+Tapatalk+enabled+forums+%28over+60000%29+and+Forumrunner+enabled+forums.+Also+supports+boxee.tv.+View+forums%2C+threads%2C+posts%2C+subscriptions+and+private+messages.+Follow+links+in+Web+Viewer.+Post+replies%2C+send+private+messages%2C+delete+posts%2C+quote+posts.+View+images+in+posts%2C+follow+post+forum+links+and+download+post+links.%26_options_sf&quot;,return)</favourite>
	<favourite name="Notify" thumb="special://home/addons\service.linuxwhatelse.notify\icon.png">RunScript(&quot;service.linuxwhatelse.notify?sf_options=fanart%3Dspecial%3A%2F%2Fhome%2Faddons%5Cservice.linuxwhatelse.notify%5Cfanart.jpg%26desc%3DThe+Android-App+is+currently+in+beta.+To+participate+in+the+beta-test+you+have+to+join+the+linuxwhatelse+community+on+Google%2B+http%3A%2F%2Fgoo.gl%2FUvMw3n%0A%0AFeatures%3A%0A-+Display+a+QR-Code+for+easy+setup+%28Go+to+Programs+and+launch+Notify%29%0A-+Display+notifications+of+your+phone+right+in+Kodi%0A-+On+incoming-%2Foutgoing+calls%2C+pause+%2F+mute+the+playback+or+simply+lower+the+volume%26_options_sf&quot;,return)</favourite>
	<favourite name="Glitch (Key Tool)" thumb="special://home/addons\plugin.devtool.keytool\icon.png">RunScript(&quot;plugin.devtool.keytool/?sf_options=desc%3DA+%22Key+Tool%22+for+use+with+XBMC+%2F+Kodi.%26_options_sf&quot;,return)</favourite>
	<favourite name="Kodi File Cleaner" thumb="special://home/addons\script.filecleaner\icon.png">RunScript(&quot;script.filecleaner?sf_options=fanart%3Dspecial%3A%2F%2Fhome%2Faddons%5Cscript.filecleaner%5Cfanart.jpg%26desc%3DThis+addon+will+automatically+scan+your+library+for+watched+movies%2C+TV+show+episodes+and+music+videos%2C+and+delete+them+from+the+file+system+based+on+numerous+critia+such+as+age%2C+rating%2C+free+disk+space%2C+etc.+All+these+options+and+more+can+be+configured+via+the+addon%27s+settings.+Also+make+sure+you+set+the+correct+path+to+the+disk+you+wish+to+check+for+free+space%2C+especially+when+you+store+your+videos+on+a+secondary+drive+or+a+network+share.+Through+the+settings+you+can+view+which+videos+have+been+cleaned.%0A%0ABeware%21%0AThis+addon+has+the+potential+to+erase+your+entire+video+collection%21+Please+make+sure+you+understand+exactly+what+this+addon+is+designed+to+do+before+enabling+any+type+of+cleaning+in+the+settings.+I+will+not+be+held+responsible+for+loss+of+data+due+to+user+error.%0A%0AOriginally+developed+by+Andrew+%27drewzh%27+Higginson+%28xbmcfilecleaner%40drewzh.com%29%26_options_sf&quot;,return)</favourite>
	<favourite name="Delete Files" thumb="special://home/addons\script.delete.files\icon.png">RunScript(&quot;script.delete.files/?sf_options=desc%3DDelete+old+files+from+a+Directory+for+maintenance+purposes%26_options_sf&quot;,return)</favourite>
	<favourite name="Error Tracker" thumb="special://home/addons\plugin.devtool.errors\icon.png">RunScript(&quot;plugin.devtool.errors/?sf_options=desc%3DCheck+for+errors.%26_options_sf&quot;,return)</favourite>
	<favourite name="Axel Downloader" thumb="http://raw.github.com/HIGHWAY99/repository.thehighway/master/repo/script.module.axel.downloader/icon.png">PlayMedia(&quot;addons://all/script.module.axel.downloader?sf_options=fanart%3Dhttp%3A%2F%2Fraw.github.com%2FHIGHWAY99%2Frepository.thehighway%2Fmaster%2Frepo%2Fscript.module.axel.downloader%2Ffanart.jpg%26winID%3D10025%26_options_sf&quot;,return)</favourite>
	<favourite name="USTV VoD Library Auto Update" thumb="special://home/addons\script.ustvvodlibraryautoupdate\icon.png">RunScript(&quot;script.ustvvodlibraryautoupdate/?sf_options=desc%3DRequires+the+USTV+VoD+plugin.%26_options_sf&quot;,return)</favourite>
	<favourite name="Keymap Editor" thumb="special://home/addons\script.keymap\icon.png">RunScript(&quot;script.keymap/?sf_options=desc%3DKeymap+Editor+is+a+GUI+for+configuring+mappings+for+remotes%2C+keyboard+and+other+inputs+supported+by+xbmc.+Note%3A+existing+user+defined+key+mappings+will+be+removed.%26_options_sf&quot;,return)</favourite>
</favourites>