<favourites>
	<favourite name="The Disney Collection" thumb="http://s30.postimg.org/jsccn9npt/The_DCollection.jpg">ActivateWindow(10025,&quot;plugin://plugin.video.phstreams/?action=directory&amp;url=http%3a%2f%2fone242415.offshorepastebin.com%2fDisne%2fDisne_Directory.xml&quot;,return)</favourite>
	<favourite name="[COLOR black]SORT[/COLOR]" thumb="">ActivateWindow(10025,&quot;plugin://plugin.program.super.favourites/?label=[COLOR black]SORT[/COLOR]&amp;mode=400&amp;sf_options=&amp;mode=400&amp;path=special%3A%2F%2Fhome%2Faddons%2Fscript.supafav%2FSuper%20Favourites/more%5CKidsTV%5CSORT&amp;sf_options=fanart%3DNULL%26_options_sf&quot;,return)</favourite>
	<favourite name="Family" thumb="">ActivateWindow(10025,&quot;plugin://plugin.video.origin2/?action=movies&amp;url=http%3a%2f%2fwww.imdb.com%2fsearch%2ftitle%3ftitle_type%3dfeature%2ctv_movie%26languages%3den%26num_votes%3d100%2c%26release_date%3ddate%5b730%5d%2cdate%5b30%5d%26genres%3dfamily%26sort%3dmoviemeter%2casc%26count%3d40%26start%3d1&quot;,return)</favourite>
	<favourite name="Cartoons" thumb="">ActivateWindow(10025,&quot;plugin://plugin.video.origin2/?action=tvshows&amp;url=http%3a%2f%2fwww.imdb.com%2fsearch%2ftitle%3ftitle_type%3dtv_series%2cmini_series%26release_date%3d%2cdate%5b0%5d%26genres%3danimation%26%26certificates%3dus%3atv_g%26sort%3dmoviemeter%2casc%26count%3d40%26start%3d1&quot;,return)</favourite>
	<favourite name="TV-G" thumb="">ActivateWindow(10025,&quot;plugin://plugin.video.origin2/?action=tvshows&amp;url=http%3a%2f%2fwww.imdb.com%2fsearch%2ftitle%3ftitle_type%3dtv_series%2cmini_series%26release_date%3d%2cdate%5b0%5d%26certificates%3dus%3atv_g%26sort%3dmoviemeter%2casc%26count%3d40%26start%3d1&quot;,return)</favourite>
</favourites>