<favourites>
	<favourite name="USTVnow" thumb="C:\Users\Owner\AppData\Roaming\Kodi\addons\plugin.video.ustvnow\icon.png">ActivateWindow(10025,&quot;plugin://plugin.video.ustvnow/&amp;sf_options=&quot;,return)</favourite>
	<favourite name="FreeViewTV" thumb="http://granlundkompetanse.no/wp-content/uploads/united_kingdom.png">ActivateWindow(10025,&quot;plugin://plugin.video.israelive/?description&amp;displayname=Favourites&amp;iconimage=http%3a%2f%2fcdn3.tnwcdn.com%2ffiles%2f2010%2f07%2fbright_yellow_star.png&amp;mode=16&amp;name=%5bCOLOR%20green%5d%5bB%5d%5bFavourites%5d%5b%2fB%5d%5b%2fCOLOR%5d&amp;url=favorites&amp;sf_options=fanart%3Dhttp%3A%2F%2F3.bp.blogspot.com%2F-vVfHI8TbKA4%2FUBAbrrZay0I%2FAAAAAAAABRM%2FdPFgXAnF8Sg%2Fs1600%2Fretro-tv-icon.jpg%26_options_sf&quot;,return)</favourite>
	<favourite name="Random Shows" thumb="DefaultFolder.png">ActivateWindow(10025,&quot;plugin://plugin.video.veetle/?category=20&amp;sf_options=&quot;,return)</favourite>
	<favourite name="More Random Shows" thumb="special://home/addons\plugin.stream.vaughnlive.tv\art\misc.jpg">ActivateWindow(10025,&quot;plugin://plugin.stream.vaughnlive.tv/?cat=misc&amp;mode=BrowseCat3&amp;site&amp;type=php&amp;sf_options=fanart%3Dspecial%3A%2F%2Fhome%2Faddons%5Cplugin.stream.vaughnlive.tv%5Cfanart.jpg%26_options_sf&quot;,return)</favourite>
	<favourite name="EarthCam" thumb="http://www.boston.com/business/technology/apptitude_test/Live%20Cam%20by%20Earth%20Cam%20icon.jpg">ActivateWindow(10025,&quot;plugin://plugin.video.earthcam/&amp;sf_options=&quot;)</favourite>
	<favourite name="New Movies" thumb="http://d3u3s1yur1h76d.cloudfront.net/production/session-thumbnails-desktop/5673346c91ce1/b4495a615eab71fc60d5f379b03732ad/5673346c91ce1_b4495a615eab71fc60d5f379b03732ad_20151228232306_568234da5900b_96.jpg">PlayMedia(&quot;plugin://plugin.video.veetle/?channel=5673346c91ce1&amp;sf_options=winID%3D10025%26_options_sf&quot;,return)</favourite>
	<favourite name="Action Movies" thumb="http://d3u3s1yur1h76d.cloudfront.net/production/session-thumbnails-desktop/566dae686e6f1/b7cc96811dc0ae9870aefc6b9ebfe8f5/566dae686e6f1_b7cc96811dc0ae9870aefc6b9ebfe8f5_20151228233517_568237b542423_72_896x672.jpg">PlayMedia(&quot;plugin://plugin.video.veetle/?channel=566dae686e6f1&amp;sf_options=winID%3D10025%26_options_sf&quot;,return)</favourite>
	<favourite name="Movies HD" thumb="http://d3u3s1yur1h76d.cloudfront.net/production/session-thumbnails-desktop/567801f9d37a0/67db6f9007ac00a4a7e3c53154b00d90/567801f9d37a0_67db6f9007ac00a4a7e3c53154b00d90_20151229000023_56823d97a6616_42_896x672.jpg">PlayMedia(&quot;plugin://plugin.video.veetle/?channel=567801f9d37a0&amp;sf_options=winID%3D10025%26_options_sf&quot;,return)</favourite>
	<favourite name="Entertainment ([COLOR=blue]43[/COLOR])" thumb="DefaultFolder.png">ActivateWindow(10025,&quot;plugin://plugin.video.veetle/?category=10&amp;sf_options=&quot;,return)</favourite>
</favourites>