<favourites>
	<favourite name="Search Movies" thumb="http://www.filmgator.com/black/pics/tour_search.png">ActivateWindow(10025,&quot;plugin://plugin.video.origin2/?action=movieSearch&amp;sf_options=&quot;,return)</favourite>
	<favourite name="Search Actors" thumb="http://googledrive.com/host/0B-bY5h-uWEgZQVJQZ0lzUTdBeFE/icons/test2/search_user.png">ActivateWindow(10025,&quot;plugin://plugin.video.origin2/?action=moviePerson&amp;sf_options=&quot;,return)</favourite>
	<favourite name="" thumb="">PlayMedia(&quot;plugin://plugin.video.none?sf_options=winID%3D10025%26_options_sf&quot;,return)</favourite>
	<favourite name="Search Movies - SALTS" thumb="">ActivateWindow(10025,&quot;plugin://plugin.video.salts/?mode=search&amp;section=Movies&amp;sf_options=&quot;,return)</favourite>
	<favourite name="Search Movies - Velocity" thumb="special://home/addons\plugin.video.velocity\resources\art\search.png">ActivateWindow(10025,&quot;plugin://plugin.video.velocity/?media&amp;mode=trakt_search_movies&amp;movie_title&amp;name=Search&amp;thumb=C%3a%5ckodi%5cportable_data%5caddons%5cplugin.video.velocity%5cresources%5cart%5csearch.png&amp;trakt_id&amp;url&amp;sf_options=&quot;,return)</favourite>
	<favourite name="Search Movies - PrimeWire" thumb="">PlayMedia(&quot;plugin://plugin.video.1channel/?section=movie&amp;mode=GetSearchQuery&amp;next_mode=Search&quot;,return)</favourite>
	<favourite name="Search Movies - Phoneix" thumb="">ActivateWindow(10025,&quot;plugin://plugin.video.phstreams/?action=searchDirectory&amp;audio=0&amp;content=0&amp;fanart=C%3a%5ckodi%5cportable_data%5caddons%5cplugin.video.phstreams%5cfanart.jpg&amp;image=C%3a%5ckodi%5cportable_data%5caddons%5cplugin.video.phstreams%5cicon.png&amp;name=Search...&amp;playable=false&amp;tvshow=0&amp;url=0&amp;sf_options=fanart%3Dspecial%3A%2F%2Fhome%2Faddons%5Cplugin.video.phstreams%5Cfanart.jpg%26desc%3DDiscover+Great+Streaming+Playlists%21%26_options_sf&quot;,return)</favourite>
</favourites>