<favourites>
	<favourite name="Arena Sports 1" thumb="">PlayMedia(&quot;http://80.243.189.26:8889/miosptvarena1/index.m3u8?sf_options=winID%3D10025%26_options_sf&quot;)</favourite>
	<favourite name="Arena Sports 2" thumb="">PlayMedia(&quot;http://80.243.189.26:8889/miosptvarena2/index.m3u8?sf_options=winID%3D10025%26_options_sf&quot;)</favourite>
	<favourite name="Arena Sports 3" thumb="">PlayMedia(&quot;http://80.243.189.26:8889/miosptvarena3/index.m3u8?sf_options=winID%3D10025%26_options_sf&quot;)</favourite>
	<favourite name="Arena Sports 4" thumb="">PlayMedia(&quot;http://80.243.189.26:8889/miosptvarena4/index.m3u8?sf_options=winID%3D10025%26_options_sf&quot;)</favourite>
	<favourite name="Classic Sports Movies" thumb="http://i1295.photobucket.com/albums/b636/beatbox8501/HIGHLIGHTS_zpsim3trylt.png">ActivateWindow(10025,&quot;plugin://plugin.video.streamengine/?date&amp;description&amp;iconimage=http%3a%2f%2fi1295.photobucket.com%2falbums%2fb636%2fbeatbox8501%2fHIGHLIGHTS_zpsim3trylt.png&amp;mode=1&amp;name=SPORTS%20MOVIES&amp;page&amp;play&amp;url=https%3a%2f%2fpastebin.com%2fraw.php%3fi%3djzLmMmZi&amp;sf_options=fanart%3Dhttp%3A%2F%2Fi1295.photobucket.com%2Falbums%2Fb636%2Fbeatbox8501%2Fwallpaper_zpsopwvguho.jpg%26_options_sf&quot;,return)</favourite>
	<favourite name="Sports Movies" thumb="http://s4.postimg.org/av5nyzqwt/Sports_Films_HD.jpg">ActivateWindow(10025,&quot;plugin://plugin.video.phstreams/?action=directory&amp;audio=0&amp;content=0&amp;fanart=http%3a%2f%2fimg1.goodfon.su%2foriginal%2f1920x1080%2f7%2f52%2fking-queen-crown-poker.jpg&amp;image=http%3a%2f%2fs4.postimg.org%2fav5nyzqwt%2fSports_Films_HD.jpg&amp;name=Sports%20Movies&amp;tvshow=0&amp;url=http%3a%2f%2fgibraltar.watchkodi.com%2fMovies%2fHDSport2.xml&amp;sf_options=fanart%3Dhttp%3A%2F%2Fimg1.goodfon.su%2Foriginal%2F1920x1080%2F7%2F52%2Fking-queen-crown-poker.jpg%26desc%3DDiscover+Great+Streaming+Playlists%21%26_options_sf&quot;,return)</favourite>
	<favourite name="GoPro" thumb="special://home/addons\plugin.video.GoProCamera\icon.png">ActivateWindow(10025,&quot;plugin://plugin.video.GoProCamera?sf_options=fanart%3Dspecial%3A%2F%2Fhome%2Faddons%5Cplugin.video.GoProCamera%5Cfanart.jpg%26desc%3DThe+world%27s+most+versatile+camera%26_options_sf&quot;,return)</favourite>
	<favourite name="InfinityList.com" thumb="special://home/addons\plugin.video.infinitylist_com\icon.png">ActivateWindow(10025,&quot;plugin://plugin.video.infinitylist_com/?sf_options=desc%3DThe+Cinematic+Action+Sports+Experience%26_options_sf&quot;,return)</favourite>
	<favourite name="Streetleague.com Ondemand" thumb="special://home/addons\plugin.video.streetleague-0.3.1\icon.png">ActivateWindow(10025,&quot;plugin://plugin.video.streetleague/&amp;sf_options=&quot;)</favourite>
	<favourite name="Speedway" thumb="special://home/addons\plugin.video.speedway\icon.png">ActivateWindow(10025,&quot;plugin://plugin.video.speedway?sf_options=fanart%3Dspecial%3A%2F%2Fhome%2Faddons%5Cplugin.video.speedway%5Cfanart.jpg%26desc%3DSPEEDWAY+KODI+is+an+add-on+full+of+various+videos+relating+to+all+things+Speedway+from+around+the+world.++It+has+been+put++together+by+the+fans%2C+for+the+fans.++At+no+point+has%2C+nor+will+there+be+any+fee+required+to++access+this+add-+on.++In+the+spirit+of+the+KODI+community+it+will+remain+free+of+charge.%26_options_sf&quot;,return)</favourite>
	<favourite name="Field &amp; Stream" thumb="http://statics.net2.tv/pepto/channels/Field_n_Stream/field_n_stream.png">ActivateWindow(10025,&quot;plugin://plugin.video.portico.tv/?fanart=C%3a%5ckodi14%5cportable_data%5caddons%5cplugin.video.portico.tv%5cfanart.jpg&amp;mode=GS&amp;name=Field%20%26%20Stream&amp;poster=http%3a%2f%2fstatics.net2.tv%2fpepto%2fchannels%2fField_n_Stream%2ffield_n_stream.png&amp;url=Bonnier%2fField_Stream&amp;sf_options=fanart%3Dspecial%3A%2F%2Fhome%2Faddons%5Cplugin.video.portico.tv%5Cfanart.jpg%26desc%3DThe+ultimate+channel+for+the+outdoorsman.+The+leading+source+for+hunting%2C+fishing%2C+survival%2C+guns+%26+gear.%26_options_sf&quot;,return)</favourite>
	<favourite name="Cycle World" thumb="http://statics.net2.tv/pepto/channels/Cycle_World/cycle_world.png">ActivateWindow(10025,&quot;plugin://plugin.video.portico.tv/?fanart=C%3a%5ckodi14%5cportable_data%5caddons%5cplugin.video.portico.tv%5cfanart.jpg&amp;mode=GS&amp;name=Cycle%20World&amp;poster=http%3a%2f%2fstatics.net2.tv%2fpepto%2fchannels%2fCycle_World%2fcycle_world.png&amp;url=Bonnier%2fCycle%20World&amp;sf_options=fanart%3Dspecial%3A%2F%2Fhome%2Faddons%5Cplugin.video.portico.tv%5Cfanart.jpg%26desc%3DTouring%2C+tips+and+test+rides%3B+Cycle+World+is+the+authority+for+everything+on+two+wheels.%26_options_sf&quot;,return)</favourite>
	<favourite name="WSOP" thumb="special://home/addons\plugin.video.thaakillah\icon.png">ActivateWindow(10025,&quot;plugin://plugin.video.thaakillah?sf_options=fanart%3Dspecial%3A%2F%2Fhome%2Faddons%5Cplugin.video.thaakillah%5Cfanart.jpg%26desc%3DWorld+Series+of+Poker%26_options_sf&quot;,return)</favourite>
	<favourite name="TV Poker Pro" thumb="special://home/addons\plugin.video.tvpokerpro\icon.png">ActivateWindow(10025,&quot;plugin://plugin.video.tvpokerpro?sf_options=fanart%3Dspecial%3A%2F%2Fhome%2Faddons%5Cplugin.video.tvpokerpro%5Cfanart.jpg%26desc%3DO+plugin+TV+Poker+Pro+busca+os+videos+do+canal+TV+Poker+Pro+no+YouTube.%26_options_sf&quot;,return)</favourite>
</favourites>