<favourites>
	<favourite name="Food Food" thumb="http://cdnimg.dynns.com/iptvpanelnew/prog_data/thumbs/fa2431bf9d65058fe34e9713e32d60e6food.jpg">PlayMedia(&quot;plugin://plugin.video.pakindia/?url=http%3A%2F%2F130.185.144.63%3A8081%2Find%2Ffood%2Fplaylist.m3u8&amp;mode=200&amp;name=Food+Food&amp;iconimage=http%3A%2F%2Fcdnimg.dynns.com%2Fiptvpanelnew%2Fprog_data%2Fthumbs%2Ffa2431bf9d65058fe34e9713e32d60e6food.jpg&quot;)</favourite>
	<favourite name="ABP News" thumb="http://static.filmon.com/assets/channels/3704/big_logo.png">ActivateWindow(10025,&quot;plugin://plugin.video.SportsDevil/?item=definedIn%3dfilmon.com.cfg%26url.tmp%3d%252Fchannel%252Fabp-news%26title%3dABP%2bNews%26url%3dhttp%253A%252F%252Fwww.filmon.com%252Fchannel%252Fabp-news%26cfg%3dfilmon.com.cfg%2540Streams%26videoTitle%3dABP%2bNews%26director%3dfilmon.com%26genre%3dLive%2bTV%26type%3drss%26icon%3dhttp%253A%252F%252Fstatic.filmon.com%252Fassets%252Fchannels%252F3704%252Fbig_logo.png&amp;mode=1&amp;sf_options=&quot;,return)</favourite>
	<favourite name="Films Of India" thumb="http://static.filmon.com/assets/channels/3791/big_logo.png">ActivateWindow(10025,&quot;plugin://plugin.video.SportsDevil/?item=definedIn%3dfilmon.com.cfg%26url.tmp%3d%252Fchannel%252Foriginal-films-of-india%26title%3dFilms%2bOf%2bIndia%26url%3dhttp%253A%252F%252Fwww.filmon.com%252Fchannel%252Foriginal-films-of-india%26cfg%3dfilmon.com.cfg%2540Streams%26videoTitle%3dFilms%2bOf%2bIndia%26director%3dfilmon.com%26genre%3dLive%2bTV%26type%3drss%26icon%3dhttp%253A%252F%252Fstatic.filmon.com%252Fassets%252Fchannels%252F3791%252Fbig_logo.png&amp;mode=1&amp;sf_options=&quot;,return)</favourite>
	<favourite name="Kids Zone" thumb="http://static.filmon.com/assets/channels/3794/big_logo.png">ActivateWindow(10025,&quot;plugin://plugin.video.SportsDevil/?item=definedIn%3dfilmon.com.cfg%26url.tmp%3d%252Fchannel%252Fkids-zone%26title%3dKids%2bZone%26url%3dhttp%253A%252F%252Fwww.filmon.com%252Fchannel%252Fkids-zone%26cfg%3dfilmon.com.cfg%2540Streams%26videoTitle%3dKids%2bZone%26director%3dfilmon.com%26genre%3dLive%2bTV%26type%3drss%26icon%3dhttp%253A%252F%252Fstatic.filmon.com%252Fassets%252Fchannels%252F3794%252Fbig_logo.png&amp;mode=1&amp;sf_options=&quot;,return)</favourite>
	<favourite name="Live9 TV" thumb="http://static.filmon.com/assets/channels/3797/big_logo.png">ActivateWindow(10025,&quot;plugin://plugin.video.SportsDevil/?item=definedIn%3dfilmon.com.cfg%26url.tmp%3d%252Fchannel%252Flive9-tv%26title%3dLive9%2bTV%26url%3dhttp%253A%252F%252Fwww.filmon.com%252Fchannel%252Flive9-tv%26cfg%3dfilmon.com.cfg%2540Streams%26videoTitle%3dLive9%2bTV%26director%3dfilmon.com%26genre%3dLive%2bTV%26type%3drss%26icon%3dhttp%253A%252F%252Fstatic.filmon.com%252Fassets%252Fchannels%252F3797%252Fbig_logo.png&amp;mode=1&amp;sf_options=&quot;,return)</favourite>
	<favourite name="Delhi Aaj Tak" thumb="http://static.filmon.com/assets/channels/3479/big_logo.png">ActivateWindow(10025,&quot;plugin://plugin.video.SportsDevil/?item=definedIn%3dfilmon.com.cfg%26url.tmp%3d%252Fchannel%252Fdelhi-aaj-tak%26title%3dDelhi%2bAaj%2bTak%26url%3dhttp%253A%252F%252Fwww.filmon.com%252Fchannel%252Fdelhi-aaj-tak%26cfg%3dfilmon.com.cfg%2540Streams%26videoTitle%3dDelhi%2bAaj%2bTak%26director%3dfilmon.com%26genre%3dLive%2bTV%26type%3drss%26icon%3dhttp%253A%252F%252Fstatic.filmon.com%252Fassets%252Fchannels%252F3479%252Fbig_logo.png&amp;mode=1&amp;sf_options=&quot;,return)</favourite>
	<favourite name="Tez TV" thumb="http://static.filmon.com/assets/channels/3488/big_logo.png">ActivateWindow(10025,&quot;plugin://plugin.video.SportsDevil/?item=definedIn%3dfilmon.com.cfg%26url.tmp%3d%252Fchannel%252Ftez-tv%26title%3dTez%2bTV%26url%3dhttp%253A%252F%252Fwww.filmon.com%252Fchannel%252Ftez-tv%26cfg%3dfilmon.com.cfg%2540Streams%26videoTitle%3dTez%2bTV%26director%3dfilmon.com%26genre%3dLive%2bTV%26type%3drss%26icon%3dhttp%253A%252F%252Fstatic.filmon.com%252Fassets%252Fchannels%252F3488%252Fbig_logo.png&amp;mode=1&amp;sf_options=&quot;,return)</favourite>
	<favourite name="Zee Bollyworld TV" thumb="http://static.filmon.com/assets/channels/3491/big_logo.png">ActivateWindow(10025,&quot;plugin://plugin.video.SportsDevil/?item=definedIn%3dfilmon.com.cfg%26url.tmp%3d%252Fchannel%252Fzee-bollyworld-tv%26title%3dZee%2bBollyworld%2bTV%26url%3dhttp%253A%252F%252Fwww.filmon.com%252Fchannel%252Fzee-bollyworld-tv%26cfg%3dfilmon.com.cfg%2540Streams%26videoTitle%3dZee%2bBollyworld%2bTV%26director%3dfilmon.com%26genre%3dLive%2bTV%26type%3drss%26icon%3dhttp%253A%252F%252Fstatic.filmon.com%252Fassets%252Fchannels%252F3491%252Fbig_logo.png&amp;mode=1&amp;sf_options=&quot;,return)</favourite>
	<favourite name="Rishtey" thumb="http://cdnimg.dynns.com/iptvpanelnew/prog_data/thumbs/42e7aaa88b48137a16a1acd04ed91125rishty.jpg">PlayMedia(&quot;plugin://plugin.video.pakindia/?url=http%3A%2F%2F130.185.144.63%3A8081%2Find%2Frishty%2Fplaylist.m3u8&amp;mode=200&amp;name=Rishtey&amp;iconimage=http%3A%2F%2Fcdnimg.dynns.com%2Fiptvpanelnew%2Fprog_data%2Fthumbs%2F42e7aaa88b48137a16a1acd04ed91125rishty.jpg&quot;)</favourite>
	<favourite name="Rishtey Uk" thumb="http://cdnimg.dynns.com/iptvpanelnew/prog_data/thumbs/b1790a55a67906c18bd9a046e17c5935rishtyUK.jpg">PlayMedia(&quot;plugin://plugin.video.pakindia/?url=http%3A%2F%2F130.185.144.63%3A8081%2Find%2FRishteyUK%2Fplaylist.m3u8&amp;mode=200&amp;name=Rishtey+Uk&amp;iconimage=http%3A%2F%2Fcdnimg.dynns.com%2Fiptvpanelnew%2Fprog_data%2Fthumbs%2Fb1790a55a67906c18bd9a046e17c5935rishtyUK.jpg&quot;)</favourite>
	<favourite name="Mtunes HD" thumb="http://cdnimg.dynns.com/iptvpanelnew/prog_data/thumbs/8dcf2420e78a64333a59674678fb283bMtune.png">PlayMedia(&quot;plugin://plugin.video.pakindia/?url=http%3A%2F%2F130.185.144.63%3A8081%2Find%2FMtunesHD%2Fplaylist.m3u8&amp;mode=200&amp;name=Mtunes+HD&amp;iconimage=http%3A%2F%2Fcdnimg.dynns.com%2Fiptvpanelnew%2Fprog_data%2Fthumbs%2F8dcf2420e78a64333a59674678fb283bMtune.png&quot;)</favourite>
	<favourite name="MTV India" thumb="http://cdnimg.dynns.com/iptvpanelnew/prog_data/thumbs/6195f47dcff14b8f242aa333cdb2703emtvmusic.jpg">PlayMedia(&quot;plugin://plugin.video.pakindia/?url=http%3A%2F%2F130.185.144.63%3A8081%2Find%2FMTVIndia%2Fplaylist.m3u8&amp;mode=200&amp;name=MTV+India&amp;iconimage=http%3A%2F%2Fcdnimg.dynns.com%2Fiptvpanelnew%2Fprog_data%2Fthumbs%2F6195f47dcff14b8f242aa333cdb2703emtvmusic.jpg&quot;)</favourite>
	<favourite name="Music India" thumb="http://cdnimg.dynns.com/iptvpanelnew/prog_data/thumbs/988f9153ac4fd966ea302dd9ab9bae15indiamusic.jpg">PlayMedia(&quot;plugin://plugin.video.pakindia/?url=http%3A%2F%2F130.185.144.63%3A8081%2Find%2FMusicIndia%2Fplaylist.m3u8&amp;mode=200&amp;name=Music+India&amp;iconimage=http%3A%2F%2Fcdnimg.dynns.com%2Fiptvpanelnew%2Fprog_data%2Fthumbs%2F988f9153ac4fd966ea302dd9ab9bae15indiamusic.jpg&quot;)</favourite>
	<favourite name="9x Jhakaas" thumb="http://cdnimg.dynns.com/iptvpanelnew/prog_data/thumbs/e661551c8ec9308379cda7e2419348e59xjhakaas.jpg">PlayMedia(&quot;plugin://plugin.video.pakindia/?url=http%3A%2F%2F130.185.144.63%3A8081%2Find%2F9xJhakaas%2Fplaylist.m3u8&amp;mode=200&amp;name=9x+Jhakaas&amp;iconimage=http%3A%2F%2Fcdnimg.dynns.com%2Fiptvpanelnew%2Fprog_data%2Fthumbs%2Fe661551c8ec9308379cda7e2419348e59xjhakaas.jpg&quot;)</favourite>
	<favourite name="Enterr 10" thumb="http://cdnimg.dynns.com/iptvpanelnew/prog_data/thumbs/7690dd4db7a92524c684e3191919eb6benter10.jpg">PlayMedia(&quot;plugin://plugin.video.pakindia/?url=http%3A%2F%2F130.185.144.63%3A8081%2Find%2Fenter10%2Fplaylist.m3u8&amp;mode=200&amp;name=Enterr+10&amp;iconimage=http%3A%2F%2Fcdnimg.dynns.com%2Fiptvpanelnew%2Fprog_data%2Fthumbs%2F7690dd4db7a92524c684e3191919eb6benter10.jpg&quot;)</favourite>
	<favourite name="UTV Bindass" thumb="http://cdnimg.dynns.com/iptvpanelnew/prog_data/thumbs/84d2004bf28a2095230e8e14993d398dutvbindas.jpg">PlayMedia(&quot;plugin://plugin.video.pakindia/?url=http%3A%2F%2F130.185.144.63%3A8081%2Find%2FUTVBindass%2Fplaylist.m3u8&amp;mode=200&amp;name=UTV+Bindass&amp;iconimage=http%3A%2F%2Fcdnimg.dynns.com%2Fiptvpanelnew%2Fprog_data%2Fthumbs%2F84d2004bf28a2095230e8e14993d398dutvbindas.jpg&quot;)</favourite>
	<favourite name="B4U Movies" thumb="http://cdnimg.dynns.com/iptvpanelnew/prog_data/thumbs/fd3ae753500ad06fd8fa224f28bcac59b4umovies.jpg">PlayMedia(&quot;plugin://plugin.video.pakindia/?url=http%3A%2F%2F130.185.144.63%3A8081%2Find%2Fb4umovies%2Fplaylist.m3u8&amp;mode=200&amp;name=B4U+Movies&amp;iconimage=http%3A%2F%2Fcdnimg.dynns.com%2Fiptvpanelnew%2Fprog_data%2Fthumbs%2Ffd3ae753500ad06fd8fa224f28bcac59b4umovies.jpg&quot;)</favourite>
	<favourite name="Aaj Tak" thumb="http://cdnimg.dynns.com/iptvpanelnew/prog_data/thumbs/f387624df552cea2f369918c5e1e12bcajjtak.jpg">PlayMedia(&quot;plugin://plugin.video.pakindia/?url=http%3A%2F%2F130.185.144.63%3A8081%2Find%2Faajtak%2Fplaylist.m3u8&amp;mode=200&amp;name=Aaj+Tak&amp;iconimage=http%3A%2F%2Fcdnimg.dynns.com%2Fiptvpanelnew%2Fprog_data%2Fthumbs%2Ff387624df552cea2f369918c5e1e12bcajjtak.jpg&quot;)</favourite>
	<favourite name="NDTV" thumb="http://cdnimg.dynns.com/iptvpanelnew/prog_data/thumbs/42dab56861d81108ee356d037190c315NDTV.jpg">PlayMedia(&quot;plugin://plugin.video.pakindia/?url=http%3A%2F%2F130.185.144.63%3A8081%2Find%2FNDTV%2Fplaylist.m3u8&amp;mode=200&amp;name=NDTV&amp;iconimage=http%3A%2F%2Fcdnimg.dynns.com%2Fiptvpanelnew%2Fprog_data%2Fthumbs%2F42dab56861d81108ee356d037190c315NDTV.jpg&quot;)</favourite>
	<favourite name="NDTV Profit" thumb="http://cdnimg.dynns.com/iptvpanelnew/prog_data/thumbs/5b8add2a5d98b1a652ea7fd72d942dacndtvprofit.jpg">PlayMedia(&quot;plugin://plugin.video.pakindia/?url=http%3A%2F%2F130.185.144.63%3A8081%2Find%2Fndtvprofit%2Fplaylist.m3u8&amp;mode=200&amp;name=NDTV+Profit&amp;iconimage=http%3A%2F%2Fcdnimg.dynns.com%2Fiptvpanelnew%2Fprog_data%2Fthumbs%2F5b8add2a5d98b1a652ea7fd72d942dacndtvprofit.jpg&quot;)</favourite>
	<favourite name="Times Now" thumb="http://cdnimg.dynns.com/iptvpanelnew/prog_data/thumbs/5751ec3e9a4feab575962e78e006250dtimesnow.gif">PlayMedia(&quot;plugin://plugin.video.pakindia/?url=http%3A%2F%2F130.185.144.63%3A8081%2Find%2Ftimenow%2Fplaylist.m3u8&amp;mode=200&amp;name=Times+Now&amp;iconimage=http%3A%2F%2Fcdnimg.dynns.com%2Fiptvpanelnew%2Fprog_data%2Fthumbs%2F5751ec3e9a4feab575962e78e006250dtimesnow.gif&quot;)</favourite>
	<favourite name="ABP News" thumb="http://cdnimg.dynns.com/iptvpanelnew/prog_data/thumbs/5c3a3b139a11689e0bc55abd95e20e39abp.jpg">PlayMedia(&quot;plugin://plugin.video.pakindia/?url=http%3A%2F%2F130.185.144.63%3A8081%2Find%2Fabpnews%2Fplaylist.m3u8&amp;mode=200&amp;name=ABP+News&amp;iconimage=http%3A%2F%2Fcdnimg.dynns.com%2Fiptvpanelnew%2Fprog_data%2Fthumbs%2F5c3a3b139a11689e0bc55abd95e20e39abp.jpg&quot;)</favourite>
	<favourite name="Aastha Bhajan" thumb="http://cdnimg.dynns.com/iptvpanelnew/prog_data/thumbs/de9240f5c623bf031dcf0fca9770db44askashbanglaa.jpg">PlayMedia(&quot;plugin://plugin.video.pakindia/?url=http%3A%2F%2F130.185.144.63%3A8081%2Find%2FAasthaBhajan%2Fplaylist.m3u8&amp;mode=200&amp;name=Aastha+Bhajan&amp;iconimage=http%3A%2F%2Fcdnimg.dynns.com%2Fiptvpanelnew%2Fprog_data%2Fthumbs%2Fde9240f5c623bf031dcf0fca9770db44askashbanglaa.jpg&quot;)</favourite>
	<favourite name="Bindass Play" thumb="http://cdnimg.dynns.com/iptvpanelnew/prog_data/thumbs/43cca4b3de2097b9558efefd0ecc3588bindasplay.jpg">PlayMedia(&quot;plugin://plugin.video.pakindia/?url=http%3A%2F%2F130.185.144.63%3A8081%2Find%2FBindassPlay%2Fplaylist.m3u8&amp;mode=200&amp;name=Bindass+Play&amp;iconimage=http%3A%2F%2Fcdnimg.dynns.com%2Fiptvpanelnew%2Fprog_data%2Fthumbs%2F43cca4b3de2097b9558efefd0ecc3588bindasplay.jpg&quot;)</favourite>
	<favourite name="SEPL Movies Hindi" thumb="http://cdnimg.dynns.com/iptvpanelnew/prog_data/thumbs/edcdaad57f7f4a4d3826728f009bcf24Seplemovies.gif">PlayMedia(&quot;plugin://plugin.video.pakindia/?url=http%3A%2F%2F130.185.144.63%3A8081%2Find%2FSEPLMoviesHindi%2Fplaylist.m3u8&amp;mode=200&amp;name=SEPL+Movies+Hindi&amp;iconimage=http%3A%2F%2Fcdnimg.dynns.com%2Fiptvpanelnew%2Fprog_data%2Fthumbs%2Fedcdaad57f7f4a4d3826728f009bcf24Seplemovies.gif&quot;)</favourite>
</favourites>