<favourites>
	<favourite name="CNN" thumb="http://googledrive.com/host/0B-bY5h-uWEgZQVJQZ0lzUTdBeFE/icons/news/cnn.png">PlayMedia(&quot;rtmp://c.cdn.newschat.tv/edge playpath=cnn_live swfUrl=http://newschat.tv/player.swf swfVfy=1 live=1 pageUrl=http://www.livenewschat.eu/twoons timeout=15?sf_options=winID%3D10025%26_options_sf&quot;)</favourite>
	<favourite name="CNN Intl." thumb="http://googledrive.com/host/0B-bY5h-uWEgZQVJQZ0lzUTdBeFE/icons/networks/news/cnni.png">PlayMedia(&quot;rtmp://b.cdn.newschat.tv/edge playpath=cnni_live swfUrl=http://newschat.tv/player.swf live=1  pageUrl=http://www.livenewschat.eu/twoons?sf_options=winID%3D10025%26_options_sf&quot;)</favourite>
	<favourite name="CNN TEST US (HAS COMMERICALS)" thumb="http://snapshots.streamlive.to/snapshots/1z3ps9vxnknuskb_snapshot.jpg">PlayMedia(&quot;plugin://plugin.video.castaway/?url=http%3A%2F%2Fwww.streamlive.to%2Fview%2F68967%2FCNN&amp;play=True&amp;mode=play&amp;img=http%3A%2F%2Fsnapshots.streamlive.to%2Fsnapshots%2F1z3ps9vxnknuskb_snapshot.jpg&amp;title=CNN&amp;sf_options=winID%3D10025%26_options_sf&quot;)</favourite>
	<favourite name="CNN OnDemand" thumb="https://i.ytimg.com/i/upvZG-5ko_eiXAupbDfxWw/mq1.jpg">ActivateWindow(10025,&quot;plugin://plugin.video.youtube/channel/UCupvZG-5ko_eiXAupbDfxWw/&quot;)</favourite>
</favourites>