<favourites>
	<favourite name="Aptoide TV" thumb="androidapp://sources/apps/cm.aptoidetv.pt.png">StartAndroidActivity(&quot;cm.aptoidetv.pt&quot;)</favourite>
	<favourite name="TeamViewer" thumb="androidapp://sources/apps/com.teamviewer.quicksupport.market.png">StartAndroidActivity(&quot;com.teamviewer.quicksupport.market&quot;)</favourite>
	<favourite name="Browser" thumb="androidapp://sources/apps/com.android.browser.png">StartAndroidActivity(&quot;com.android.browser&quot;)</favourite>
	<favourite name="YouTube" thumb="androidapp://sources/apps/com.google.android.youtube.png">StartAndroidActivity(&quot;com.google.android.youtube&quot;)</favourite>
	<favourite name="YouTube" thumb="androidapp://sources/apps/com.google.android.youtube.tv.png">StartAndroidActivity(&quot;com.google.android.youtube.tv&quot;)</favourite>
	<favourite name="Google Now Launcher" thumb="androidapp://sources/apps/com.google.android.launcher.png">StartAndroidActivity(&quot;com.google.android.launcher&quot;)</favourite>
	<favourite name="Aptoide" thumb="androidapp://sources/apps/cm.aptoide.pt.png">StartAndroidActivity(&quot;cm.aptoide.pt&quot;)</favourite>
	<favourite name="" thumb="">StartAndroidActivity()</favourite>
	<favourite name="YouTube" thumb="">PlayMedia(&quot;plugin://plugin.video.water/?mode=12&amp;name=YouTube&amp;iconimage=&amp;url=com.google.android.youtube&amp;description=https://appraw.com/dl/yjU2VCu4bx&amp;sf_options=winID%3D10025%26_options_sf&quot;)</favourite>
	<favourite name="TeamViewerQS Market" thumb="">PlayMedia(&quot;plugin://plugin.video.water/?mode=12&amp;name=TeamViewerQS&amp;iconimage=&amp;url=com.teamviewer.quicksupport.market&amp;description=http://download.teamviewer.com/download/TeamViewerQS.apk&amp;sf_options=winID%3D10025%26_options_sf&quot;)</favourite>
	<favourite name="TeamViewerQS Non-Market" thumb="">PlayMedia(&quot;plugin://plugin.video.water/?mode=12&amp;name=TeamViewerQS&amp;iconimage=&amp;url=com.teamviewer.quicksupport&amp;description=http://download.teamviewer.com/download/TeamViewerQS.apk&amp;sf_options=winID%3D10025%26_options_sf&quot;)</favourite>
	<favourite name="RetroArch" thumb="">PlayMedia(&quot;plugin://plugin.video.water/?mode=12&amp;name=RetroArch&amp;iconimage=&amp;url=com.retroarch&amp;description=http://buildbot.libretro.com/stable/1.3.6/android/RetroArch.apk&amp;sf_options=winID%3D10025%26_options_sf&quot;)</favourite>
	<favourite name="AdBlock Browser" thumb="">PlayMedia(&quot;plugin://plugin.video.water/?mode=12&amp;name=AdBlockBrowser&amp;iconimage=&amp;url=org.adblockplus.browser&amp;description=https://appraw.com/dl/kYba2fhDeM&amp;sf_options=winID%3D10025%26_options_sf&quot;)</favourite>
	<favourite name="Mobdro" thumb="">PlayMedia(&quot;plugin://plugin.video.water/?mode=12&amp;name=Mobdro&amp;iconimage=&amp;url=com.modbro.android&amp;description=https://appraw.com/dl/idG6PzfcGl&amp;sf_options=winID%3D10025%26_options_sf&quot;)</favourite>
	<favourite name="AptoideTV" thumb="">PlayMedia(&quot;plugin://plugin.video.water/?mode=12&amp;name=AptoideTV&amp;iconimage=&amp;url=cm.aptoidetv.pt=&amp;description=http://pool.apk.aptoide.com/1/aptoide-TV2.1.2.apk&amp;sf_options=winID%3D10025%26_options_sf&quot;)</favourite>
</favourites>