<favourites>
	<favourite name="Cable" thumb="http://magicdroidtv.com/wp-content/uploads/2013/10/more_channels_free_-tv_Streaming-TV_cable-TV.png">RunScript(&quot;script.tvguidetecbox.cable&quot;,return)</favourite>
	<favourite name="Movies" thumb="http://www.corusent.com/wp-content/uploads/2015/07/logos_tv_paytv_moviecentral.png">RunScript(&quot;script.tvguidetecbox.movies&quot;)</favourite>
	<favourite name="News" thumb="http://www.tunisvista.com/journaux/journaux-online.gif">RunScript(&quot;script.tvguidetecbox.news&quot;)</favourite>
	<favourite name="Sports" thumb="http://googledrive.com/host/0B-bY5h-uWEgZQVJQZ0lzUTdBeFE/icons/sports/sports1.png">RunScript(&quot;script.tvguidetecbox.sports&quot;)</favourite>
	<favourite name="Kids" thumb="http://a5.mzstatic.com/us/r30/Purple/v4/ef/00/66/ef0066b8-ddce-b486-39f7-916baa7d1c1c/icon175x175.png">RunScript(&quot;script.tvguidetecbox.kids&quot;)</favourite>
	<favourite name="" thumb="">PlayMedia(&quot;plugin://plugin.video.none?sf_options=winID%3D10025%26_options_sf&quot;)</favourite>
	<favourite name="UK" thumb="">RunScript(&quot;script.tvguidetecbox.uk&quot;)</favourite>
	<favourite name="[COLOR black]ALL[/COLOR]" thumb="http://rocketdock.com/images/screenshots/TV-Guide.png">RunScript(&quot;script.tvguidetecbox&quot;,return)</favourite>
	<favourite name="NFPS - [COLOR crimson]I4ATV[/COLOR]" thumb="DefaultProgram.png">ActivateWindow(10025,&quot;plugin://plugin.video.i4atv/?mode=genres&amp;portal=%7b%22name%22%3a%20%22%5bCOLOR%20red%5dLive%20I4ATV%5b%2fCOLOR%5d%22%2c%20%22parental%22%3a%20%22false%22%2c%20%22url%22%3a%20%22http%3a%2f%2fmw1.iptv66.tv%22%2c%20%22mac%22%3a%20%2200%3a1A%3a78%3a12%3a34%3a20%22%2c%20%22serial%22%3a%20%7b%22custom%22%3a%20false%7d%2c%20%22password%22%3a%20%22inside4android%22%7d&quot;,return)</favourite>
</favourites>