<favourites>
	<favourite name="American Dad" thumb="http://cdn.vaughnsoft.com/vaughnsoft/vaughn/img_profiles/highspothorror108_320.jpg">PlayMedia(&quot;plugin://plugin.stream.vaughnlive.tv/?sourcetype=auto&amp;title=vaughn&amp;url=http%3A%2F%2Fvaughnlive.tv%2Fhighspothorror108&amp;section=&amp;site=&amp;mode=PlayLiveStream&amp;channel=highspothorror108&amp;sf_options=winID%3D10025%26_options_sf&quot;)</favourite>
	South Park" thumb="">PlayMedia(&quot;http://veetle.com/index.php/hls/streamMbrfast/541c316fe8423_/stream.m3u8?sf_options=winID%3D10025%26_options_sf&quot;)</favourite>
	<favourite name="Family Guy" thumb="http://cdn.vaughnsoft.com/vaughnsoft/vaughn/img_profiles/highspothorror113_320.jpg">PlayMedia(&quot;plugin://plugin.stream.vaughnlive.tv/?sourcetype=auto&amp;title=vaughn&amp;url=http%3A%2F%2Fvaughnlive.tv%2Fhighspothorror113&amp;section=&amp;site=&amp;mode=PlayLiveStream&amp;channel=highspothorror113&amp;sf_options=winID%3D10025%26_options_sf&quot;)</favourite>
	<favourite name="Family Guy" thumb="">PlayMedia(&quot;http://iptvnation.com/familyguy.mp4?sf_options=winID%3D10025%26_options_sf&quot;)</favourite>
	<favourite name="Futurama" thumb="http://cdn.vaughnsoft.com/vaughnsoft/vaughn/img_profiles/highspothorror105_320.jpg">PlayMedia(&quot;plugin://plugin.stream.vaughnlive.tv/?sourcetype=auto&amp;title=vaughn&amp;url=http%3A%2F%2Fvaughnlive.tv%2Fhighspothorror105&amp;section=&amp;site=&amp;mode=PlayLiveStream&amp;channel=highspothorror105&amp;sf_options=winID%3D10025%26_options_sf&quot;)</favourite>
	<favourite name="Simpsons" thumb="http://cdn.vaughnsoft.com/vaughnsoft/vaughn/img_profiles/highspothorror110_320.jpg">PlayMedia(&quot;plugin://plugin.stream.vaughnlive.tv/?sourcetype=auto&amp;title=vaughn&amp;url=http%3A%2F%2Fvaughnlive.tv%2Fhighspothorror110&amp;section=&amp;site=&amp;mode=PlayLiveStream&amp;channel=highspothorror110&amp;sf_options=winID%3D10025%26_options_sf&quot;)</favourite>
	<favourite name="South Park" thumb="http://cdn.vaughnsoft.com/vaughnsoft/vaughn/img_profiles/highspothorror106_320.jpg">PlayMedia(&quot;plugin://plugin.stream.vaughnlive.tv/?sourcetype=auto&amp;title=vaughn&amp;url=http%3A%2F%2Fvaughnlive.tv%2Fhighspothorror106&amp;section=&amp;site=&amp;mode=PlayLiveStream&amp;channel=highspothorror106&amp;sf_options=winID%3D10025%26_options_sf&quot;)</favourite>
	
	<favourite name="Adventure Time" thumb="http://cdn.vaughnsoft.com/vaughnsoft/vaughn/img_profiles/lmshows_at_320.jpg">PlayMedia(&quot;plugin://plugin.stream.vaughnlive.tv/?sourcetype=auto&amp;title=vaughn&amp;url=http%3A%2F%2Fvaughnlive.tv%2Flmshows_at&amp;section=&amp;site=&amp;mode=PlayLiveStream&amp;channel=lmshows_at&amp;sf_options=winID%3D10025%26_options_sf&quot;)</favourite>
	<favourite name="Courage the Cowardly Dog" thumb="http://cdn.vaughnsoft.com/vaughnsoft/vaughn/img_profiles/lmshows_ccd_320.jpg">PlayMedia(&quot;plugin://plugin.stream.vaughnlive.tv/?sourcetype=auto&amp;title=vaughn&amp;url=http%3A%2F%2Fvaughnlive.tv%2Flmshows_ccd&amp;section=&amp;site=&amp;mode=PlayLiveStream&amp;channel=lmshows_ccd&amp;sf_options=winID%3D10025%26_options_sf&quot;)</favourite>
	<favourite name="Invader Zim" thumb="http://cdn.vaughnsoft.com/vaughnsoft/vaughn/img_profiles/lmshows_iz_320.jpg">PlayMedia(&quot;plugin://plugin.stream.vaughnlive.tv/?sourcetype=auto&amp;title=vaughn&amp;url=http%3A%2F%2Fvaughnlive.tv%2Flmshows_iz&amp;section=&amp;site=&amp;mode=PlayLiveStream&amp;channel=lmshows_iz&amp;sf_options=winID%3D10025%26_options_sf&quot;)</favourite>
	<favourite name="Regular Show" thumb="http://cdn.vaughnsoft.com/vaughnsoft/vaughn/img_profiles/lmshows_rs_320.jpg">PlayMedia(&quot;plugin://plugin.stream.vaughnlive.tv/?sourcetype=auto&amp;title=vaughn&amp;url=http%3A%2F%2Fvaughnlive.tv%2Flmshows_rs&amp;section=&amp;site=&amp;mode=PlayLiveStream&amp;channel=lmshows_rs&amp;sf_options=winID%3D10025%26_options_sf&quot;)</favourite>
	<favourite name="Samuari Jack" thumb="http://cdn.vaughnsoft.com/vaughnsoft/vaughn/img_profiles/lmshows_sj_320.jpg">PlayMedia(&quot;plugin://plugin.stream.vaughnlive.tv/?sourcetype=auto&amp;title=vaughn&amp;url=http%3A%2F%2Fvaughnlive.tv%2Flmshows_sj&amp;section=&amp;site=&amp;mode=PlayLiveStream&amp;channel=lmshows_sj&amp;sf_options=winID%3D10025%26_options_sf&quot;)</favourite>
	<favourite name="Bobs Burgers" thumb="http://cdn.pastemagazine.com/www/system/images/thumbs/www/articles_2011_01_10/bobsBurgers_300x300.jpg?1294640258">PlayMedia(&quot;plugin://plugin.stream.vaughnlive.tv/?sourcetype=auto&amp;title=vaughn&amp;url=http%3A%2F%2Fvaughnlive.tv%2Fimprov_animation&amp;section=&amp;site=&amp;mode=PlayLiveStream&amp;channel=improv_animation&amp;sf_options=winID%3D10025%26_options_sf&quot;)</favourite>
	<favourite name="Bobs Burgers" thumb="">PlayMedia(&quot;http://iptvnation.com/bobs.mp4?sf_options=winID%3D10025%26_options_sf&quot;)</favourite>
	<favourite name="the Simpsons" thumb="http://cdn.vaughnsoft.com/vaughnsoft/vaughn/img_profiles/krebsey_320.jpg">PlayMedia(&quot;plugin://plugin.stream.vaughnlive.tv/?sourcetype=auto&amp;title=vaughn&amp;url=http%3A%2F%2Fvaughnlive.tv%2Fkrebsey&amp;section=&amp;site=&amp;mode=PlayLiveStream&amp;channel=krebsey&amp;sf_options=winID%3D10025%26_options_sf&quot;)</favourite>
	<favourite name="Rick And Mort" thumb="http://cdn.vaughnsoft.com/vaughnsoft/vaughn/img_profiles/derpitude_320.jpg">PlayMedia(&quot;plugin://plugin.stream.vaughnlive.tv/?sourcetype=auto&amp;title=vaughn&amp;url=http%3A%2F%2Fvaughnlive.tv%2Fderpitude&amp;section=&amp;site=&amp;mode=PlayLiveStream&amp;channel=derpitude&amp;sf_options=winID%3D10025%26_options_sf&quot;)</favourite>
	<favourite name="Cartoons 1" thumb="http://cdn.vaughnsoft.com/vaughnsoft/vaughn/img_profiles/chrisdave2_320.jpg">PlayMedia(&quot;plugin://plugin.stream.vaughnlive.tv/?sourcetype=auto&amp;title=vaughn&amp;url=http%3A%2F%2Fvaughnlive.tv%2Fchrisdave2&amp;section=&amp;site=&amp;mode=PlayLiveStream&amp;channel=chrisdave2&amp;sf_options=winID%3D10025%26_options_sf&quot;)</favourite>
	<favourite name="Cartoons 2" thumb="http://cdn.vaughnsoft.com/vaughnsoft/vaughn/img_profiles/chrisdave4_320.jpg">PlayMedia(&quot;plugin://plugin.stream.vaughnlive.tv/?sourcetype=auto&amp;title=vaughn&amp;url=http%3A%2F%2Fvaughnlive.tv%2Fchrisdave4&amp;section=&amp;site=&amp;mode=PlayLiveStream&amp;channel=chrisdave4&amp;sf_options=winID%3D10025%26_options_sf&quot;)</favourite>
</favourites>