<favourites>
	<favourite name="DuckTales" thumb="http://www.b99.tv/wp-content/uploads/2015/11/DuckTales-320x240.jpg">ActivateWindow(10025,&quot;plugin://plugin.video.b99tv_gw/?description&amp;iconimage=http%3a%2f%2fwww.b99.tv%2fwp-content%2fuploads%2f2015%2f11%2fDuckTales-320x240.jpg&amp;mode=1&amp;name=%5bB%5d%5bCOLOR%20white%5dDuckTales%5b%2fCOLOR%5d%5b%2fB%5d&amp;url=http%3a%2f%2fwww.b99.tv%2fvideos_categories%2fducktales%2f&quot;,return)</favourite>
    <favourite name="Chip &apos;n Dale Rescue Rangers" thumb="http://www.b99.tv/wp-content/uploads/2015/11/Chip-n-Dale-Rescue-Rangers-320x240.jpg">ActivateWindow(10025,&quot;plugin://plugin.video.b99tv_gw/?description&amp;iconimage=http%3a%2f%2fwww.b99.tv%2fwp-content%2fuploads%2f2015%2f11%2fChip-n-Dale-Rescue-Rangers-320x240.jpg&amp;mode=1&amp;name=%5bB%5d%5bCOLOR%20white%5dChip%20%27n%20Dale%20Rescue%20Rangers%5b%2fCOLOR%5d%5b%2fB%5d&amp;url=http%3a%2f%2fwww.b99.tv%2fvideos_categories%2fchip-n-dale-rescue-rangers%2f&quot;,return)</favourite>
    <favourite name="Aladdin" thumb="http://www.animetoon.tv/images/series/big/1852.jpg">ActivateWindow(10025,&quot;plugin://plugin.video.toonmania/?description=Aladdin%2c%20the%20clever%20hero%20of%20Agrabah%2c%20continues%20his%20adventures%20with%20the%20help%20of%20his%20fiancee%20Princess%20Jasmine%2c%20his%20pet%20monkey%20Abu%2c%20Magic%20Carpet%2c%20Iago%20the%20greedy%20parrot%2c%20and%20of%20course%20his%20best%20friend%20the%20semi-cosmic%20Genie.&amp;iconimage=http%3a%2f%2fwww.animetoon.tv%2fimages%2fseries%2fbig%2f1852.jpg&amp;mode=3&amp;name=Aladdin&amp;url=1852&quot;,return)</favourite>
  <favourite name="Darkwing Duck">ActivateWindow(10025,&quot;plugin://plugin.video.watchcartoon_gw/?description&amp;iconimage&amp;mode=20&amp;name=Darkwing%20Duck&amp;url=https%3a%2f%2fwww.watchcartoononline.io%2fanime%2fdarkwing-duck&quot;,return)</favourite>
  
	
	
	<favourite name="Goof Troop" thumb="http://www.funniermoments.com/uploads/tm_category_img/172_category_img_th.jpg">ActivateWindow(10025,&quot;plugin://plugin.video.funniermoments/?mode=500&amp;page=1&amp;title=Goof%20Troop%20(81%20videos)&amp;url=http%3a%2f%2fwww.funniermoments.com%2fbrowse-gooftroop-videos-1-date.html&amp;&quot;,return)</favourite>
	<favourite name="TaleSpin" thumb="http://www.toon.is/uploads/thumbs/434f2925d-1.jpg|referer=http://toon.is/">ActivateWindow(10025,&quot;plugin://plugin.video.funniermoments/?mode=500&amp;page=1&amp;title=TaleSpin%20(65%20%20Videos)&amp;url=http%3a%2f%2fwww.toon.is%2fbrowse-talespin-videos-1-date.html&quot;,return)</favourite>
	
	
	<favourite name="Mickey Mouse" thumb="http://www.supercartoons.net/images/characters/mickey-mouse.jpg">ActivateWindow(10025,&quot;plugin://plugin.video.supercartoons_gw/?mode=5&amp;page=1&amp;title=Mickey%20Mouse&amp;url=http%3a%2f%2fwww.supercartoons.net%2fcharacter%2f1-1%2fmickey-mouse.html&amp;&quot;,return)</favourite>
	<favourite name="Donald Duck" thumb="http://www.supercartoons.net/images/characters/donald-duck.jpg">ActivateWindow(10025,&quot;plugin://plugin.video.supercartoons_gw/?mode=5&amp;page=1&amp;title=Donald%20Duck&amp;url=http%3a%2f%2fwww.supercartoons.net%2fcharacter%2f2-1%2fdonald-duck.html&amp;&quot;,return)</favourite>
	
	<favourite name="Goofy" thumb="http://www.supercartoons.net/images/characters/goofy.jpg">ActivateWindow(10025,&quot;plugin://plugin.video.supercartoons_gw/?mode=5&amp;page=1&amp;title=Goofy&amp;url=http%3a%2f%2fwww.supercartoons.net%2fcharacter%2f3-1%2fgoofy.html&amp;&quot;,return)</favourite>
	
	
	<favourite name="Daisy Duck" thumb="http://www.supercartoons.net/images/characters/daisy-duck.jpg">ActivateWindow(10025,&quot;plugin://plugin.video.supercartoons_gw/?mode=5&amp;page=1&amp;title=Daisy%20Duck&amp;url=http%3a%2f%2fwww.supercartoons.net%2fcharacter%2f6-1%2fdaisy-duck.html&amp;&quot;,return)</favourite>
	<favourite name="Minnie Mouse" thumb="http://www.supercartoons.net/images/characters/minnie-mouse.jpg">ActivateWindow(10025,&quot;plugin://plugin.video.supercartoons_gw/?mode=5&amp;page=1&amp;title=Minnie%20Mouse&amp;url=http%3a%2f%2fwww.supercartoons.net%2fcharacter%2f8-1%2fminnie-mouse.html&amp;&quot;,return)</favourite>
	
	<favourite name="Chip and Dale" thumb="http://www.supercartoons.net/images/characters/chip-and-dale.jpg">ActivateWindow(10025,&quot;plugin://plugin.video.supercartoons_gw/?mode=5&amp;page=1&amp;title=Chip%20and%20Dale&amp;url=http%3a%2f%2fwww.supercartoons.net%2fcharacter%2f5-1%2fchip-and-dale.html&amp;&quot;,return)</favourite>
	
	
	<favourite name="Figaro" thumb="http://www.supercartoons.net/images/characters/figaro.jpg">ActivateWindow(10025,&quot;plugin://plugin.video.supercartoons_gw/?mode=5&amp;page=1&amp;title=Figaro&amp;url=http%3a%2f%2fwww.supercartoons.net%2fcharacter%2f7-1%2ffigaro.html&amp;&quot;,return)</favourite>
	
	<favourite name="Huey, Dewey And Louie" thumb="http://www.supercartoons.net/images/characters/huey-dewey-and-louie.jpg">ActivateWindow(10025,&quot;plugin://plugin.video.supercartoons_gw/?mode=5&amp;page=1&amp;title=Huey%2c%20Dewey%20And%20Louie&amp;url=http%3a%2f%2fwww.supercartoons.net%2fcharacter%2f10-1%2fhuey-dewey-and-louie.html&amp;&quot;,return)</favourite>
	<favourite name="Humphrey The Bear" thumb="http://www.supercartoons.net/images/characters/humphrey-the-bear.jpg">ActivateWindow(10025,&quot;plugin://plugin.video.supercartoons_gw/?mode=5&amp;page=1&amp;title=Humphrey%20The%20Bear&amp;url=http%3a%2f%2fwww.supercartoons.net%2fcharacter%2f11-1%2fhumphrey-the-bear.html&amp;&quot;,return)</favourite>
	
	
	<favourite name="Pluto" thumb="http://www.supercartoons.net/images/characters/pluto.jpg">ActivateWindow(10025,&quot;plugin://plugin.video.supercartoons_gw/?mode=5&amp;page=1&amp;title=Pluto&amp;url=http%3a%2f%2fwww.supercartoons.net%2fcharacter%2f4-1%2fpluto.html&amp;&quot;,return)</favourite>
</favourites>