<favourites>
	<favourite name="UFC OnDemand" thumb="https://yt3.ggpht.com/-QeD1gcM_f7k/AAAAAAAAAAI/AAAAAAAAAAA/RrU6oF2FBU0/s240-c-k-no/photo.jpg">ActivateWindow(10025,&quot;plugin://plugin.video.youtube/channel/UCvgfXK4nTYKudb0rFR6noLA/&quot;,return)</favourite>
	<favourite name="UFC ON FOX" thumb="https://yt3.ggpht.com/-lj8-zSzRk4E/AAAAAAAAAAI/AAAAAAAAAAA/7PEm8PTojB8/s240-c-k-no/photo.jpg">ActivateWindow(10025,&quot;plugin://plugin.video.youtube/channel/UCv_s-FKXBwsq1zy4GCR3Ycw/&quot;,return)</favourite>
	<favourite name="UFC Replay" thumb="special://home/addons\plugin.video.mdwww\icon.png">ActivateWindow(10025,&quot;plugin://plugin.video.mdwww/?description&amp;iconimage=C%3a%5ckodi%5cportable_data%5caddons%5cplugin.video.mdwww%5cicon.png&amp;mode=8&amp;name=%5bB%5d%5bCOLOR%20white%5dSort%20By%20Date%5b%2fCOLOR%5d%5b%2fB%5d&amp;url=http%3a%2f%2fwatchwrestling.club%2fcategory%2fsports%2f%3forderby%3ddate&amp;sf_options=fanart%3Dspecial%3A%2F%2Fhome%2Faddons%5Cplugin.video.mdwww%5Cfanart.jpg%26_options_sf&quot;,return)</favourite>
	<favourite name="[COLOR black]Replay - BACKUP[/COLOR]" thumb="http://s14.postimg.org/os4vwebfl/replays.jpg">ActivateWindow(10025,&quot;plugin://plugin.program.super.favourites/?label=[COLOR black]Replay - BACKUP[/COLOR]&amp;mode=400&amp;path=special%3A%2F%2Fhome%2Faddons%2Fscript.supafav%2FSuper%20Favourites%5CSports%5CUFC%5CReplay%20-%20BACKUP&amp;sf_options=fanart%3Dhttp%3A%2F%2Fwww.schoolsplus.co.uk%2Fharrispurley%2Fwp-content%2Fuploads%2Fsites%2F20%2F2014%2F08%2FSP-Harris-Purley-Pitch2.jpg%26_options_sf&quot;)</favourite>
	<favourite name="UFC: 1 - 9" thumb="https://i.imgsafe.org/a847a2a.jpg">ActivateWindow(10025,&quot;plugin://plugin.video.phstreams/?action=directory&amp;audio=0&amp;content=0&amp;fanart=http%3a%2f%2fimg1.goodfon.su%2foriginal%2f1920x1080%2f7%2f52%2fking-queen-crown-poker.jpg&amp;image=https%3a%2f%2fi.imgsafe.org%2fa847a2a.jpg&amp;name=%5bCOLOR%20red%5dNEW%3a%5b%2fCOLOR%5d%20Mixed%20Martial%20Arts&amp;tvshow=0&amp;url=http%3a%2f%2fgibraltar.watchkodi.com%2fMisc%2fMMA.xml&quot;,return)</favourite>
	<favourite name="FOX Sports 1" thumb="http://2.bp.blogspot.com/-eGdimZ-T92c/UhObgpLOcnI/AAAAAAAAPgY/_gyeOCi0Wvg/s400/fox.jpeg">PlayMedia(&quot;http://ooyalahd2-f.akamaihd.net/i/eslax17_delivery@349499/master.m3u8?sf_options=winID%3D10025%26_options_sf&quot;)</favourite>
</favourites>