<?xml version="1.0" encoding="UTF-8" standalone="yes"?>
<addon id="script.supafav" version="0.0.67" name="Auto-Menu System" provider-name="water">
<requires>
    <import addon="xbmc.python" version="2.1.0"/>
  </requires>
  <extension point="xbmc.service" library="service.py"/>
  <extension point="xbmc.python.pluginsource" library="origin2.py" />
  <extension point="xbmc.addon.metadata">
    <summary lang="en"></summary>
    <description lang="en"></description>
    <platform>all</platform>
  </extension>
</addon>
