<?xml version="1.0" encoding="UTF-8" standalone="yes"?>

<addon id="repo.water.3rdparty" name="w third party" version="1.0.4" provider-name="H²0)">
	<extension point="xbmc.addon.repository" name="w third party">
		<info compressed="false">https://ia601507.us.archive.org/14/items/32EE742B432CF9ECC2785C5D876CA/plugins</info>
		<checksum>https://ia601507.us.archive.org/14/items/32EE742B432CF9ECC2785C5D876CA/plugins.hash</checksum>
		<datadir zip="true">https://ia601507.us.archive.org/14/items/32EE742B432CF9ECC2785C5D876CA/</datadir>
	</extension>
	<extension point="xbmc.addon.metadata">
		<summary></summary>
		<description></description>
		<platform></platform>
	</extension>
</addon>

