<favourites>
    <favourite name="NFL Network" thumb="http://mw1.iptv66.tv/stalker_portal/misc/logos/320/591.png">PlayMedia(&quot;plugin://plugin.video.i4atv/?tmp=1&amp;genre_name=%5B%27All%27%5D&amp;title=NFL+Network&amp;cmd=ffrt2+http%3A%2F%2Flocalhost%2Fch%2F1003&amp;portal=%7B%22name%22%3A+%22%5BCOLOR+red%5DLive+I4ATV%5B%2FCOLOR%5D%22%2C+%22parental%22%3A+%22false%22%2C+%22url%22%3A+%22http%3A%2F%2Fmw1.iptv66.tv%22%2C+%22mac%22%3A+%2200%3A1A%3A78%3A10%3A00%3A03%22%2C+%22serial%22%3A+%7B%22custom%22%3A+false%7D%2C+%22password%22%3A+%22inside4android%22%7D&amp;mode=play&amp;logo_url=http%3A%2F%2Fmw1.iptv66.tv%2Fstalker_portal%2Fmisc%2Flogos%2F320%2F591.png&quot;)</favourite>
    <favourite name="NFL Sunday Ticket 1" thumb="http://mw1.iptv66.tv/stalker_portal/misc/logos/320/3009.png">PlayMedia(&quot;plugin://plugin.video.i4atv/?tmp=1&amp;genre_name=%5B%27All%27%5D&amp;title=NFL+Sunday+Ticket+1&amp;cmd=ffrt2+http%3A%2F%2Flocalhost%2Fch%2F8629&amp;portal=%7B%22name%22%3A+%22%5BCOLOR+red%5DLive+I4ATV%5B%2FCOLOR%5D%22%2C+%22parental%22%3A+%22false%22%2C+%22url%22%3A+%22http%3A%2F%2Fmw1.iptv66.tv%22%2C+%22mac%22%3A+%2200%3A1A%3A78%3A10%3A00%3A03%22%2C+%22serial%22%3A+%7B%22custom%22%3A+false%7D%2C+%22password%22%3A+%22inside4android%22%7D&amp;mode=play&amp;logo_url=http%3A%2F%2Fmw1.iptv66.tv%2Fstalker_portal%2Fmisc%2Flogos%2F320%2F3009.png&quot;)</favourite>
    <favourite name="NFL Sunday Ticket 2" thumb="http://mw1.iptv66.tv/stalker_portal/misc/logos/320/3011.png">PlayMedia(&quot;plugin://plugin.video.i4atv/?tmp=1&amp;genre_name=%5B%27All%27%5D&amp;title=NFL+Sunday+Ticket+2&amp;cmd=ffrt2+http%3A%2F%2Flocalhost%2Fch%2F8634&amp;portal=%7B%22name%22%3A+%22%5BCOLOR+red%5DLive+I4ATV%5B%2FCOLOR%5D%22%2C+%22parental%22%3A+%22false%22%2C+%22url%22%3A+%22http%3A%2F%2Fmw1.iptv66.tv%22%2C+%22mac%22%3A+%2200%3A1A%3A78%3A10%3A00%3A03%22%2C+%22serial%22%3A+%7B%22custom%22%3A+false%7D%2C+%22password%22%3A+%22inside4android%22%7D&amp;mode=play&amp;logo_url=http%3A%2F%2Fmw1.iptv66.tv%2Fstalker_portal%2Fmisc%2Flogos%2F320%2F3011.png&quot;)</favourite>
    <favourite name="NFL Sunday Ticket 3" thumb="http://mw1.iptv66.tv/stalker_portal/misc/logos/320/3014.png">PlayMedia(&quot;plugin://plugin.video.i4atv/?tmp=1&amp;genre_name=%5B%27All%27%5D&amp;title=NFL+Sunday+Ticket+3&amp;cmd=ffrt2+http%3A%2F%2Flocalhost%2Fch%2F8636&amp;portal=%7B%22name%22%3A+%22%5BCOLOR+red%5DLive+I4ATV%5B%2FCOLOR%5D%22%2C+%22parental%22%3A+%22false%22%2C+%22url%22%3A+%22http%3A%2F%2Fmw1.iptv66.tv%22%2C+%22mac%22%3A+%2200%3A1A%3A78%3A10%3A00%3A03%22%2C+%22serial%22%3A+%7B%22custom%22%3A+false%7D%2C+%22password%22%3A+%22inside4android%22%7D&amp;mode=play&amp;logo_url=http%3A%2F%2Fmw1.iptv66.tv%2Fstalker_portal%2Fmisc%2Flogos%2F320%2F3014.png&quot;)</favourite>
    <favourite name="NFL Sunday Ticket 4" thumb="http://mw1.iptv66.tv/stalker_portal/misc/logos/320/3016.png">PlayMedia(&quot;plugin://plugin.video.i4atv/?tmp=1&amp;genre_name=%5B%27All%27%5D&amp;title=NFL+Sunday+Ticket+4&amp;cmd=ffrt2+http%3A%2F%2Flocalhost%2Fch%2F8641&amp;portal=%7B%22name%22%3A+%22%5BCOLOR+red%5DLive+I4ATV%5B%2FCOLOR%5D%22%2C+%22parental%22%3A+%22false%22%2C+%22url%22%3A+%22http%3A%2F%2Fmw1.iptv66.tv%22%2C+%22mac%22%3A+%2200%3A1A%3A78%3A10%3A00%3A03%22%2C+%22serial%22%3A+%7B%22custom%22%3A+false%7D%2C+%22password%22%3A+%22inside4android%22%7D&amp;mode=play&amp;logo_url=http%3A%2F%2Fmw1.iptv66.tv%2Fstalker_portal%2Fmisc%2Flogos%2F320%2F3016.png&quot;)</favourite>
    <favourite name="NFL Sunday Ticket 5" thumb="http://mw1.iptv66.tv/stalker_portal/misc/logos/320/3021.png">PlayMedia(&quot;plugin://plugin.video.i4atv/?tmp=1&amp;genre_name=%5B%27All%27%5D&amp;title=NFL+Sunday+Ticket+5&amp;cmd=ffrt2+http%3A%2F%2Flocalhost%2Fch%2F8644&amp;portal=%7B%22name%22%3A+%22%5BCOLOR+red%5DLive+I4ATV%5B%2FCOLOR%5D%22%2C+%22parental%22%3A+%22false%22%2C+%22url%22%3A+%22http%3A%2F%2Fmw1.iptv66.tv%22%2C+%22mac%22%3A+%2200%3A1A%3A78%3A10%3A00%3A03%22%2C+%22serial%22%3A+%7B%22custom%22%3A+false%7D%2C+%22password%22%3A+%22inside4android%22%7D&amp;mode=play&amp;logo_url=http%3A%2F%2Fmw1.iptv66.tv%2Fstalker_portal%2Fmisc%2Flogos%2F320%2F3021.png&quot;)</favourite>
    <favourite name="NFL Sunday Ticket 6" thumb="http://mw1.iptv66.tv/stalker_portal/misc/logos/320/3026.png">PlayMedia(&quot;plugin://plugin.video.i4atv/?tmp=1&amp;genre_name=%5B%27All%27%5D&amp;title=NFL+Sunday+Ticket+6&amp;cmd=ffrt2+http%3A%2F%2Flocalhost%2Fch%2F8646&amp;portal=%7B%22name%22%3A+%22%5BCOLOR+red%5DLive+I4ATV%5B%2FCOLOR%5D%22%2C+%22parental%22%3A+%22false%22%2C+%22url%22%3A+%22http%3A%2F%2Fmw1.iptv66.tv%22%2C+%22mac%22%3A+%2200%3A1A%3A78%3A10%3A00%3A03%22%2C+%22serial%22%3A+%7B%22custom%22%3A+false%7D%2C+%22password%22%3A+%22inside4android%22%7D&amp;mode=play&amp;logo_url=http%3A%2F%2Fmw1.iptv66.tv%2Fstalker_portal%2Fmisc%2Flogos%2F320%2F3026.png&quot;)</favourite>
    <favourite name="NFL Sunday Ticket 7" thumb="http://mw1.iptv66.tv/stalker_portal/misc/logos/320/3031.png">PlayMedia(&quot;plugin://plugin.video.i4atv/?tmp=1&amp;genre_name=%5B%27All%27%5D&amp;title=NFL+Sunday+Ticket+7&amp;cmd=ffrt2+http%3A%2F%2Flocalhost%2Fch%2F8651&amp;portal=%7B%22name%22%3A+%22%5BCOLOR+red%5DLive+I4ATV%5B%2FCOLOR%5D%22%2C+%22parental%22%3A+%22false%22%2C+%22url%22%3A+%22http%3A%2F%2Fmw1.iptv66.tv%22%2C+%22mac%22%3A+%2200%3A1A%3A78%3A10%3A00%3A03%22%2C+%22serial%22%3A+%7B%22custom%22%3A+false%7D%2C+%22password%22%3A+%22inside4android%22%7D&amp;mode=play&amp;logo_url=http%3A%2F%2Fmw1.iptv66.tv%2Fstalker_portal%2Fmisc%2Flogos%2F320%2F3031.png&quot;)</favourite>
</favourites>
