<favourites>
	<favourite name="CNN" thumb="http://googledrive.com/host/0B-bY5h-uWEgZQVJQZ0lzUTdBeFE/icons/news/cnn.png">PlayMedia(&quot;rtmp://c.cdn.newschat.tv/edge playpath=cnn_live swfUrl=http://newschat.tv/player.swf swfVfy=1 live=1 pageUrl=http://www.livenewschat.eu/twoons timeout=15?sf_options=winID%3D10025%26_options_sf&quot;)</favourite>
	<favourite name="CNN Intl." thumb="http://googledrive.com/host/0B-bY5h-uWEgZQVJQZ0lzUTdBeFE/icons/networks/news/cnni.png">PlayMedia(&quot;rtmp://b.cdn.newschat.tv/edge playpath=cnni_live swfUrl=http://newschat.tv/player.swf live=1  pageUrl=http://www.livenewschat.eu/twoons?sf_options=winID%3D10025%26_options_sf&quot;)</favourite>
	<favourite name="CNN HD" thumb="http://googledrive.com/host/0B-bY5h-uWEgZQVJQZ0lzUTdBeFE/icons/news/cnn.png">PlayMedia(&quot;plugin://plugin.video.uktvnow/?url=url&amp;mode=2&amp;name=CNN+&amp;description=&amp;sf_options=fanart%3Dspecial%3A%2F%2Fhome%2Faddons%5Cplugin.video.uktvnow%5Cfanart.jpg%26winID%3D10025%26_options_sf&quot;)</favourite>
	<favourite name="CNN OnDemand" thumb="https://i.ytimg.com/i/upvZG-5ko_eiXAupbDfxWw/mq1.jpg">ActivateWindow(10025,&quot;plugin://plugin.video.youtube/channel/UCupvZG-5ko_eiXAupbDfxWw/&quot;,return)</favourite>
	<favourite name="CNN" thumb="http://static.filmon.com/couch/channels/115/extra_big_logo.png">PlayMedia(&quot;plugin://plugin.video.israelive/?url=rtmp%3A%2F%2Fa.cdn.newschat.tv%2Fedge+playpath%3Dcnn_live+swfUrl%3Dhttp%3A%2F%2Fnewschat.tv%2Fplayer.swf+swfVfy%3D1+live%3D1+pageUrl%3Dhttp%3A%2F%2Fwww.livenewschat.eu%2Ftwoons+timeout%3D15&amp;mode=11&amp;name=%5BCOLOR+silver%5D%5BB%5DCNN%5B%2FB%5D%5B%2FCOLOR%5D+-+%5BCOLOR+orange%5D%5BB%5D%D7%97%D7%93%D7%A8+%D7%94%D7%97%D7%93%D7%A9%D7%95%D7%AA%5B%2FB%5D%5B%2FCOLOR%5D+%5BCOLOR+burlywood%5D%5B23%3A00-00%3A00%5D%5B%2FCOLOR%5D+-+%5BCOLOR+white%5DNext%3A+%5BB%5D%D7%97%D7%93%D7%A8+%D7%94%D7%97%D7%93%D7%A9%D7%95%D7%AA%5B%2FB%5D%5B%2FCOLOR%5D+%5BCOLOR+burlywood%5D%5B00%3A00-01%3A00%5D%5B%2FCOLOR%5D&amp;iconimage=http%3A%2F%2Fstatic.filmon.com%2Fcouch%2Fchannels%2F115%2Fextra_big_logo.png&amp;description=%D7%97%D7%93%D7%A8+%D7%94%D7%97%D7%93%D7%A9%D7%95%D7%AA+%D7%94%D7%95%D7%90+%D7%94%D7%9E%D7%A7%D7%95%D7%9D+%D7%91%D7%95+%D7%94%D7%97%D7%93%D7%A9%D7%95%D7%AA+%D7%A7%D7%95%D7%A8%D7%95%D7%AA.+%D7%91%D7%95%D7%90%D7%95+%D7%9C%D7%A8%D7%90%D7%95%D7%AA+%D7%90%D7%AA+%D7%94%D7%9E%D7%A7%D7%95%D7%A8%D7%95%D7%AA+%D7%A9%D7%9C+%D7%A8%D7%A9%D7%AA+%D7%94%D7%97%D7%93%D7%A9%D7%95%D7%AA+%D7%91%D7%A4%D7%A2%D7%95%D7%9C%D7%94&amp;displayname=CNN&amp;categoryid=Favourites&amp;sf_options=winID%3D10025%26desc%3D%D7%97%D7%93%D7%A8+%D7%94%D7%97%D7%93%D7%A9%D7%95%D7%AA+%D7%94%D7%95%D7%90+%D7%94%D7%9E%D7%A7%D7%95%D7%9D+%D7%91%D7%95+%D7%94%D7%97%D7%93%D7%A9%D7%95%D7%AA+%D7%A7%D7%95%D7%A8%D7%95%D7%AA.+%D7%91%D7%95%D7%90%D7%95+%D7%9C%D7%A8%D7%90%D7%95%D7%AA+%D7%90%D7%AA+%D7%94%D7%9E%D7%A7%D7%95%D7%A8%D7%95%D7%AA+%D7%A9%D7%9C+%D7%A8%D7%A9%D7%AA+%D7%94%D7%97%D7%93%D7%A9%D7%95%D7%AA+%D7%91%D7%A4%D7%A2%D7%95%D7%9C%D7%94%26_options_sf&quot;)</favourite>
	<favourite name="CNN" thumb="http://googledrive.com/host/0B-bY5h-uWEgZQVJQZ0lzUTdBeFE/icons/news/cnn.png">PlayMedia(&quot;rtmp://b.cdn.newschat.tv/edge playpath=cnn_live swfUrl=http://newschat.tv/player.swf live=1 pageUrl=http://www.livenewschat.eu/twoons?sf_options=winID%3D10025%26_options_sf&quot;)</favourite>
</favourites>