<favourites>
	<favourite name="Search Artists" thumb="special://home/addons\plugin.audio.mp3streams\art/searchartists.jpg">ActivateWindow(10501,&quot;plugin://plugin.audio.mp3streams/?iconimage=C%3a%5ckodi%5cportable_data%5caddons%5cplugin.audio.mp3streams%5cart%2fsearchartists.jpg&amp;list=search%20artists%3c%3eurl%3c%3eC%3a%5ckodi%5cportable_data%5caddons%5cplugin.audio.mp3streams%5cart%2fsearchartists.jpg&amp;mode=24&amp;name=Search%20Artists&amp;type&amp;url=url&quot;,return)</favourite>
	<favourite name="Search Albums" thumb="special://home/addons\plugin.audio.mp3streams\art/searchalbums.jpg">ActivateWindow(10501,&quot;plugin://plugin.audio.mp3streams/?iconimage=C%3a%5ckodi%5cportable_data%5caddons%5cplugin.audio.mp3streams%5cart%2fsearchalbums.jpg&amp;list=search%20albums%3c%3eurl%3c%3eC%3a%5ckodi%5cportable_data%5caddons%5cplugin.audio.mp3streams%5cart%2fsearchalbums.jpg&amp;mode=24&amp;name=Search%20Albums&amp;type&amp;url=url&quot;,return)</favourite>
	<favourite name="Search Songs" thumb="special://home/addons\plugin.audio.mp3streams\art/searchsongs.jpg">ActivateWindow(10501,&quot;plugin://plugin.audio.mp3streams/?iconimage=C%3a%5ckodi%5cportable_data%5caddons%5cplugin.audio.mp3streams%5cart%2fsearchsongs.jpg&amp;list=search%20songs%3c%3eurl%3c%3eC%3a%5ckodi%5cportable_data%5caddons%5cplugin.audio.mp3streams%5cart%2fsearchsongs.jpg&amp;mode=24&amp;name=Search%20Songs&amp;type&amp;url=url&quot;,return)</favourite>
	<favourite name="Search Music Videos" thumb="">ActivateWindow(10025,&quot;plugin://plugin.video.myvevo/?mode=GQ&amp;url=https%3a%2f%2fapiv2.vevo.com%2fvideos%3fpage%3d1%26size%3d25&quot;,return)</favourite>
	<favourite name="Search YouTube" thumb="special://home/addons\plugin.video.youtube\resources\media\search.png">ActivateWindow(10025,&quot;plugin://plugin.video.youtube/kodion/search/list/&quot;,return)</favourite>
</favourites>