<favourites>
	<favourite name="Mobdro" thumb="">PlayMedia(&quot;plugin://plugin.video.apkdownload/?url=https://www.mobdro.com/lb/downloads/mobdro.apk&amp;mode=1&amp;name=Mobdro&amp;description=&amp;sf_options=winID%3D10025%26_options_sf&quot;,return)</favourite>
<favourite name="MoviesHD" thumb="">PlayMedia(&quot;plugin://plugin.video.apkdownload/?url=http://dndapps.info/app/MovieHD.apk&amp;mode=1&amp;name=MoviesHD&amp;description=&amp;sf_options=winID%3D10025%26_options_sf&quot;,return)</favourite>
	<favourite name="MegaBoxHD" thumb="">PlayMedia(&quot;plugin://plugin.video.apkdownload/?url=https://archive.org/download/megaboxhd_v101/megaboxhd_v101.apk&amp;mode=1&amp;name=MegaBoxHD&amp;description=&amp;sf_options=winID%3D10025%26_options_sf&quot;,return)</favourite>
<favourite name="VLCTV" thumb="">PlayMedia(&quot;plugin://plugin.video.apkdownload/?url=https://get.videolan.org/vlc-android/1.7.0/VLC-Android-TV-1.7.0-ARMv7.apk&amp;mode=1&amp;name=VLCTV&amp;description=&amp;sf_options=winID%3D10025%26_options_sf&quot;,return)</favourite>
</favourites>