<favourites>
	<favourite name="Broadcastify" thumb="">ActivateWindow(10025,&quot;plugin://plugin.audio.radioreference/?action=states&amp;extra&amp;page&amp;plot&amp;title=United%20States&amp;url=http%3a%2f%2fwww.broadcastify.com%2flisten%2fcoid%2f1&amp;sf_options=&quot;)</favourite>
	<favourite name="iTunes Podcasts" thumb="">ActivateWindow(10501,&quot;plugin://plugin.video.itunes_podcasts/?content_type=audio&amp;sf_options=&quot;)</favourite>
	<favourite name="Books Should Be Free" thumb="">ActivateWindow(10501,&quot;plugin://plugin.audio.booksshouldbefree/&amp;sf_options=&quot;)</favourite>
	<favourite name="asbook.ru" thumb="">ActivateWindow(10501,&quot;plugin://plugin.audio.asbook.ru/&amp;sf_options=&quot;)</favourite>
</favourites>