<favourites>
	<favourite name="Reddit" thumb="">ActivateWindow(10025,&quot;plugin://plugin.video.reddit_tv/?mode=autoPlay&amp;type=UNWATCHED_RANDOM&amp;url=http%3a%2f%2fwww.reddit.com%2fr%2ffullcartoonsonyoutube%2fsearch.json%3fq%3dnsfw%3ano%2bsite%253Ayoutu.be%2bOR%2bsite%253Ayoutube.com%2bOR%2bsite%253Avimeo.com%2bOR%2bsite%253Aliveleak.com%2bOR%2bsite%253Adailymotion.com%26sort%3dnew%26restrict_sr%3don%26limit%3d50&amp;sf_options=&quot;,return)</favourite>
	<favourite name="MoviesXK" thumb="special://home/addons\plugin.video.moviexk\icon.png">ActivateWindow(10025,&quot;plugin://plugin.video.moviexk/?description&amp;mode=1&amp;name=Family&amp;url=http%3a%2f%2fwww.moviexk.net%2ffamily&amp;sf_options=fanart%3Dspecial%3A%2F%2Fhome%2Faddons%5Cplugin.video.moviexk%5Cfanart.jpg%26_options_sf&quot;,return)</favourite>
	<favourite name="Funnier Moments" thumb="special://home/addons\plugin.video.funniermoments\icon.png">ActivateWindow(10025,&quot;plugin://plugin.video.funniermoments/?sf_options=desc%3DWatch+your+favourite+Hanna-Barbera+cartoons%2C+and+many+more%2C+courtesy+of+www.funniermoments.com%26_options_sf&quot;,return)</favourite>
	<favourite name="Toonjet" thumb="special://home/addons\plugin.video.toonjet\icon.png">ActivateWindow(10025,&quot;plugin://plugin.video.toonjet/&amp;sf_options=&quot;)</favourite>
	<favourite name="[COLOR red][COLOR white]KIDS STUFF[COLOR red] [COLOR lime][/COLOR][/COLOR]" thumb="http://i1295.photobucket.com/albums/b636/beatbox8501/KIDS_zpsgflhj2dv.png">ActivateWindow(10025,&quot;plugin://plugin.video.streamengine/?date&amp;description&amp;iconimage=http%3a%2f%2fi1295.photobucket.com%2falbums%2fb636%2fbeatbox8501%2fKIDS_zpsgflhj2dv.png&amp;mode=1&amp;name=%5bCOLOR%20red%5d%5bCOLOR%20white%5dKIDS%20STUFF%5bCOLOR%20red%5d%20%5bCOLOR%20lime%5d%5b%2fCOLOR%5d%5b%2fCOLOR%5d&amp;page&amp;play&amp;url=https%3a%2f%2fpastebin.com%2fraw.php%3fi%3d4guZC7WJ&amp;sf_options=fanart%3Dhttp%3A%2F%2Fi1295.photobucket.com%2Falbums%2Fb636%2Fbeatbox8501%2Fwallpaper_zpsopwvguho.jpg%26_options_sf&quot;,return)</favourite>
	<favourite name="FamilyFun Flix" thumb="special://home/addons\plugin.video.familyfunflix\icon.png">ActivateWindow(10025,&quot;plugin://plugin.video.familyfunflix/&amp;sf_options=&quot;,return)</favourite>
	<favourite name="ToonMania" thumb="special://home/addons\plugin.video.toonmania\icon.png">ActivateWindow(10025,&quot;plugin://plugin.video.toonmania?sf_options=fanart%3Dspecial%3A%2F%2Fhome%2Faddons%5Cplugin.video.toonmania%5Cfanart.jpg%26_options_sf&quot;,return)</favourite>
	<favourite name="Cartoon Crazy" thumb="special://home/addons\plugin.video.phstreams/resources/media/phtoons/CartoonCrazy-icon.png">ActivateWindow(10025,&quot;plugin://plugin.video.phstreams/?action=CartoonCrazy&amp;fanart=C%3a%5ckodi%5cportable_data%5caddons%5cplugin.video.phstreams%2fresources%2fmedia%2fphtoons%2fCartoonCrazy-fanart.jpg&amp;image=C%3a%5ckodi%5cportable_data%5caddons%5cplugin.video.phstreams%2fresources%2fmedia%2fphtoons%2fCartoonCrazy-icon.png&amp;url=0&amp;sf_options=fanart%3Dspecial%3A%2F%2Fhome%2Faddons%5Cplugin.video.phstreams%2Fresources%2Fmedia%2Fphtoons%2FCartoonCrazy-fanart.jpg%26_options_sf&quot;,return)</favourite>
	<favourite name="[COLOR white].TOP 10 DISNEY CLASSICS[/COLOR]" thumb="http://i1295.photobucket.com/albums/b636/beatbox8501/KIDS_zpsgflhj2dv.png">ActivateWindow(10025,&quot;plugin://plugin.video.streamengine/?date&amp;description&amp;iconimage=http%3a%2f%2fi1295.photobucket.com%2falbums%2fb636%2fbeatbox8501%2fKIDS_zpsgflhj2dv.png&amp;mode=1&amp;name=%5bCOLOR%20white%5d.TOP%2010%20DISNEY%20CLASSICS%5b%2fCOLOR%5d&amp;page&amp;play&amp;url=https%3a%2f%2fpastebin.com%2fraw.php%3fi%3dT56PX944&amp;sf_options=fanart%3Dhttp%3A%2F%2Fi1295.photobucket.com%2Falbums%2Fb636%2Fbeatbox8501%2Fwallpaper_zpsopwvguho.jpg%26_options_sf&quot;,return)</favourite>
	<favourite name="New Kids Tv" thumb="special://home/addons\plugin.video.newkidstv\icon.png">ActivateWindow(10025,&quot;plugin://plugin.video.newkidstv?sf_options=fanart%3Dspecial%3A%2F%2Fhome%2Faddons%5Cplugin.video.newkidstv%5Cfanart.jpg%26desc%3DPlenty+Of+Kids+TV+Shows+they+will+all+love%21+by+%40random_robbie%26_options_sf&quot;,return)</favourite>
	<favourite name="[I][COLOR green]Kids[/COLOR][/I]" thumb="http://dij.dijentertainments.co.uk/pics/kidsc.png">ActivateWindow(10025,&quot;plugin://plugin.video.dijentertainments/?fanart&amp;mode=1&amp;name=%5bI%5d%5bCOLOR%20green%5dKids%5b%2fCOLOR%5d%5b%2fI%5d&amp;url=http%3a%2f%2fdij.dijentertainments.co.uk%2flists%2fxml%2fkidsmovies%2fkidsmovies.xml&quot;,return)</favourite>
	<favourite name="Kiddie Cartoons" thumb="special://home/addons\plugin.video.kiddiecartoons\icon.png">ActivateWindow(10025,&quot;plugin://plugin.video.kiddiecartoons/?sf_options=fanart%3Dspecial%3A%2F%2Fhome%2Faddons%5Cplugin.video.kiddiecartoons%5Cfanart.jpg%26_options_sf&quot;,return)</favourite>
	<favourite name="[COLOR lime]LEGO EPISODES[/COLOR]" thumb="http://icons.iconarchive.com/icons/hopstarter/sleek-xp-software/128/Lego-Designer-icon.png">ActivateWindow(10025,&quot;plugin://plugin.video.kidsflix/?fanart=http%3a%2f%2ficons.iconarchive.com%2ficons%2fhopstarter%2fsleek-xp-software%2f128%2fLego-Designer-icon.png&amp;mode=1&amp;name=%5bCOLOR%20lime%5dLEGO%20EPISODES%5b%2fCOLOR%5d&amp;url=http%3a%2f%2fpastebin.com%2fraw.php%3fi%3d%20DTz8ErGJ&amp;sf_options=fanart%3Dhttp%3A%2F%2Ficons.iconarchive.com%2Ficons%2Fhopstarter%2Fsleek-xp-software%2F128%2FLego-Designer-icon.png%26_options_sf&quot;,return)</favourite>
	<favourite name="Sesame Street" thumb="http://www.kqed.org/assets/img/tv/programs/sesamestreet-300x300.jpg">ActivateWindow(10025,&quot;plugin://plugin.video.kidsflix/?fanart=http%3a%2f%2fwww.kqed.org%2fassets%2fimg%2ftv%2fprograms%2fsesamestreet-300x300.jpg&amp;mode=1&amp;name=%5bCOLOR%20lime%5dSesame%20Street%5b%2fCOLOR%5d&amp;url=http%3a%2f%2fpastebin.com%2fraw.php%3fi%3dTBETrwsk&amp;sf_options=fanart%3Dhttp%3A%2F%2Fwww.kqed.org%2Fassets%2Fimg%2Ftv%2Fprograms%2Fsesamestreet-300x300.jpg%26_options_sf&quot;,return)</favourite>
	<favourite name="ARTHUR" thumb="http://s21.postimg.org/xxrw51i6f/ARTHUR.jpg">ActivateWindow(10025,&quot;plugin://plugin.video.kidsflix/?fanart=http%3a%2f%2fs21.postimg.org%2fxxrw51i6f%2fARTHUR.jpg&amp;mode=1&amp;name=%5bCOLOR%20lime%5dARTHUR%5b%2fCOLOR%5d&amp;url=http%3a%2f%2fpastebin.com%2fraw.php%3fi%3dBJZrWe8R&amp;sf_options=fanart%3Dhttp%3A%2F%2Fs21.postimg.org%2Fxxrw51i6f%2FARTHUR.jpg%26_options_sf&quot;,return)</favourite>
	<favourite name="Cartoons" thumb="http://icons.iconarchive.com/icons/designbolts/free-movie-folder/128/Cartoon-icon.png">ActivateWindow(10025,&quot;plugin://plugin.video.kidsflix/?fanart&amp;mode=1&amp;name=Cartoons&amp;url=http%3a%2f%2fpastebin.com%2fraw.php%3fi%3dYD960akM&amp;sf_options=&quot;,return)</favourite>
	<favourite name="Education" thumb="http://icons.iconarchive.com/icons/oxygen-icons.org/oxygen/128/Categories-applications-education-school-icon.png">ActivateWindow(10025,&quot;plugin://plugin.video.kidsflix/?fanart&amp;mode=1&amp;name=Education&amp;url=http%3a%2f%2fpastebin.com%2fraw.php%3fi%3d8DRQji7p&amp;sf_options=&quot;,return)</favourite>
	<favourite name="Classic Characters" thumb="special://home/addons\plugin.video.supercartoons\resources\artwork\characters.png">ActivateWindow(10025,&quot;plugin://plugin.video.supercartoons/?image=C%3a%5ckodi15f%5cportable_data%5caddons%5cplugin.video.supercartoons%5cresources%5cartwork%5ccharacters.png&amp;mode=400&amp;page=1&amp;title=Characters&amp;sf_options=fanart%3Dspecial%3A%2F%2Fhome%2Faddons%5Cplugin.video.supercartoons%5Cfanart.jpg%26_options_sf&quot;,return)</favourite>
</favourites>