<favourites>
	<favourite name="Preview Networks" thumb="special://home/addons\plugin.video.previewnetworks\icon.png">ActivateWindow(10025,&quot;plugin://plugin.video.previewnetworks?sf_options=fanart%3Dspecial%3A%2F%2Fhome%2Faddons%5Cplugin.video.previewnetworks%5Cfanart.jpg%26desc%3DWith+this+plugin+you+can+see+movie+trailers+distributed+by+previewnetworks.com.%5BCR%5D+Setting+a+specific+country+in+the+%22options%22+section%2C+you+can+see+the+trailers+for+that+region+and+listen+in+original+language..%5BCR%5D+You+can+list+newest%2C+now%2C+coming+and+also+select+trailers+from+title+and+genre.+All+videos+can+be+downloaded.%26_options_sf&quot;,return)</favourite>
	<favourite name="Comingsoon Trailer" thumb="special://home/addons\plugin.video.comingsoon.it\icon.png">ActivateWindow(10025,&quot;plugin://plugin.video.comingsoon.it/?sf_options=desc%3DWatch+the+shows+and+the+complete+episodes+from+the+website+www.comingsoon.it%26_options_sf&quot;,return)</favourite>
	<favourite name="Apple iTunes Trailers" thumb="special://home/addons\plugin.video.itunes_trailers\icon.png">ActivateWindow(10025,&quot;plugin://plugin.video.itunes_trailers/?sf_options=desc%3DApple+iTunes+Movie+Trailers+puts+the+newest+and+most+exclusive+movie+previews+in+HD+to+your+XBMC.+Features%3A%5BCR%5D-+Watch+Trailers+in+480p%2F720p%2F1080p%5BCR%5D-+Download+Trailers%5BCR%5D-+Add+Movies+to+Trakt.tv%5BCR%5D-+Add+Movies+to+CouchPotato%26_options_sf&quot;,return)</favourite>
	<favourite name="Movie Releases" thumb="special://home/addons\plugin.video.moviereleases\icon.png">ActivateWindow(10025,&quot;plugin://plugin.video.moviereleases?sf_options=fanart%3Dspecial%3A%2F%2Fhome%2Faddons%5Cplugin.video.moviereleases%5Cfanart.jpg%26desc%3DVarious+movie+sources+to+check+what%27s+trending%2C+Upcoming%2C+Releases.+%28Sources+from+trakt%2C+rotten+tomatoes%2C+IMDB%2C+TMDB%29%26_options_sf&quot;,return)</favourite>
</favourites>