<favourites>
	<favourite name="Classic" thumb="http://cdn2-b.examiner.com/sites/default/files/styles/image_content_width/hash/09/48/09481ea8f5a8be47c6cf09a877ef1dd1.jpg?itok=nIBveHCt">ActivateWindow(10025,&quot;plugin://plugin.program.super.favourites/?label=Classic&amp;mode=400&amp;sf_options=&amp;mode=400&amp;path=special%3A%2F%2Fhome%2Faddons%2Fscript.supafav%2FSuper%20Favourites/More%2FKidsTV%5CCartoons%5CClassic&amp;sf_options=fanart%3DNULL%26_options_sf&quot;,return)</favourite>
	<favourite name="Classic Characters" thumb="special://home/addons\plugin.video.supercartoons\resources\artwork\characters.png">ActivateWindow(10025,&quot;plugin://plugin.video.supercartoons/?image=C%3a%5ckodi15f%5cportable_data%5caddons%5cplugin.video.supercartoons%5cresources%5cartwork%5ccharacters.png&amp;mode=400&amp;page=1&amp;title=Characters&amp;sf_options=fanart%3Dspecial%3A%2F%2Fhome%2Faddons%5Cplugin.video.supercartoons%5Cfanart.jpg%26_options_sf&quot;,return)</favourite>
	<favourite name="KidsTime" thumb="http://venturebeat.com/wp-content/uploads/2015/02/YouTube-Kids-App-Icon.png">PlayMedia(&quot;plugin://plugin.video.supercartoons/?mode=100&amp;title=Kids+Time&amp;image=C%3A%5Ckodi%5Cportable_data%5Caddons%5Cplugin.video.supercartoons%5Cresources%5Cartwork%5Ckidstime.png&amp;page=1&amp;sf_options=winID%3D10025%26_options_sf&quot;,return)</favourite>
	<favourite name="Cartoons" thumb="special://home/addons\plugin.video.YouTube_Vault\resources\img\Cartoons.png">ActivateWindow(10025,&quot;plugin://plugin.video.YouTube_Vault/?mode=12&amp;name=Cartoons&amp;url=url&amp;sf_options=fanart%3Dspecial%3A%2F%2Fhome%2Faddons%5Cplugin.video.YouTube_Vault%5Cfanart.jpg%26_options_sf&quot;,return)</favourite>
</favourites>