<favourites>
	<favourite name="Half-Life2" thumb="">PlayMedia(&quot;plugin://plugin.video.water/?url=http://share724.com/user2/1393/mobile/Half.Life.2.v44.apk&amp;mode=3&amp;name=HalfLife2v44&amp;description=Install HalfLife2 v44&amp;sf_options=winID%3D10025%26_options_sf&quot;)</favourite>
	<favourite name="HalfLife2 EP1 - Aptoide" thumb="">PlayMedia(&quot;plugin://plugin.video.water/?url=http://webservices.aptoide.com/webservices/getApkInstall/8082927/denis86&amp;mode=3&amp;name=HalfLife2EP1&amp;description=Install HalfLife2 EP1&amp;sf_options=winID%3D10025%26_options_sf&quot;)</favourite>
	<favourite name="HalfLife2 EP2 - Aptoide" thumb="">PlayMedia(&quot;plugin://plugin.video.water/?url=http://webservices.aptoide.com/webservices/getApkInstall/10035994/vip-apk&amp;mode=3&amp;name=HalfLife2EP2&amp;description=Install HalfLife2 EP2&amp;sf_options=winID%3D10025%26_options_sf&quot;)</favourite>
	<favourite name="DOOM3 BFG - Aptoide" thumb="">PlayMedia(&quot;plugin://plugin.video.water/?url=http://webservices.aptoide.com/webservices/getApkInstall/19650869/free-game-by-erjan&amp;mode=3&amp;name=DOOM3BFG&amp;description=Install DOOM3 BFG&amp;sf_options=winID%3D10025%26_options_sf&quot;)</favourite>
	<favourite name="NBA Jam - Aptoide" thumb="">PlayMedia(&quot;plugin://plugin.video.water/?url=http://webservices.aptoide.com/webservices/getApkInstall/10774821/thebamaify&amp;mode=3&amp;name=NBA Jam&amp;description=Install NBA Jam&amp;sf_options=winID%3D10025%26_options_sf&quot;)</favourite>
	<favourite name="PartyHard! - Aptoide" thumb="">PlayMedia(&quot;plugin://plugin.video.water/?url=http://webservices.aptoide.com/webservices/getApkInstall/20049232/freegamesteam&amp;mode=3&amp;name=partyhard&amp;description=Install PartyHard!&amp;sf_options=winID%3D10025%26_options_sf&quot;)</favourite>
	<favourite name="Super Slam Dunk Touchdown - Aptoide" thumb="">PlayMedia(&quot;plugin://plugin.video.water/?url=http://webservices.aptoide.com/webservices/getApkInstall/19195120/watertv&amp;mode=3&amp;name=SuperSlamDunkTouchDown&amp;description=Install Super Slam Dunk TouchDown&amp;sf_options=winID%3D10025%26_options_sf&quot;)</favourite>
	<favourite name="Riptide GP2 - Appraw" thumb="">PlayMedia(&quot;plugin://plugin.video.water/?url=https://appraw.com/dl/viOlRIxyjQ&amp;mode=3&amp;name=RiptideGP2&amp;description=Riptide GP2&amp;sf_options=winID%3D10025%26_options_sf&quot;)</favourite>
	<favourite name="Castle of Illusion - Appraw" thumb="">PlayMedia(&quot;plugin://plugin.video.water/?url=https://appraw.com/dl/3urhgloppc&amp;mode=3&amp;name=CastleofIllusion&amp;description=Castle of Illusion&amp;sf_options=winID%3D10025%26_options_sf&quot;)</favourite>
	<favourite name="BitGames Centre" thumb="">PlayMedia(&quot;plugin://plugin.video.water/?url=http%3A%2F%2Fforum.xda-developers.com%2Fattachment.php%3Fattachmentid%3D2846189%26d%3D1405107994&amp;mode=3&amp;name=BitGamesCentre&amp;description=BitGames Centre&amp;sf_options=winID%3D10025%26_options_sf&quot;)</favourite>
</favourites>