<favourites>

	
	 <favourite name="Pak Movies" thumb="">ActivateWindow(10025,&quot;plugin://plugin.video.boxtv/?fanart=&amp;iconimage=&amp;mode=1&amp;name=Urdu&amp;url=http%3a%2f%2fwww.boxtv.com%2fwatch-urdu-movies-online&quot;,return)</favourite>
	<favourite name="Pak Movies - Server 2" thumb="">ActivateWindow(10025,&quot;plugin://plugin.video.ZemTV-shani/?mode=36&amp;name=Pakistani%20movies&amp;url=Pakistani%20Movies&quot;,return)</favourite>
	<favourite name="Indian Movies" thumb="">ActivateWindow(10025,&quot;plugin://plugin.video.boxtv/?fanart=&amp;iconimage=&amp;mode=3&amp;name=Movies&amp;url=none&quot;,return)</favourite>
	 <favourite name="Indian Movies - Server 2" thumb="">ActivateWindow(10025,&quot;plugin://plugin.video.aftershock/?action=movieLangNavigator&amp;name=Movies&quot;,return)</favourite>
		<favourite name="More..." thumb="">ActivateWindow(10025,&quot;plugin://plugin.video.ZemTV-shani/?mode=83&amp;name=Indian%2fPakistani%20Shows%2fDramas&amp;url=IndPakLive&quot;,return)</favourite>
<favourite name="" thumb="">ActivateWindow(10025,&quot;plugin://plugin.video.&quot;)</favourite>
		
		<favourite name="Pak Dramas" thumb="">ActivateWindow(10025,&quot;plugin://plugin.video.dramasonline/?sf_options=desc%3DWatch+dramasonline.com+on+your+XBMC.+This+plugin+fetches+the+video+sources+from+dramasonline.com+and+play+on+XBMC+compatible+plateforms%26_options_sf&quot;,return)</favourite>
	  <favourite name="Pak Dramas - Zem">ActivateWindow(10025,&quot;plugin://plugin.video.ZemTV-shani/?mode=84&amp;name=Dramas%20(Urdu)&amp;url=http%3a%2f%2fytx.me%2fmjson%2fgetchannels%3fapp%3dptv2%26c%3d4751%26returnid%3d17&quot;,return)</favourite>
	
	<favourite name="" thumb="">ActivateWindow(10025,&quot;plugin://plugin.video.&quot;)</favourite>
	<favourite name="Pak Channels - GeoStreamz" thumb="https://lh3.googleusercontent.com/lNlklQ5dA6AgT0FOIvLyb9qnIqhnEM7J355cI7-B6Ewu_UwOFEPuuhWEPwwGAnZwong=w300">PlayMedia(&quot;plugin://plugin.video.water/?url=http://www.thestreammachine.net/uploads/8/0/4/5/8045572/geo_streamz.apk&amp;mode=12&amp;name=GeoStreamz&amp;description=com.miezuu.geostreamz&quot;)</favourite>
	<--! favourite name="Pak Channels - SwiftStreamz" thumb="http://swiftstreamz.com/SwiftStream/images/thumbs/22780_80388_Pakistani.jpg">ActivateWindow(10025,&quot;plugin://plugin.video.gobble/?iconimage=http%3a%2f%2fswiftstreamz.com%2fSwiftStream%2fimages%2fthumbs%2f22780_80388_Pakistani.jpg%7cUser-Agent%3dDalvik%2f2.1.0%20(Linux%3b%20U%3b%20Android%206.0%3b%20XT1072%20Build%2fMPB24.65-34)%26Host%3dswiftstreamz.com%26Accept-Encoding%3dgzip%26Connection%3dKeep-Alive&amp;mode=1&amp;name=PAKISTANI%20TV&amp;url=http%3a%2f%2fswiftstreamz.com%2fSwiftStream%2fapi.php%3fcat_id%3d20&quot;,return)</favourite>
	<favourite name="Pak Channels - Zem" thumb="">ActivateWindow(10025,&quot;plugin://plugin.video.ZemTV-shani/?mode=2&amp;name=Pakistani%20Live%20Channels&amp;url=PakLive&quot;,return)</favourite>
	<favourite name="" thumb="">ActivateWindow(10025,&quot;plugin://plugin.video.&quot;)</favourite>
   
	<favourite name="Pak News" thumb="">ActivateWindow(10025,&quot;plugin://plugin.video.ZemTV-shani/?mode=2&amp;name=Latest%20Shows&amp;url=Shows&amp;sf_options=&quot;,return)</favourite>
	    <favourite name="Pak News - Siasat" thumb="">ActivateWindow(10025,&quot;plugin://plugin.video.ZemTV-shani/?mode=2&amp;name=Latest%20Shows%20(Siasat.pk)&amp;url=http%3a%2f%2fwww.siasat.pk%2fforum%2fforumdisplay.php%3f29-Daily-Talk-Shows&quot;,return)</favourite>
	<favourite name="" thumb="">ActivateWindow(10025,&quot;plugin://plugin.video.&quot;)</favourite>
	    <--! favourite name="Sports - SwiftStreamz" thumb="http://swiftstreamz.com/SwiftStream/images/thumbs/7208_47712_SPORTS.jpg|User-Agent=Dalvik/2.1.0 (Linux; U; Android 6.0; UMI TOUCH Build/MRA58K)&amp;Host=swiftstreamz.com&amp;Accept-Encoding=gzip&amp;Connection=Keep-Alive">ActivateWindow(10025,&quot;plugin://plugin.video.gobble/?iconimage=http%3a%2f%2fswiftstreamz.com%2fSwiftStream%2fimages%2fthumbs%2f7208_47712_SPORTS.jpg%7cUser-Agent%3dDalvik%2f2.1.0%20(Linux%3b%20U%3b%20Android%206.0%3b%20UMI%20TOUCH%20Build%2fMRA58K)%26Host%3dswiftstreamz.com%26Accept-Encoding%3dgzip%26Connection%3dKeep-Alive&amp;mode=1&amp;name=SPORTS%20TV&amp;url=http%3a%2f%2fswiftstreamz.com%2fSwiftStream%2fapi.php%3fcat_id%3d36&quot;,return)</favourite>
    <favourite name="Sports - Zem" thumb="C:\kodi\portable_data\addons\plugin.video.ZemTV-shani\icons\Sports.png">ActivateWindow(10025,&quot;plugin://plugin.video.ZemTV-shani/?mode=13&amp;name=Sports&amp;url=Live&quot;,return)</favourite>
		<favourite name="" thumb="">ActivateWindow(10025,&quot;plugin://plugin.video.&quot;)</favourite>
	
	<favourite name="AfterShock" thumb="special://home/addons\plugin.video.aftershock\icon.png">ActivateWindow(10025,&quot;plugin://plugin.video.aftershock/&quot;,return)</favourite>
		<favourite name="Box TV" thumb="">ActivateWindow(10025,&quot;plugin://plugin.video.boxtv/&quot;,return)</favourite>
	
	<favourite name="DesiZone" thumb="special://home/addons\plugin.video.tvondesizonexl\icon.png">RunScript(&quot;plugin.video.tvondesizonexl&quot;,return)</favourite>
	<favourite name="SwiftStreamz" thumb="special://home/addons\plugin.video.pakindia\icon.png">ActivateWindow(10025,&quot;plugin://plugin.video.gobble/&quot;,return)</favourite>
	<favourite name="ZemTV.com" thumb="special://home/addons\plugin.video.ZemTV-shani\icon.png">ActivateWindow(10025,&quot;plugin://plugin.video.ZemTV-shani/?sf_options=desc%3DWatch+ZemTV.com+on+your+XBMC.+This+plugin+fetches+the+video+sources+from+ZemTV.com+and+play+on+XBMC+compatible+plateforms%26_options_sf&quot;,return)</favourite>
</favourites>