<favourites>
	<favourite name="Arrow" thumb="http://www.josepvinaixa.com/blog/wp-content/uploads/2014/07/Arrow-Season-3-logo1.png">PlayMedia(&quot;http://iptvnation.com/arrow.mp4?sf_options=winID%3D10025%26_options_sf&quot;)</favourite>
	<favourite name="The Grimm" thumb="http://aidyreviewsnet.c.presscdn.com/wp-content/uploads/2012/05/Grimm-Season-1-SUPERFAN.png">PlayMedia(&quot;http://iptvnation.com/grimm.mp4?sf_options=winID%3D10025%26_options_sf&quot;)</favourite>
	<favourite name="Bones" thumb="https://apparitionskateboards.com/wp-content/uploads/2015/04/Bones-Logo.jpg">PlayMedia(&quot;http://iptvnation.com/bones.mp4?sf_options=winID%3D10025%26_options_sf&quot;)</favourite>
	<favourite name="The Mentalist" thumb="http://tvfiles.alphacoders.com/248/clearart-248.png">PlayMedia(&quot;http://iptvnation.com/mentalist.mp4?sf_options=winID%3D10025%26_options_sf&quot;)</favourite>
	<favourite name="StarTrek TNG" thumb="https://upload.wikimedia.org/wikipedia/en/b/bb/TNGopeninglogo.png">PlayMedia(&quot;http://veetle.com/index.php/hls/streamMbrFast/51e482fa02883_/stream.m3u8?sf_options=winID%3D10025%26_options_sf&quot;)</favourite>
	<favourite name="improv drama" thumb="http://cdn.vaughnsoft.com/vaughnsoft/vaughn/img_profiles/improv_drama_320.jpg">PlayMedia(&quot;plugin://plugin.stream.vaughnlive.tv/?sourcetype=auto&amp;img=http%3A%2F%2Fcdn.vaughnsoft.com%2Fvaughnsoft%2Fvaughn%2Fimg_profiles%2Fimprov_drama_320.jpg&amp;title=improv+drama&amp;url=http%3A%2F%2Fvaughnlive.tv%2Fimprov_drama&amp;section=&amp;site=&amp;mode=PlayLiveStream&amp;fimg=http%3A%2F%2Fcdn.vaughnsoft.com%2Fvaughnsoft%2Fvaughnlive%2Fimg_backgrounds%2Fimprov_drama.jpg&amp;channel=improv_drama&amp;sf_options=winID%3D10025%26_options_sf&quot;)</favourite>
	<favourite name="Game of Thrones" thumb="http://cdn.vaughnsoft.com/vaughnsoft/vaughn/img_profiles/game_of_thrones10_320.jpg">PlayMedia(&quot;plugin://plugin.stream.vaughnlive.tv/?sourcetype=auto&amp;img=http%3A%2F%2Fcdn.vaughnsoft.com%2Fvaughnsoft%2Fvaughn%2Fimg_profiles%2Fgame_of_thrones10_320.jpg&amp;title=game+of+thrones10&amp;url=http%3A%2F%2Fvaughnlive.tv%2Fgame_of_thrones10&amp;section=&amp;site=&amp;mode=PlayLiveStream&amp;fimg=http%3A%2F%2Fcdn.vaughnsoft.com%2Fvaughnsoft%2Fvaughnlive%2Fimg_backgrounds%2Fgame_of_thrones10.jpg&amp;channel=game_of_thrones10&amp;sf_options=fanart%3Dhttp%3A%2F%2Fcdn.vaughnsoft.com%2Fvaughnsoft%2Fvaughnlive%2Fimg_backgrounds%2Fgame_of_thrones10.jpg%26winID%3D10025%26_options_sf&quot;)</favourite>
</favourites>