<favourites>
	<favourite name="SKY Sports 1" thumb="http://www.bloke.ie/wp-content/uploads/2015/12/Sky-Sports-1-HD.jpg">PlayMedia(&quot;plugin://plugin.video.f4mTester/?streamtype=TSDOWNLOADER&amp;url=http://ns3622101.ip-149-202-201.eu:8000/live/fr443500/75019pa/275.ts&amp;name=Sky+Sports&amp;sf_options=winID%3D10025%26_options_sf&quot;)</favourite>
	<favourite name="SKY Sports 2" thumb="http://4.bp.blogspot.com/-jYg8ovLGy-g/VAW6cF2XvII/AAAAAAAAFUc/PuxutEG0yto/s1600/sky%2Bsports%2B2%2Blive%2Bmykora.png">PlayMedia(&quot;plugin://plugin.video.f4mTester/?streamtype=TSDOWNLOADER&amp;url=http://ns3622101.ip-149-202-201.eu:8000/live/fr443500/75019pa/274.ts&amp;name=Sky+Sports+2&amp;sf_options=winID%3D10025%26_options_sf&quot;)</favourite>
	<favourite name="SKY Sports 3" thumb="http://tv.moviesntvlive.com/wp-content/uploads/2015/10/Sky-Sports-3-HD.png">PlayMedia(&quot;plugin://plugin.video.f4mTester/?streamtype=TSDOWNLOADER&amp;url=http://ns3622101.ip-149-202-201.eu:8000/live/fr443500/75019pa/273.ts&amp;name=Sky+Sports+3&amp;sf_options=winID%3D10025%26_options_sf&quot;)</favourite>
	<favourite name="SKY Sports 4" thumb="http://tv.moviesntvlive.com/wp-content/uploads/2015/10/Sky-Sports-4-HD.png">PlayMedia(&quot;plugin://plugin.video.f4mTester/?streamtype=TSDOWNLOADER&amp;url=http://ns3622101.ip-149-202-201.eu:8000/live/fr443500/75019pa/776.ts&amp;name=Sky+Sports+4&amp;sf_options=winID%3D10025%26_options_sf&quot;)</favourite>
	<favourite name="SKY Sports 5" thumb="http://www.livetv21.net/wp-content/uploads/2016/02/skysports5logo.png">PlayMedia(&quot;plugin://plugin.video.f4mTester/?streamtype=TSDOWNLOADER&amp;url=http://ns3622101.ip-149-202-201.eu:8000/live/fr443500/75019pa/777.ts&amp;name=Sky+Sports+5&amp;sf_options=winID%3D10025%26_options_sf&quot;)</favourite>
	<favourite name="BT Sport 1" thumb="http://vignette1.wikia.nocookie.net/logopedia/images/7/75/BTSport1HD.png/revision/latest?cb=20130806171255">PlayMedia(&quot;plugin://plugin.video.f4mTester/?streamtype=TSDOWNLOADER&url=http://ns3622101.ip-149-202-201.eu:8000/live/fr443500/75019pa/282.ts&name=BT+SPORTS&quot;)</favourite>
	<favourite name="BT Sport 2" thumb="https://www.magnet.ie/wp-content/uploads/2011/12/BTSport2HD_RGB.jpg">PlayMedia(&quot;plugin://plugin.video.f4mTester/?streamtype=TSDOWNLOADER&url=http://ns3622101.ip-149-202-201.eu:8000/live/fr443500/75019pa/281.ts&name=BT+SPORTS&quot;)</favourite>
	<favourite name="BT ESPN" thumb="http://seenit.co.uk/wp-content/uploads/BT-ESPN.png">PlayMedia(&quot;plugin://plugin.video.f4mTester/?streamtype=TSDOWNLOADER&url=http://ns3622101.ip-149-202-201.eu:8000/live/fr443500/75019pa/279.ts&name=BT+ESPN&quot;)</favourite>
</favourites>