<favourites>
	<favourite name="Christmas Movies" thumb="http://icons.iconarchive.com/icons/hopstarter/christmas-xp/256/Christmas-Tree-icon.png">ActivateWindow(10025,&quot;plugin://plugin.video.origin2/?action=movies&amp;url=http%3a%2f%2fapi-v2launch.trakt.tv%2fusers%2fwatermouf%2flists%2fx-mas%2fitems&amp;sf_options=fanart%3Dspecial%3A%2F%2Fhome%2Faddons%5Cplugin.video.origin2%5Cresources%5Cmedia%5Cgone%5Cfanart.jpg%26_options_sf&quot;,return)</favourite>
	<favourite name="Sci-Fi" thumb="special://home/addons\plugin.video.origin2\resources\media\gone\movieUserlists.jpg">ActivateWindow(10025,&quot;plugin://plugin.video.origin2/?action=movies&amp;url=http%3a%2f%2fapi-v2launch.trakt.tv%2fusers%2fwatermouf%2flists%2fsci-fi%2fitems&quot;,return)</favourite>
	<favourite name="Halloween" thumb="special://home/addons\plugin.video.origin2\resources\media\gone\movieUserlists.jpg">ActivateWindow(10025,&quot;plugin://plugin.video.origin2/?action=movies&amp;url=http%3a%2f%2fapi-v2launch.trakt.tv%2fusers%2fwatermouf%2flists%2fhalloween%2fitems&quot;,return)</favourite>
	<favourite name="Old Skool" thumb="special://home/addons\plugin.video.origin2\resources\media\gone\movieUserlists.jpg">ActivateWindow(10025,&quot;plugin://plugin.video.origin2/?action=movies&amp;url=http%3a%2f%2fapi-v2launch.trakt.tv%2fusers%2fwatermouf%2flists%2fold-skool%2fitems&quot;,return)</favourite>
	<favourite name="Halloween" thumb="special://home/addons\plugin.video.origin2\resources\media\gone\tvUserlists.jpg">ActivateWindow(10025,&quot;plugin://plugin.video.origin2/?action=tvshows&amp;url=http%3a%2f%2fapi-v2launch.trakt.tv%2fusers%2fwatermouf%2flists%2fhalloween%2fitems&quot;,return)</favourite>
</favourites>