<favourites>


    <favourite name="Deep Sleep" thumb="http://s01.album.images.jango.com/3e/e3/3ee3b02d5efbb002895af5f45bcdd0aa_lg.jpg">ActivateWindow(10502,&quot;plugin://plugin.audio.jango/?iconimage=http%3a%2f%2fs01.album.images.jango.com%2f3e%2fe3%2f3ee3b02d5efbb002895af5f45bcdd0aa_lg.jpg&amp;id=377204781&amp;list=%3ctype%20%27list%27%3e&amp;mode=10&amp;name=Deep%20Sleep&amp;type=IZLTN58T%2fskJGlx92ewqst3M366Kv%2bZ9AX8FkAruc%2b4%3d&amp;url=http%3a%2f%2fwww.jango.com%2fstations%2f377204781%2ftunein&quot;,return)</favourite>
    <favourite name="1ametv" thumb="C:\Users\Owner\AppData\Roaming\Kodi\addons\plugin.stream.vaughnlive.tv\thumbs\1ametv.png">PlayMedia(&quot;plugin://plugin.stream.vaughnlive.tv/?sourcetype=auto&amp;img=C%3A%5CUsers%5COwner%5CAppData%5CRoaming%5CKodi%5Caddons%5Cplugin.stream.vaughnlive.tv%5Cthumbs%5C1ametv.png&amp;title=1ametv&amp;url=http%3A%2F%2Fvaughnlive.tv%2F1ametv&amp;section=&amp;site=&amp;mode=PlayLiveStream&amp;fimg=http%3A%2F%2Fcdn.vaughnsoft.com%2Fvaughnsoft%2Fvaughnlive%2Fimg_backgrounds%2F1ametv.jpg&amp;channel=1ametv&quot;)</favourite>
    <favourite name="chrisdave1" thumb="C:\Users\Owner\AppData\Roaming\Kodi\addons\plugin.stream.vaughnlive.tv\thumbs\chrisdave1.png">PlayMedia(&quot;plugin://plugin.stream.vaughnlive.tv/?sourcetype=auto&amp;img=C%3A%5CUsers%5COwner%5CAppData%5CRoaming%5CKodi%5Caddons%5Cplugin.stream.vaughnlive.tv%5Cthumbs%5Cchrisdave1.png&amp;title=chrisdave1&amp;url=http%3A%2F%2Fvaughnlive.tv%2Fchrisdave1&amp;section=&amp;site=&amp;mode=PlayLiveStream&amp;fimg=http%3A%2F%2Fcdn.vaughnsoft.com%2Fvaughnsoft%2Fvaughnlive%2Fimg_backgrounds%2Fchrisdave1.jpg&amp;channel=chrisdave1&quot;)</favourite>
    <favourite name="chrisdave2" thumb="C:\Users\Owner\AppData\Roaming\Kodi\addons\plugin.stream.vaughnlive.tv\thumbs\chrisdave2.png">PlayMedia(&quot;plugin://plugin.stream.vaughnlive.tv/?sourcetype=auto&amp;img=C%3A%5CUsers%5COwner%5CAppData%5CRoaming%5CKodi%5Caddons%5Cplugin.stream.vaughnlive.tv%5Cthumbs%5Cchrisdave2.png&amp;title=chrisdave2&amp;url=http%3A%2F%2Fvaughnlive.tv%2Fchrisdave2&amp;section=&amp;site=&amp;mode=PlayLiveStream&amp;fimg=http%3A%2F%2Fcdn.vaughnsoft.com%2Fvaughnsoft%2Fvaughnlive%2Fimg_backgrounds%2Fchrisdave2.jpg&amp;channel=chrisdave2&quot;)</favourite>
    <favourite name="chrisdave4" thumb="C:\Users\Owner\AppData\Roaming\Kodi\addons\plugin.stream.vaughnlive.tv\thumbs\chrisdave4.png">PlayMedia(&quot;plugin://plugin.stream.vaughnlive.tv/?sourcetype=auto&amp;img=C%3A%5CUsers%5COwner%5CAppData%5CRoaming%5CKodi%5Caddons%5Cplugin.stream.vaughnlive.tv%5Cthumbs%5Cchrisdave4.png&amp;title=chrisdave4&amp;url=http%3A%2F%2Fvaughnlive.tv%2Fchrisdave4&amp;section=&amp;site=&amp;mode=PlayLiveStream&amp;fimg=http%3A%2F%2Fcdn.vaughnsoft.com%2Fvaughnsoft%2Fvaughnlive%2Fimg_backgrounds%2Fchrisdave4.jpg&amp;channel=chrisdave4&quot;)</favourite>
    <favourite name="improv animation" thumb="C:\Users\Owner\AppData\Roaming\Kodi\addons\plugin.stream.vaughnlive.tv\thumbs\improv_animation.png">PlayMedia(&quot;plugin://plugin.stream.vaughnlive.tv/?sourcetype=auto&amp;img=C%3A%5CUsers%5COwner%5CAppData%5CRoaming%5CKodi%5Caddons%5Cplugin.stream.vaughnlive.tv%5Cthumbs%5Cimprov_animation.png&amp;title=improv+animation&amp;url=http%3A%2F%2Fvaughnlive.tv%2Fimprov_animation&amp;section=&amp;site=&amp;mode=PlayLiveStream&amp;fimg=http%3A%2F%2Fcdn.vaughnsoft.com%2Fvaughnsoft%2Fvaughnlive%2Fimg_backgrounds%2Fimprov_animation.jpg&amp;channel=improv_animation&quot;)</favourite>
    <favourite name="improv comedy2" thumb="C:\Users\Owner\AppData\Roaming\Kodi\addons\plugin.stream.vaughnlive.tv\thumbs\improv_comedy2.png">PlayMedia(&quot;plugin://plugin.stream.vaughnlive.tv/?sourcetype=auto&amp;img=C%3A%5CUsers%5COwner%5CAppData%5CRoaming%5CKodi%5Caddons%5Cplugin.stream.vaughnlive.tv%5Cthumbs%5Cimprov_comedy2.png&amp;title=improv+comedy2&amp;url=http%3A%2F%2Fvaughnlive.tv%2Fimprov_comedy2&amp;section=&amp;site=&amp;mode=PlayLiveStream&amp;fimg=http%3A%2F%2Fcdn.vaughnsoft.com%2Fvaughnsoft%2Fvaughnlive%2Fimg_backgrounds%2Fimprov_comedy2.jpg&amp;channel=improv_comedy2&quot;)</favourite>
    <favourite name="improv comedy" thumb="C:\Users\Owner\AppData\Roaming\Kodi\addons\plugin.stream.vaughnlive.tv\thumbs\improv_comedy.png">PlayMedia(&quot;plugin://plugin.stream.vaughnlive.tv/?sourcetype=auto&amp;img=C%3A%5CUsers%5COwner%5CAppData%5CRoaming%5CKodi%5Caddons%5Cplugin.stream.vaughnlive.tv%5Cthumbs%5Cimprov_comedy.png&amp;title=improv+comedy&amp;url=http%3A%2F%2Fvaughnlive.tv%2Fimprov_comedy&amp;section=&amp;site=&amp;mode=PlayLiveStream&amp;fimg=http%3A%2F%2Fcdn.vaughnsoft.com%2Fvaughnsoft%2Fvaughnlive%2Fimg_backgrounds%2Fimprov_comedy.jpg&amp;channel=improv_comedy&quot;)</favourite>
    <favourite name="improv comedy3" thumb="C:\Users\Owner\AppData\Roaming\Kodi\addons\plugin.stream.vaughnlive.tv\thumbs\improv_comedy3.png">PlayMedia(&quot;plugin://plugin.stream.vaughnlive.tv/?sourcetype=auto&amp;img=C%3A%5CUsers%5COwner%5CAppData%5CRoaming%5CKodi%5Caddons%5Cplugin.stream.vaughnlive.tv%5Cthumbs%5Cimprov_comedy3.png&amp;title=improv+comedy3&amp;url=http%3A%2F%2Fvaughnlive.tv%2Fimprov_comedy3&amp;section=&amp;site=&amp;mode=PlayLiveStream&amp;fimg=http%3A%2F%2Fcdn.vaughnsoft.com%2Fvaughnsoft%2Fvaughnlive%2Fimg_backgrounds%2Fimprov_comedy3.jpg&amp;channel=improv_comedy3&quot;)</favourite>
    <favourite name="lmshows koq" thumb="C:\Users\Owner\AppData\Roaming\Kodi\addons\plugin.stream.vaughnlive.tv\thumbs\lmshows_koq.png">PlayMedia(&quot;plugin://plugin.stream.vaughnlive.tv/?sourcetype=auto&amp;img=C%3A%5CUsers%5COwner%5CAppData%5CRoaming%5CKodi%5Caddons%5Cplugin.stream.vaughnlive.tv%5Cthumbs%5Clmshows_koq.png&amp;title=lmshows+koq&amp;url=http%3A%2F%2Fvaughnlive.tv%2Flmshows_koq&amp;section=&amp;site=&amp;mode=PlayLiveStream&amp;fimg=http%3A%2F%2Fcdn.vaughnsoft.com%2Fvaughnsoft%2Fvaughnlive%2Fimg_backgrounds%2Flmshows_koq.jpg&amp;channel=lmshows_koq&quot;)</favourite>
    <favourite name="profe3193" thumb="C:\Users\Owner\AppData\Roaming\Kodi\addons\plugin.stream.vaughnlive.tv\thumbs\profe3193.png">PlayMedia(&quot;plugin://plugin.stream.vaughnlive.tv/?sourcetype=auto&amp;img=C%3A%5CUsers%5COwner%5CAppData%5CRoaming%5CKodi%5Caddons%5Cplugin.stream.vaughnlive.tv%5Cthumbs%5Cprofe3193.png&amp;title=profe3193&amp;url=http%3A%2F%2Fvaughnlive.tv%2Fprofe3193&amp;section=&amp;site=&amp;mode=PlayLiveStream&amp;fimg=http%3A%2F%2Fcdn.vaughnsoft.com%2Fvaughnsoft%2Fvaughnlive%2Fimg_backgrounds%2Fprofe3193.jpg&amp;channel=profe3193&quot;)</favourite>
    <favourite name="profe3195" thumb="C:\Users\Owner\AppData\Roaming\Kodi\addons\plugin.stream.vaughnlive.tv\thumbs\profe3195.png">PlayMedia(&quot;plugin://plugin.stream.vaughnlive.tv/?sourcetype=auto&amp;img=C%3A%5CUsers%5COwner%5CAppData%5CRoaming%5CKodi%5Caddons%5Cplugin.stream.vaughnlive.tv%5Cthumbs%5Cprofe3195.png&amp;title=profe3195&amp;url=http%3A%2F%2Fvaughnlive.tv%2Fprofe3195&amp;section=&amp;site=&amp;mode=PlayLiveStream&amp;fimg=http%3A%2F%2Fcdn.vaughnsoft.com%2Fvaughnsoft%2Fvaughnlive%2Fimg_backgrounds%2Fprofe3195.jpg&amp;channel=profe3195&quot;)</favourite>
    <favourite name="terriblegoat" thumb="C:\Users\Owner\AppData\Roaming\Kodi\addons\plugin.stream.vaughnlive.tv\thumbs\terriblegoat.png">PlayMedia(&quot;plugin://plugin.stream.vaughnlive.tv/?sourcetype=auto&amp;img=C%3A%5CUsers%5COwner%5CAppData%5CRoaming%5CKodi%5Caddons%5Cplugin.stream.vaughnlive.tv%5Cthumbs%5Cterriblegoat.png&amp;title=terriblegoat&amp;url=http%3A%2F%2Fvaughnlive.tv%2Fterriblegoat&amp;section=&amp;site=&amp;mode=PlayLiveStream&amp;fimg=http%3A%2F%2Fcdn.vaughnsoft.com%2Fvaughnsoft%2Fvaughnlive%2Fimg_backgrounds%2Fterriblegoat.jpg&amp;channel=terriblegoat&quot;)</favourite>
 <favourite name="" thumb="">PlayMedia(&quot;plugin://plugin.stream.&quot;)</favourite>
	<favourite name="Man Vs Wild" thumb="http://thetvdb.com/banners/_cache/posters/79545-3.jpg">PlayMedia(&quot;plugin://plugin.stream.vaughnlive.tv/?sourcetype=auto&amp;title=vaughn&amp;url=http%3A%2F%2Fvaughnlive.tv%2Flmshows_mws&amp;section=&amp;site=&amp;mode=PlayLiveStream&amp;channel=lmshows_mws&amp;sf_options=winID%3D10025%26_options_sf&quot;)</favourite>
	<favourite name="MasterChef" thumb="http://thetvdb.com/banners/_cache/posters/167751-7.jpg">PlayMedia(&quot;plugin://plugin.stream.vaughnlive.tv/?sourcetype=auto&amp;img=http%3A%2F%2Fcdn.vaughnsoft.com%2Fvaughnsoft%2Fvaughn%2Fimg_profiles%2Fchangoxpr_320.jpg&amp;title=changoxpr&amp;url=http%3A%2F%2Fvaughnlive.tv%2Fchangoxpr&amp;section=&amp;site=&amp;mode=PlayLiveStream&amp;fimg=http%3A%2F%2Fcdn.vaughnsoft.com%2Fvaughnsoft%2Fvaughnlive%2Fimg_backgrounds%2Fchangoxpr.jpg&amp;channel=changoxpr&amp;sf_options=winID%3D10025%26_options_sf&quot;)</favourite>
	<favourite name="Random 3 Picks" thumb="special://home/addons\plugin.video.titan\art\random.png">ActivateWindow(10025,&quot;plugin://plugin.video.titan/?description&amp;iconimage=C%3a%5ckodi%5cportable_data%5caddons%5cplugin.video.titan%5cart%5crandom.png&amp;mode=102&amp;name=Random%203%20Picks&amp;url=http%3a%2f%2f&quot;,return)</favourite>
</favourites>