<favourites>
	<favourite name="NJM-Soccer" thumb="special://home/addons\plugin.video.NJMSoccer\icon.png">ActivateWindow(10025,&quot;plugin://plugin.video.NJMSoccer?sf_options=fanart%3Dspecial%3A%2F%2Fhome%2Faddons%5Cplugin.video.NJMSoccer%5Cfanart.jpg%26desc%3DSpecial+Thank+you+to+Hakamac+for+his+code%2C+%0A%09and+to+Shadow+Crew+and+Mettle+Kettle+for+their+support.%26_options_sf&quot;,return)</favourite>
	<favourite name="MoneySports" thumb="special://home/addons\plugin.video.MoneySports\icon.png">ActivateWindow(10025,&quot;plugin://plugin.video.MoneySports/&quot;,return)</favourite>
	<favourite name="Turk&apos;s Sports" thumb="http://metalkettle.co/UKTurk2/thumbs/UK TURK sports.jpg">ActivateWindow(10025,&quot;plugin://plugin.video.ukturk/?description&amp;iconimage=http%3a%2f%2fmetalkettle.co%2fUKTurk2%2fthumbs%2fUK%20TURK%20sports.jpg&amp;mode=1&amp;name=Sports&amp;url=http%3a%2f%2fmetalkettle.co%2fUKTurk2%2fSportsList.txt&amp;sf_options=fanart%3Dspecial%3A%2F%2Fhome%2Faddons%5Cplugin.video.ukturk%5Cfanart.jpg%26_options_sf&quot;,return)</favourite>
	<favourite name="Livefootballvideo.com" thumb="special://home/addons\plugin.video.castaway\resources/media/livefootballvideo.png">ActivateWindow(10025,&quot;plugin://plugin.video.castaway/?mode=open_live_sport&amp;site=livefootballvideo&amp;sf_options=fanart%3Dspecial%3A%2F%2Fhome%2Faddons%5Cplugin.video.castaway%2Ffanart.jpg%26_options_sf&quot;,return)</favourite>
	<favourite name="Soccer - Live.RU" thumb="special://home/addons\plugin.video.SportsDevil\resources\images\sports/Football.png">ActivateWindow(10025,&quot;plugin://plugin.video.SportsDevil/?item=count.tmp%3d23%26title.tmp%3dFootball%26ticon.tmp%3dhttp%253A%252F%252Fcdnx.xliveru.sx%252Fimg%252Fsport%252F1.gif%26url%3dhttp%253A%252F%252Fxliveru.sx%252Fen%252Fallupcomingsports%252F1%252F%26cfg%3dlivetv.ru.videos.cfg%2540CATEGORY%25401%26definedIn%3dlivesports%252Flivetv.ru.cfg%26director%3dLiveTV.ru%26id.tmp%3d1%26referer%3dhttp%253A%252F%252Fxliveru.sx%252Fen%252Fallupcoming%26genre%3dLive%2bSports%26title%3dFootball%2b%252823%2529%26icon.tmp%3dC%253A%255Ckodi%255Cportable_data%255Caddons%255Cplugin.video.SportsDevil%255Cresources%255Cimages%255Csports%252FFootball.png%26type%3drss%26icon%3dC%253A%255Ckodi%255Cportable_data%255Caddons%255Cplugin.video.SportsDevil%255Cresources%255Cimages%255Csports%252FFootball.png&amp;mode=1&quot;,return)</favourite>
	<favourite name="Soccer - LShunter.TV" thumb="special://home/addons\plugin.video.SportsDevil\resources\images\sports/Football.png">ActivateWindow(10025,&quot;plugin://plugin.video.SportsDevil/?item=title%3dFootball%26url%3dhttp%253A%252F%252Fwww.realstreamunited.com%252Fstatic%252Fsection35.html%26cfg%3dlshunter.tv.days.cfg%2540http%253A%252F%252Fwww.realstreamunited.com%252Fstatic%252Fsection35.html%26definedIn%3dlivesports%252Flshunter.tv.cfg%26director%3dLSHunter.tv%26genre%3dLive%2bSports%26type%3drss%26icon%3dC%253A%255Ckodi%255Cportable_data%255Caddons%255Cplugin.video.SportsDevil%255Cresources%255Cimages%255Csports%252FFootball.png&amp;mode=1&quot;,return)</favourite>
	<favourite name="Soccer - StopStream.com" thumb="special://home/addons\plugin.video.SportsDevil\resources\images\sports/Football.png">ActivateWindow(10025,&quot;plugin://plugin.video.SportsDevil/?item=title%3dFootball%26url%3dhttp%253A%252F%252Fwww.stopstream.com%252F1-football.html%26cfg%3dstopstream.com.events.cfg%26definedIn%3dlivesports%252Fstopstream.com.cfg%26director%3dstopstream.com%26genre%3dLive%2bSports%26type%3drss%26icon%3dC%253A%255Ckodi%255Cportable_data%255Caddons%255Cplugin.video.SportsDevil%255Cresources%255Cimages%255Csports%252FFootball.png&amp;mode=1&quot;,return)</favourite>
	<favourite name="Soccer - VIPbox.TV" thumb="special://home/addons\plugin.video.SportsDevil\resources\images\sports/Football.png">ActivateWindow(10025,&quot;plugin://plugin.video.SportsDevil/?item=title%3dFootball%26url%3dhttp%253A%252F%252Fwww.vipleague.is%252Fsports%252Ffootball.html%26cfg%3dvipbox.tv.events.cfg%26definedIn%3dlivesports%252Fvipbox.tv.cfg%26director%3dVipBox.tv%26genre%3dLive%2bSports%26type%3drss%26icon%3dC%253A%255Ckodi%255Cportable_data%255Caddons%255Cplugin.video.SportsDevil%255Cresources%255Cimages%255Csports%252FFootball.png&amp;mode=1&quot;,return)</favourite>
	<favourite name="Soccer - StreamSports.me" thumb="C:\Users\User\AppData\Roaming\Kodi\addons\plugin.video.SportsDevil\resources\images\livesports.png">ActivateWindow(10025,&quot;plugin://plugin.video.SportsDevil/?item=title%3dstreamsports.me%26url%3dlivesports%252Fstreamsports.me.cfg%26definedIn%3dlivesports.cfg%26director%3dstreamsports.me%26genre%3dLive%2bSports%26type%3drss%26icon%3dC%253A%255CUsers%255CUser%255CAppData%255CRoaming%255CKodi%255Caddons%255Cplugin.video.SportsDevil%255Cresources%255Cimages%255Clivesports.png&amp;mode=1&quot;,return)</favourite>
	<favourite name="Soccer - RojaDirecta.me" thumb="special://home/addons\plugin.video.SportsDevil\resources\images\roja.jpg">ActivateWindow(10025,&quot;plugin://plugin.video.SportsDevil/?item=title%3dRojaDirecta.me%26url%3dlivesports%252Frojadirecta.me.cfg%26definedIn%3dlivesports.cfg%26director%3dRojaDirecta.me%26genre%3dLive%2bSports%26type%3drss%26icon%3dC%253A%255Ckodi%255Cportable_data%255Caddons%255Cplugin.video.SportsDevil%255Cresources%255Cimages%255Croja.jpg&amp;mode=1&quot;,return)</favourite>
	<favourite name="Soccer - Bundesliga-Streams.net" thumb="special://home/addons\plugin.video.SportsDevil\resources\images\bundesligastream.png">ActivateWindow(10025,&quot;plugin://plugin.video.SportsDevil/?item=title%3dBundesliga-Streams.net%26url%3dlivesports%252Fbundesliga-streams.net.cfg%26definedIn%3dlivesports.cfg%26director%3dbundesliga-streams.net%26genre%3dLive%2bSports%26type%3drss%26icon%3dC%253A%255Ckodi%255Cportable_data%255Caddons%255Cplugin.video.SportsDevil%255Cresources%255Cimages%255Cbundesligastream.png&amp;mode=1&quot;,return)</favourite>
	<favourite name="Soccer - DimSports.Eu" thumb="special://home/addons\plugin.video.SportsDevil\resources\images\sports/Football.png">ActivateWindow(10025,&quot;plugin://plugin.video.SportsDevil/?item=title%3dFootball%26url%3dhttp%253A%252F%252Fwww.idimsports.eu%252Ffootball.html%26cfg%3ddimsports.eu.links.cfg%26definedIn%3dlivesports%252Fdimsports.eu.cfg%26director%3ddimsports.eu%26genre%3dLive%2bSports%26type%3drss%26icon%3dC%253A%255Ckodi%255Cportable_data%255Caddons%255Cplugin.video.SportsDevil%255Cresources%255Cimages%255Csports%252FFootball.png&amp;mode=1&quot;,return)</favourite>
	<favourite name="Soccer - FirstRowSports.eu" thumb="special://home/addons\plugin.video.SportsDevil\resources\images\sports/Football.png">ActivateWindow(10025,&quot;plugin://plugin.video.SportsDevil/?item=title%3dFootball%26url%3dhttp%253A%252F%252Fwww.thefeed2all.eu%252Ftype%252Ffootball.html%26cfg%3dfirstrowsports.eu.links.cfg%26definedIn%3dlivesports%252Ffirstrowsports.eu.cfg%26director%3dFirstRowSports.eu%26genre%3dLive%2bSports%26type%3drss%26icon%3dC%253A%255Ckodi%255Cportable_data%255Caddons%255Cplugin.video.SportsDevil%255Cresources%255Cimages%255Csports%252FFootball.png&amp;mode=1&quot;,return)</favourite>
	<favourite name="Soccer - FirstRowSports.ge" thumb="special://home/addons\plugin.video.SportsDevil\resources\images\sports/Football.png">ActivateWindow(10025,&quot;plugin://plugin.video.SportsDevil/?item=title%3dFootball%26url%3dhttp%253A%252F%252Ffirstrowsports.ge%252Findex.php%253Fgame%253Dfootball%26cfg%3dfirstrowsports.ge.links.cfg%26definedIn%3dlivesports%252Ffirstrowsports.ge.cfg%26director%3dFirstRowSports.ge%26genre%3dLive%2bSports%26type%3drss%26icon%3dC%253A%255Ckodi%255Cportable_data%255Caddons%255Cplugin.video.SportsDevil%255Cresources%255Cimages%255Csports%252FFootball.png&amp;mode=1&quot;,return)</favourite>
	<favourite name="Soccer - LiveFootballVideo.com" thumb="special://home/addons\plugin.video.SportsDevil\resources\images\livefootballvideologo.png">ActivateWindow(10025,&quot;plugin://plugin.video.SportsDevil/?item=title%3dLiveFootballVideo.com%26url%3dlivesports%252Flivefootballvideo.com.cfg%26definedIn%3dlivesports.cfg%26director%3dlivefootballvideo.com%26genre%3dLive%2bSports%26type%3drss%26icon%3dC%253A%255Ckodi%255Cportable_data%255Caddons%255Cplugin.video.SportsDevil%255Cresources%255Cimages%255Clivefootballvideologo.png&amp;mode=1&quot;,return)</favourite>
</favourites>