<favourites>
	<favourite name="Top Headlines" thumb="http://64.207.190.91/wordpress/wp-content/uploads/2013/12/Top-Native-Advertising-Headlines-of-November-2013-300x165.jpg">ActivateWindow(10025,&quot;plugin://plugin.video.youtube/channel/UCR7Hq0eX-nr2xDx64rgVVkg/playlist/PL3ZQ5CpNulQldOL3T8g8k1mgWWysJfE9w/&quot;,return)</favourite>
	<favourite name="NBC Nightly News" thumb="http://thetvdb.com/banners/_cache/posters/139911-2.jpg">PlayMedia(&quot;plugin://plugin.video.wnbc/?mode=GE&amp;url=nbc-nightly-news&quot;,isdir)&amp;sf_options=winID%3D10025%26_options_sf&quot;)</favourite>
	<favourite name="[COLOR azure]CBS Evening News[/COLOR]" thumb="http://thetvdb.com/banners/posters/74468-1.jpg">PlayMedia(&quot;plugin://plugin.video.ustvvod/?fanart=%22http%3a%2f%2fthetvdb.com%2fbanners%2ffanart%2foriginal%2f74468-2.jpg%22&amp;mode=%22cbs%22&amp;name=%22Full%20Episodes%22&amp;sitemode=%22episodes%22&amp;thumb=%22http%3a%2f%2fthetvdb.com%2fbanners%2fposters%2f74468-1.jpg%22&amp;tvdb_id=%2274468%22&amp;url=%22http%3a%2f%2fwww.cbs.com%2fcarousels%2fvideosBySection%2f238558%2foffset%2f0%2flimit%2f100%2fxs%2f0%2f%22&quot;,isdir)</favourite>
	<favourite name="PBS News Hour" thumb="http://image.pbs.org/contentchannels/43/wsqwf9aYt4VWIPcECpVGw.jpg">PlayMedia(&quot;plugin://plugin.video.thinktv/?mode=GE&amp;name=Episodes%20(43)&amp;url=newshour%7cepisodes%7c1&quot;,isdir)&amp;sf_options=winID%3D10025%26_options_sf&quot;)</favourite>
	<favourite name="Vice News" thumb="http://a5.mzstatic.com/us/r30/Purple69/v4/8e/96/c7/8e96c725-6b07-6d16-877e-351b4ebcd5b6/icon175x175.png">ActivateWindow(10025,&quot;plugin://plugin.video.youtube/user/vicenews/&quot;,return)</favourite>
	<favourite name="Fareed Zakaria GPS" thumb="http://is5.mzstatic.com/image/thumb/Music69/v4/a9/c6/aa/a9c6aa49-0b89-92be-9a03-7ace46821f36/source/100x100bb.jpg">ActivateWindow(10501,&quot;plugin://plugin.video.itunes_podcasts/audio/podcast/items/377785090/&quot;,return)</favourite>
</favourites>