<favourites>
	<favourite name="Movies XK" thumb="special://home/addons\plugin.video.moviexk\icon.png">ActivateWindow(10025,&quot;plugin://plugin.video.moviexk?sf_options=fanart%3Dspecial%3A%2F%2Fhome%2Faddons%5Cplugin.video.moviexk%5Cfanart.jpg%26_options_sf&quot;,return)</favourite>
	<favourite name="Much Movies HD" thumb="special://home/addons\plugin.video.muchmovies.hd\icon.png">ActivateWindow(10025,&quot;plugin://plugin.video.muchmovies.hd?sf_options=fanart%3Dspecial%3A%2F%2Fhome%2Faddons%5Cplugin.video.muchmovies.hd%5Cfanart.jpg%26desc%3DVisit+TVADDONS.ag+for+support%26_options_sf&quot;,return)</favourite>
	<favourite name="[COLOR brown]Movies HD[/COLOR]" thumb="special://home/addons\plugin.video.movieshd\icon.png">ActivateWindow(10025,&quot;plugin://plugin.video.movieshd?sf_options=fanart%3Dspecial%3A%2F%2Fhome%2Faddons%5Cplugin.video.movieshd%5Cfanart.jpg%26_options_sf&quot;,return)</favourite>
	<favourite name="[COLOR cyan]pandamovie.net[/COLOR]" thumb="special://home/addons\plugin.video.mdfubar\resources\art\panda.png">ActivateWindow(10025,&quot;plugin://plugin.video.mdfubar/?description&amp;iconimage=C%3a%5ckodi%5cportable_data%5caddons%5cplugin.video.mdfubar%5cresources%5cart%5cpanda.png&amp;mode=400&amp;name=%5bCOLOR%20cyan%5dpandamovie.net%5b%2fCOLOR%5d&amp;url=url&amp;sf_options=fanart%3Dspecial%3A%2F%2Fhome%2Faddons%5Cplugin.video.mdfubar%5Cresources%5Cart%5Cf1.jpg%26_options_sf&quot;,return)</favourite>
	<favourite name="[COLOR cyan]www.allcinemamovies.com[/COLOR]" thumb="DefaultFolder.png">ActivateWindow(10025,&quot;plugin://plugin.video.mdfubar/?description&amp;iconimage&amp;mode=200&amp;name=%5bCOLOR%20cyan%5dwww.allcinemamovies.com%5b%2fCOLOR%5d&amp;url=url&amp;sf_options=fanart%3Dspecial%3A%2F%2Fhome%2Faddons%5Cplugin.video.mdfubar%5Cresources%5Cart%5Cf1.jpg%26_options_sf&quot;,return)</favourite>
	<favourite name="[COLOR cyan]www.filmovizija.in[/COLOR]" thumb="DefaultFolder.png">ActivateWindow(10025,&quot;plugin://plugin.video.mdfubar/?description&amp;iconimage&amp;mode=50&amp;name=%5bCOLOR%20cyan%5dwww.filmovizija.in%5b%2fCOLOR%5d&amp;url=http%3a%2f%2fwww.badassmovies4u.com%2f&amp;sf_options=fanart%3Dspecial%3A%2F%2Fhome%2Faddons%5Cplugin.video.mdfubar%5Cresources%5Cart%5Cf1.jpg%26_options_sf&quot;,return)</favourite>
</favourites>