<favourites>
	<favourite name="[COLOR white]BT[/COLOR] Sports 1" thumb="http://www.lyngsat-logo.com/hires/bb/bt_sport_1.png">PlayMedia(&quot;plugin://plugin.video.Daffyslist/?url=%24doregex%5Bdecoded-url%5D%7CReferer%3Dhttp%3A%2F%2Fcdn.p2pcast.tv%2Fjwplayer.flash.swf%26User-Agent%3DMozilla%2F5.0+%28Windows+NT+6.1%3B+rv%3A14.0%29+Gecko%2F20100101+Firefox%2F14.0.1&amp;mode=17&amp;regexs=%7Bu%27get-enc%27%3A%20%7B%27refer%27%3A%20u%27http%3A//u-stream.me%27%2C%20%27page%27%3A%20u%27http%3A//p2pcast.tv/stream.php%3Fid%3D%24doregex%5Bid%5D%27%2C%20%27expre%27%3A%20u%27curl%20%3D%20%22%28.%2A%3F%29%22%27%7D%2C%20u%27decoded-url%27%3A%20%7B%27page%27%3A%20None%2C%20%27expre%27%3A%20u%22%24pyFunction%3Abase64.b64decode%28%27%24doregex%5Bget-enc%5D%27%29%22%7D%2C%20u%27id%27%3A%20%7B%27refer%27%3A%20u%27http%3A//u-stream.me%27%2C%20%27page%27%3A%20u%27http%3A//u-stream.me/livebt1.html%27%2C%20%27expre%27%3A%20u%22id%3D%27%28.%2A%3F%29%27%22%7D%7D&amp;sf_options=fanart%3Dspecial%3A%2F%2Fhome%2Faddons%5Cplugin.video.Daffyslist%5Cfanart.jpg%26winID%3D10025%26_options_sf&quot;)</favourite>
	<favourite name="[COLOR white]BT[/COLOR] Sports 2" thumb="http://www.lyngsat-logo.com/hires/bb/bt_sport_2.png">PlayMedia(&quot;plugin://plugin.video.Daffyslist/?url=%24doregex%5Bdecoded-url%5D%7CReferer%3Dhttp%3A%2F%2Fcdn.p2pcast.tv%2Fjwplayer.flash.swf%26User-Agent%3DMozilla%2F5.0+%28Windows+NT+6.1%3B+rv%3A14.0%29+Gecko%2F20100101+Firefox%2F14.0.1&amp;mode=17&amp;regexs=%7Bu%27get-enc%27%3A%20%7B%27refer%27%3A%20u%27http%3A//u-stream.me%27%2C%20%27page%27%3A%20u%27http%3A//p2pcast.tv/stream.php%3Fid%3D%24doregex%5Bid%5D%27%2C%20%27expre%27%3A%20u%27curl%20%3D%20%22%28.%2A%3F%29%22%27%7D%2C%20u%27decoded-url%27%3A%20%7B%27page%27%3A%20None%2C%20%27expre%27%3A%20u%22%24pyFunction%3Abase64.b64decode%28%27%24doregex%5Bget-enc%5D%27%29%22%7D%2C%20u%27id%27%3A%20%7B%27refer%27%3A%20u%27http%3A//u-stream.me%27%2C%20%27page%27%3A%20u%27http%3A//u-stream.me/livebt2.html%27%2C%20%27expre%27%3A%20u%22id%3D%27%28.%2A%3F%29%27%22%7D%7D&amp;sf_options=fanart%3Dspecial%3A%2F%2Fhome%2Faddons%5Cplugin.video.Daffyslist%5Cfanart.jpg%26winID%3D10025%26_options_sf&quot;)</favourite>
	<favourite name="BT Sports Euro" thumb="http://www.lyngsat-logo.com/logo/tv/bb/bt_sport_europe_uk.png">PlayMedia(&quot;plugin://plugin.video.Daffyslist/?url=%24doregex%5Bdecoded-url%5D%7CReferer%3Dhttp%3A%2F%2Fcdn.p2pcast.tv%2Fjwplayer.flash.swf%26User-Agent%3DMozilla%2F5.0+%28Windows+NT+6.1%3B+rv%3A14.0%29+Gecko%2F20100101+Firefox%2F14.0.1&amp;mode=17&amp;regexs=%7Bu%27get-enc%27%3A%20%7B%27refer%27%3A%20u%27http%3A//u-stream.me%27%2C%20%27page%27%3A%20u%27http%3A//p2pcast.tv/stream.php%3Fid%3D%24doregex%5Bid%5D%27%2C%20%27expre%27%3A%20u%27curl%20%3D%20%22%28.%2A%3F%29%22%27%7D%2C%20u%27decoded-url%27%3A%20%7B%27page%27%3A%20None%2C%20%27expre%27%3A%20u%22%24pyFunction%3Abase64.b64decode%28%27%24doregex%5Bget-enc%5D%27%29%22%7D%2C%20u%27id%27%3A%20%7B%27refer%27%3A%20u%27http%3A//u-stream.me%27%2C%20%27page%27%3A%20u%27http%3A//u-stream.me/streambteurope.html%27%2C%20%27expre%27%3A%20u%22id%3D%27%28.%2A%3F%29%27%22%7D%7D&amp;sf_options=fanart%3Dspecial%3A%2F%2Fhome%2Faddons%5Cplugin.video.Daffyslist%5Cfanart.jpg%26winID%3D10025%26_options_sf&quot;)</favourite>
	<favourite name="[COLOR white]BT Sport ESPN[/COLOR]" thumb="http://mediaportal-uk-logos.googlecode.com/svn/trunk/TV/Simple/BT%20Sport%20ESPN%20HD.png ">PlayMedia(&quot;plugin://plugin.video.phstreams/?name=%5BCOLOR+white%5DBT+Sport+ESPN%5B%2FCOLOR%5D&amp;url=http%3A%2F%2Fp2pcast.tv%2Fstream.php%3Fid%3D500837%26live%3D0%26p2p%3D0%26stretching%3Duniform%26referer%3Dhttp%3A%2F%2Fu-stream.me%2Flivespnuk.html&amp;audio=0&amp;image=http%3A%2F%2Fmediaportal-uk-logos.googlecode.com%2Fsvn%2Ftrunk%2FTV%2FSimple%2FBT%2520Sport%2520ESPN%2520HD.png+&amp;fanart=http%3A%2F%2Fshanghai.watchkodi.com%2FSections%2FWoody%2FWoody.jpg&amp;playable=false&amp;tvshow=0&amp;content=0&amp;action=resolveUrl&amp;sf_options=fanart%3Dhttp%3A%2F%2Fshanghai.watchkodi.com%2FSections%2FWoody%2FWoody.jpg%26winID%3D10025%26desc%3DDiscover+Great+Streaming+Playlists%21%26_options_sf&quot;)</favourite>
	<favourite name="bt1" thumb="http://cdnimg.dynns.com/iptvpanelnew/prog_data/thumbs/cdfa4c42f465a5a66871587c69fcfa34bt1.jpg">PlayMedia(&quot;plugin://plugin.video.pakindia/?url=http%3A%2F%2Fcric.dynns.com%3A1935%2Fiptv%2Fbt1%2Fplaylist.m3u8&amp;mode=200&amp;name=bt1&amp;iconimage=http%3A%2F%2Fcdnimg.dynns.com%2Fiptvpanelnew%2Fprog_data%2Fthumbs%2Fcdfa4c42f465a5a66871587c69fcfa34bt1.jpg&amp;sf_options=winID%3D10025%26_options_sf&quot;)</favourite>
	<favourite name="bt2" thumb="http://cdnimg.dynns.com/iptvpanelnew/prog_data/thumbs/e46709aa58ba51019b4e6c1b23d9ae03bt2.jpg">PlayMedia(&quot;plugin://plugin.video.pakindia/?url=http%3A%2F%2Fcric.dynns.com%3A1935%2Fiptv%2Fbt2%2Fplaylist.m3u8&amp;mode=200&amp;name=bt2&amp;iconimage=http%3A%2F%2Fcdnimg.dynns.com%2Fiptvpanelnew%2Fprog_data%2Fthumbs%2Fe46709aa58ba51019b4e6c1b23d9ae03bt2.jpg&amp;sf_options=winID%3D10025%26_options_sf&quot;)</favourite>
</favourites>