<favourites>
	<favourite name="[COLOR chartreuse][B][Italy][/B][/COLOR]" thumb="DefaultFolder.png">ActivateWindow(10025,&quot;plugin://plugin.video.israelive/?categoryid=10556&amp;description&amp;displayname=10716&amp;iconimage&amp;mode=2&amp;name=%5bCOLOR%20chartreuse%5d%5bB%5d%5bItaly%20-%20%d7%90%d7%99%d7%98%d7%9c%d7%99%d7%94%5d%5b%2fB%5d%5b%2fCOLOR%5d&amp;url&amp;sf_options=fanart%3Dhttp%3A%2F%2Fwww.icangiveyouhouse.com%2Faudio%2F2010%2F09%2Fworld-in-black-and-white-hands-1.jpg%26_options_sf&quot;,return)</favourite>
	<favourite name="Italian" thumb="http://s15.postimg.org/awwe2xya3/Live_Italian_TV.jpg">ActivateWindow(10025,&quot;plugin://plugin.video.phstreams/?action=directory&amp;audio=0&amp;content=0&amp;fanart=http%3a%2f%2fs9.postimg.org%2fgbr27aken%2fcool4.jpg&amp;image=http%3a%2f%2fs15.postimg.org%2fawwe2xya3%2fLive_Italian_TV.jpg&amp;name=Live%20Italian%20Television&amp;playable=false&amp;tvshow=0&amp;url=http%3a%2f%2fgibraltar.watchkodi.com%2fForiegn%2fusatv.xml&amp;sf_options=fanart%3Dhttp%3A%2F%2Fs9.postimg.org%2Fgbr27aken%2Fcool4.jpg%26desc%3DDiscover+Great+Streaming+Playlists%21%26_options_sf&quot;,return)</favourite>
	<favourite name="Rai On Demand" thumb="special://home/addons\plugin.video.raitv\icon.png">ActivateWindow(10025,&quot;plugin://plugin.video.raitv/?content_type=video&quot;,return)</favourite>
	<favourite name="Italia On Demand" thumb="http://s22.postimg.org/uxzb1tmep/italia_On_Demand.jpg">ActivateWindow(10025,&quot;plugin://plugin.video.phstreams/?action=directory&amp;url=http%3a%2f%2fgibraltar.watchkodi.com%2fItalyDemand%2fItalyDemand_Directory.xml&quot;,return)</favourite>
	<favourite name="Italian Series" thumb="http://s28.postimg.org/ppj4mndp9/Italian_TV.jpg">ActivateWindow(10025,&quot;plugin://plugin.video.phstreams/?action=directory&amp;url=http%3a%2f%2fgibraltar.watchkodi.com%2fItalianTV%2fItalianTV_Directory.xml&quot;,return)</favourite>
	<favourite name="Cinema Italiano" thumb="http://s29.postimg.org/80trdbt9j/Cinema_Italiano.jpg">ActivateWindow(10025,&quot;plugin://plugin.video.phstreams/?action=directory&amp;url=http%3a%2f%2fgibraltar.watchkodi.com%2fCinemaItaliano%2fcinemaitaliano_directory.xml&quot;,return)</favourite>
</favourites>