<favourites>
	<favourite name="Football Replays" thumb="special://home/addons\plugin.video.footballreplays\icon.png">ActivateWindow(10025,&quot;plugin://plugin.video.footballreplays/?sf_options=desc%3DFootball+Replays%26_options_sf&quot;,return)</favourite>
	<favourite name="Football Today" thumb="special://home/addons\plugin.video.football.today\icon.png">ActivateWindow(10025,&quot;plugin://plugin.video.football.today?sf_options=fanart%3Dspecial%3A%2F%2Fhome%2Faddons%5Cplugin.video.football.today%5Cfanart.jpg%26desc%3DVisit+TVADDONS.ag+for+support%26_options_sf&quot;,return)</favourite>
	<favourite name="ZEUS - FULL MATCHES" thumb="http://s6.postimg.org/wg1fppin5/footbalreplays.png">ActivateWindow(10025,&quot;plugin://plugin.video.zeus/?description&amp;iconimage=http%3a%2f%2fs6.postimg.org%2fwg1fppin5%2ffootbalreplays.png&amp;mode=151&amp;name=%5bCOLOR%20white%5dFULL%20MATCHES%5b%2fCOLOR%5d&amp;url=fullmatch&amp;sf_options=fanart%3Dhttp%3A%2F%2Fs6.postimg.org%2Fwg1fppin5%2Ffootbalreplays.png%26_options_sf&quot;,return)</favourite>
	<favourite name="The Beautiful Game" thumb="special://home/addons\plugin.video.thebeautifulgame\icon.png">ActivateWindow(10025,&quot;plugin://plugin.video.thebeautifulgame?sf_options=fanart%3Dspecial%3A%2F%2Fhome%2Faddons%5Cplugin.video.thebeautifulgame%5Cfanart.jpg%26desc%3DFootball+news%2C+highlights%2C+tables+and+more%21%26_options_sf&quot;,return)</favourite>
</favourites>