<favourites>



	<favourite name="BeachBuggy MOD" thumb="">PlayMedia(&quot;plugin://plugin.video.apkdownload/?url=http://dl1.revdownload.com/dl1/2015/1501/beach_buggy_racing_V1.2.9_Mod_Revdl.com.apk&amp;mode=1&amp;name=BeachBuggy+Mod&amp;description=&quot;,return)</favourite>
	<favourite name="Hungry Shark MOD" thumb="">PlayMedia(&quot;plugin://plugin.video.apkdownload/?url=http://dl1.revdownload.com/dl1/2015/1501/Hungry-Shark-Evolution-3.7.2-Mod-Revdl.com.apk&amp;mode=1&amp;name=Hungry+Shark&amp;description=&quot;,return)</favourite>
	
	<favourite name="NBA JAM" thumb="">PlayMedia(&quot;plugin://plugin.video.apkdownload/?url=http://dl1.revdownload.com/dl1/2015/1501/nba_jam_by_ea_sports_V04.00.08_revdl.com.apk&amp;mode=1&amp;name=NBA+Jam&amp;description=&quot;,return)</favourite>
	
	<favourite name="HalfLife2:Eps1" thumb="">PlayMedia(&quot;plugin://plugin.video.apkdownload/?url=http://dl1.revdownload.com/dl1/2015/1501/Half_Life_2_Episode_One_v50_www.RevDl.com_.apk&amp;mode=1&amp;name=HalfLife2+Eps1&amp;description=&quot;,return)</favourite>
	
	
	<favourite name="OverKill3 Mod" thumb="">PlayMedia(&quot;plugin://plugin.video.apkdownload/?url=http://dl1.revdownload.com/dl1/2015/1501/overkill3_V1.3.5_Mod_www.revdl.com.apk&amp;mode=1&amp;name=OverKill3+Mod&amp;description=&quot;,return)</favourite>
	
	
	<favourite name="Modern Combat 5 MOD" thumb="">PlayMedia(&quot;plugin://plugin.video.apkdownload/?url=http://dl1.revdownload.com/dl1/2015/1501/Modern-Combat-5-Blackout-v1.5.1d-Mod-www.revdl.com.apk&amp;mode=1&amp;name=ModernCombat4&amp;description=&quot;,return)</favourite>
	<favourite name="Modern Combat 4" thumb="">PlayMedia(&quot;plugin://plugin.video.apkdownload/?url=http://dl1.revdownload.com/dl1/2015/1501/Modern_Combat_4_Zero_Hour_1.1.7c_www.revdl.com.apk&amp;mode=1&amp;name=ModernCombat4&amp;description=&quot;,return)</favourite>
	<favourite name="Modern Combat 4 MOD" thumb="">PlayMedia(&quot;plugin://plugin.video.apkdownload/?url=http://dl1.revdownload.com/dl1/2015/1501/Modern-Combat-4-Zero-Hour-1.1.7c-MOD_www.revdl.com.apk&amp;mode=1&amp;name=ModernCombat4+MOD&amp;description=&quot;,return)</favourite>
	<favourite name="Mortal Kombat X TEGRA" thumb="">PlayMedia(&quot;plugin://plugin.video.apkdownload/?url=http://dl1.revdownload.com/dl1/2015/1501/mortal_kombat_x_v1.6.1_Tegra_Revdl.com.apk&amp;mode=1&amp;name=Mortal+Kombat+X+tegra&amp;description=&quot;,return)</favourite>
	<favourite name="Mortal Kombat X MALI" thumb="">PlayMedia(&quot;plugin://plugin.video.apkdownload/?url=http://dl1.revdownload.com/dl1/2015/1501/mortal_kombat_x_v1.6.1_Mali_Revdl.com.apk&amp;mode=1&amp;name=Mortal+Kombat+X+mali&amp;description=&quot;,return)</favourite>
	
	
	
</favourites>