<favourites>
	<favourite name="Recently Added" thumb="http://icon-park.com/imagefiles/new_circle_icon_dark_green.png">ActivateWindow(10025,&quot;plugin://plugin.program.super.favourites/?folder=TV Shows/New&quot;,return)</favourite>
	<favourite name="By Network" thumb="http://www.clipartlord.com/wp-content/uploads/2013/05/satellite-dish1.png">ActivateWindow(10025,&quot;plugin://plugin.program.super.favourites/?folder=TV Shows/Networks&quot;,return)</favourite>
	<favourite name="Calendar" thumb="http://icons.iconarchive.com/icons/oxygen-icons.org/oxygen/256/Actions-go-jump-today-icon.png">ActivateWindow(10025,&quot;plugin://plugin.program.super.favourites/?folder=more/_scratch/tv/Calendar&quot;,return)</favourite>
	<favourite name="DVR" thumb="http://a256.phobos.apple.com/us/r1000/117/Purple/v4/d8/9c/bf/d89cbf5c-ddd2-9ed6-823d-eac626bca32b/mzl.niiptuxr.png">ActivateWindow(10025,&quot;plugin://plugin.video.salts/?mode=my_calendar&amp;sf_options=fanart%3Dspecial%3A%2F%2Fhome%2Faddons%5Cplugin.video.salts%5Cart%5Cthemes%5CIconic%5Cfanart.jpg%26_options_sf&quot;,return)</favourite>
	<favourite name="Popular" thumb="https://www.globalstudentnetwork.com/billing/images/most-popular.png">ActivateWindow(10025,&quot;plugin://plugin.program.super.favourites/?folder=more/_scratch/tv/Popular&quot;,return)</favourite>
	<favourite name="By Genre" thumb="http://googledrive.com/host/0B-bY5h-uWEgZQVJQZ0lzUTdBeFE/icons/genres.png">ActivateWindow(10025,&quot;plugin://plugin.video.origin2/?action=tvGenres&quot;,return)</favourite>
	<favourite name="By Year" thumb="http://googledrive.com/host/0B-bY5h-uWEgZQVJQZ0lzUTdBeFE/icons/year.png">ActivateWindow(10025,&quot;plugin://plugin.video.origin2/?action=tvYears&amp;sf_options=fanart%3Dspecial%3A%2F%2Fhome%2Faddons%5Cplugin.video.origin2%5Cresources%5Cmedia%5Cgone%5Cfanart.jpg%26_options_sf&quot;,return)</favourite>
	<favourite name="All Shows" thumb="http://findicons.com/files/icons/977/rrze/720/all_per_page.png">ActivateWindow(10025,&quot;plugin://plugin.video.pftvso/?foldername=shows&amp;mode=all_tv&amp;sf_options=fanart%3Dspecial%3A%2F%2Fhome%2Faddons%5Cplugin.video.pftvso%2Fart%2Fthemes%2FBlue%2Ffanart.jpg%26_options_sf&quot;,return)</favourite>
	<favourite name="[COLOR dodgerblue]Search[/COLOR]" thumb="http://googledrive.com/host/0B-bY5h-uWEgZQVJQZ0lzUTdBeFE/icons/searchtv.png">ActivateWindow(10025,&quot;plugin://plugin.video.origin2/?action=tvSearch&quot;,return)</favourite>
</favourites>