<favourites>
	<favourite name="Zeus - Docs" thumb="http://s6.postimg.org/iiswv9g9t/documentories.png">ActivateWindow(10025,&quot;plugin://plugin.video.zeus/?description&amp;iconimage=http%3a%2f%2fs6.postimg.org%2fiiswv9g9t%2fdocumentories.png&amp;mode=59&amp;name=%5bCOLOR%20white%5dDOCUMENTORIES%5b%2fCOLOR%5d&amp;url=hd%2bdocumentaries&amp;sf_options=fanart%3Dhttp%3A%2F%2Fs6.postimg.org%2Fiiswv9g9t%2Fdocumentories.png%26_options_sf&quot;,return)</favourite>
	<favourite name="UKTurk - Docs" thumb="http://metalkettle.co/UKTurk2/thumbs/UK%20TURK%20documentaries.jpg">ActivateWindow(10025,&quot;plugin://plugin.video.ukturk/?description&amp;iconimage=http%3a%2f%2fmetalkettle.co%2fUKTurk2%2fthumbs%2fUK%2520TURK%2520documentaries.jpg&amp;mode=1&amp;name=Documentaries&amp;url=http%3a%2f%2fmetalkettle.co%2fUKTurk2%2fdocs%2fIndex.txt&amp;sf_options=fanart%3Dspecial%3A%2F%2Fhome%2Faddons%5Cplugin.video.ukturk%5Cfanart.jpg%26_options_sf&quot;,return)</favourite>
	<favourite name="StreamEngine - Docs" thumb="http://i1295.photobucket.com/albums/b636/beatbox8501/docs_zpsf8chkhac.png">ActivateWindow(10025,&quot;plugin://plugin.video.streamengine/?date&amp;description&amp;iconimage=http%3a%2f%2fi1295.photobucket.com%2falbums%2fb636%2fbeatbox8501%2fdocs_zpsf8chkhac.png&amp;mode=1&amp;name=%5bB%5d%5bCOLOR%20white%5dDOCUMENTARIES%5b%2fCOLOR%5d%5b%2fB%5d&amp;page&amp;play&amp;url=https%3a%2f%2fpastebin.com%2fraw.php%3fi%3d8MEeYLBY&amp;sf_options=fanart%3Dhttp%3A%2F%2Fi1295.photobucket.com%2Falbums%2Fb636%2Fbeatbox8501%2Ffanart_zpsv4c4ccdq.jpg%26_options_sf&quot;,return)</favourite>
	<favourite name="Marvin - Doc&apos;s" thumb="http://thebeastkodi.uk/addon/Docs.jpg">ActivateWindow(10025,&quot;plugin://plugin.video.marvin/?description&amp;iconimage=http%3a%2f%2fthebeastkodi.uk%2faddon%2fDocs.jpg&amp;mode=1&amp;name=%5bCOLOR%20blue%5dDocumentaries%5b%2fCOLOR%5d&amp;url=http%3a%2f%2fthebeastkodi.uk%2faddon%2fDocs.txt&amp;sf_options=fanart%3Dspecial%3A%2F%2Fhome%2Faddons%5Cplugin.video.marvin%5Cfanart.jpg%26_options_sf&quot;,return)</favourite>
	<favourite name="The Heritage Channel" thumb="special://home/addons\plugin.video.heritagechannel\icon.png">ActivateWindow(10025,&quot;plugin://plugin.video.heritagechannel?sf_options=fanart%3Dspecial%3A%2F%2Fhome%2Faddons%5Cplugin.video.heritagechannel%5Cfanart.jpg%26desc%3DVideos+from+cultural%2C+natural%2C+scientific%2C+academic%2C+technical+and+other+heritage+organisations+from+across+the+world.%5BCR%5D%5BCR%5D70+channels+for+v1.0.2.%5BCR%5D%5BCR%5DThis+addon+depends+upon+the+Youtube+addon+by+Bromix+%28http%3A%2F%2Fkodi.wiki%2Fview%2FAdd-on%3AYouTube%29%2C+so+install+that+as+well.%26_options_sf&quot;,return)</favourite>
</favourites>