<favourites>
	
	<favourite name="ACMarket" thumb="https://3.bp.blogspot.com/-05v4GYRb3tc/VzDDW2StzzI/AAAAAAAAEAk/dMg4LtnNFaIzECFNpNYyzCpqGNblv0RRwCLcB/s1600/xxxhdpi.png">PlayMedia(&quot;plugin://plugin.video.water/?url=https://acmarket.net/acmarket.apk&amp;name=acMarket&amp;description=Install ACMarket&amp;mode=12&amp;sf_options=winID%3D10025%26_options_sf&quot;)</favourite>
	<favourite name="AptoideTV" thumb="http://cdn4.aptoide.com/imgs/5/8/8/588ad285bad8b795a3d5ae7ece381104.png">PlayMedia(&quot;plugin://plugin.video.water/?url=http://apkins.aptoide.com/AptoideTV-3.1.1.apk&amp;name=AptoideTV&amp;description=Install AptoideTV&amp;mode=12&amp;sf_options=winID%3D10025%26_options_sf&quot;)</favourite>
	
	
	<favourite name="Aptoide" thumb="http://aptoidapkinstaller.com/wp-content/uploads/2017/03/cropped-Untitled-3-1-300x300.png">PlayMedia(&quot;plugin://plugin.video.water/?url=http://apkins.aptoide.com/aptoide-8.1.2.1.apk&amp;mode=12&amp;name=Aptoide&amp;description=Install Aptoide&amp;sf_options=winID%3D10025%26_options_sf&quot;)</favourite>
	<favourite name="Aptoide Lite" thumb="https://lh3.ggpht.com/YeUAmuTQxz0CEsLhVFMPQ9Y01uz_XxEmFhzAjCvslwn9ASZ8Ao8exM09TqNjtspNaTA=w125">PlayMedia(&quot;plugin://plugin.video.water/?url=http://apkins.aptoide.com/aptoide-lite2.0.0.apk&amp;mode=12&amp;name=Aptoide Lite&amp;description=Install Aptoide Lite&amp;sf_options=winID%3D10025%26_options_sf&quot;)</favourite>
	<favourite name="Wookie" thumb="http://vignette2.wikia.nocookie.net/clubpenguin/images/9/90/Wookie_Costume_PC.png/revision/latest/scale-to-width-down/164?cb=20150107234001">PlayMedia(&quot;plugin://plugin.video.water/?url=http://wookiespmc.com/down/WookieAppsMobile.apk&amp;mode=12&amp;name=Wookie&amp;description=&amp;sf_options=winID%3D10025%26_options_sf&quot;)</favourite>
	<favourite name="WookieTV" thumb="http://vignette2.wikia.nocookie.net/clubpenguin/images/9/90/Wookie_Costume_PC.png/revision/latest/scale-to-width-down/164?cb=20150107234001">PlayMedia(&quot;plugin://plugin.video.water/?url=http://wookiespmc.com/down/WookieAppsTVbox.apk&amp;mode=12&amp;name=WookieTV&amp;description=&amp;sf_options=winID%3D10025%26_options_sf&quot;)</favourite>
	<favourite name="Amazon Underground" thumb="https://2.bp.blogspot.com/-Gzd5ExhjQak/WJxhx3uR0tI/AAAAAAAAElY/_vFQamThro024PpWzHiC0sdAZ5CQdfI6ACLcB/s200/amazon%2Bunderground.png">PlayMedia(&quot;plugin://plugin.video.water/?url=https%3A%2F%2Famazonadsi-a.akamaihd.net%2Fpublic%2Fsnuffy%2Fus_stable%2Fdefault%2Fus%2FAmazon_App.apk&amp;mode=12&amp;name=amazonUnderground&amp;description=Amazon Underground&amp;sf_options=winID%3D10025%26_options_sf&quot;)</favourite>
	
	<favourite name="MFTInstaller" thumb="">PlayMedia(&quot;plugin://plugin.video.water/?url=http%3A%2F%2Fwww.mtlfreetv.com%2Fapks%2FMFTInstaller.apk&amp;mode=12&amp;name=MFTInstaller&amp;description=&amp;sf_options=winID%3D10025%26_options_sf&quot;)</favourite>
	
		<favourite name="STREaM" thumb="">PlayMedia(&quot;plugin://plugin.video.water/?url=http://aidymatic.co.uk/apps/STREaM2/STREaM.apk&amp;mode=12&amp;name=youtubeTV&amp;description=com.dunno&quot;)</favourite>
	<favourite name="STRaPPs" thumb="https://cdn6.aptoide.com/imgs/4/2/9/4292c04b1dbedbe637b193825c497470.png">PlayMedia(&quot;plugin://plugin.video.water/?url=http://aidymatic.co.uk/apps/STRaPPs/version/STRaPPs.apk&amp;mode=12&amp;name=STRaPPs&amp;description=com.dunno&quot;)</favourite>
</favourites>