<favourites>
	<favourite name="Documentary Shows" thumb="http://s6.postimg.org/99ytnv01t/Series.png">ActivateWindow(10025,&quot;plugin://plugin.video.phstreams/?action=ndmode&amp;audio=0&amp;content=0&amp;fanart=http%3a%2f%2fs6.postimg.org%2f4ph8mo5q9%2fBackdrop.png&amp;image=http%3a%2f%2fs6.postimg.org%2f99ytnv01t%2fSeries.png&amp;name=%5bCOLOR%20orangered%5dD%5b%2fCOLOR%5d%5bCOLOR%20white%5dOCU-%5b%2fCOLOR%5d%5bCOLOR%20orangered%5dS%5b%2fCOLOR%5d%5bCOLOR%20white%5dERIES%5b%2fCOLOR%5d&amp;playable=false&amp;tvshow=0&amp;url=http%3a%2f%2fzenica.watchkodi.com%2fDirectories%2fDocs%2520Directories%2fDocu%2520Series%2520Directory.xml&amp;sf_options=fanart%3Dhttp%3A%2F%2Fs6.postimg.org%2F4ph8mo5q9%2FBackdrop.png%26desc%3DDiscover+Great+Streaming+Playlists%21%26_options_sf&quot;,return)</favourite>
	<favourite name="Smithsonian Channel" thumb="http://mirrors.kodi.tv/addons/gotham/plugin.video.smithsonian/icon.png">ActivateWindow(10025,&quot;plugin://plugin.video.smithsonian/&quot;)</favourite>
	<favourite name="Top Documentaries Films" thumb="http://2.bp.blogspot.com/-7ec9wQ89wlE/Uk_koa-27dI/AAAAAAAAAqA/JpCz8m6WQc4/s200/topdocumentaryfilms+logo.png">ActivateWindow(10025,&quot;plugin://plugin.video.DecadoDocs?sf_options=fanart%3Dspecial%3A%2F%2Fhome%2Faddons%5Cplugin.video.DecadoDocs%5Cfanart.jpg%26_options_sf&quot;,return)</favourite>
	<favourite name="XiveTV Documentaries" thumb="https://yt3.ggpht.com/-3QSaQa74Ids/AAAAAAAAAAI/AAAAAAAAAAA/tb3yzKTWgGY/s240-c-k-no/photo.jpg">ActivateWindow(10025,&quot;plugin://plugin.video.youtube/channel/UC62NeTy6Ocd5Jmh_963mLFg/&quot;,return)</favourite>
	<favourite name="Vice" thumb="http://googledrive.com/host/0B-bY5h-uWEgZQVJQZ0lzUTdBeFE/icons/apps/vice.gif">ActivateWindow(10025,&quot;plugin://plugin.video.youtube/user/vice/&quot;,return)</favourite>
	<favourite name="Vice News" thumb="http://googledrive.com/host/0B-bY5h-uWEgZQVJQZ0lzUTdBeFE/icons/apps/vicenews.jpg">ActivateWindow(10025,&quot;plugin://plugin.video.youtube/user/vicenews/&quot;,return)</favourite>
	<favourite name="IMAX" thumb="http://s18.postimg.org/opsed7455/Imax3d1.jpg">ActivateWindow(10025,&quot;plugin://plugin.video.phstreams/?action=ndmode&amp;audio=0&amp;content=0&amp;fanart=http%3a%2f%2fs9.postimg.org%2fgbr27aken%2fcool4.jpg&amp;image=http%3a%2f%2fs18.postimg.org%2fopsed7455%2fImax3d1.jpg&amp;name=IMAX&amp;playable=false&amp;tvshow=0&amp;url=http%3a%2f%2fgibraltar.watchkodi.com%2fCollections%2fimax.xml&quot;,return)</favourite>
	<favourite name="Addons" thumb="https://f.vimeocdn.com/images_v6/awards/category_icons/vfa_icon_encap_series.png">ActivateWindow(10025,&quot;plugin://plugin.program.super.favourites/?folder=More\Documentaries\Addons&quot;,return)</favourite>
</favourites>