<favourites>
    <favourite name="9Movies" thumb="C:\kodi\portable_data\addons\plugin.video.md9movies\icon.png">ActivateWindow(10025,&quot;plugin://plugin.video.md9movies/&quot;,return)</favourite>
    <favourite name="MD.Watchseries" thumb="C:\kodi\portable_data\addons\plugin.video.mdws\icon.png">ActivateWindow(10025,&quot;plugin://plugin.video.mdws/&quot;,return)</favourite>
    <favourite name="MD Sports Extra" thumb="C:\kodi\portable_data\addons\plugin.video.mdsportsextra\icon.png">ActivateWindow(10025,&quot;plugin://plugin.video.mdsportsextra/&quot;,return)</favourite>
    <favourite name="LatestDude" thumb="C:\kodi\portable_data\addons\plugin.video.lmER\icon.png">ActivateWindow(10025,&quot;plugin://plugin.video.lmER/&quot;,return)</favourite>
    <favourite name="Movies XK" thumb="C:\kodi\portable_data\addons\plugin.video.moviexk\icon.png">ActivateWindow(10025,&quot;plugin://plugin.video.moviexk/&quot;,return)</favourite>
    <favourite name="Movies XL" thumb="C:\kodi\portable_data\addons\plugin.video.moviesxl\icon.png">ActivateWindow(10025,&quot;plugin://plugin.video.moviesxl/&quot;,return)</favourite>
    <favourite name="Movies3s" thumb="C:\kodi\portable_data\addons\plugin.video.movies3sER\icon.png">ActivateWindow(10025,&quot;plugin://plugin.video.movies3sER/&quot;,return)</favourite>
    <favourite name="Prime Links" thumb="C:\kodi\portable_data\addons\plugin.video.myvideolinks\icon.png">ActivateWindow(10025,&quot;plugin://plugin.video.myvideolinks/&quot;,return)</favourite>
    <favourite name="Rlseries" thumb="C:\kodi\portable_data\addons\plugin.video.rlseriesER\icon.png">ActivateWindow(10025,&quot;plugin://plugin.video.rlseriesER/&quot;,return)</favourite>
    <favourite name="StreamThis.Tv" thumb="C:\kodi\portable_data\addons\plugin.video.streamthisER\icon.png">ActivateWindow(10025,&quot;plugin://plugin.video.streamthisER/&quot;,return)</favourite>
    <favourite name="TvOnline" thumb="C:\kodi\portable_data\addons\plugin.video.tvonlineER\icon.png">ActivateWindow(10025,&quot;plugin://plugin.video.tvonlineER/&quot;,return)</favourite>
    <favourite name="ViewMovies" thumb="C:\kodi\portable_data\addons\plugin.video.viewmovies\icon.png">ActivateWindow(10025,&quot;plugin://plugin.video.viewmovies/&quot;,return)</favourite>
</favourites>
