<favourites>
	<favourite name="SubGenre" thumb="http://oi43.tinypic.com/1z644mh.jpg">ActivateWindow(10025,&quot;plugin://plugin.program.super.favourites/?label=SubGenre&amp;mode=400&amp;folder=Movies%5CSubGenre&amp;sf_options=fanart%3Dhttp%3A%2F%2Fs6.postimg.org%2F4ph8mo5q9%2FBackdrop.png%26_options_sf&quot;,return)</favourite>
	<favourite name="By Year" thumb="http://googledrive.com/host/0B-bY5h-uWEgZQVJQZ0lzUTdBeFE/icons/year.png">ActivateWindow(10025,&quot;plugin://plugin.video.origin2/?action=movieYears&quot;,return)</favourite>
	<favourite name="By Actor" thumb="http://googledrive.com/host/0B-bY5h-uWEgZQVJQZ0lzUTdBeFE/icons/test/actors.png">ActivateWindow(10025,&quot;plugin://plugin.video.origin2/?action=moviePersons&amp;sf_options=fanart%3Dspecial%3A%2F%2Fhome%2Faddons%5Cplugin.video.genesis%5Cresources%5Cmedia%5Cgone%5Cfanart.jpg%26_options_sf&quot;,return)</favourite>
	<favourite name="In Theaters" thumb="http://www.iconeasy.com/icon/png/Movie%20%26%20TV/Curtains/TheatreSpotlights.png">ActivateWindow(10025,&quot;plugin://plugin.video.origin2/?action=movies&amp;url=theaters&quot;,return)</favourite>
	<favourite name="Browse IMBD" thumb="special://home/addons\script.extendedinfo\icon.png">RunScript(&quot;script.extendedinfo&quot;)</favourite>
	<favourite name="ExtendedInfo Script Mod" thumb="special://home/addons\script.extendedinfo\icon.png">ActivateWindow(10025,&quot;plugin://script.extendedinfo?sf_options=desc%3DThis+script+offers+various+possibilities+to+display+online+content+inside+skins+as+well+as+a+complete+MovieDB+browser+including+info+dialogs+for+various+media+types.+Used+services+are+themoviedb.org%2C+theaudiodb.org%2C+rottentomatoes.com%2C+Trakt.TV%2C+omdbapi.com+and+a+lot+more.+Needs+skin+implementation+for+lot+of+functions.%26_options_sf&quot;,return)</favourite>
</favourites>