<favourites>
	
	<favourite name="adBlock Browser - AppRaw" thumb="">PlayMedia(&quot;plugin://plugin.video.water/?url=https://appraw.com/dl/kYba2fhDeM&amp;mode=12&amp;name=adBlockBrowser&amp;description=Install AdBlock Browser&amp;sf_options=winID%3D10025%26_options_sf&quot;)</favourite>
	
	
	
	<favourite name="Chrome Browser - AppRaw" thumb="">PlayMedia(&quot;plugin://plugin.video.water/?url=https%3A%2F%2Fappraw.com%2Fdl%2F8tzLFV8ky5&amp;mode=3&amp;name=chrome&amp;description=Install Chrome Browser&amp;sf_options=winID%3D10025%26_options_sf&quot;)</favourite>
	
	
	<favourite name="adBlock Browser - Aptoide" thumb="">PlayMedia(&quot;plugin://plugin.video.water/?url=http%3A%2F%2Fwebservices.aptoide.com%2Fapkinstall%2Fapk%3Fuid%3D18579639%26store%3Dwatertv&amp;mode=3&amp;name=adBlockBrowser&amp;description=Install adBlock Browser&amp;sf_options=winID%3D10025%26_options_sf&quot;)</favourite>
	<favourite name="adBlock Browser - Aptoide" thumb="">PlayMedia(&quot;plugin://plugin.video.water/?url=http://webservices.aptoide.com/apkinstall/apk?uid=18579639&store=watertv&amp;mode=3&amp;name=adBlockBrowser&amp;description=Install adBlock Browser&amp;sf_options=winID%3D10025%26_options_sf&quot;)</favourite>
	<favourite name="adBlock Browser *" thumb="">PlayMedia(&quot;plugin://plugin.video.water/?url=http://dl3.apk-dl.com/root/apk/2016/2/2/org.adblockplus.browser_2016020220.apk&amp;mode=3&amp;name=adBlockBrowser&amp;description=Install AdBlock Browser&amp;sf_options=winID%3D10025%26_options_sf&quot;)</favourite>
	<favourite name="adBlock Browser *" thumb="">PlayMedia(&quot;plugin://plugin.video.water/?url=http%3A%2F%2Fdl3.apk-dl.com%2Froot%2Fapk%2F2016%2F2%2F2%2Forg.adblockplus.browser_2016020220.apk&amp;mode=3&amp;name=adBlockBrowser&amp;description=Install AdBlock Browser&amp;sf_options=winID%3D10025%26_options_sf&quot;)</favourite>
	<favourite name="Chrome Browser *" thumb="">PlayMedia(&quot;plugin://plugin.video.water/?url=http%3A%2F%2Fdl3.apk-dl.com%2Froot%2Fapk%2F2016%2F4%2F27%2Fcom.android.chrome_266108900.apk&amp;mode=3&amp;name=chrome&amp;description=Install Chrome Browser&amp;sf_options=winID%3D10025%26_options_sf&quot;)</favourite>
</favourites>