<favourites>
    <favourite name="Nat Geo Clips" thumb="">ActivateWindow(10025,&quot;plugin://plugin.video.natgeo/&quot;,return)</favourite>
	
	<favourite name="*David Attenborough*" thumb="https://i.ytimg.com/i/3p3WtGCfeVRvt3ytWNHQAg/mq1.jpg">ActivateWindow(10025,&quot;plugin://plugin.video.youtube/playlist/PL152bjytsMC66b6OvO_P8Dlyiigl3ROpi/&quot;,return)</favourite>
    <favourite name="*Escape to the Country*" thumb="https://i.ytimg.com/i/znmQVMuULKJuAHV3IfV0Og/mq1.jpg">ActivateWindow(10025,&quot;plugin://plugin.video.youtube/playlist/PL152bjytsMC4fC_YSxVupm6Ep_rth9Yu8/&quot;,return)</favourite>
    <favourite name="NGC - (Amazon see playlists)" thumb="https://yt3.ggpht.com/-pF1sp98zi1E/AAAAAAAAAAI/AAAAAAAAAAA/E-ySnLMpb00/s100-c-k-no/photo.jpg">ActivateWindow(10025,&quot;plugin://plugin.video.youtube/channel/UC7qc5vSpAZfUIWkoX0aYUMQ/&quot;,return)</favourite>

    <favourite name="Mega Disasters" thumb="https://yt3.ggpht.com/-jK6d7QEdI-0/AAAAAAAAAAI/AAAAAAAAAAA/iFmdLKMSiQU/s100-c-k-no/photo.jpg">ActivateWindow(10025,&quot;plugin://plugin.video.youtube/channel/UCgLTuWANjVycg1qYHYPxmnA/&quot;,return)</favourite>
    <favourite name="How It&apos;s Made" thumb="https://yt3.ggpht.com/-cBpgjwoBbHw/AAAAAAAAAAI/AAAAAAAAAAA/Bb-IsAanv3o/s100-c-k-no/photo.jpg">ActivateWindow(10025,&quot;plugin://plugin.video.youtube/playlist/PL152bjytsMC6bL6e5QJHXCdL1VDtI2Boc/&quot;,return)</favourite>
    <favourite name="*Natural Disasters*" thumb="https://yt3.ggpht.com/-guvcXLUvj5o/AAAAAAAAAAI/AAAAAAAAAAA/q3bw6ZmxlfM/s100-c-k-no/photo.jpg">ActivateWindow(10025,&quot;plugin://plugin.video.youtube/playlist/PL152bjytsMC5YyK8CzZjXJi2IGG1f6iRM/&quot;,return)</favourite>
    <favourite name="Documentaries Channel" thumb="https://yt3.ggpht.com/-SRDKHzWBuNk/AAAAAAAAAAI/AAAAAAAAAAA/CGLHgSvtvr8/s100-c-k-no/photo.jpg">ActivateWindow(10025,&quot;plugin://plugin.video.youtube/channel/UCL91Ecf92IKtNII7trSNJNw/&quot;,return)</favourite>
    <favourite name="*Earth and Climate Change*" thumb="https://yt3.ggpht.com/-f-iTE-XjTtg/AAAAAAAAAAI/AAAAAAAAAAA/lZc6ZEDKNco/s100-c-k-no/photo.jpg">ActivateWindow(10025,&quot;plugin://plugin.video.youtube/playlist/PL152bjytsMC5DJj7z8WHQn5gDPmOt9P5F/&quot;,return)</favourite>
    <favourite name="*Just Amazing*" thumb="https://yt3.ggpht.com/-wQ95Bw1UQtQ/AAAAAAAAAAI/AAAAAAAAAAA/vGFNGyBU9t8/s100-c-k-no/photo.jpg">ActivateWindow(10025,&quot;plugin://plugin.video.youtube/playlist/PL152bjytsMC6yQ1XXF1ia2B0YttPeKtfN/&quot;,return)</favourite>
    <favourite name="*Space Documentaries*" thumb="https://yt3.ggpht.com/-o5SqTvNGBuI/AAAAAAAAAAI/AAAAAAAAAAA/REMI90DnKMg/s100-c-k-no/photo.jpg">ActivateWindow(10025,&quot;plugin://plugin.video.youtube/playlist/PL152bjytsMC7T0Q7xHWHHiP5Y7dJLRWiG/&quot;,return)</favourite>
    <favourite name="*PBS Nova Documentaries*" thumb="https://i.ytimg.com/i/4H7bkwb6go7vrEkgYMgsGw/mq1.jpg">ActivateWindow(10025,&quot;plugin://plugin.video.youtube/playlist/PL152bjytsMC4bxFN5gEkDxYg10gcwDdLg/&quot;,return)</favourite>
    <favourite name="*Underwater Life*" thumb="https://i.ytimg.com/i/N_kMFZPoAqueNEfLD8TTPw/mq1.jpg">ActivateWindow(10025,&quot;plugin://plugin.video.youtube/playlist/PL152bjytsMC6D4vouE2eqxa17KTDqgou2/&quot;,return)</favourite>
    <favourite name="*Prehistoric Life*" thumb="https://yt3.ggpht.com/-Vn6E61LG56c/AAAAAAAAAAI/AAAAAAAAAAA/tj7eWa_jtvM/s100-c-k-no/photo.jpg">ActivateWindow(10025,&quot;plugin://plugin.video.youtube/playlist/PL152bjytsMC4ELQL-cyB4HcR5RR4y8jmI/&quot;,return)</favourite>
    <favourite name="*Animals*" thumb="https://yt3.ggpht.com/-bySYV6OBABs/AAAAAAAAAAI/AAAAAAAAAAA/TUJBC41FuSg/s100-c-k-no/photo.jpg">ActivateWindow(10025,&quot;plugin://plugin.video.youtube/playlist/PL152bjytsMC5aOcBWY-y97pGKaks-Zdpv/&quot;,return)</favourite>
    <favourite name="*Birds*" thumb="https://i.ytimg.com/i/7uJ7jdwfPcmqKu7V2nI9rA/mq1.jpg">ActivateWindow(10025,&quot;plugin://plugin.video.youtube/playlist/PL152bjytsMC6XeU_IyEbaxbgtRonyWhco/&quot;,return)</favourite>
    <favourite name="*Reptiles*" thumb="https://i.ytimg.com/i/vfH62D48X5Bahu-oroIreQ/mq1.jpg">ActivateWindow(10025,&quot;plugin://plugin.video.youtube/playlist/PL152bjytsMC6YnVebMUshTFlNx8Z97_Ow/&quot;,return)</favourite>
    <favourite name="*Insects and Others*" thumb="https://i.ytimg.com/i/cPRY79BUym6pAzuwdPo5wA/mq1.jpg">ActivateWindow(10025,&quot;plugin://plugin.video.youtube/playlist/PL152bjytsMC6oiNllYbAOMFCH8lXiRunF/&quot;,return)</favourite>
    <favourite name="*People and Peoples*" thumb="https://i.ytimg.com/i/zo931iwA-4hTxGGsAHcBKQ/mq1.jpg">ActivateWindow(10025,&quot;plugin://plugin.video.youtube/playlist/PL152bjytsMC4A4OmwlIfUdeD8sqoEU4gN/&quot;,return)</favourite>
    <favourite name="*Places*" thumb="https://i.ytimg.com/i/rul-IVStrYQOaN6Ik8fkXA/mq1.jpg">ActivateWindow(10025,&quot;plugin://plugin.video.youtube/playlist/PL152bjytsMC6L59Isi12kzK1Hn5THv8o_/&quot;,return)</favourite>
    <favourite name="*Bigfoot and Other Anomolies*" thumb="https://yt3.ggpht.com/-yfLAbTgKBGo/AAAAAAAAAAI/AAAAAAAAAAA/QXR5KkcxAkA/s100-c-k-no/photo.jpg">ActivateWindow(10025,&quot;plugin://plugin.video.youtube/playlist/PL152bjytsMC6TIK2q23R6GkgcpPw-4-Dv/&quot;,return)</favourite>
    <favourite name="*Technology*" thumb="https://i.ytimg.com/i/iB9rK85xR9_fsMDIOcBzfw/mq1.jpg">ActivateWindow(10025,&quot;plugin://plugin.video.youtube/playlist/PL152bjytsMC43QlLMf4YNK7rNP4CByIms/&quot;,return)</favourite>
    <favourite name="*How It Works*" thumb="https://yt3.ggpht.com/-TknP_OJmc84/AAAAAAAAAAI/AAAAAAAAAAA/MEVM5pueZAo/s100-c-k-no/photo.jpg">ActivateWindow(10025,&quot;plugin://plugin.video.youtube/playlist/PL152bjytsMC4Goscddi5bS9xjHB_2mDUx/&quot;,return)</favourite>
    <favourite name="*Sharks*" thumb="https://i.ytimg.com/i/HThGYhvhgyvTgUkv3n5R_A/mq1.jpg">ActivateWindow(10025,&quot;plugin://plugin.video.youtube/playlist/PL152bjytsMC7yGJjC2GYuXvLaXpn7wcZh/&quot;,return)</favourite>
    <favourite name="*Bush Tucker Man and Ray Mears*" thumb="https://i.ytimg.com/i/B-ZHqtdOOQP97sFgghJv3A/mq1.jpg">ActivateWindow(10025,&quot;plugin://plugin.video.youtube/playlist/PL152bjytsMC5qxzVA7n3akfcyEHJbs4Zf/&quot;,return)</favourite>
    <favourite name="*Cousteau - Stevens - Corwin*" thumb="https://yt3.ggpht.com/-Y7M3HxhIPXE/AAAAAAAAAAI/AAAAAAAAAAA/F6yske0SxqI/s100-c-k-no-mo/photo.jpg">ActivateWindow(10025,&quot;plugin://plugin.video.youtube/playlist/PL152bjytsMC63t1OVqxWnNwcltfgqw8-l/&quot;,return)</favourite>
    <favourite name="*Bear Grylls*" thumb="https://i.ytimg.com/i/0JBpG2wnuaYY4Xaq6mKtag/mq1.jpg">ActivateWindow(10025,&quot;plugin://plugin.video.youtube/playlist/PL152bjytsMC4DDsA9uPfdgUwSMFIN4m91/&quot;,return)</favourite>
    <favourite name="Documentary Tube" thumb="https://yt3.ggpht.com/-S-vFfo9ZEQw/AAAAAAAAAAI/AAAAAAAAAAA/p11UQUOJPiY/s100-c-k-no/photo.jpg">ActivateWindow(10025,&quot;plugin://plugin.video.youtube/channel/UC_sXrcURB-Dh4az_FveeQ0Q/&quot;,return)</favourite>
    <favourite name="Seosan TV" thumb="https://yt3.ggpht.com/-Ck9Jo4G4yZs/AAAAAAAAAAI/AAAAAAAAAAA/ZP0TFEc9xtY/s100-c-k-no/photo.jpg">ActivateWindow(10025,&quot;plugin://plugin.video.youtube/channel/UCTrlOONARMd9tOcb7JRqbqA/&quot;,return)</favourite>
    <favourite name="*Tanked and Fish Tank Kings*" thumb="https://i.ytimg.com/i/2U6mUdlQBS0umA4EbhCNwQ/mq1.jpg">ActivateWindow(10025,&quot;plugin://plugin.video.youtube/playlist/PL152bjytsMC5ngZrzFYlxo5pDcsdnEpUL/&quot;,return)</favourite>
    <favourite name="Explore the World" thumb="https://yt3.ggpht.com/-MahOSuELdM0/AAAAAAAAAAI/AAAAAAAAAAA/1Gz3o8HcPSs/s100-c-k-no/photo.jpg">ActivateWindow(10025,&quot;plugin://plugin.video.youtube/channel/UCvs65qsrweZucm7LiTrP36Q/&quot;,return)</favourite>
    <favourite name="*MegaStructures*" thumb="https://i.ytimg.com/i/FVWpq2o6CgdbU3Pt8T_SCw/mq1.jpg">ActivateWindow(10025,&quot;plugin://plugin.video.youtube/playlist/PL152bjytsMC6xXamnNsrmDXaZetKL9EXH/&quot;,return)</favourite>
    <favourite name="*Grand Designs*" thumb="https://i.ytimg.com/i/IcHogHIVOmcYHVFrfSbtWw/mq1.jpg">ActivateWindow(10025,&quot;plugin://plugin.video.youtube/playlist/PL152bjytsMC5Dp9P3PIY16-UfKi_XF_U3/&quot;,return)</favourite>
    <favourite name="*Homes and Restoration*" thumb="https://yt3.ggpht.com/-1eeHRxZfj9I/AAAAAAAAAAI/AAAAAAAAAAA/QbShPRkukHE/s100-c-k-no/photo.jpg">ActivateWindow(10025,&quot;plugin://plugin.video.youtube/playlist/PL152bjytsMC6PLBtUMJ4wLjenzNxPtAr0/&quot;,return)</favourite>
    <favourite name="*The Secrets of Nature*" thumb="https://yt3.ggpht.com/-iztw3n2qnJM/AAAAAAAAAAI/AAAAAAAAAAA/PCf32MQpPQw/s100-c-k-no/photo.jpg">ActivateWindow(10025,&quot;plugin://plugin.video.youtube/playlist/PL152bjytsMC7LOywCqqnM0K8hyWm1odA6/&quot;,return)</favourite>
    <favourite name="*Michael Palin*" thumb="https://i.ytimg.com/i/sdKyU3FQcO6TJNo9DqcLkA/mq1.jpg">ActivateWindow(10025,&quot;plugin://plugin.video.youtube/playlist/PL152bjytsMC570vWFnqiPV18SoY1WRhEo/&quot;,return)</favourite>
    <favourite name="World Documentaries Channel" thumb="https://yt3.ggpht.com/-J78EouLWbVg/AAAAAAAAAAI/AAAAAAAAAAA/LgnEEnlVaTo/s100-c-k-no/photo.jpg">ActivateWindow(10025,&quot;plugin://plugin.video.youtube/channel/UC7fqBPLcdQf5VW_PRa_hlow/&quot;,return)</favourite>
    <favourite name="*Documentary Series*" thumb="https://yt3.ggpht.com/-vNiwabFzrYc/AAAAAAAAAAI/AAAAAAAAAAA/hgYmX_3ZGnY/s100-c-k-no/photo.jpg">ActivateWindow(10025,&quot;plugin://plugin.video.youtube/playlist/PL152bjytsMC4aVhkFZxwSKkA5lIq_-yrw/&quot;,return)</favourite>
    <favourite name="Documentary and Life HD" thumb="https://yt3.ggpht.com/-Wiyi4I9ZjIw/AAAAAAAAAAI/AAAAAAAAAAA/SCa3UpHccwo/s100-c-k-no/photo.jpg">ActivateWindow(10025,&quot;plugin://plugin.video.youtube/channel/UCFM1fgpFGwIl7DeuWE8RkuQ/&quot;,return)</favourite>
    <favourite name="Journeyman Pictures" thumb="https://yt3.ggpht.com/-Xs83JYB4N28/AAAAAAAAAAI/AAAAAAAAAAA/Fr6y4xA5VVA/s100-c-k-no/photo.jpg">ActivateWindow(10025,&quot;plugin://plugin.video.youtube/channel/UCM2YmsRUeIbRkqjgNm0eTGQ/&quot;,return)</favourite>
    <favourite name="PublicResourceOrg (Check Playlist)" thumb="https://i.ytimg.com/i/X1nmhI_px297r0xp4cJBlg/mq1.jpg">ActivateWindow(10025,&quot;plugin://plugin.video.youtube/channel/UCO9Q5_D6tItyoilmDogexng/&quot;,return)</favourite>
    <favourite name="*More Nature Documentaries*" thumb="https://yt3.ggpht.com/-_zOKR9ylefo/AAAAAAAAAAI/AAAAAAAAAAA/cbU7iYLD3wc/s100-c-k-no/photo.jpg">ActivateWindow(10025,&quot;plugin://plugin.video.youtube/playlist/PL152bjytsMC7-a0JyfzLdiMXsG0QDd96d/&quot;,return)</favourite>
    <favourite name="A Place In .." thumb="https://i.ytimg.com/i/co-5O8Qv9K1v56GtFtwVLQ/mq1.jpg">ActivateWindow(10025,&quot;plugin://plugin.video.youtube/playlist/PL152bjytsMC4ar0GTAXQ6ycBoOTlZR10w/&quot;,return)</favourite>
    <favourite name="*Homes Under the Hammer" thumb="https://i.ytimg.com/i/DBVByX8tNTae_OOaGSBjGA/mq1.jpg">ActivateWindow(10025,&quot;plugin://plugin.video.youtube/playlist/PL152bjytsMC5DA49bjZv2I089Tc8frdaR/&quot;,return)</favourite>
    <favourite name="The Joy of Painting (Playlist for Seasons)" thumb="https://yt3.ggpht.com/-3JIv93qscdY/AAAAAAAAAAI/AAAAAAAAAAA/jUgiZDXKcuQ/s100-c-k-no/photo.jpg">ActivateWindow(10025,&quot;plugin://plugin.video.youtube/channel/UCdXKzUSbFZyBFt1h2LjjvsQ/&quot;,return)</favourite>
    <favourite name="*Rex Hunt, Robson Green and more.*" thumb="https://yt3.ggpht.com/-JVYN_Kyawjc/AAAAAAAAAAI/AAAAAAAAAAA/HipcJcuCULQ/s100-c-k-no/photo.jpg">ActivateWindow(10025,&quot;plugin://plugin.video.youtube/playlist/PL152bjytsMC5MRutIMrbBCFcc5EGAre0t/&quot;,return)</favourite>
    <favourite name="*Fishing*" thumb="https://i.ytimg.com/i/hXKe8kZn3xqgpqtpnSYpUw/mq1.jpg">ActivateWindow(10025,&quot;plugin://plugin.video.youtube/playlist/PL152bjytsMC70yAAW7ryCt0o63EQ71Vjg/&quot;,return)</favourite>
    <favourite name="*Treasure*" thumb="https://yt3.ggpht.com/-lyQ7kuZRdj0/AAAAAAAAAAI/AAAAAAAAAAA/5Mnr0zV1wUk/s100-c-k-no/photo.jpg">ActivateWindow(10025,&quot;plugin://plugin.video.youtube/playlist/PL152bjytsMC6GTxge816-PC_H5Ai9rYhD/&quot;,return)</favourite>
    <favourite name="Travel Film Archive (See Playlists)" thumb="https://yt3.ggpht.com/-74-csLJDn5M/AAAAAAAAAAI/AAAAAAAAAAA/GBzNH6PB-zs/s100-c-k-no/photo.jpg">ActivateWindow(10025,&quot;plugin://plugin.video.youtube/channel/UCk8pVOnlzByean1RmUJOeCw/&quot;,return)</favourite>
    <favourite name="Planet Doc" thumb="https://yt3.ggpht.com/-jSIGfZAjyTk/AAAAAAAAAAI/AAAAAAAAAAA/dvaLu4krnwI/s100-c-k-no/photo.jpg">ActivateWindow(10025,&quot;plugin://plugin.video.youtube/channel/UCetpfrEDE4AgKEu4vYdwMGQ/&quot;,return)</favourite>
</favourites>
