<favourites>
	<favourite name="Operation Robocop" thumb="special://home/addons\plugin.video.Operation_RobocopUltimate\icon.png">ActivateWindow(10025,&quot;plugin://plugin.video.Operation_RobocopUltimate?sf_options=fanart%3Dspecial%3A%2F%2Fhome%2Faddons%5Cplugin.video.Operation_RobocopUltimate%5Cfanart.jpg%26desc%3DFind+us+at+our+Facebook+Group+https%3A%2F%2Fwww.facebook.com%2Fgroups%2F1551875625033019%2F%26_options_sf&quot;,return)</favourite>
	<favourite name="ProjectCypherTV" thumb="special://home/addons\plugin.video.ProjectCypher\icon.png">ActivateWindow(10025,&quot;plugin://plugin.video.ProjectCypher/?sf_options=desc%3DGeneral+disclaimer%3A+Project+Cypher+takes+no+responsibility+for+the+content+or+reliability+of+the+feeds.+Project+Cypher+%5BB%5DDoes+Not%5B%2FB%5D+host+any+of+the+feeds+or+Streams.+%5BB%5DPLEXUS%5B%2FB%5D+addon+is+required+for+P2P+%28Torrent%29+sports+channels.+Make+sure+it+is+properly+configured+for+your+system.+Most+of+the+Code+from+this+addon+was+taken+from+many+other+addons+but+used+under+the+GNU+GENERAL+PUBLIC+LICENSE+Version+2%2C+June+1991%26_options_sf&quot;,return)</favourite>
	<favourite name="[COLOR darkgreen]Pak Sports[/COLOR]" thumb="http://cdnimg.dynns.com/iptvpanelnew/prog_data/thumbs/2c3279b0b059b2665593834a264d7de6sportsBigTV.jpg">ActivateWindow(10025,&quot;plugin://plugin.video.pakindia/?iconimage=http%3a%2f%2fcdnimg.dynns.com%2fiptvpanelnew%2fprog_data%2fthumbs%2f2c3279b0b059b2665593834a264d7de6sportsBigTV.jpg&amp;mode=1&amp;name=Sports&amp;url=Sports&quot;,return)</favourite>
	<favourite name="CBS Sports" thumb="http://www.wreckedmagazine.com/blog/wp-content/uploads/2015/03/CBSsports.png">ActivateWindow(10025,&quot;plugin://plugin.video.wral/?mode=GBA&amp;url=sports&amp;sf_options=fanart%3Dspecial%3A%2F%2Fhome%2Faddons%5Cplugin.video.wral%5Cfanart.jpg%26_options_sf&quot;,return)</favourite>
	<favourite name="[COLOR black]IPTV Sports[/COLOR]" thumb="DefaultFolder.png">ActivateWindow(10025,&quot;plugin://plugin.video.ZemTV-shani/?mode=46&amp;name=IPTV%20Sports&amp;url=sss&quot;,return)</favourite>
	<favourite name="[COLOR black]Other[/COLOR]" thumb="http://icons.iconarchive.com/icons/joker-design/3d-sports/128/sailing-ship-icon.png">ActivateWindow(10025,&quot;plugin://plugin.program.super.favourites/?folder=Sports/Sports OnDemand/Other&quot;)</favourite>
</favourites>