<favourites>
	<favourite name="Applications" thumb="http://megaicons.net/static/img/icons_title/3/55/title/app-store-icon.png">StartAndroidActivity(,&quot;android.settings.APPLICATION_SETTINGS&quot;)</favourite>
	<favourite name="Date/Time" thumb="http://www.iconsfind.com/wp-content/uploads/2015/10/20151013_561d49d1669f2.png">StartAndroidActivity(,&quot;android.settings.DATE_SETTINGS&quot;)</favourite>
	<favourite name="Wi-Fi" thumb="http://icons.iconarchive.com/icons/thiago-silva/palm/256/Settings-Wi-Fi-icon.png">StartAndroidActivity(,&quot;android.settings.WIFI_SETTINGS&quot;)</favourite>
	<favourite name="Device Info" thumb="http://wpeden.com/wp-content/themes/thenext/images/module-icons/notice.png">StartAndroidActivity(,&quot;android.settings.DEVICE_INFO_SETTINGS&quot;)</favourite>
	<favourite name="All Settings" thumb="https://lh3.ggpht.com/v0Na9wm3dVQlJ6eiGchC8FoUVgnSY4ik0yOLZwyeX1iieMJ_byckvj9yEHp8IpVzCXty=w200">ActivateWindow(10001,&quot;androidsetting://sources/settings/&quot;,return)</favourite>
	<favourite name="" thumb="">PlayMedia(&quot;?sf_options=winID%3D10025%26_options_sf&quot;)</favourite>
	<favourite name="Total Commander" thumb="http://orig01.deviantart.net/0a95/f/2008/126/9/7/glossy_total_commander_icon_by_hungery5.png">PlayMedia(&quot;plugin://plugin.video.water/?description=com.ghisler.android.TotalCommander&amp;mode=12&amp;name=TotalCommander&amp;url=http%3A%2F%2Fghisler.com%2Ftcandroid2.apk&amp;sf_options=winID%3D10025%26_options_sf&quot;)</favourite>
	<favourite name="VPN (Free VPN)" thumb="">PlayMedia(&quot;plugin://plugin.video.water/?mode=12&amp;name=OpenCloud VPN&amp;url=https://appraw.com/dl/aEBSy1g4aG&amp;description=net.bypass.vpn&amp;sf_options=winID%3D10025%26_options_sf&quot;)</favourite>
	<favourite name="XBMCLauncher" thumb="">PlayMedia(&quot;plugin://plugin.video.water/?url=https://archive.org/download/XBMCLauncherV2.5/klaunch&amp;mode=12&amp;name=XBMCLauncher&amp;description=se.blunden.xbmclauncher&amp;sf_options=winID%3D10025%26_options_sf&quot;)</favourite>
</favourites>