<favourites>
	<favourite name="Search TV - Primewire" thumb="art\themes\Classic\search.jpg">PlayMedia(&quot;plugin://plugin.video.1channel/?section=tv&amp;mode=GetSearchQuery&amp;next_mode=Search&amp;sf_options=winID%3D10025%26_options_sf&quot;)</favourite>
	<favourite name="Search TV - Genesis" thumb="http://adigaskell.org/wp-content/uploads/2012/09/channel-surfing-150x150.jpg">ActivateWindow(10025,&quot;plugin://plugin.video.origin2/?action=tvSearch&quot;,return)</favourite>
	<favourite name="Search TV - TeeVee" thumb="special://home/addons\plugin.video.teevee/resources/icons/new/Search.png">ActivateWindow(10025,&quot;plugin://plugin.video.teevee/?foldername=search&amp;mode=search_tv&amp;sf_options=fanart%3Dspecial%3A%2F%2Fhome%2Faddons%5Cplugin.video.teevee%2Fresources%2Ficons%2Fnew%2Ffanart.jpg%26_options_sf&quot;,return)</favourite>
	<favourite name="Search TV - DubStop" thumb="">ActivateWindow(10025,&quot;plugin://plugin.video.dubstop/?mode=10&amp;name=%5bCOLOR%20lightgreen%5dSearch%5b%2fCOLOR%5d&amp;page=0&amp;url=search&quot;,return)</favourite>
	<favourite name="Search TV - SALTS" thumb="special://home/addons\plugin.video.salts\art\themes\Shine\television_search.png">ActivateWindow(10025,&quot;plugin://plugin.video.salts/?mode=search&amp;section=TV&quot;,return)</favourite>
	<favourite name="Search TV - Velocity" thumb="special://home/addons\plugin.video.velocity\resources\art\search.png">ActivateWindow(10025,&quot;plugin://plugin.video.velocity/?media&amp;mode=trakt_search_shows&amp;movie_title&amp;name=Search&amp;thumb=C%3a%5ckodi%5cportable_data%5caddons%5cplugin.video.velocity%5cresources%5cart%5csearch.png&amp;trakt_id&amp;url&quot;,return)</favourite>
</favourites>