<?xml version="1.0" encoding="UTF-8" standalone="yes"?>
<addon id="plugin.video.water" name="[COLOR black].[/COLOR]WaterTV Tools" version="1.1.8j" provider-name="H²0)">
  <requires>
    <import addon="xbmc.python" version="2.1.0"/>
	<import addon="script.module.addon.common" />
  </requires>

    <extension point="xbmc.python.pluginsource" library="default.py">
	<provides>executable</provides>

  </extension>
  <extension point="xbmc.addon.metadata">
    <summary lang="en"></summary>
    <description lang="en"></description>
    <platform>all</platform>
  </extension>
</addon>
