<favourites>
	<favourite name="Cable" thumb="http://magicdroidtv.com/wp-content/uploads/2013/10/more_channels_free_-tv_Streaming-TV_cable-TV.png">RunScript(&quot;script.tvguidetecbox.cable&quot;,return)</favourite>
	<favourite name="Movies" thumb="http://www.corusent.com/wp-content/uploads/2015/07/logos_tv_paytv_moviecentral.png">RunScript(&quot;script.tvguidetecbox.movies&quot;)</favourite>
	<favourite name="News" thumb="http://www.tunisvista.com/journaux/journaux-online.gif">RunScript(&quot;script.tvguidetecbox.news&quot;)</favourite>
	<favourite name="Sports" thumb="http://googledrive.com/host/0B-bY5h-uWEgZQVJQZ0lzUTdBeFE/icons/sports/sports1.png">RunScript(&quot;script.tvguidetecbox.sports&quot;)</favourite>
	<favourite name="Kids" thumb="http://a5.mzstatic.com/us/r30/Purple/v4/ef/00/66/ef0066b8-ddce-b486-39f7-916baa7d1c1c/icon175x175.png">RunScript(&quot;script.tvguidetecbox.kids&quot;)</favourite>
	<favourite name="" thumb="">PlayMedia(&quot;plugin://plugin.video.none?sf_options=winID%3D10025%26_options_sf&quot;)</favourite>
	<favourite name="UK Channels" thumb="">RunScript(&quot;script.tvguidetecbox.uk&quot;)</favourite>
	<favourite name="Backup Channels" thumb="">ActivateWindow(10025,&quot;plugin://plugin.video.uktvnow/&quot;,return)</favourite>
</favourites>