<favourites>
	<favourite name="fullmatchtv.com" thumb="special://home/addons\plugin.video.castaway\resources/media/fullmatchtv.png">ActivateWindow(10025,&quot;plugin://plugin.video.castaway/?category=football&amp;mode=open_demand_sport&amp;site=fullmatchtv&amp;sf_options=fanart%3Dspecial%3A%2F%2Fhome%2Faddons%5Cplugin.video.castaway%2Ffanart.jpg%26_options_sf&quot;,return)</favourite>
	<favourite name="Footballtarget.com (full matches)" thumb="special://home/addons\plugin.video.castaway\resources/media/footballtarget.png">ActivateWindow(10025,&quot;plugin://plugin.video.castaway/?category=football&amp;mode=open_demand_sport&amp;site=footballtarget&amp;sf_options=fanart%3Dspecial%3A%2F%2Fhome%2Faddons%5Cplugin.video.castaway%2Ffanart.jpg%26_options_sf&quot;,return)</favourite>
	<favourite name="zizo.entejsites.com (full matches &amp; highlights)" thumb="special://home/addons\plugin.video.castaway/resources/media/zizo.jpg">ActivateWindow(10025,&quot;plugin://plugin.video.castaway/?category=football&amp;mode=open_demand_sport&amp;site=zizo&amp;sf_options=fanart%3Dspecial%3A%2F%2Fhome%2Faddons%5Cplugin.video.castaway%2Ffanart.jpg%26_options_sf&quot;,return)</favourite>
	<favourite name="Full Matches" thumb="DefaultFolder.png">ActivateWindow(10025,&quot;plugin://plugin.video.footballreplays/?iconimage&amp;mode=3&amp;name=Full%20Matches&amp;page=1&amp;url=url&quot;,return)</favourite>
	<favourite name="Games" thumb="special://home/addons\plugin.video.football.today\resources/art/videos_games.png">ActivateWindow(10025,&quot;plugin://plugin.video.football.today/?action=videos_games&amp;sf_options=fanart%3Dspecial%3A%2F%2Fhome%2Faddons%5Cplugin.video.football.today%5Cfanart.jpg%26desc%3DFootball+on+demand%26_options_sf&quot;,return)</favourite>
</favourites>