<videoscreensaver>
	<collection>Snow</collection>
	<encoded>true</encoded>
	<video>
		<name>Snow 1 - [1.3GB] - 720p</name>
		<filename>Snow001-720p.mp4</filename>
		<image>http://kodi.wiki/images/c/c3/VideoScreensaver-Snow001.JPG</image>
		<duration>3600</duration>
		<primary>aHR0cDovL2tvZGkuemlnZ3k3MzcwMS5zZWVkci5pby9WaWRlb1NjcmVlbnNhdmVyL1Nub3cwMDEtNzIwcC5tcDQ=</primary>
	</video>
	<video>
		<name>Snow 2 - [677MB] - 1080p</name>
		<filename>Snow002-1080p.mp4</filename>
		<image>http://kodi.wiki/images/d/d6/VideoScreensaver-Snow002.JPG</image>
		<duration>1370</duration>
		<primary>aHR0cDovL2tvZGkuemlnZ3k3MzcwMS5zZWVkci5pby9WaWRlb1NjcmVlbnNhdmVyL1Nub3cwMDItMTA4MHAubXA0</primary>
	</video>
	<video>
		<name>Snow 3 - [1.2GB] - 720p</name>
		<filename>Snow003-720p.mp4</filename>
		<image>http://kodi.wiki/images/0/02/VideoScreensaver-Snow003.JPG</image>
		<duration>3600</duration>
		<primary>aHR0cDovL2tvZGkuemlnZ3k3MzcwMS5zZWVkci5pby9WaWRlb1NjcmVlbnNhdmVyL1Nub3cwMDMtNzIwcC5tcDQ=</primary>
	</video>
	<video>
		<name>Snow 4 - [1.5GB] - 720p</name>
		<filename>Snow004-720p.mp4</filename>
		<image>http://kodi.wiki/images/a/ac/VideoScreensaver-Snow004.JPG</image>
		<duration>7710</duration>
		<primary>aHR0cDovL2tvZGkuemlnZ3k3MzcwMS5zZWVkci5pby9WaWRlb1NjcmVlbnNhdmVyL1Nub3cwMDQtNzIwcC5tcDQ=</primary>
	</video>
</videoscreensaver>
