<videoscreensaver>
	<collection>Space</collection>
	<encoded>true</encoded>
	<video>
		<name>Space 1 - [970MB] - 720p</name>
		<filename>Space001-720p.mp4</filename>
		<image>http://kodi.wiki/images/c/c9/VideoScreensaver-Space001.PNG</image>
		<duration>5692</duration>
		<primary>aHR0cDovL2tvZGkuemlnZ3k3MzcwMS5zZWVkci5pby9WaWRlb1NjcmVlbnNhdmVyL1NwYWNlMDAxLTcyMHAubXA0</primary>
	</video>
	<video>
		<name>Space 2 - [563MB] - 1080p</name>
		<filename>Space002-1080p.mp4</filename>
		<image>http://kodi.wiki/images/7/72/VideoScreensaver-Space002.JPG</image>
		<duration>1845</duration>
		<primary>aHR0cDovL2tvZGkuemlnZ3k3MzcwMS5zZWVkci5pby9WaWRlb1NjcmVlbnNhdmVyL1NwYWNlMDAyLTEwODBwLm1wNA==</primary>
	</video>
	<video>
		<name>Space 3 - [2.2GB] - 720p</name>
		<filename>Space003-720p.mp4</filename>
		<image>http://kodi.wiki/images/7/72/VideoScreensaver-Space003.png</image>
		<duration>3765</duration>
		<primary>aHR0cDovL2tvZGkuemlnZ3k3MzcwMS5zZWVkci5pby9WaWRlb1NjcmVlbnNhdmVyL1NwYWNlMDAzLTcyMHAubXA0</primary>
	</video>
	<video>
		<name>Space 4 - [1.2GB] - 720p</name>
		<filename>Space004-720p.mp4</filename>
		<image>http://kodi.wiki/images/a/af/VideoScreensaver-Space004.PNG</image>
		<duration>7234</duration>
		<primary>aHR0cDovL2tvZGkuemlnZ3k3MzcwMS5zZWVkci5pby9WaWRlb1NjcmVlbnNhdmVyL1NwYWNlMDA0LTcyMHAubXA0</primary>
	</video>
</videoscreensaver>
