<favourites>
	<favourite name="UKTurk - Docs" thumb="http://metalkettle.co/UKTurk2/thumbs/UK%20TURK%20documentaries.jpg">ActivateWindow(10025,&quot;plugin://plugin.video.ukturk/?description&amp;iconimage=http%3a%2f%2fmetalkettle.co%2fUKTurk2%2fthumbs%2fUK%2520TURK%2520documentaries.jpg&amp;mode=1&amp;name=Documentaries&amp;url=http%3a%2f%2fmetalkettle.co%2fUKTurk2%2fdocs%2fIndex.txt&amp;sf_options=fanart%3Dspecial%3A%2F%2Fhome%2Faddons%5Cplugin.video.ukturk%5Cfanart.jpg%26_options_sf&quot;,return)</favourite>
	<favourite name="StreamEngine - Docs" thumb="http://i1295.photobucket.com/albums/b636/beatbox8501/docs_zpsf8chkhac.png">ActivateWindow(10025,&quot;plugin://plugin.video.streamengine/?date&amp;description&amp;iconimage=http%3a%2f%2fi1295.photobucket.com%2falbums%2fb636%2fbeatbox8501%2fdocs_zpsf8chkhac.png&amp;mode=1&amp;name=%5bB%5d%5bCOLOR%20white%5dDOCUMENTARIES%5b%2fCOLOR%5d%5b%2fB%5d&amp;page&amp;play&amp;url=https%3a%2f%2fpastebin.com%2fraw.php%3fi%3d8MEeYLBY&amp;sf_options=fanart%3Dhttp%3A%2F%2Fi1295.photobucket.com%2Falbums%2Fb636%2Fbeatbox8501%2Ffanart_zpsv4c4ccdq.jpg%26_options_sf&quot;,return)</favourite>
	<favourite name="TestTube" thumb="http://googledrive.com/host/0B-bY5h-uWEgZQVJQZ0lzUTdBeFE/icons/apps/testtube.png">ActivateWindow(10025,&quot;plugin://plugin.video.testtube/?sf_options=fanart%3Dspecial%3A%2F%2Fhome%2Faddons%5Cplugin.video.testtube%5Cfanart.jpg%26_options_sf&quot;,return)</favourite>
	<favourite name="The Heritage Channel" thumb="special://home/addons\plugin.video.heritagechannel\icon.png">ActivateWindow(10025,&quot;plugin://plugin.video.heritagechannel?sf_options=fanart%3Dspecial%3A%2F%2Fhome%2Faddons%5Cplugin.video.heritagechannel%5Cfanart.jpg%26desc%3DVideos+from+cultural%2C+natural%2C+scientific%2C+academic%2C+technical+and+other+heritage+organisations+from+across+the+world.%5BCR%5D%5BCR%5D70+channels+for+v1.0.2.%5BCR%5D%5BCR%5DThis+addon+depends+upon+the+Youtube+addon+by+Bromix+%28http%3A%2F%2Fkodi.wiki%2Fview%2FAdd-on%3AYouTube%29%2C+so+install+that+as+well.%26_options_sf&quot;,return)</favourite>
	<favourite name="IMAX" thumb="http://s18.postimg.org/opsed7455/Imax3d1.jpg">ActivateWindow(10025,&quot;plugin://plugin.video.phstreams/?action=ndmode&amp;audio=0&amp;content=0&amp;fanart=http%3a%2f%2fs9.postimg.org%2fgbr27aken%2fcool4.jpg&amp;image=http%3a%2f%2fs18.postimg.org%2fopsed7455%2fImax3d1.jpg&amp;name=IMAX&amp;playable=false&amp;tvshow=0&amp;url=http%3a%2f%2fgibraltar.watchkodi.com%2fCollections%2fimax.xml&quot;,return)</favourite>
	<favourite name="Top Documentaries Films" thumb="http://2.bp.blogspot.com/-7ec9wQ89wlE/Uk_koa-27dI/AAAAAAAAAqA/JpCz8m6WQc4/s200/topdocumentaryfilms+logo.png">ActivateWindow(10025,&quot;plugin://plugin.video.DecadoDocs?sf_options=fanart%3Dspecial%3A%2F%2Fhome%2Faddons%5Cplugin.video.DecadoDocs%5Cfanart.jpg%26_options_sf&quot;,return)</favourite>
	<favourite name="PBS ThinkTV" thumb="special://home/addons\plugin.video.thinktv\icon.png">ActivateWindow(10025,&quot;plugin://plugin.video.thinktv/?sf_options=desc%3DPBS+ThinkTV%26_options_sf&quot;,return)</favourite>
	<favourite name="Latest Documentaries" thumb="http://s28.postimg.org/op4gqc0ot/Documentaries.jpg">ActivateWindow(10025,&quot;plugin://plugin.video.phstreams/?audio=0&amp;content=0&amp;fanart=http%3a%2f%2fwww.mariachimexteca.com%2fwp-content%2fuploads%2f2014%2f10%2fone-show-small.jpg&amp;image=http%3a%2f%2fs28.postimg.org%2fop4gqc0ot%2fDocumentaries.jpg&amp;action=ndmode&amp;name=Documentaries&amp;playable=false&amp;url=http%3a%2f%2fgibraltar.watchkodi.com%2fMisc%2fdocs.xml&amp;sf_options=fanart%3Dhttp%3A%2F%2Fwww.mariachimexteca.com%2Fwp-content%2Fuploads%2F2014%2F10%2Fone-show-small.jpg%26desc%3DDiscover+Great+Streaming+Playlists%21%26_options_sf&quot;,return)</favourite>
</favourites>