<favourites>
	<favourite name="[COLOR blue]123Movies[/COLOR] *" thumb="special://home/addons\plugin.video.md123movies\icon.png">ActivateWindow(10025,&quot;plugin://plugin.video.md123movies/?description&amp;iconimage=C%3a%5ckodi%5cportable_data%5caddons%5cplugin.video.md123movies%5cicon.png&amp;mode=1&amp;name=%5bB%5d%5bCOLOR%20white%5dLatest%5b%2fCOLOR%5d%5b%2fB%5d&amp;url=http%3a%2f%2f123movies.to%2f%2fmovie%2ffilter%2fall%2flatest%2fall%2fall%2fall&amp;sf_options=fanart%3Dspecial%3A%2F%2Fhome%2Faddons%5Cplugin.video.md123movies%5Cfanart.jpg%26_options_sf&quot;,return)</favourite>
	<favourite name="[COLOR blue]HuluBox[/COLOR] *" thumb="special://home/addons\plugin.video.hulubox\icon.png">10025_:_10025_:_10025_:_10025_:_10025_:_10025_:_10025_:_ActivateWindow(10025,&quot;plugin://plugin.video.hulubox/?description&amp;iconimage=C%3a%5ckodi%5cportable_data%5caddons%5cplugin.video.hulubox%5cicon.png&amp;mode=1&amp;name=Recently%20Added&amp;url=http%3a%2f%2fwww.hulubox.com%2fcategory%2fall%2f&amp;sf_options=fanart%3Dspecial%3A%2F%2Fhome%2Faddons%5Cplugin.video.hulubox%5Cfanart.jpg%26_options_sf&quot;,return)</favourite>
	<favourite name="PubFilm *" thumb="special://home/addons\plugin.video.mdpubfilm\icon.png">ActivateWindow(10025,&quot;plugin://plugin.video.mdpubfilm/?description&amp;iconimage=C%3a%5ckodi%5cportable_data%5caddons%5cplugin.video.mdpubfilm%5cicon.png&amp;mode=1&amp;name=%5bB%5d%5bCOLOR%20white%5dMovies%5b%2fCOLOR%5d%5b%2fB%5d&amp;url=http%3a%2f%2fpubfilm.com%2ftag%2fmovies&amp;sf_options=fanart%3Dspecial%3A%2F%2Fhome%2Faddons%5Cplugin.video.mdpubfilm%5Cfanart.jpg%26_options_sf&quot;,return)</favourite>
	<favourite name="Hot Movies" thumb="http://www.fonixfutoklub.hu/images/img0024.png">ActivateWindow(10025,&quot;plugin://plugin.video.phstreams/?action=directory&amp;url=http%3a%2f%2fvalhalla.offshorepastebin.com%2fHot.xml&quot;,return)</favourite>
	<favourite name="" thumb="">10025_:_10025_:_10025_:_10025_:_10025_:_10025_:_10025_:_PlayMedia(&quot;plugin://plugin.video.none?sf_options=winID%3D10025%26_options_sf&quot;,return)</favourite>
	<favourite name="[COLOR black]TESTING[/COLOR]" thumb="special://home/addons\plugin.video.salts\art\themes\Shine\trending.png">ActivateWindow(10025,&quot;plugin://plugin.program.super.favourites/?label=[COLOR black]TESTING[/COLOR]&amp;mode=400&amp;path=special%3A%2F%2Fhome%2Faddons%2Fscript.supafav%2FSuper%20Favourites%2FMovies%2FRecently%20Added%2FMore%5CTESTING&amp;sf_options=fanart%3Dspecial%3A%2F%2Fhome%2Faddons%5Cplugin.video.salts%5Cfanart.jpg%26_options_sf&quot;)</favourite>
	<favourite name="[COLOR yellow]New Releases[/COLOR]" thumb="http://s3.postimg.org/58uxtll6r/New_Releases.jpg">ActivateWindow(10025,&quot;plugin://plugin.video.phstreams/?action=directory&amp;audio=0&amp;content=0&amp;fanart=http%3a%2f%2fimg1.goodfon.su%2foriginal%2f1920x1080%2f7%2f52%2fking-queen-crown-poker.jpg&amp;image=http%3a%2f%2fs3.postimg.org%2f58uxtll6r%2fNew_Releases.jpg&amp;name=%5bCOLOR%20yellow%5dNew%20Releases%5b%2fCOLOR%5d&amp;tvshow=0&amp;url=http%3a%2f%2fgibraltar.watchkodi.com%2fMovies%2fLatestRelease.xml&amp;sf_options=fanart%3Dhttp%3A%2F%2Fimg1.goodfon.su%2Foriginal%2F1920x1080%2F7%2F52%2Fking-queen-crown-poker.jpg%26desc%3DDiscover+Great+Streaming+Playlists%21%26_options_sf&quot;,return)</favourite>
	<favourite name="HD Releases *click movie 3 times" thumb="">ActivateWindow(10025,&quot;plugin://plugin.video.VidTime/?mode=MOVIES&quot;,return)</favourite>
</favourites>