<favourites>
	<favourite name="Genesis TV" thumb="special://home\addons\plugin.video.genesis\resources/art/4orbs/root_shows.jpg">ActivateWindow(10025,&quot;plugin://plugin.video.genesis/?action=tvSearch&amp;query=[%SF%]&amp;sf_options=fanart%3Dspecial%3A%2F%2Fhome%2Faddons%5Cplugin.video.genesis%5Cfanart.jpg%26_options_sf&quot;)</favourite>
	<favourite name="Genesis Movies" thumb="special://home\addons\plugin.video.genesis\resources/art/4orbs/root_movies.jpg">ActivateWindow(10025,&quot;plugin://plugin.video.genesis/?action=movieSearch&amp;query=[%SF%]&amp;sf_options=fanart%3Dspecial%3A%2F%2Fhome%2Faddons%5Cplugin.video.genesis%5Cfanart.jpg%26_options_sf&quot;)</favourite>
	<favourite name="Genesis Movies (by Actor)" thumb="special://home\addons\plugin.video.genesis\resources/art/4orbs/actors_movies.jpg">ActivateWindow(10025,&quot;plugin://plugin.video.genesis/?action=moviePerson&amp;query=[%SF%]&amp;sf_options=fanart%3Dspecial%3A%2F%2Fhome%2Faddons%5Cplugin.video.genesis%5Cfanart.jpg%26_options_sf&quot;)</favourite>
	<favourite name="Genesis TV (by Actor)" thumb="special://home\addons\plugin.video.genesis\resources/art/4orbs/actors_shows.jpg">ActivateWindow(10025,&quot;plugin://plugin.video.genesis/?action=tvPerson&amp;query=[%SF%]&amp;sf_options=fanart%3Dspecial%3A%2F%2Fhome%2Faddons%5Cplugin.video.genesis%5Cfanart.jpg%26_options_sf&quot;)</favourite>
	<favourite name="Global Search" thumb="special://home\addons\script.globalsearch\icon.png">RunScript(&quot;script.globalsearch&quot;,searchstring:[%SF%])?sf_options=fanart%3Dspecial%3A%2F%2Fhome%2Faddons%5Cscript.globalsearch%5Cfanart.jpg%26_options_sf&quot;)</favourite>
	<favourite name="YouTube 4.x.x" thumb="special://home\addons\plugin.video.youtube\icon.png">ActivateWindow(10025,&quot;plugin://plugin.video.youtube/?feed=search&amp;path=%2froot%2fsearch&amp;search=[%SF%]&quot;)</favourite>
	<favourite name="YouTube 5.x.x" thumb="special://home\addons\plugin.video.youtube\icon.png">ActivateWindow(10025,&quot;plugin://plugin.video.youtube/kodion/search/query/?q=[%SF%]&amp;sf_options=fanart%3Dspecial%3A%2F%2Fhome%2Faddons%5Cplugin.video.youtube%5Cfanart.jpg%26_options_sf&quot;)</favourite>
	<favourite name="iPlayer" thumb="special://home\addons\plugin.video.iplayer\resources\media\search.png">ActivateWindow(10025,&quot;plugin://plugin.video.iplayer/?label=[%SF%]&amp;listing=search&amp;tvradio=tv&quot;)</favourite>
	<favourite name="iPlayer" thumb="special://home\addons\plugin.video.bbciplayer\icon.png">ActivateWindow(10025,&quot;plugin://plugin.video.bbciplayer/?IPID&amp;description&amp;iconimage&amp;mode=9&amp;name=Search&amp;url=[%SF%]&amp;sf_options=fanart%3Dhttp%3A%2F%2Fultimategamingparadise.com%2Fwp-content%2Fuploads%2F2014%2F01%2Fbbc_iplayer.jpg%26desc%3DBBC+iPlayer+tv+and+live+tv%26_options_sf&quot;)</favourite>
	<favourite name="iPlayer WWW" thumb="special://home/addons\plugin.video.iplayerwww\icon.png">ActivateWindow(10025,&quot;plugin://plugin.video.iplayerwww/?mode=104&amp;url=url&amp;keyword=[%SF%]&amp;sf_options=fanart%3Dspecial%3A%2F%2Fhome%2Faddons%5Cplugin.video.iplayerwww%5Cfanart.jpg%26_options_sf&quot;,return)</favourite>
	<favourite name="Icefilms" thumb="special://home\addons\plugin.video.icefilms\resources\art\search.png">ActivateWindow(10025,&quot;plugin://plugin.video.icefilms/?mode=5555&amp;name=Search&amp;url=http%3a%2f%2fwww.icefilms.info%2f&amp;nextPage=0&amp;search=[%SF%]&amp;sf_options=fanart%3Dspecial%3A%2F%2Fhome%2Faddons%5Cplugin.video.icefilms%5Cfanart.jpg%26_options_sf&quot;)</favourite>
	<favourite name="1Channel Movies" thumb="special://home\addons\plugin.video.1channel\art\themes\Glossy_Black\search.png">ActivateWindow(10025,&quot;plugin://plugin.video.1channel/?mode=Search&amp;section=movies&amp;query=[%SF%]&amp;sf_options=fanart%3Dspecial%3A%2F%2Fhome%2Faddons%5Cplugin.video.1channel%5Cfanart.jpg%26_options_sf&quot;)</favourite>
	<favourite name="1Channel TV" thumb="special://home\addons\plugin.video.1channel\art\themes\Glossy_Black\search.png">ActivateWindow(10025,&quot;plugin://plugin.video.1channel/?mode=Search&amp;section=tv&amp;query=[%SF%]&amp;sf_options=fanart%3Dspecial%3A%2F%2Fhome%2Faddons%5Cplugin.video.1channel%5Cfanart.jpg%26_options_sf&quot;)</favourite>
	<favourite name="XBMCtorrent" thumb="special://home\addons\plugin.video.xbmctorrent\icon.png">ActivateWindow(10025,&quot;plugin://plugin.video.xbmctorrent/tpb/search?query=[%SF%]&amp;sf_options=fanart%3Dspecial%3A%2F%2Fhome%2Faddons%5Cplugin.video.xbmctorrent%5Cfanart.jpg%26_options_sf&quot;)</favourite>
	<favourite name="MP3 Artists" thumb="http://kinkin-xbmc-repository.googlecode.com/svn/trunk/zips/plugin.audio.mp3streams/art/searchartists.jpg">ActivateWindow(10502,&quot;plugin://plugin.audio.mp3streams/?mode=27&amp;name=[%SF%]&amp;url=url&amp;sf_options=fanart%3Dspecial%3A%2F%2Fhome%2Faddons%5Cplugin.audio.mp3streams%5Cfanart.jpg%26_options_sf&quot;)</favourite>
	<favourite name="MP3 Albums" thumb="http://kinkin-xbmc-repository.googlecode.com/svn/trunk/zips/plugin.audio.mp3streams/art/searchalbums.jpg">ActivateWindow(10502,&quot;plugin://plugin.audio.mp3streams/?mode=25&amp;name=[%SF%]&amp;url=url&amp;sf_options=fanart%3Dspecial%3A%2F%2Fhome%2Faddons%5Cplugin.audio.mp3streams%5Cfanart.jpg%26_options_sf&quot;)</favourite>
	<favourite name="MP3 Songs" thumb="http://kinkin-xbmc-repository.googlecode.com/svn/trunk/zips/plugin.audio.mp3streams/art/searchsongs.jpg">ActivateWindow(10502,&quot;plugin://plugin.audio.mp3streams/?mode=26&amp;name=[%SF%]&amp;url=url&amp;sf_options=fanart%3Dspecial%3A%2F%2Fhome%2Faddons%5Cplugin.audio.mp3streams%5Cfanart.jpg%26_options_sf&quot;)</favourite>
	<favourite name="Bin@ural Artist" thumb="http://kinkin-xbmc-repository.googlecode.com/svn/trunk/zips/plugin.audio.binaural/art/search.png">ActivateWindow(10501,&quot;plugin://plugin.audio.binaural/?artist&amp;iconimage=http%3a%2f%2fkinkin-xbmc-repository.googlecode.com%2fsvn%2ftrunk%2fzips%2fplugin.audio.binaural%2fart%2fsearch.png&amp;mode=27&amp;name=[%SF%]&amp;url=url&amp;sf_options=fanart%3Dspecial%3A%2F%2Fhome%2Faddons%5Cplugin.audio.binaural%5Cfanart.jpg%26_options_sf&quot;)</favourite>
	<favourite name="Bin@ural Album" thumb="http://kinkin-xbmc-repository.googlecode.com/svn/trunk/zips/plugin.audio.binaural/art/search.png">ActivateWindow(10501,&quot;plugin://plugin.audio.binaural/?artist&amp;iconimage=http%3a%2f%2fkinkin-xbmc-repository.googlecode.com%2fsvn%2ftrunk%2fzips%2fplugin.audio.binaural%2fart%2fsearch.png&amp;mode=25&amp;name=[%SF%]&amp;url=url&amp;sf_options=fanart%3Dspecial%3A%2F%2Fhome%2Faddons%5Cplugin.audio.binaural%5Cfanart.jpg%26_options_sf&quot;)</favourite>
	<favourite name="Bin@ural Song" thumb="http://kinkin-xbmc-repository.googlecode.com/svn/trunk/zips/plugin.audio.binaural/art/search.png">ActivateWindow(10501,&quot;plugin://plugin.audio.binaural/?artist&amp;iconimage=http%3a%2f%2fkinkin-xbmc-repository.googlecode.com%2fsvn%2ftrunk%2fzips%2fplugin.audio.binaural%2fart%2fsearch.png&amp;mode=26&amp;name=[%SF%]&amp;artist=1&amp;url=url&amp;sf_options=fanart%3Dspecial%3A%2F%2Fhome%2Faddons%5Cplugin.audio.binaural%5Cfanart.jpg%26_options_sf&quot;)</favourite>
	<favourite name="Funnier Moments" thumb="special://home/addons\plugin.video.funniermoments\resources\artwork\search.png">ActivateWindow(10025,&quot;plugin://plugin.video.funniermoments/?image=C%3a%5cDocuments%20and%20Settings%5cSeanP%5cApplication%20Data%5cXBMC%5caddons%5cplugin.video.funniermoments%5cresources%5cartwork%5csearch.png&amp;mode=800&amp;page=1&amp;title=Search%20Moments&amp;keyword=[%SF%]&quot;)</favourite>
	<favourite name="Super Cartoons" thumb="special://home/addons\plugin.video.supercartoons\resources\artwork\search.png">ActivateWindow(10025,&quot;plugin://plugin.video.supercartoons/?image=C%3a%5cDocuments%20and%20Settings%5cSeanP%5cApplication%20Data%5cXBMC%5caddons%5cplugin.video.supercartoons%5cresources%5cartwork%5csearch.png&amp;mode=1100&amp;page=1&amp;title=Search&amp;keyword=[%SF%]&quot;)</favourite>
	<favourite name="PFTV Search All" thumb="special://home/addons\plugin.video.projectfreetv/icons/Search.png">ActivateWindow(10025,&quot;plugin://plugin.video.projectfreetv/?mode=search&amp;section=all&amp;name=[%SF%]&amp;sf_options=fanart%3Dspecial%3A%2F%2Fhome%2Faddons%5Cplugin.video.projectfreetv%5Cfanart.jpg%26_options_sf&quot;,return)</favourite>
	<favourite name="PFTV Movies" thumb="special://home/addons\plugin.video.projectfreetv/icons/Search.png">ActivateWindow(10025,&quot;plugin://plugin.video.projectfreetv/?mode=search&amp;section=movies&amp;name=[%SF%]&amp;sf_options=fanart%3Dspecial%3A%2F%2Fhome%2Faddons%5Cplugin.video.projectfreetv%5Cfanart.jpg%26_options_sf&quot;,return)</favourite>
	<favourite name="PFTV TV Shows" thumb="special://home/addons\plugin.video.projectfreetv/icons/Search.png">ActivateWindow(10025,&quot;plugin://plugin.video.projectfreetv/?mode=search&amp;section=shows&amp;name=[%SF%]&amp;sf_options=fanart%3Dspecial%3A%2F%2Fhome%2Faddons%5Cplugin.video.projectfreetv%5Cfanart.jpg%26_options_sf&quot;,return)</favourite>
	<favourite name="SALTS Movies" thumb="special://home/addons\plugin.video.salts\art\themes\Iconic\movies_search.png">ActivateWindow(10025,&quot;plugin://plugin.video.salts/?query=[%SF%]&amp;section=Movies&amp;mode=search_results&amp;sf_options=fanart%3Dspecial%3A%2F%2Fhome%2Faddons%5Cplugin.video.salts%5Cart%5Cthemes%5CIconic%5Cfanart.jpg%26_options_sf&quot;,return)</favourite>
	<favourite name="SALTS TV Shows" thumb="special://home/addons\plugin.video.salts\art\themes\Iconic\television_search.png">ActivateWindow(10025,&quot;plugin://plugin.video.salts/?query=[%SF%]&amp;section=TV&amp;mode=search_results&amp;sf_options=fanart%3Dspecial%3A%2F%2Fhome%2Faddons%5Cplugin.video.salts%5Cart%5Cthemes%5CIconic%5Cfanart.jpg%26_options_sf&quot;,return)</favourite>
	<favourite name="Google Images" thumb="special://home/addons\plugin.image.google\icon.png">	ActivateWindow(10025,&quot;plugin://plugin.image.google/?mode=103&amp;name=Search%20icon&amp;page=1&amp;url=q%3d[%SF+%]&quot;,return)</favourite>
	<favourite name="Google Images (Wallpaper)" thumb="special://home/addons\plugin.image.google\icon.png">	ActivateWindow(10025,&quot;plugin://plugin.image.google/?mode=103&amp;page=1&amp;name=Search%20icon&amp;url=q%3d[%SF+%]%2bWallpaper&quot;,return)</favourite>
	<favourite name="Pulsar TV Shows" thumb="special://home/addons/plugin.video.pulsar/icon.png">ActivateWindow(10025,&quot;plugin://plugin.video.pulsar/shows/search?q=[%SF%]&amp;sf_options=fanart%3Dspecial%3A%2F%2Fhome%2Faddons%5Cplugin.video.pulsar%5Cfanart.jpg%26_options_sf&quot;,return)</favourite>
	<favourite name="Pulsar Movies" thumb="special://home/addons/plugin.video.pulsar/icon.png">ActivateWindow(10025,&quot;plugin://plugin.video.pulsar/movies/search?q=[%SF%]&amp;sf_options=fanart%3Dspecial%3A%2F%2Fhome%2Faddons%5Cplugin.video.pulsar%5Cfanart.jpg%26_options_sf&quot;,return)</favourite>
	<favourite name="Origin2 TV" thumb="special://home\addons\plugin.video.origin2\resources/art/4orbs/root_shows.jpg">ActivateWindow(10025,&quot;plugin://plugin.video.origin2/?action=tvSearch&amp;query=[%SF%]&amp;sf_options=fanart%3Dspecial%3A%2F%2Fhome%2Faddons%5Cplugin.video.origin2%5Cfanart.jpg%26_options_sf&quot;)</favourite>
	<favourite name="Origin2 Movies" thumb="special://home\addons\plugin.video.origin2\resources/art/4orbs/root_movies.jpg">ActivateWindow(10025,&quot;plugin://plugin.video.origin2/?action=movieSearch&amp;query=[%SF%]&amp;sf_options=fanart%3Dspecial%3A%2F%2Fhome%2Faddons%5Cplugin.video.origin2%5Cfanart.jpg%26_options_sf&quot;)</favourite>
	<favourite name="Origin2 Movies (by Actor)" thumb="special://home\addons\plugin.video.origin2\resources/art/4orbs/actors_movies.jpg">ActivateWindow(10025,&quot;plugin://plugin.video.origin2/?action=moviePerson&amp;query=[%SF%]&amp;sf_options=fanart%3Dspecial%3A%2F%2Fhome%2Faddons%5Cplugin.video.origin2%5Cfanart.jpg%26_options_sf&quot;)</favourite>
	<favourite name="Origin2 TV (by Actor)" thumb="special://home\addons\plugin.video.origin2\resources/art/4orbs/actors_shows.jpg">ActivateWindow(10025,&quot;plugin://plugin.video.origin2/?action=tvPerson&amp;query=[%SF%]&amp;sf_options=fanart%3Dspecial%3A%2F%2Fhome%2Faddons%5Cplugin.video.origin2%5Cfanart.jpg%26_options_sf&quot;)</favourite>
</favourites>