<favourites>
	<favourite name="LiveTV" thumb="">ActivateWindow(10025,&quot;plugin://plugin.video.playlistLoader/?iconimage&amp;index=0&amp;logos&amp;mode=2&amp;move=0&amp;name=PasteBin&amp;url=http%3a%2f%2ftiny.cc%2fwaterm3u&quot;,return)</favourite>
	<favourite name="FreeView" thumb="https://static-s.aa-cdn.net/img/ios/353765787/c64e0bf25cda40f52e362b04c5ce46f6?v=1">ActivateWindow(10025,&quot;plugin://plugin.video.israelive/?description&amp;displayname=Favourites&amp;iconimage=http%3a%2f%2fcdn3.tnwcdn.com%2ffiles%2f2010%2f07%2fbright_yellow_star.png&amp;mode=16&amp;name=%5bCOLOR%20green%5d%5bB%5d%5bFavourites%5d%5b%2fB%5d%5b%2fCOLOR%5d&amp;url=favorites&amp;sf_options=fanart%3Dhttp%3A%2F%2F3.bp.blogspot.com%2F-vVfHI8TbKA4%2FUBAbrrZay0I%2FAAAAAAAABRM%2FdPFgXAnF8Sg%2Fs1600%2Fretro-tv-icon.jpg%26_options_sf&quot;,return)</favourite>
	<favourite name="News" thumb="http://www.free-icons-download.net/images/news-icon-44475.png">ActivateWindow(10025,&quot;plugin://plugin.program.super.favourites/?sf_options=&amp;mode=400&amp;path=special%3A%2F%2Fhome%2Faddons%2Fscript.supafav%2FSuper%20Favourites/News&amp;sf_options=&quot;,return)</favourite>
	<favourite name="Sports" thumb="http://static.wixstatic.com/media/1e6f36_bdd4b482e4e34d62a44d06c2722faa2d.png_256">ActivateWindow(10025,&quot;plugin://plugin.program.super.favourites/?sf_options=&amp;mode=400&amp;path=special%3A%2F%2Fhome%2Faddons%2Fscript.supafav%2FSuper%20Favourites/Sports&amp;sf_options=&quot;,return)</favourite>
	<favourite name="Shows" thumb="http://1.bp.blogspot.com/-a3_p2hxL8ys/VUPAu2ScZ-I/AAAAAAAABOs/y-VVLbob0lY/s1600/unnamed.png">ActivateWindow(10025,&quot;plugin://plugin.program.super.favourites/?sf_options=&amp;mode=400&amp;path=special%3A%2F%2Fhome%2Faddons%2Fscript.supafav%2FSuper%20Favourites/LiveTV/Shows&amp;sf_options=&quot;,return)</favourite>
	<favourite name="Foregin" thumb="https://norahcolvin.files.wordpress.com/2013/10/anonymous_globe_of_flags_1.png">ActivateWindow(10025,&quot;plugin://plugin.program.super.favourites/?sf_options=&amp;mode=400&amp;path=special%3A%2F%2Fhome%2Faddons%2Fscript.supafav%2FSuper%20Favourites/Livetv/Foregin&amp;sf_options=&quot;,return)</favourite>
	<favourite name="[COLOR black]TESTING[/COLOR]" thumb="">ActivateWindow(10025,&quot;plugin://plugin.program.super.favourites/?label=TESTING&amp;mode=400&amp;folder=liveTV%2FTESTING&amp;sf_options=fanart%3DNULL%26_options_sf&quot;)</favourite>
</favourites>