<favourites>
	<favourite name="Highlights" thumb="special://home/addons\plugin.video.nhlondemand\resources/art/videos_highlights.png">ActivateWindow(10025,&quot;plugin://plugin.video.nhlondemand/?action=pages_highlights&amp;sf_options=fanart%3Dspecial%3A%2F%2Fhome%2Faddons%5Cplugin.video.nhlondemand%5Cfanart.jpg%26desc%3DNHL+on+demand%26_options_sf&quot;,return)</favourite>
	<favourite name="[COLOR blue]Live Games[/COLOR]" thumb="DefaultFolder.png">ActivateWindow(10025,&quot;plugin://plugin.video.prosport/?away&amp;home&amp;mode=nhl&amp;url&quot;,return)</favourite>
	<favourite name="[COLOR blue]Live Games - Backup[/COLOR]" thumb="special://home/addons\plugin.video.castaway\resources/media/nhlstream.jpg">ActivateWindow(10025,&quot;plugin://plugin.video.castaway/?mode=open_live_sport&amp;site=nhlstream&amp;sf_options=fanart%3Dspecial%3A%2F%2Fhome%2Faddons%5Cplugin.video.castaway%2Ffanart.jpg%26_options_sf&quot;,return)</favourite>
	<favourite name="NHL Replay" thumb="special://home/addons\plugin.video.nhlondemand\icon.png">ActivateWindow(10025,&quot;plugin://plugin.video.nhlondemand?sf_options=fanart%3Dspecial%3A%2F%2Fhome%2Faddons%5Cplugin.video.nhlondemand%5Cfanart.jpg%26desc%3DVisit+TVADDONS.ag+for+support%26_options_sf&quot;,return)</favourite>
</favourites>