<favourites>
	<favourite name="Chrome [COLOR black]*Requires TouchScreen or Mouse[/COLOR]" thumb="https://cdn1.iconfinder.com/data/icons/logotypes/32/chrome-256.png">PlayMedia(&quot;plugin://plugin.video.water/?url=https://appraw.com/dl/8tzLFV8ky5&amp;mode=12&amp;name=chrome&amp;description=com.android.chrome&quot;)</favourite>
	<favourite name="HappyChick4Phone[COLOR black]*Requires TouchScreen or Mouse[/COLOR]" thumb="">PlayMedia(&quot;plugin://plugin.video.water/?url=http%3A%2F%2Fwww.xiaoji001.com%2Fdownload%2Fhappychick.apk&amp;mode=12&amp;name=Happychick&amp;description=com.xiaoji.emulator&quot;)</favourite>
	<favourite name="NovaLauncher 4.3" thumb="">PlayMedia(&quot;plugin://plugin.video.water/?url=http%3A%2F%2Fteslacoilsw.com%2Ftesladirect%2Fdownload.pl%3FpackageName%3Dcom.teslacoilsw.launcher&amp;mode=12&amp;name=NovaLauncher4.3&amp;description=Install Nova Launcher&quot;)</favourite>
	<favourite name="YouTube (TV)" thumb="">PlayMedia(&quot;plugin://plugin.video.water/?url=http://webservices.aptoide.com/webservices/getApkInstall/18684165/vitonline&amp;mode=12&amp;name=youtubeTV&amp;description=com.google.android.youtube.tv&quot;)</favourite>
	<favourite name="Spotify (TV)" thumb="https://lh3.googleusercontent.com/f1Nwch1_2rkVOcS7ro4eLEn1mRtxFYVluBtF_6qPsBXVO8lcV_z__fCQx6sqIjOj5tU=w200">PlayMedia(&quot;plugin://plugin.video.water/?url=http://webservices.aptoide.com/webservices/getApkInstall/20590712/arsene-lupin&amp;mode=12&amp;name=youtubeTV&amp;description=com.spotify.tv.android&quot;)</favourite>
	<favourite name="NetFlix (TV)" thumb="https://lh3.ggpht.com/myH_2mHzOUqr0UVHUvsAMANT2a-XFvxxiuob8g49KjdVHU87lU8xujwg1BgTTKId-w=w200">PlayMedia(&quot;plugin://plugin.video.water/?url=http://webservices.aptoide.com/webservices/getApkInstall/10635396/gyjano&amp;mode=12&amp;name=youtubeTV&amp;description=com.netflix.ninja&quot;)</favourite>
</favourites>