<favourites>
	<favourite name="CNN US HQ" thumb="special://home/addons\plugin.video.tvtime.tva\resources\images\logos\CNN.png">PlayMedia(&quot;plugin://plugin.video.tvtime.tva/?channel=CNN&amp;mode=play&amp;sf_options=winID%3D10025%26_options_sf&quot;)</favourite>
	<favourite name="CNN US MQ" thumb="http://www.shadow-net.me/product_images/p/470/cnn_usa__34139_thumb.jpg">PlayMedia(&quot;plugin://plugin.video.castaway/?play=True&amp;img=http%3A%2F%2Fwww.shadow-net.me%2Fproduct_images%2Fp%2F470%2Fcnn_usa__34139_thumb.jpg&amp;title=CNN+USA&amp;url=http%3A%2F%2Fwww.shadow-net.me%2Fchannels%2FCNN-USA.html&amp;site=shadownet&amp;mode=play_special&amp;sf_options=winID%3D10025%26_options_sf&quot;)</favourite>
	<favourite name="CNN US LQ" thumb="http://googledrive.com/host/0B-bY5h-uWEgZQVJQZ0lzUTdBeFE/icons/news/cnn.png">PlayMedia(&quot;rtmp://gurkin.cdn.newschat.tv/edge playpath=cnn_live swfUrl=http://newschat.tv/player.swf swfVfy=1 live=1 pageUrl=http://www.livenewschat.eu/twoons timeout=15?sf_options=winID%3D10025%26_options_sf&quot;)</favourite>
	<favourite name="CNN USA (BACKUP)" thumb="https://app.uktvnow.net/images/channel_imgs/160116010910cnn.jpg|User-Agent=Dalvik/2.1.0 (Linux; U; Android 5.1.1; SM-G920F Build/LMY47X)">PlayMedia(&quot;plugin://plugin.video.wateriptv/?url=url&amp;mode=2&amp;name=CNN.&amp;description=&amp;sf_options=winID%3D10025%26_options_sf&quot;)</favourite>
	<favourite name="CNN Intl." thumb="http://googledrive.com/host/0B-bY5h-uWEgZQVJQZ0lzUTdBeFE/icons/networks/news/cnni.png">PlayMedia(&quot;rtmp://apfel.cdn.newschat.tv/edge playpath=cnni_live swfUrl=http://newschat.tv/player.swf live=1  pageUrl=http://www.livenewschat.eu/twoons?sf_options=winID%3D10025%26_options_sf&quot;)</favourite>
	<favourite name="CNN OnDemand" thumb="https://i.ytimg.com/i/upvZG-5ko_eiXAupbDfxWw/mq1.jpg">PlayMedia(&quot;plugin://plugin.video.youtube/user/cnn/&quot;,isdir)?sf_options=winID%3D10025%26_options_sf&quot;)</favourite>
</favourites>