<favourites>
	<favourite name="Recently Added" thumb="http://icons.iconarchive.com/icons/custom-icon-design/pretty-office-11/512/new-icon.png">ActivateWindow(10025,&quot;plugin://plugin.program.super.favourites/?mode=400&amp;path=special%3A%2F%2Fhome%2Faddons%2Fscript.supafav%2FSuper%20Favourites/Movies/New&amp;sf_options=&quot;)</favourite>
	<favourite name="[COLOR aliceblue]Feature Films[/COLOR]" thumb="http://media.reeoo.com/MovieQuest-icon.png!icon180">ActivateWindow(10025,&quot;plugin://plugin.video.origin2/?action=movies&amp;url=featured&amp;sf_options=&quot;,return)</favourite>
	<favourite name="SKY Movies" thumb="http://a4.mzstatic.com/eu/r30/Purple69/v4/0c/5e/ce/0c5ecedd-0610-c751-9a04-2d44be098c45/icon175x175.jpeg">ActivateWindow(10025,&quot;plugin://plugin.video.origin2/?action=channels&quot;,return)</favourite>
	<favourite name="[COLOR aliceblue]Browse Movies[/COLOR]" thumb="http://thumbs.dreamstime.com/t/film-genre-squared-app-icon-set-flat-style-vector-illustrations-long-shadows-49654570.jpg">ActivateWindow(10025,&quot;plugin://plugin.program.super.favourites/?sf_options=&amp;mode=400&amp;path=special%3A%2F%2Fhome%2Faddons%2Fscript.supafav%2FSuper%20Favourites/Movies/Browse&amp;sf_options=&quot;,return)</favourite>
	<favourite name="Search Movies" thumb="http://icons.iconarchive.com/icons/visualpharm/must-have/256/Search-icon.png">ActivateWindow(10025,&quot;plugin://plugin.program.super.favourites/?label=Search&amp;mode=400&amp;sf_options=&amp;mode=400&amp;path=special%3A%2F%2Fhome%2Faddons%2Fscript.supafav%2FSuper%20Favourites/Movies%5CSearch&amp;sf_options=fanart%3DNULL%26_options_sf&quot;,return)</favourite>
	<favourite name="[COLOR black]Movie Addons[/COLOR]" thumb="">ActivateWindow(10025,&quot;plugin://plugin.program.super.favourites/?label=[COLOR brown]Movie Addons[/COLOR]&amp;mode=400&amp;folder=Movies%2FMovie%20Addons&amp;sf_options=fanart%3DC%3A%5Ckodi%5Caddons%5Cplugin.program.super.favourites%5Cfanart.jpg%26_options_sf&quot;)</favourite>
</favourites>