<favourites>
	<favourite name="CNN US" thumb="http://www.logospike.com/wp-content/uploads/2014/11/Cnn_logo-3.jpg">PlayMedia(&quot;plugin://plugin.video.f4mTester/?streamtype=TSDOWNLOADER&amp;url=http://198.144.148.113:9850/live/FNfNf3M3Ht/bAouB5V1Uy/200.ts&amp;sf_options=winID%3D10025%26_options_sf&quot;)</favourite>
	<favourite name="CNN US lowquality" thumb="http://www.logospike.com/wp-content/uploads/2014/11/Cnn_logo-3.jpg">PlayMedia(&quot;rtmp://gurkin.cdn.newschat.tv/edge playpath=cnn_live swfUrl=http://newschat.tv/player.swf swfVfy=1 live=1 pageUrl=http://www.livenewschat.eu/twoons timeout=15?sf_options=winID%3D10025%26_options_sf&quot;)</favourite>
	<favourite name="CNN Intl" thumb="https://s16.postimg.org/v7fq65ic5/cnni_1.png">PlayMedia(&quot;rtmp://gurkin.cdn.newschat.tv/edge playpath=cnni_live swfUrl=http://newschat.tv/player.swf swfVfy=1 live=1 pageUrl=http://www.livenewschat.eu/twoons timeout=15?sf_options=winID%3D10025%26_options_sf&quot;)</favourite>
	<favourite name="CNN Go" thumb="https://pbs.twimg.com/profile_images/557619058950938624/Ob28ih6k.png">PlayMedia(&quot;plugin://plugin.video.youtube/user/cnn/&quot;,isdir)?sf_options=winID%3D10025%26_options_sf&quot;)</favourite>
</favourites>