<favourites>
	<favourite name="Recently Added" thumb="http://www.tvnewscheck.com/marketshare/wp-content/uploads/2015/09/what-on-tv.png">ActivateWindow(10025,&quot;plugin://plugin.program.super.favourites/?label=nul&amp;sf_options=&amp;mode=400&amp;folder=TV%20Shows%2FRecently%20Added&amp;sf_options=&quot;,return)</favourite>
	<favourite name="New Shows" thumb="http://icons.iconarchive.com/icons/custom-icon-design/pretty-office-11/512/new-icon.png">ActivateWindow(10025,&quot;plugin://plugin.video.origin2/?action=tvshows&amp;url=premiere&amp;sf_options=fanart%3Dspecial%3A%2F%2Fhome%2Faddons%5Cscript.supafav%5CBG%5Cautumn-garden-hd-wallpaper-desktop-nature-photo-hd-wallpapers-hd-wallpapers-abstract-538399050.jpg%26_options_sf&quot;,return)</favourite>
	<favourite name="Trending" thumb="http://icons.iconarchive.com/icons/designcontest/ecommerce-business/128/bar-chart-icon.png">ActivateWindow(10025,&quot;plugin://plugin.video.origin2/?action=tvshows&amp;url=trending&amp;sf_options=&quot;,return)</favourite>
	<favourite name="By Network" thumb="http://www.suddenlink.com/sites/default/files/Home/homepage_tv-lineup_8-10.png">ActivateWindow(10025,&quot;plugin://plugin.program.super.favourites/?label=nul&amp;sf_options=&amp;mode=400&amp;folder=TV%20Shows%2FNetworks&amp;sf_options=&quot;,return)</favourite>
	<favourite name="By Genre" thumb="http://thumbs.dreamstime.com/t/film-genre-squared-app-icon-set-flat-style-vector-illustrations-long-shadows-49654570.jpg">ActivateWindow(10025,&quot;plugin://plugin.video.origin2/?action=tvGenres&amp;sf_options=&quot;,return)</favourite>
	<favourite name="My TV Shows" thumb="">ActivateWindow(10025,&quot;plugin://plugin.video.origin2/?action=mytvNavigator&quot;,return)</favourite>
	<favourite name="Search TV Shows" thumb="http://icons.iconarchive.com/icons/visualpharm/must-have/256/Search-icon.png">ActivateWindow(10025,&quot;plugin://plugin.program.super.favourites/?label=nul&amp;mode=400&amp;folder=TV%20Shows%5CSearch&amp;sf_options=fanart%3DNULL%26_options_sf&quot;,return)</favourite>
</favourites>