<favourites>
    <favourite name="The Adventures of Pluto Nash">PlayMedia(&quot;plugin://plugin.video.crackler/?mode=play_video&amp;v_id=3070&quot;)</favourite>
    <favourite name="50/50">PlayMedia(&quot;plugin://plugin.video.crackler/?mode=play_video&amp;v_id=3077&quot;)</favourite>
    <favourite name="Balls Out: Gary The Tennis Coach">PlayMedia(&quot;plugin://plugin.video.crackler/?mode=play_video&amp;v_id=1442&quot;)</favourite>
    <favourite name="Backwash">PlayMedia(&quot;plugin://plugin.video.crackler/?mode=play_video&amp;v_id=1176&quot;)</favourite>
    <favourite name="The Blues Brothers">PlayMedia(&quot;plugin://plugin.video.crackler/?mode=play_video&amp;v_id=2396&quot;)</favourite>
    <favourite name="Bowfinger">PlayMedia(&quot;plugin://plugin.video.crackler/?mode=play_video&amp;v_id=2827&quot;)</favourite>
    <favourite name="Beverly Hills Ninja">PlayMedia(&quot;plugin://plugin.video.crackler/?mode=play_video&amp;v_id=451&quot;)</favourite>
    <favourite name="Conan The Barbarian">PlayMedia(&quot;plugin://plugin.video.crackler/?mode=play_video&amp;v_id=2542&quot;)</favourite>
    <favourite name="Conan The Destroyer">PlayMedia(&quot;plugin://plugin.video.crackler/?mode=play_video&amp;v_id=2543&quot;)</favourite>
    <favourite name="Fear And Loathing in Las Vegas">PlayMedia(&quot;plugin://plugin.video.crackler/?mode=play_video&amp;v_id=2590&quot;)</favourite>
    <favourite name="Fast Times at Ridgemont High">PlayMedia(&quot;plugin://plugin.video.crackler/?mode=play_video&amp;v_id=2920&quot;)</favourite>
    <favourite name="Groundhog Day">PlayMedia(&quot;plugin://plugin.video.crackler/?mode=play_video&amp;v_id=172&quot;)</favourite>
    <favourite name="Gattaca">PlayMedia(&quot;plugin://plugin.video.crackler/?mode=play_video&amp;v_id=206&quot;)</favourite>
    <favourite name="High School High">PlayMedia(&quot;plugin://plugin.video.crackler/?mode=play_video&amp;v_id=531&quot;)</favourite>
    <favourite name="The Grudge 2">PlayMedia(&quot;plugin://plugin.video.crackler/?mode=play_video&amp;v_id=1479&quot;)</favourite>
    <favourite name="How High">PlayMedia(&quot;plugin://plugin.video.crackler/?mode=play_video&amp;v_id=2932&quot;)</favourite>
    <favourite name="Hot Shots!">PlayMedia(&quot;plugin://plugin.video.crackler/?mode=play_video&amp;v_id=3041&quot;)</favourite>
    <favourite name="Insidious">PlayMedia(&quot;plugin://plugin.video.crackler/?mode=play_video&amp;v_id=2570&quot;)</favourite>
    <favourite name="Jarhead">PlayMedia(&quot;plugin://plugin.video.crackler/?mode=play_video&amp;v_id=2987&quot;)</favourite>
    <favourite name="Johnny Mnemonic">PlayMedia(&quot;plugin://plugin.video.crackler/?mode=play_video&amp;v_id=264&quot;)</favourite>
    <favourite name="Look Who&apos;s Talking">PlayMedia(&quot;plugin://plugin.video.crackler/?mode=play_video&amp;v_id=243&quot;)</favourite>
    <favourite name="Look Who&apos;s Talking Now">PlayMedia(&quot;plugin://plugin.video.crackler/?mode=play_video&amp;v_id=883&quot;)</favourite>
    <favourite name="The Mask Of Zorro">PlayMedia(&quot;plugin://plugin.video.crackler/?mode=play_video&amp;v_id=2055&quot;)</favourite>
    <favourite name="Machete">PlayMedia(&quot;plugin://plugin.video.crackler/?mode=play_video&amp;v_id=3024&quot;)</favourite>
    <favourite name="Masters Of The Universe">PlayMedia(&quot;plugin://plugin.video.crackler/?mode=play_video&amp;v_id=3078&quot;)</favourite>
    <favourite name="The Monuments Men">PlayMedia(&quot;plugin://plugin.video.crackler/?mode=play_video&amp;v_id=3080&quot;)</favourite>
    <favourite name="The Nutty Professor">PlayMedia(&quot;plugin://plugin.video.crackler/?mode=play_video&amp;v_id=2919&quot;)</favourite>
    <favourite name="The Messengers">PlayMedia(&quot;plugin://plugin.video.crackler/?mode=play_video&amp;v_id=1308&quot;)</favourite>
    <favourite name="Panic Room">PlayMedia(&quot;plugin://plugin.video.crackler/?mode=play_video&amp;v_id=1015&quot;)</favourite>
    <favourite name="Resident Evil">PlayMedia(&quot;plugin://plugin.video.crackler/?mode=play_video&amp;v_id=1115&quot;)</favourite>
    <favourite name="Resident Evil: Degeneration">PlayMedia(&quot;plugin://plugin.video.crackler/?mode=play_video&amp;v_id=999&quot;)</favourite>
    <favourite name="Resident Evil: Apocalypse">PlayMedia(&quot;plugin://plugin.video.crackler/?mode=play_video&amp;v_id=1426&quot;)</favourite>
    <favourite name="Sex Ed">PlayMedia(&quot;plugin://plugin.video.crackler/?mode=play_video&amp;v_id=2974&quot;)</favourite>
    <favourite name="See No Evil, Hear No Evil">PlayMedia(&quot;plugin://plugin.video.crackler/?mode=play_video&amp;v_id=558&quot;)</favourite>
    <favourite name="Showtime">PlayMedia(&quot;plugin://plugin.video.crackler/?mode=play_video&amp;v_id=3075&quot;)</favourite>
    <favourite name="Snatch">PlayMedia(&quot;plugin://plugin.video.crackler/?mode=play_video&amp;v_id=879&quot;)</favourite>
    <favourite name="Sinister">PlayMedia(&quot;plugin://plugin.video.crackler/?mode=play_video&amp;v_id=3074&quot;)</favourite>
    <favourite name="Stripes">PlayMedia(&quot;plugin://plugin.video.crackler/?mode=play_video&amp;v_id=363&quot;)</favourite>
    <favourite name="Tyson">PlayMedia(&quot;plugin://plugin.video.crackler/?mode=play_video&amp;v_id=2352&quot;)</favourite>
    <favourite name="Comedians In Cars Getting Coffee">ActivateWindow(10025,&quot;plugin://plugin.video.crackler/?indx=11&amp;mode=view_episodes&amp;v_id=1515&quot;,return)</favourite>
    <favourite name="Mad About You">ActivateWindow(10025,&quot;plugin://plugin.video.crackler/?indx=31&amp;mode=view_episodes&amp;v_id=2771&quot;,return)</favourite>
    <favourite name="Married With Children">ActivateWindow(10025,&quot;plugin://plugin.video.crackler/?indx=34&amp;mode=view_episodes&amp;v_id=154&quot;,return)</favourite>
    <favourite name="The Shield">ActivateWindow(10025,&quot;plugin://plugin.video.crackler/?indx=51&amp;mode=view_episodes&amp;v_id=616&quot;,return)</favourite>
    <favourite name="The Steve Harvey Show">ActivateWindow(10025,&quot;plugin://plugin.video.crackler/?indx=56&amp;mode=view_episodes&amp;v_id=2616&quot;,return)</favourite>
    <favourite name="Blackish" thumb="http://cdn1.edgedatg.com/aws/v2/abc/Blackish/showimages/6f7f71348541dda7fa5f8e9455d95587/634x848-Q90_6f7f71348541dda7fa5f8e9455d95587.jpg">ActivateWindow(10025,&quot;plugin://plugin.video.wabc/?mode=GE&amp;url=%2fshows%2fblackish&quot;,return)</favourite>
    <favourite name="Good Morning America" thumb="http://cdn1.edgedatg.com/aws/v2/abc/GoodMorningAmerica/showimages/4af6e28fdf1bbca1a0462764dc57d668/634x848-Q90_4af6e28fdf1bbca1a0462764dc57d668.jpg">ActivateWindow(10025,&quot;plugin://plugin.video.wabc/?mode=GE&amp;url=%2fshows%2fgood-morning-america&quot;,return)</favourite>
    <favourite name="World News Tonight" thumb="http://cdn1.edgedatg.com/aws/v2/abc/WorldNews/showimages/09f71d630504dbd0cc785eeca9448c0e/634x848-Q90_09f71d630504dbd0cc785eeca9448c0e.jpg">ActivateWindow(10025,&quot;plugin://plugin.video.wabc/?mode=GE&amp;url=%2fshows%2fworld-news-tonight&quot;,return)</favourite>
    <favourite name="2020" thumb="http://cdn1.edgedatg.com/aws/v2/abc/2020/showimages/750234823050adb52a9c6e02cbf3118c/634x848-Q90_750234823050adb52a9c6e02cbf3118c.jpg">ActivateWindow(10025,&quot;plugin://plugin.video.wabc/?mode=GE&amp;url=%2fshows%2f2020&quot;,return)</favourite>
    <favourite name="Last Man Standing" thumb="http://cdn1.edgedatg.com/aws/v2/abc/LastManStanding/showimages/198b94e1b692efe982e2480da15efff7/634x848-Q90_198b94e1b692efe982e2480da15efff7.jpg">ActivateWindow(10025,&quot;plugin://plugin.video.wabc/?mode=GE&amp;url=%2fshows%2flast-man-standing&quot;,return)</favourite>
    <favourite name="The Goldbergs" thumb="http://cdn1.edgedatg.com/aws/v2/abc/TheGoldbergs/showimages/9cccbb6bce6d65720cff118938d79cef/634x848-Q90_9cccbb6bce6d65720cff118938d79cef.jpg">ActivateWindow(10025,&quot;plugin://plugin.video.wabc/?mode=GE&amp;url=%2fshows%2fthe-goldbergs&quot;,return)</favourite>
    <favourite name="Dr Ken" thumb="http://cdn1.edgedatg.com/aws/v2/abc/DrKen/showimages/1afbcf4227e76b113c43b57d62f30637/634x848-Q90_1afbcf4227e76b113c43b57d62f30637.jpg">ActivateWindow(10025,&quot;plugin://plugin.video.wabc/?mode=GE&amp;url=%2fshows%2fdr-ken&quot;,return)</favourite>
    <favourite name="Dinosaurs" thumb="http://cdn1.edgedatg.com/aws/v2/abc/Dinosaurs/showimages/b092ddf7901928561df11bacd37ddf3e/634x848-Q90_b092ddf7901928561df11bacd37ddf3e.jpg">ActivateWindow(10025,&quot;plugin://plugin.video.wabc/?mode=GE&amp;url=%2fshows%2fdinosaurs&quot;,return)</favourite>
    <favourite name="The View" thumb="http://cdn1.edgedatg.com/aws/v2/abc/TheView/showimages/c48ffe95ca3e2868cb5540fd600b0f8b/634x848-Q90_c48ffe95ca3e2868cb5540fd600b0f8b.jpg">ActivateWindow(10025,&quot;plugin://plugin.video.wabc/?mode=GE&amp;url=%2fshows%2fthe-view&quot;,return)</favourite>
    <favourite name="Shark Tank" thumb="http://cdn1.edgedatg.com/aws/v2/abc/SharkTank/showimages/096c46fafb80a620b6d31a593fc6336a/634x848-Q90_096c46fafb80a620b6d31a593fc6336a.jpg">ActivateWindow(10025,&quot;plugin://plugin.video.wabc/?mode=GE&amp;url=%2fshows%2fshark-tank&quot;,return)</favourite>
    <favourite name="Today" thumb="http://tve-static-nbc.nbcuni.com/prod/image/748/671/TODAY-iPad-1600x900-KO_360x203_664364099904.jpg">ActivateWindow(10025,&quot;plugin://plugin.video.wnbc/?mode=GE&amp;url=today&quot;,return)</favourite>
    <favourite name="Crowded" thumb="http://tve-static-nbc.nbcuni.com/prod/image/626/966/2016-0112-Crowded-1600x900-KO_360x203_644907587625.jpg">ActivateWindow(10025,&quot;plugin://plugin.video.wnbc/?mode=GE&amp;url=crowded&quot;,return)</favourite>
    <favourite name="The Tonight Show Starring Jimmy Fallon" thumb="http://tve-static-nbc.nbcuni.com/prod/image/656/54/2014_0212_ShowTile_iPad_TSJF_720x406_FL_360x203_153162307848.jpg">ActivateWindow(10025,&quot;plugin://plugin.video.wnbc/?mode=GC&amp;url=the-tonight-show&quot;,return)</favourite>
    <favourite name="Truth Be Told" thumb="http://tve-static-nbc.nbcuni.com/prod/image/941/899/2015_0831_TruthBeTold_720x406_LA_360x203_546447939831.jpg">ActivateWindow(10025,&quot;plugin://plugin.video.wnbc/?mode=GE&amp;url=truth-be-told&quot;,return)</favourite>
    <favourite name="Superstore" thumb="http://tve-static-nbc.nbcuni.com/prod/image/998/631/Superstore-iPad-1600x900-KO_360x203_747362883901.jpg">ActivateWindow(10025,&quot;plugin://plugin.video.wnbc/?mode=GE&amp;url=superstore&quot;,return)</favourite>
    <favourite name="Better Late Than Never" thumb="http://tve-static-nbc.nbcuni.com/prod/image/828/247/BLTN-iPad-1600x900-KO_360x203_749275715595.jpg">ActivateWindow(10025,&quot;plugin://plugin.video.wnbc/?mode=GE&amp;url=better-late-than-never&quot;,return)</favourite>
    <favourite name="2 Broke Girls" thumb="http://wwwimage.cbsstatic.com/thumbnails/photos/w208/show_group/2bg_thm_16.9_1280x720_2.jpg">ActivateWindow(10025,&quot;plugin://plugin.video.wral/?mode=GE&amp;url=http%3a%2f%2fwww.cbs.com%2fshows%2f2_broke_girls%2fvideo&quot;,return)</favourite>
    <favourite name="The Late Show with Stephen Colbert" thumb="http://wwwimage.cbsstatic.com/thumbnails/photos/w208/show_group/lssc_thm_16.9_1280x720_0.jpg">ActivateWindow(10025,&quot;plugin://plugin.video.wral/?mode=GE&amp;url=http%3a%2f%2fwww.cbs.com%2fshows%2fthe-late-show-with-stephen-colbert%2fvideo&quot;,return)</favourite>
    <favourite name="The Late Late Show with James Corden" thumb="http://wwwimage.cbsstatic.com/thumbnails/photos/w208/show_group/lls_thm_16.9_1280x720_1.jpg">ActivateWindow(10025,&quot;plugin://plugin.video.wral/?mode=GE&amp;url=http%3a%2f%2fwww.cbs.com%2fshows%2flate-late-show%2fvideo&quot;,return)</favourite>
    <favourite name="Everybody Hates Chris" thumb="http://wwwimage.cbsstatic.com/thumbnails/photos/w208/show_group/everybodyhateschris_web_208x118.jpg">ActivateWindow(10025,&quot;plugin://plugin.video.wral/?mode=GE&amp;url=http%3a%2f%2fwww.cbs.com%2fshows%2feverybody_hates_chris%2fvideo&quot;,return)</favourite>
    <favourite name="Cheers" thumb="http://wwwimage.cbsstatic.com/thumbnails/photos/w208/show_group/cheers_208x118_0.jpg">ActivateWindow(10025,&quot;plugin://plugin.video.wral/?mode=GE&amp;url=http%3a%2f%2fwww.cbs.com%2fshows%2fcheers%2fvideo&quot;,return)</favourite>
    <favourite name="60 Minutes" thumb="http://wwwimage.cbsstatic.com/thumbnails/photos/w208/show_group/60m_thm_16.9_1280x720.jpg">ActivateWindow(10025,&quot;plugin://plugin.video.wral/?mode=GE&amp;url=http%3a%2f%2fwww.cbs.com%2fshows%2f60_minutes%2fvideo&quot;,return)</favourite>
    <favourite name="48 Hours" thumb="http://wwwimage.cbsstatic.com/thumbnails/photos/w208/show_group/48h_thm_16.9_1280x720.jpg">ActivateWindow(10025,&quot;plugin://plugin.video.wral/?mode=GE&amp;url=http%3a%2f%2fwww.cbs.com%2fshows%2f48_hours%2fvideo&quot;,return)</favourite>
    <favourite name="Lonesome Jim" thumb="https://bcsecure01-a.akamaihd.net/6/3558447509001/201609/3017/3558447509001_5123220022001_Lonseome-Jim-605x345.jpg?pubId=3558447509001">PlayMedia(&quot;plugin://plugin.video.sundance/?mode=GV&amp;url=5123262124001&quot;)</favourite>
    <favourite name="Intermission" thumb="https://httpsak-a.akamaihd.net/3558447509001/3558447509001_5109569876001_Intermission-SUN-605x345.jpg?pubId=3558447509001">PlayMedia(&quot;plugin://plugin.video.sundance/?mode=GV&amp;url=5109917770001&quot;)</favourite>
    <favourite name="American Heart" thumb="https://httpsak-a.akamaihd.net/3558447509001/3558447509001_4328739575001_AmericanHeart-Brightcove-605x345.jpg?pubId=3558447509001">PlayMedia(&quot;plugin://plugin.video.sundance/?mode=GV&amp;url=5109854060001&quot;)</favourite>
    <favourite name="Spy Game" thumb="https://httpsak-a.akamaihd.net/3558447509001/3558447509001_5109714799001_Spy-Game-605x345.jpg?pubId=3558447509001">PlayMedia(&quot;plugin://plugin.video.sundance/?mode=GV&amp;url=5109906087001&quot;)</favourite>
    <favourite name="Beyond The Sea" thumb="https://httpsak-a.akamaihd.net/3558447509001/3558447509001_5109898891001_Beyond-the-Sea-605x345.jpg?pubId=3558447509001">PlayMedia(&quot;plugin://plugin.video.sundance/?mode=GV&amp;url=5108831605001&quot;)</favourite>
    <favourite name="House of D" thumb="https://httpsak-a.akamaihd.net/3558447509001/3558447509001_5063356564001_House-of-D-SUN-605x345.jpg?pubId=3558447509001">PlayMedia(&quot;plugin://plugin.video.sundance/?mode=GV&amp;url=5063182784001&quot;)</favourite>
    <favourite name="Monster&apos;s Ball" thumb="https://httpsak-a.akamaihd.net/3558447509001/3558447509001_5063346780001_MonstersBall-SUN-605x345.jpg?pubId=3558447509001">PlayMedia(&quot;plugin://plugin.video.sundance/?mode=GV&amp;url=5063527609001&quot;)</favourite>
    <favourite name="Law &amp; Order" thumb="http://media.sundance.tv/assets/tve/thumbnails/series/law-&amp;-order_poster.jpg">ActivateWindow(10025,&quot;plugin://plugin.video.sundance/?mode=GE&amp;url=%2fwatch-now%2flaw-order%2f5095619949001%2fstar-struck&quot;,return)</favourite>
</favourites>
