<favourites>
<favourite name="GQ" thumb="special://home/addons\plugin.video.gq\icon.png">ActivateWindow(10025,&quot;plugin://plugin.video.gq?sf_options=fanart%3Dspecial%3A%2F%2Fhome%2Faddons%5Cplugin.video.gq%5Cfanart.jpg%26desc%3DGQ+%28formerly+Gentlemen%27s+Quarterly%29+is+an+American+monthly+men%27s+magazine+focusing+on+fashion%2C+style%2C+and+culture+for+men%2C+through+articles+on+food%2C+movies%2C+fitness%2C+sex%2C+music%2C+travel%2C+sports%2C+technology%2C+and+books.%26_options_sf&quot;,return)</favourite>
	<favourite name="Viki" thumb="special://home/addons\plugin.video.viki\icon.png">ActivateWindow(10025,&quot;plugin://plugin.video.viki/?sf_options=desc%3DWatch+Viki.com+Videos%26_options_sf&quot;,return)</favourite>
	<favourite name="InfinityList.com" thumb="special://home/addons\plugin.video.infinitylist_com\icon.png">ActivateWindow(10025,&quot;plugin://plugin.video.infinitylist_com/?sf_options=desc%3DThe+Cinematic+Action+Sports+Experience%26_options_sf&quot;,return)</favourite>
	
	<favourite name="Howard Stern" thumb="special://home/addons\plugin.video.heynow\icon.png">ActivateWindow(10025,&quot;plugin://plugin.video.heynow?sf_options=fanart%3Dspecial%3A%2F%2Fhome%2Faddons%5Cplugin.video.heynow%5Cfanart.jpg%26desc%3DCatch+up+with+the+King+Of+All+Media.+All+the+latest+Stern+Shows+courtesy+of+Sternist+from+YouTube%26_options_sf&quot;,return)</favourite>
	<favourite name="Beer Geeks" thumb="special://home/addons\plugin.video.beergeeks\icon.png">ActivateWindow(10025,&quot;plugin://plugin.video.beergeeks?sf_options=fanart%3Dspecial%3A%2F%2Fhome%2Faddons%5Cplugin.video.beergeeks%5Cfanart.jpg%26desc%3DTravel+with+master+brewer+Michael+Ferguson+as+he+visits+the+top+craft+beer+breweries+in+the+country.+Discover+all+kinds+of+ales+and+lagers+from+IPAs+to+stouts%2C+from+pilsners+to+bocks%2C+and+many%2C+many+more+on+Beer+Geeks%21%26_options_sf&quot;,return)</favourite>
	<favourite name="BaebleMusic.com" thumb="special://home/addons\plugin.video.baeblemusic_com\icon.png">ActivateWindow(10025,&quot;plugin://plugin.video.baeblemusic_com/?sf_options=desc%3DWatch+concerts%2C+sessions%2C+music+videos+and+interviews+on+baeblemusic.com%26_options_sf&quot;,return)</favourite>
	<favourite name="Popular Science" thumb="http://statics.net2.tv/pepto/channels/Popular_Science/popular_science_20140109.png">ActivateWindow(10025,&quot;plugin://plugin.video.portico.tv/?fanart=C%3a%5ckodi14%5cportable_data%5caddons%5cplugin.video.portico.tv%5cfanart.jpg&amp;mode=GS&amp;name=Popular%20Science&amp;poster=http%3a%2f%2fstatics.net2.tv%2fpepto%2fchannels%2fPopular_Science%2fpopular_science_20140109.png&amp;url=Bonnier%2fPopular%20Science&amp;sf_options=fanart%3Dspecial%3A%2F%2Fhome%2Faddons%5Cplugin.video.portico.tv%5Cfanart.jpg%26desc%3DExplore+the+future+of+technology%2C+science%2C+gadgets%2C+space+and+green+tech.%26_options_sf&quot;,return)</favourite>
	<favourite name="FrightPix" thumb="special://home/addons\plugin.video.frightpix\icon.png">ActivateWindow(10025,&quot;plugin://plugin.video.frightpix?sf_options=fanart%3Dspecial%3A%2F%2Fhome%2Faddons%5Cplugin.video.frightpix%5Cfanart.jpg%26desc%3D%2A%2A%2ACutting+Edge+and+Horror%2FSlasher+films+and+movies+from+the+Popular+Website+FrightPix+You+may+also+download+the+streamfiles+to+your+library.+%2A%2A%2AFor+Official+support+visit+xbmchub.com%2A%2A%2A%26_options_sf&quot;,return)</favourite>
	
		<favourite name="Netflix" thumb="http://googledrive.com/host/0B-bY5h-uWEgZQVJQZ0lzUTdBeFE/icons/apps/netflix.jpg">ActivateWindow(10025,&quot;plugin://plugin.video.netflixbmc/?sf_options=fanart%3Dhttp%3A%2F%2Fgoogledrive.com%2Fhost%2F0B-bY5h-uWEgZQVJQZ0lzUTdBeFE%2Fwallpaper%2Ffanart%2Fnetflix3.jpeg%26_options_sf&quot;,return)</favourite>
</favourites>