<favourites>
	
	<favourite name="iTunes Podcasts" thumb="">ActivateWindow(10501,&quot;plugin://plugin.video.itunes_podcasts/?content_type=audio&amp;sf_options=&quot;)</favourite>
	<favourite name="Books Should Be Free" thumb="">ActivateWindow(10501,&quot;plugin://plugin.audio.booksshouldbefree/&amp;sf_options=&quot;)</favourite>
	<favourite name="asbook.ru" thumb="">ActivateWindow(10501,&quot;plugin://plugin.audio.asbook.ru/&amp;sf_options=&quot;)</favourite>
	<favourite name="Music Box" thumb="http://findicons.com/files/icons/1004/aqua_value/256/music_box.png">ActivateWindow(10501,&quot;plugin://plugin.audio.musicbox/&amp;sf_options=&quot;)</favourite>
	    <favourite name="Billboard">ActivateWindow(10025,&quot;plugin://plugin.video.spotitube/?limit&amp;mode=billboardMain&amp;type&amp;url&quot;,return)</favourite>
    <favourite name="iTunes Charts">ActivateWindow(10025,&quot;plugin://plugin.video.spotitube/?limit&amp;mode=itunesMain&amp;type&amp;url&quot;,return)</favourite>
</favourites>