<favourites>
	<favourite name="nVidia Shield - Half-Life2" thumb="">PlayMedia(&quot;plugin://plugin.video.water/?url=http://share724.com/user2/1393/mobile/Half.Life.2.v44.apk&amp;mode=12&amp;name=HalfLife2v44&amp;description=com.nvidia.valvesoftware.halflife2&amp;sf_options=winID%3D10025%26_options_sf&quot;)</favourite>
	<favourite name="nVidia Shield - Half-Life2 EP1 - Aptoide" thumb="">PlayMedia(&quot;plugin://plugin.video.water/?url=http://webservices.aptoide.com/webservices/getApkInstall/8082927/denis86&amp;mode=12&amp;name=HalfLife2EP1&amp;description=com.nvidia.valvesoftware.halflife2ep1&amp;sf_options=winID%3D10025%26_options_sf&quot;)</favourite>
	<favourite name="nVidia Shield - Half-Life2 EP2 - Aptoide" thumb="">PlayMedia(&quot;plugin://plugin.video.water/?url=http://webservices.aptoide.com/webservices/getApkInstall/10035994/vip-apk&amp;mode=12&amp;name=HalfLife2EP2&amp;description=com.nvidia.valvesoftware.halflife2ep1&amp;sf_options=winID%3D10025%26_options_sf&quot;)</favourite>
	<favourite name="nVidia Shield - Super Slam Dunk Touchdown - Aptoide" thumb="">PlayMedia(&quot;plugin://plugin.video.water/?url=http://webservices.aptoide.com/webservices/getApkInstall/19195120/watertv&amp;mode=12&amp;name=Super+Slam+Dunk+TouchDown&amp;description=com.TippingGoat.SuperSlamDunkTouchdown&amp;sf_options=winID%3D10025%26_options_sf&quot;)</favourite>
	<favourite name="nVidia Shield - NBA Jam - Aptoide" thumb="">PlayMedia(&quot;plugin://plugin.video.water/?url=http://webservices.aptoide.com/webservices/getApkInstall/10774821/thebamaify&amp;mode=12&amp;name=NBA Jam&amp;description=com.eamobile.nbajam_na_wf&amp;sf_options=winID%3D10025%26_options_sf&quot;)</favourite>
	<favourite name="nVidia Shield - the Battle of Sol" thumb="">PlayMedia(&quot;plugin://plugin.video.water/?url=https://archive.org/download/bob_lackmail_Tbos/tbos.apk&amp;mode=12&amp;name=The+Battle+of+SOL&amp;description=com.bph.SOLExodus&amp;sf_options=winID%3D10025%26_options_sf&quot;)</favourite>
	
	
	<favourite name="nVidia Shield - Portal" thumb="">PlayMedia(&quot;plugin://plugin.video.water/?url=https://archive.org/download/PortalV58/portal&amp;mode=12&amp;name=Portal&amp;description=com.nvidia.valvesoftware.portal&amp;sf_options=winID%3D10025%26_options_sf&quot;)</favourite>
	
	
	<favourite name="nVidia Shield - PartyHard! - Direct" thumb="">PlayMedia(&quot;plugin://plugin.video.water/?url=https://archive.org/download/parthard/party_hard-1468442802-www.androeed.ru.apk&amp;mode=12&amp;name=Party+Hard&amp;description=Install PartyHard!&amp;sf_options=winID%3D10025%26_options_sf&quot;)</favourite>
	<favourite name="nVidia Shield - PartyHard! - Aptoide" thumb="">PlayMedia(&quot;plugin://plugin.video.water/?url=http://webservices.aptoide.com/webservices/getApkInstall/20348966/vip-apk&amp;mode=12&amp;name=Party+Hard&amp;description=Install PartyHard!&amp;sf_options=winID%3D10025%26_options_sf&quot;)</favourite>
	
	<favourite name="Riptide GP2 - Appraw" thumb="">PlayMedia(&quot;plugin://plugin.video.water/?url=https://appraw.com/dl/viOlRIxyjQ&amp;mode=12&amp;name=RiptideGP2&amp;description=com.vectorunit.red.lunar&amp;sf_options=winID%3D10025%26_options_sf&quot;)</favourite>
	<favourite name="nVidia Shield - Codex Warrior" thumb="">PlayMedia(&quot;plugin://plugin.video.water/?url=http://s12.androeed.ru/_u/_f/1446/7/codex_the_warrior_shield_ver-1446780262-www.androeed.ru___.apk&amp;mode=12&amp;name=Codex Warrior&amp;description=&amp;sf_options=winID%3D10025%26_options_sf&quot;)</favourite>
	<favourite name="nVidia Shield - Parallax" thumb="">PlayMedia(&quot;plugin://plugin.video.water/?url=http://s10.androeed.ru/_u/_f/1456/9/parallax_-1456999908-www.androeed.ru___.apk&amp;mode=12&amp;name=Parallax&amp;description=&amp;sf_options=winID%3D10025%26_options_sf&quot;)</favourite>
	<favourite name="Rochard" thumb="">PlayMedia(&quot;plugin://plugin.video.water/?url=http://webservices.aptoide.com/webservices/getApkInstall/18435052/wunschdibbertzd7&amp;mode=12&amp;name=Rochard&amp;description=&amp;sf_options=winID%3D10025%26_options_sf&quot;)</favourite>
</favourites>