<favourites>
	<favourite name="Watchmojo" thumb="http://mirrors.syringanetworks.net/xbmc/addons/helix/plugin.video.watchmojo/icon.png">ActivateWindow(10025,&quot;plugin://plugin.video.watchmojo/&amp;sf_options=&quot;)</favourite>
	<favourite name="Viewster" thumb="">ActivateWindow(10025,&quot;plugin://plugin.video.viewster/&amp;sf_options=&quot;)</favourite>
	<favourite name="Vimeo" thumb="http://smittywun.com/images/vimeo.png">ActivateWindow(10025,&quot;plugin://plugin.video.vimeo/?sf_options=fanart%3Dspecial%3A%2F%2Fhome%2Faddons%5Cplugin.video.vimeo%5Cfanart.jpg%26_options_sf&quot;,return)</favourite>
	<favourite name="Vine" thumb="">ActivateWindow(10025,&quot;plugin://plugin.video.vine/?sf_options=fanart%3Dspecial%3A%2F%2Fhome%2Faddons%5Cplugin.video.vine%5Cfanart.jpg%26_options_sf&quot;,return)</favourite>
	<favourite name="World Star Hip Hop" thumb="https://raw.githubusercontent.com/skipmodea1/plugin.video.worldstarhiphop/master/icon.png">ActivateWindow(10025,&quot;plugin://plugin.video.worldstarhiphop?sf_options=fanart%3Dspecial%3A%2F%2Fhome%2Faddons%5Cplugin.video.worldstarhiphop%5Cfanart.jpg%26desc%3DWorldstarhiphop+is+home+to+everything+entertainment+and+hip+hop%26_options_sf&quot;,return)</favourite>
	<favourite name="Reddit.com" thumb="">ActivateWindow(10025,&quot;plugin://plugin.video.reddit_tv/&amp;sf_options=&quot;)</favourite>
	<favourite name="videobash" thumb="">ActivateWindow(10025,&quot;plugin://plugin.video.videobash_com/&amp;sf_options=&quot;,return)</favourite>
	<favourite name="Funny Videos" thumb="">ActivateWindow(10025,&quot;plugin://plugin.video.freefunvid/&amp;sf_options=&quot;,return)</favourite>
	<favourite name="DailyMotion.com" thumb="special://home/addons\plugin.video.dailymotion\icon.png">ActivateWindow(10025,&quot;plugin://plugin.video.dailymotion/&quot;,return)</favourite>
</favourites>