<favourites>
	<favourite name="Netflix" thumb="http://www.androidpolice.com/wp-content/uploads/2014/06/nexusae0_n.png">ActivateWindow(10025,&quot;plugin://plugin.video.origin2/?action=tvshows&amp;url=http%3a%2f%2fwww.imdb.com%2fsearch%2ftitle%3ftitle_type%3dtv_series%2cmini_series%26release_date%3d%2cdate%5b0%5d%26company%3dco0144901%26sort%3dmoviemeter%2casc%26count%3d40%26start%3d1&quot;,return)</favourite>
	<favourite name="Hulu" thumb="http://orig03.deviantart.net/5162/f/2008/359/9/f/hulu_dock_icon_by_matanlurey.png">ActivateWindow(10025,&quot;plugin://plugin.video.origin2/?action=tvshows&amp;url=http%3a%2f%2fwww.imdb.com%2fsearch%2ftitle%3ftitle_type%3dtv_series%2cmini_series%26release_date%3d%2cdate%5b0%5d%26company%3dco0218858%26sort%3dmoviemeter%2casc%26count%3d40%26start%3d1&quot;,return)</favourite>
	<favourite name="Amazon" thumb="">ActivateWindow(10025,&quot;plugin://plugin.video.origin2/?action=tvshows&amp;url=http%3a%2f%2fwww.imdb.com%2fsearch%2ftitle%3ftitle_type%3dtv_series%2cmini_series%26release_date%3d%2cdate%5b0%5d%26company%3dco0319272%26sort%3dmoviemeter%2casc%26count%3d40%26start%3d1&quot;,return)</favourite>
	<favourite name="HBO" thumb="http://flaticons.net/icons/Brand%20Identity/HBO.png">ActivateWindow(10025,&quot;plugin://plugin.video.origin2/?action=tvshows&amp;url=http%3a%2f%2fwww.imdb.com%2fsearch%2ftitle%3ftitle_type%3dtv_series%2cmini_series%26release_date%3d%2cdate%5b0%5d%26company%3dco0008693%26sort%3dmoviemeter%2casc%26count%3d40%26start%3d1&quot;,return)</favourite>
	<favourite name="Showtime" thumb="http://www.ryanjoneseditorial.com/wp-content/uploads/2014/04/showtime-logo.png">ActivateWindow(10025,&quot;plugin://plugin.video.origin2/?action=tvshows&amp;url=http%3a%2f%2fwww.imdb.com%2fsearch%2ftitle%3ftitle_type%3dtv_series%2cmini_series%26release_date%3d%2cdate%5b0%5d%26company%3dco0075105%26sort%3dmoviemeter%2casc%26count%3d40%26start%3d1&quot;,return)</favourite>
	<favourite name="Starz" thumb="http://vignette2.wikia.nocookie.net/logopedia/images/f/f0/Starz_logo.svg/revision/latest/scale-to-width-down/200?cb=20091113221232">ActivateWindow(10025,&quot;plugin://plugin.video.origin2/?action=tvshows&amp;url=http%3a%2f%2fwww.imdb.com%2fsearch%2ftitle%3ftitle_type%3dtv_series%2cmini_series%26release_date%3d%2cdate%5b0%5d%26company%3dco0000869%26sort%3dmoviemeter%2casc%26count%3d40%26start%3d1&quot;,return)</favourite>
	<favourite name="ABC" thumb="https://raw.githubusercontent.com/moneymaker365/plugin.video.ustvvod/master/resources/images/abcchannel.png">ActivateWindow(10025,&quot;plugin://plugin.video.origin2/?action=tvshows&amp;url=http%3a%2f%2fwww.imdb.com%2fsearch%2ftitle%3ftitle_type%3dtv_series%2cmini_series%26release_date%3d%2cdate%5b0%5d%26company%3dco0037052%26sort%3dmoviemeter%2casc%26count%3d40%26start%3d1&quot;,return)</favourite>
	<favourite name="NBC" thumb="https://raw.githubusercontent.com/moneymaker365/plugin.video.ustvvod/master/resources/images/nbc.png">ActivateWindow(10025,&quot;plugin://plugin.video.origin2/?action=tvshows&amp;url=http%3a%2f%2fwww.imdb.com%2fsearch%2ftitle%3ftitle_type%3dtv_series%2cmini_series%26release_date%3d%2cdate%5b0%5d%26company%3dco0072315%26sort%3dmoviemeter%2casc%26count%3d40%26start%3d1&quot;,return)</favourite>
	<favourite name="FOX" thumb="https://raw.githubusercontent.com/moneymaker365/plugin.video.ustvvod/master/resources/images/fox.png">ActivateWindow(10025,&quot;plugin://plugin.video.origin2/?action=tvshows&amp;url=http%3a%2f%2fwww.imdb.com%2fsearch%2ftitle%3ftitle_type%3dtv_series%2cmini_series%26release_date%3d%2cdate%5b0%5d%26company%3dco0070925%26sort%3dmoviemeter%2casc%26count%3d40%26start%3d1&quot;,return)</favourite>
	<favourite name="CBS" thumb="https://raw.githubusercontent.com/moneymaker365/plugin.video.ustvvod/master/resources/images/cbs.png">ActivateWindow(10025,&quot;plugin://plugin.video.origin2/?action=tvshows&amp;url=http%3a%2f%2fwww.imdb.com%2fsearch%2ftitle%3ftitle_type%3dtv_series%2cmini_series%26release_date%3d%2cdate%5b0%5d%26company%3dco0070627%26sort%3dmoviemeter%2casc%26count%3d40%26start%3d1&quot;,return)</favourite>
	<favourite name="PBS" thumb="https://raw.githubusercontent.com/moneymaker365/plugin.video.ustvvod/master/resources/images/pbs.png">ActivateWindow(10025,&quot;plugin://plugin.video.origin2/?action=tvshows&amp;url=http%3a%2f%2fwww.imdb.com%2fsearch%2ftitle%3ftitle_type%3dtv_series%2cmini_series%26release_date%3d%2cdate%5b0%5d%26company%3dco0039462%26sort%3dmoviemeter%2casc%26count%3d40%26start%3d1&quot;,return)</favourite>
	<favourite name="CW" thumb="https://raw.githubusercontent.com/moneymaker365/plugin.video.ustvvod/master/resources/images/thecw.png">ActivateWindow(10025,&quot;plugin://plugin.video.origin2/?action=tvshows&amp;url=http%3a%2f%2fwww.imdb.com%2fsearch%2ftitle%3ftitle_type%3dtv_series%2cmini_series%26release_date%3d%2cdate%5b0%5d%26company%3dco0174148%26sort%3dmoviemeter%2casc%26count%3d40%26start%3d1&quot;,return)</favourite>
	<favourite name="AMC" thumb="https://raw.githubusercontent.com/moneymaker365/plugin.video.ustvvod/master/resources/images/amc.png">ActivateWindow(10025,&quot;plugin://plugin.video.origin2/?action=tvshows&amp;url=http%3a%2f%2fwww.imdb.com%2fsearch%2ftitle%3ftitle_type%3dtv_series%2cmini_series%26release_date%3d%2cdate%5b0%5d%26company%3dco0019701%26sort%3dmoviemeter%2casc%26count%3d40%26start%3d1&quot;,return)</favourite>
	<favourite name="Comedy Central" thumb="https://raw.githubusercontent.com/moneymaker365/plugin.video.ustvvod/master/resources/images/comedy.png">ActivateWindow(10025,&quot;plugin://plugin.video.origin2/?action=tvshows&amp;url=http%3a%2f%2fwww.imdb.com%2fsearch%2ftitle%3ftitle_type%3dtv_series%2cmini_series%26release_date%3d%2cdate%5b0%5d%26company%3dco0029768%26sort%3dmoviemeter%2casc%26count%3d40%26start%3d1&quot;,return)</favourite>
	<favourite name="FX" thumb="https://raw.githubusercontent.com/moneymaker365/plugin.video.ustvvod/master/resources/images/fx.png">ActivateWindow(10025,&quot;plugin://plugin.video.origin2/?action=tvshows&amp;url=http%3a%2f%2fwww.imdb.com%2fsearch%2ftitle%3ftitle_type%3dtv_series%2cmini_series%26release_date%3d%2cdate%5b0%5d%26company%3dco0060381%26sort%3dmoviemeter%2casc%26count%3d40%26start%3d1&quot;,return)</favourite>
	<favourite name="Syfy" thumb="http://mirrors.kodi.tv/addons/gotham/plugin.video.syfy/icon.png">ActivateWindow(10025,&quot;plugin://plugin.video.origin2/?action=tvshows&amp;url=http%3a%2f%2fwww.imdb.com%2fsearch%2ftitle%3ftitle_type%3dtv_series%2cmini_series%26release_date%3d%2cdate%5b0%5d%26company%3dco0282285%26sort%3dmoviemeter%2casc%26count%3d40%26start%3d1&quot;,return)</favourite>
	<favourite name="TBS" thumb="https://raw.githubusercontent.com/moneymaker365/plugin.video.ustvvod/master/resources/images/tbs.png">ActivateWindow(10025,&quot;plugin://plugin.video.origin2/?action=tvshows&amp;url=http%3a%2f%2fwww.imdb.com%2fsearch%2ftitle%3ftitle_type%3dtv_series%2cmini_series%26release_date%3d%2cdate%5b0%5d%26company%3dco0005051%26sort%3dmoviemeter%2casc%26count%3d40%26start%3d1&quot;,return)</favourite>
	<favourite name="TNT" thumb="https://raw.githubusercontent.com/moneymaker365/plugin.video.ustvvod/master/resources/images/tnt.png">ActivateWindow(10025,&quot;plugin://plugin.video.origin2/?action=tvshows&amp;url=http%3a%2f%2fwww.imdb.com%2fsearch%2ftitle%3ftitle_type%3dtv_series%2cmini_series%26release_date%3d%2cdate%5b0%5d%26company%3dco0075510%26sort%3dmoviemeter%2casc%26count%3d40%26start%3d1&quot;,return)</favourite>
	<favourite name="TruTV" thumb="https://raw.githubusercontent.com/moneymaker365/plugin.video.ustvvod/master/resources/images/trutv.png">ActivateWindow(10025,&quot;plugin://plugin.video.origin2/?action=tvshows&amp;url=http%3a%2f%2fwww.imdb.com%2fsearch%2ftitle%3ftitle_type%3dtv_series%2cmini_series%26release_date%3d%2cdate%5b0%5d%26company%3dco0214175%26sort%3dmoviemeter%2casc%26count%3d40%26start%3d1&quot;,return)</favourite>
	<favourite name="TV Land" thumb="https://raw.githubusercontent.com/moneymaker365/plugin.video.ustvvod/master/resources/images/tvland.png">ActivateWindow(10025,&quot;plugin://plugin.video.origin2/?action=tvshows&amp;url=http%3a%2f%2fwww.imdb.com%2fsearch%2ftitle%3ftitle_type%3dtv_series%2cmini_series%26release_date%3d%2cdate%5b0%5d%26company%3dco0094233%26sort%3dmoviemeter%2casc%26count%3d40%26start%3d1&quot;,return)</favourite>
	<favourite name="USA" thumb="https://raw.githubusercontent.com/moneymaker365/plugin.video.ustvvod/master/resources/images/usa.png">ActivateWindow(10025,&quot;plugin://plugin.video.origin2/?action=tvshows&amp;url=http%3a%2f%2fwww.imdb.com%2fsearch%2ftitle%3ftitle_type%3dtv_series%2cmini_series%26release_date%3d%2cdate%5b0%5d%26company%3dco0014957%26sort%3dmoviemeter%2casc%26count%3d40%26start%3d1&quot;,return)</favourite>
	<favourite name="A&amp;E" thumb="http://www.emeraldcoastgranicrete.com/wp-content/uploads/2012/04/a-and-e-old-logo.png">ActivateWindow(10025,&quot;plugin://plugin.video.origin2/?action=tvshows&amp;url=http%3a%2f%2fwww.imdb.com%2fsearch%2ftitle%3ftitle_type%3dtv_series%2cmini_series%26release_date%3d%2cdate%5b0%5d%26company%3dco0056790%26sort%3dmoviemeter%2casc%26count%3d40%26start%3d1&quot;,return)</favourite>
	<favourite name="Bravo" thumb="https://raw.githubusercontent.com/moneymaker365/plugin.video.ustvvod/master/resources/images/bravo.png">ActivateWindow(10025,&quot;plugin://plugin.video.origin2/?action=tvshows&amp;url=http%3a%2f%2fwww.imdb.com%2fsearch%2ftitle%3ftitle_type%3dtv_series%2cmini_series%26release_date%3d%2cdate%5b0%5d%26company%3dco0055388%26sort%3dmoviemeter%2casc%26count%3d40%26start%3d1&quot;,return)</favourite>
	<favourite name="E! Entertainment" thumb="">ActivateWindow(10025,&quot;plugin://plugin.video.origin2/?action=tvshows&amp;url=http%3a%2f%2fwww.imdb.com%2fsearch%2ftitle%3ftitle_type%3dtv_series%2cmini_series%26release_date%3d%2cdate%5b0%5d%26company%3dco0022548%26sort%3dmoviemeter%2casc%26count%3d40%26start%3d1&quot;,return)</favourite>
	<favourite name="Lifetime" thumb="https://raw.githubusercontent.com/moneymaker365/plugin.video.ustvvod/master/resources/images/lifetime.png">ActivateWindow(10025,&quot;plugin://plugin.video.origin2/?action=tvshows&amp;url=http%3a%2f%2fwww.imdb.com%2fsearch%2ftitle%3ftitle_type%3dtv_series%2cmini_series%26release_date%3d%2cdate%5b0%5d%26company%3dco0006395%26sort%3dmoviemeter%2casc%26count%3d40%26start%3d1&quot;,return)</favourite>
	<favourite name="TLC" thumb="https://www.housing.purdue.edu/BTV/Channel/ChannelIcon/aa10795d-6f33-42ac-ba42-63d323387b84">ActivateWindow(10025,&quot;plugin://plugin.video.origin2/?action=tvshows&amp;url=http%3a%2f%2fwww.imdb.com%2fsearch%2ftitle%3ftitle_type%3dtv_series%2cmini_series%26release_date%3d%2cdate%5b0%5d%26company%3dco0072554%26sort%3dmoviemeter%2casc%26count%3d40%26start%3d1&quot;,return)</favourite>
	<favourite name="MTV" thumb="https://raw.githubusercontent.com/moneymaker365/plugin.video.ustvvod/master/resources/images/mtv.png">ActivateWindow(10025,&quot;plugin://plugin.video.origin2/?action=tvshows&amp;url=http%3a%2f%2fwww.imdb.com%2fsearch%2ftitle%3ftitle_type%3dtv_series%2cmini_series%26release_date%3d%2cdate%5b0%5d%26company%3dco0063774%26sort%3dmoviemeter%2casc%26count%3d40%26start%3d1&quot;,return)</favourite>
	<favourite name="VH1" thumb="https://raw.githubusercontent.com/moneymaker365/plugin.video.ustvvod/master/resources/images/vh1.png">ActivateWindow(10025,&quot;plugin://plugin.video.origin2/?action=tvshows&amp;url=http%3a%2f%2fwww.imdb.com%2fsearch%2ftitle%3ftitle_type%3dtv_series%2cmini_series%26release_date%3d%2cdate%5b0%5d%26company%3dco0045189%26sort%3dmoviemeter%2casc%26count%3d40%26start%3d1&quot;,return)</favourite>
	<favourite name="BET" thumb="http://www1.betstatic.com/etc/designs/betcomhp/img/logo.png">ActivateWindow(10025,&quot;plugin://plugin.video.origin2/?action=tvshows&amp;url=http%3a%2f%2fwww.imdb.com%2fsearch%2ftitle%3ftitle_type%3dtv_series%2cmini_series%26release_date%3d%2cdate%5b0%5d%26company%3dco0050878%26sort%3dmoviemeter%2casc%26count%3d40%26start%3d1&quot;,return)</favourite>
	<favourite name="Crackle" thumb="https://raw.githubusercontent.com/moneymaker365/plugin.video.ustvvod/master/resources/images/crackle.png">ActivateWindow(10025,&quot;plugin://plugin.video.ustvvod/?fanart=%22C%3a%5ckodi2%5cportable_data%5caddons%5cplugin.video.ustvvod%5cfanart.jpg%22&amp;mode=%22crackle%22&amp;name=%22Crackle%22&amp;sitemode=%22rootlist%22&amp;thumb=%22C%3a%5ckodi2%5cportable_data%5caddons%5cplugin.video.ustvvod%5cresources%5cimages%5ccrackle.png%22&amp;url=%22%22&amp;sf_options=&quot;)</favourite>
	<favourite name="Animal Planet" thumb="http://vectorlogofree.com/wp-content/uploads/2011/06/animal-planet-eps-vector-logo-400x400.png">ActivateWindow(10025,&quot;plugin://plugin.video.origin2/?action=tvshows&amp;url=http%3a%2f%2fwww.imdb.com%2fsearch%2ftitle%3ftitle_type%3dtv_series%2cmini_series%26release_date%3d%2cdate%5b0%5d%26company%3dco0038145%26sort%3dmoviemeter%2casc%26count%3d40%26start%3d1&quot;,return)</favourite>
	<favourite name="HGTV" thumb="http://cdn.ulive.com/d6/3b/3d1c2f7e41a289f7d55ba7f55349/hgtv-logo-source-page.png">ActivateWindow(10025,&quot;plugin://plugin.video.origin2/?action=tvshows&amp;url=http%3a%2f%2fwww.imdb.com%2fsearch%2ftitle%3ftitle_type%3dtv_series%2cmini_series%26release_date%3d%2cdate%5b0%5d%26company%3dco0004908%26sort%3dmoviemeter%2casc%26count%3d40%26start%3d1&quot;,return)</favourite>
	<favourite name="Travel Channel" thumb="">ActivateWindow(10025,&quot;plugin://plugin.video.origin2/?action=tvshows&amp;url=http%3a%2f%2fwww.imdb.com%2fsearch%2ftitle%3ftitle_type%3dtv_series%2cmini_series%26release_date%3d%2cdate%5b0%5d%26company%3dco0042601%26sort%3dmoviemeter%2casc%26count%3d40%26start%3d1&quot;,return)</favourite>
	<favourite name="Sundance" thumb="">ActivateWindow(10025,&quot;plugin://plugin.video.origin2/?action=tvshows&amp;url=http%3a%2f%2fwww.imdb.com%2fsearch%2ftitle%3ftitle_type%3dtv_series%2cmini_series%26release_date%3d%2cdate%5b0%5d%26company%3dco0035291%26sort%3dmoviemeter%2casc%26count%3d40%26start%3d1&quot;,return)</favourite>
	<favourite name="History Channel" thumb="https://www.simpletelly.com/wp-content/uploads/2014/10/historychannel.png">ActivateWindow(10025,&quot;plugin://plugin.video.origin2/?action=tvshows&amp;url=http%3a%2f%2fwww.imdb.com%2fsearch%2ftitle%3ftitle_type%3dtv_series%2cmini_series%26release_date%3d%2cdate%5b0%5d%26company%3dco0003716%26sort%3dmoviemeter%2casc%26count%3d40%26start%3d1&quot;,return)</favourite>
	<favourite name="H2" thumb="https://www.simpletelly.com/wp-content/uploads/2014/10/historychannel.png">ActivateWindow(10025,&quot;plugin://plugin.video.origin2/?action=tvshows&amp;url=http%3a%2f%2fwww.imdb.com%2fsearch%2ftitle%3ftitle_type%3dtv_series%2cmini_series%26release_date%3d%2cdate%5b0%5d%26company%3dco0386361%26sort%3dmoviemeter%2casc%26count%3d40%26start%3d1&quot;,return)</favourite>
	<favourite name="Discovery Channel" thumb="">ActivateWindow(10025,&quot;plugin://plugin.video.origin2/?action=tvshows&amp;url=http%3a%2f%2fwww.imdb.com%2fsearch%2ftitle%3ftitle_type%3dtv_series%2cmini_series%26release_date%3d%2cdate%5b0%5d%26company%3dco0045277%26sort%3dmoviemeter%2casc%26count%3d40%26start%3d1&quot;,return)</favourite>
	<favourite name="Discovery ID" thumb="https://www.sappa.se/media/f82c7810-b1c2-4f3b-866e-c0f825cef664/-1267941594/ProgramIkoner_500_500/Discovery_ID.png?w=330">ActivateWindow(10025,&quot;plugin://plugin.video.origin2/?action=tvshows&amp;url=http%3a%2f%2fwww.imdb.com%2fsearch%2ftitle%3ftitle_type%3dtv_series%2cmini_series%26release_date%3d%2cdate%5b0%5d%26company%3dco0225421%26sort%3dmoviemeter%2casc%26count%3d40%26start%3d1&quot;,return)</favourite>
	<favourite name="National Geographic" thumb="">ActivateWindow(10025,&quot;plugin://plugin.video.origin2/?action=tvshows&amp;url=http%3a%2f%2fwww.imdb.com%2fsearch%2ftitle%3ftitle_type%3dtv_series%2cmini_series%26release_date%3d%2cdate%5b0%5d%26company%3dco0139461%26sort%3dmoviemeter%2casc%26count%3d40%26start%3d1&quot;,return)</favourite>
	<favourite name="Cartoon Network" thumb="https://raw.githubusercontent.com/moneymaker365/plugin.video.ustvvod/master/resources/images/cartoon.png">ActivateWindow(10025,&quot;plugin://plugin.video.origin2/?action=tvshows&amp;url=http%3a%2f%2fwww.imdb.com%2fsearch%2ftitle%3ftitle_type%3dtv_series%2cmini_series%26release_date%3d%2cdate%5b0%5d%26company%3dco0005780%26sort%3dmoviemeter%2casc%26count%3d40%26start%3d1&quot;,return)</favourite>
	<favourite name="Disney Channel" thumb="https://raw.githubusercontent.com/moneymaker365/plugin.video.ustvvod/master/resources/images/disney.png">ActivateWindow(10025,&quot;plugin://plugin.video.origin2/?action=tvshows&amp;url=http%3a%2f%2fwww.imdb.com%2fsearch%2ftitle%3ftitle_type%3dtv_series%2cmini_series%26release_date%3d%2cdate%5b0%5d%26company%3dco0022105%26sort%3dmoviemeter%2casc%26count%3d40%26start%3d1&quot;,return)</favourite>
	<favourite name="Disney XD" thumb="https://raw.githubusercontent.com/moneymaker365/plugin.video.ustvvod/master/resources/images/disneyxd.png">ActivateWindow(10025,&quot;plugin://plugin.video.origin2/?action=tvshows&amp;url=http%3a%2f%2fwww.imdb.com%2fsearch%2ftitle%3ftitle_type%3dtv_series%2cmini_series%26release_date%3d%2cdate%5b0%5d%26company%3dco0243675%26sort%3dmoviemeter%2casc%26count%3d40%26start%3d1&quot;,return)</favourite>
	<favourite name="Nickelodeon" thumb="https://raw.githubusercontent.com/moneymaker365/plugin.video.ustvvod/master/resources/images/nick.png">ActivateWindow(10025,&quot;plugin://plugin.video.origin2/?action=tvshows&amp;url=http%3a%2f%2fwww.imdb.com%2fsearch%2ftitle%3ftitle_type%3dtv_series%2cmini_series%26release_date%3d%2cdate%5b0%5d%26company%3dco0022565%26sort%3dmoviemeter%2casc%26count%3d40%26start%3d1&quot;,return)</favourite>
	<favourite name="NetFlix Movies" thumb="">ActivateWindow(10025,&quot;plugin://plugin.video.origin2/?action=movies&amp;url=http%3a%2f%2fwww.imdb.com%2fsearch%2ftitle%3ftitle_type%3dfeature%26release_date%3d%2cdate%5b0%5d%26company%3dco0144901%26sort%3dmoviemeter%2casc%26count%3d40%26start%3d1&quot;,return)</favourite>
	<favourite name="Amazon Movies" thumb="">ActivateWindow(10025,&quot;plugin://plugin.video.origin2/?action=movies&amp;url=http%3a%2f%2fwww.imdb.com%2fsearch%2ftitle%3ftitle_type%3dfeature%26release_date%3d%2cdate%5b0%5d%26company%3dco0319272%26sort%3dmoviemeter%2casc%26count%3d40%26start%3d1&quot;,return)</favourite>
	<favourite name="Cinemax" thumb="https://atlanticbb.com/sites/all/themes/atlanticbb/images/logos/cinemax.png">ActivateWindow(10025,&quot;plugin://plugin.video.origin2/?action=tvshows&amp;url=http%3a%2f%2fwww.imdb.com%2fsearch%2ftitle%3ftitle_type%3dtv_series%2cmini_series%26release_date%3d%2cdate%5b0%5d%26company%3dco0057633%26sort%3dmoviemeter%2casc%26count%3d40%26start%3d1&quot;,return)</favourite>
	<favourite name="Vice" thumb="">ActivateWindow(10025,&quot;plugin://plugin.video.origin2/?action=tvshows&amp;url=http%3a%2f%2fwww.imdb.com%2fsearch%2ftitle%3ftitle_type%3dtv_series%2cmini_series%26release_date%3d%2cdate%5b0%5d%26company%3dco0417179%26sort%3dmoviemeter%2casc%26count%3d40%26start%3d1&quot;,return)</favourite>
</favourites>