<favourites>
	<favourite name="TDB Wizard" thumb="https://pbs.twimg.com/profile_images/744307228447019008/mjZj4ilm.jpg">ActivateWindow(10001,&quot;plugin://plugin.video.tdbwizard/&quot;,return)</favourite>
	<favourite name="Ares Wizard" thumb="http://rocketdock.com/images/screenshots/aresiconpu9.png">ActivateWindow(10001,&quot;plugin://script.areswizard&quot;,return)</favourite>
	<favourite name="Security Shield" thumb="http://datamartinc.com/wp-content/uploads/2015/10/datasecure-1.png">ActivateWindow(10001,&quot;plugin://plugin.program.securityshield/&quot;,return)</favourite>
	<favourite name="Addon Installer" thumb="https://superrepo.org/static/images/icons/original/xplugin.program.addoninstaller.png.pagespeed.ic.vEVNa39Y5L.png">ActivateWindow(10025,&quot;plugin://plugin.program.addoninstaller/&quot;,return)</favourite>
</favourites>