<favourites>
	<favourite name="Arena Sports 1" thumb="">PlayMedia(&quot;http://80.243.189.26:8889/miosptvarena1/index.m3u8?sf_options=winID%3D10025%26_options_sf&quot;)</favourite>
	<favourite name="Arena Sports 2" thumb="">PlayMedia(&quot;http://80.243.189.26:8889/miosptvarena2/index.m3u8?sf_options=winID%3D10025%26_options_sf&quot;)</favourite>
	<favourite name="Arena Sports 3" thumb="">PlayMedia(&quot;http://80.243.189.26:8889/miosptvarena3/index.m3u8?sf_options=winID%3D10025%26_options_sf&quot;)</favourite>
	<favourite name="Arena Sports 4" thumb="">PlayMedia(&quot;http://80.243.189.26:8889/miosptvarena4/index.m3u8?sf_options=winID%3D10025%26_options_sf&quot;)</favourite>
</favourites>