<favourites>
	<favourite name="[COLOR blue]FOX[/COLOR] College Sports (Pacific)" thumb="">PlayMedia(&quot;http://ftve1100-i.akamaihd.net/hls/live/217047/fcsp/3964k/prog.m3u8?sf_options=winID%3D10025%26_options_sf&quot;)</favourite>
	<favourite name="[COLOR blue]FOX[/COLOR] College Sports (Central)" thumb="">PlayMedia(&quot;http://ftve1100-i.akamaihd.net/hls/live/217046/fcsc/3964k/prog.m3u8?sf_options=winID%3D10025%26_options_sf&quot;)</favourite>
	<favourite name="[COLOR blue]FOX[/COLOR] College Sports (Atlantic)" thumb="">PlayMedia(&quot;http://ftve1100-i.akamaihd.net/hls/live/217045/fcsa/3964k/prog.m3u8?sf_options=winID%3D10025%26_options_sf&quot;)</favourite>
	<favourite name="[COLOR black]BigTEN Sports Network (DOWN)[/COLOR]" thumb="">PlayMedia(&quot;http://bigten247.cdnak.bigtenhd.neulion.com/nlds/btn2go/btnnetwork/as/live/btnnetwork_hd_3000.m3u8?sf_options=winID%3D10025%26_options_sf&quot;)</favourite>
	<favourite name="[COLOR gold]PAC-12[/COLOR] National" thumb="">PlayMedia(&quot;http://xrxs.net/video/live-p12netw-4728.m3u8?sf_options=winID%3D10025%26_options_sf&quot;)</favourite>
	<favourite name="[COLOR gold]PAC-12[/COLOR] Arizona" thumb="">PlayMedia(&quot;http://xrxs.net/video/live-p12ariz-4728.m3u8?sf_options=winID%3D10025%26_options_sf&quot;)</favourite>
	<favourite name="[COLOR gold]PAC-12[/COLOR] Bay Area" thumb="">PlayMedia(&quot;http://xrxs.net/video/live-p12baya-4728.m3u8?sf_options=winID%3D10025%26_options_sf&quot;)</favourite>
	<favourite name="[COLOR gold]PAC-12[/COLOR] L.A." thumb="">PlayMedia(&quot;http://xrxs.net/video/live-p12losa-4728.m3u8?sf_options=winID%3D10025%26_options_sf&quot;)</favourite>
	<favourite name="[COLOR gold]PAC-12[/COLOR] Mountain" thumb="">PlayMedia(&quot;http://xrxs.net/video/live-p12moun-4728.m3u8?sf_options=winID%3D10025%26_options_sf&quot;)</favourite>
	<favourite name="[COLOR gold]PAC-12[/COLOR]: Washington" thumb="">PlayMedia(&quot;http://xrxs.net/video/live-p12wash-4728.m3u8?sf_options=winID%3D10025%26_options_sf&quot;)</favourite>
	<favourite name="[COLOR gold]PAC-12[/COLOR]: Oregon" thumb="">PlayMedia(&quot;http://xrxs.net/video/live-p12oreg-4728.m3u8?sf_options=winID%3D10025%26_options_sf&quot;)</favourite>
</favourites>