<favourites>
	<favourite name="UFC OnDemand" thumb="https://yt3.ggpht.com/-QeD1gcM_f7k/AAAAAAAAAAI/AAAAAAAAAAA/RrU6oF2FBU0/s240-c-k-no/photo.jpg">ActivateWindow(10025,&quot;plugin://plugin.video.youtube/channel/UCvgfXK4nTYKudb0rFR6noLA/&quot;,return)</favourite>
	<favourite name="UFC ON FOX" thumb="https://yt3.ggpht.com/-lj8-zSzRk4E/AAAAAAAAAAI/AAAAAAAAAAA/7PEm8PTojB8/s240-c-k-no/photo.jpg">ActivateWindow(10025,&quot;plugin://plugin.video.youtube/channel/UCv_s-FKXBwsq1zy4GCR3Ycw/&quot;,return)</favourite>
	<favourite name="[COLOR black]Replay - BACKUP[/COLOR]" thumb="http://s14.postimg.org/os4vwebfl/replays.jpg">ActivateWindow(10025,&quot;plugin://plugin.program.super.favourites/?label=[COLOR black]Replay - BACKUP[/COLOR]&amp;mode=400&amp;path=special%3A%2F%2Fhome%2Faddons%2Fscript.supafav%2FSuper%20Favourites%5CSports%5CUFC%5CReplay%20-%20BACKUP&amp;sf_options=fanart%3Dhttp%3A%2F%2Fwww.schoolsplus.co.uk%2Fharrispurley%2Fwp-content%2Fuploads%2Fsites%2F20%2F2014%2F08%2FSP-Harris-Purley-Pitch2.jpg%26_options_sf&quot;)</favourite>
	<favourite name="UFC 200: Tate Vs Nunes" thumb="http://wweo.org/cover/wweo-UFC-200-Tate-Vs-Nunes-Lesnar-Vs-Hunt.jpg">ActivateWindow(10025,&quot;plugin://plugin.video.wweonline/?img=http%3a%2f%2fwweo.org%2fcover%2fwweo-UFC-200-Tate-Vs-Nunes-Lesnar-Vs-Hunt.jpg&amp;mode=GetLinks&amp;title=Ufc%20200%3a%20Tate%20Vs%20Nunes&amp;type=New&amp;url=http%3a%2f%2fwweo.org%2f%3fmovie%3d%2finfo%2f5769%2fufc-200%3a-tate-vs-nunes&quot;,return)</favourite>
	<favourite name="UFC Replay" thumb="special://home/addons\plugin.video.watchwrestling\icons\ufc.jpg">ActivateWindow(10025,&quot;plugin://plugin.video.watchwrestling/?img=C%3a%5ckodi%5cportable_data%5caddons%5cplugin.video.watchwrestling%5cicons%5cufc.jpg&amp;mode=Page&amp;page=1&amp;sort=date&amp;sortorder=desc&amp;title=UFC&amp;url=http%3a%2f%2fwatchwrestling.tc%2fcategory%2fother-sports%2fufc%2f&quot;,return)</favourite>
</favourites>