<favourites>
	<favourite name="[COLOR blue]Live[/COLOR] Games [COLOR black] - ProSports[/COLOR]" thumb="http://img13.deviantart.net/1ece/i/2005/332/7/1/nhl_logo_by_smilersmiles.png">ActivateWindow(10025,&quot;plugin://plugin.video.prosport/?away&amp;home&amp;mode=nhl&amp;url&amp;sf_options=&quot;,return)</favourite>
	<favourite name="[COLOR blue]Live[/COLOR] Games [COLOR black] - StreamHD.eu[/COLOR]" thumb="special://home/addons\plugin.video.SportsDevil\resources\images\streamhd.png">ActivateWindow(10025,&quot;plugin://plugin.video.SportsDevil/?item=videoTitle%3d%252ASchedule%252A%26title%3d%252ASchedule%252A%26url%3dhttp%3A%2F%2Fwww.streamhd.eu%2Fnhl%2Findex.php%26cfg%3dstreamhd.eu.cfg%2540Schedule%26definedIn%3dtv%252Fstreamhd.eu.cfg%26director%3dstreamhd.eu%26genre%3dTV%26type%3donce%26icon%3d&amp;mode=1&quot;,return)</favourite>
	<--! favourite name="[COLOR blue]Live[/COLOR] Games [COLOR black]- Cricfree[/COLOR]" thumb="http://cricfree.tv/images/cricfree.png">ActivateWindow(10025,&quot;plugin://plugin.video.SportsDevil/?item=title%3d%252ASchedule%252A%26url%3dhttp%3A%2F%2Fcricfree.sc%2Fhockey-live-stream%26cfg%3dcricfree.tv.cfg%2540Schedule%26definedIn%3dtv%252Fcricfree.tv.cfg%26director%3dcricfree.tv%26genre%3dTV%26type%3donce%26icon%3dhttp%253A%252F%252Fcricfree.tv%252Fimages%252Fcricfree.png&amp;mode=1&quot;,return)</favourite>
	
	<favourite name="[COLOR blue]Live[/COLOR] Games [COLOR black] - StreamHunter[/COLOR]" thumb="http://img13.deviantart.net/1ece/i/2005/332/7/1/nhl_logo_by_smilersmiles.png">ActivateWindow(10025,&quot;plugin://plugin.video.SportsDevil/?item=title%3dHockey%26url%3dhttp%253A%252F%252Fwww.batmanstream.com%252Fhockey-live-streaming-video-2015.html%26cfg%3dlshunter-new.cfg%2540Events%26definedIn%3dlivesports%252Flshunter-new.cfg%26director%3dLSHunter.tv%26genre%3dLive%2bSports%26type%3drss%26icon%3d&amp;mode=1&quot;,return)</favourite>
	
	
	
	
	<favourite name="[COLOR blue]Live[/COLOR] Games [COLOR black] - B-Streams[/COLOR]" thumb="http://img13.deviantart.net/1ece/i/2005/332/7/1/nhl_logo_by_smilersmiles.png">ActivateWindow(10025,&quot;plugin://plugin.video.SportsDevil/?item=title%3dBundesliga-Streams.net%26url%3dlivesports%252Fbundesliga-streams.net.cfg%26definedIn%3dlivesports.cfg%26director%3dbundesliga-streams.net%26genre%3dLive%2bSports%26type%3drss%26icon%3d&amp;mode=1&quot;,return)</favourite>
	<favourite name="[COLOR blue]Live[/COLOR] Games [COLOR black] - DimSports[/COLOR]" thumb="http://img13.deviantart.net/1ece/i/2005/332/7/1/nhl_logo_by_smilersmiles.png">ActivateWindow(10025,&quot;plugin://plugin.video.SportsDevil/?item=title%3dIce%2bHockey%26url%3dhttp%253A%252F%252Fwww.idimsports.eu%252Fice-hockey.html%26cfg%3ddimsports.eu.links.cfg%26definedIn%3dlivesports%252Fdimsports.eu.cfg%26director%3ddimsports.eu%26genre%3dLive%2bSports%26type%3drss%26icon%3d&amp;mode=1&quot;,return)</favourite>
	
	<--! favourite name="[COLOR blue]Live[/COLOR] Games [COLOR black] - mamaHD[/COLOR]" thumb="">ActivateWindow(10025,&quot;plugin://plugin.video.ufc-finest/?description&amp;fanart=&amp;mode=11&amp;name=NHL Live&amp;url=http%3a%2f%2fmamahd.com%2fhockey-live-stream.html&quot;,return)</favourite>
	
	<favourite name="" thumb="">ActivateWindow(10025,&quot;plugin://plugin.video.null&quot;)</favourite>
	<favourite name="NHL Replays" thumb="http://www.shauntmax30.com/data/out/29/1189697-100-hdq-nhl-wallpapers.png">ActivateWindow(10025,&quot;plugin://plugin.video.bob/?action=directory&amp;content=sportss&amp;url=sport_hockeyrecaps&quot;,return)</favourite>
</favourites>