{
 "name"         : "1Channel",
 "plugin"       : "plugin.video.1channel",
 "priority"     : 900,
 "id"           : "provider.midraal.1channel.search.direct.play",
 "filters"      : {},
 "postprocess"  : "",
 "movies"       : [
  [
   {
    "link"      : "plugin://plugin.video.1channel/?section=movie&mode=Search&query={title}",
    "steps"     : [
     ".*{title}.*{year}.*"
     ],
    "action"    : "PLAY"
   }
  ]
 ],
 "tvshows"      : [
  [
   {
    "link"      : "plugin://plugin.video.1channel/?section=tv&mode=Search&query={clearname}",
    "steps"     : [
     ".*{clearname}.*{year}.*",
     ".*{season}",
     ".*x{episode} .*"
     ],
    "action"    : "PLAY"
   }
  ]
 ],
 "live"         : []
}