{
 "name"         : "Blue Phoenix",
 "repository"   : "repository.xbmchub",
 "plugin"       : "plugin.video.phstreams",
 "priority"     : 900,
 "id"           : "provider.bluephoenix.herplayer.direct.activate",
 "filters"      : {},
 "postprocess"  : "",
 "movies"       : [
  [
   {
    "link"      : "plugin://plugin.video.phstreams/?action=addSearch&url={title}",
    "steps"     : [
     "HER PlACE.*{title}"
     ],
    "action"    : "ACTIVATE"
   }
  ]
 ],
 "tvshows"      : [
  [
   {
    "link"      : "plugin://plugin.video.phstreams/?action=directory&url=http%3a%2f%2fherplace.offshorepastebin.com%2fTV%2520Shows%2fShows.xml",
    "steps"     : [
     ".*{clearname}.*",
     ".*{clearname}.*Season {season}.*",
     ".*S{season:02d}E{episode:02d}.*"
     ],
    "action"    : "ACTIVATE"
   },
   {
    "link"      : "plugin://plugin.video.phstreams/?action=directory&url=http%3a%2f%2fherplace.offshorepastebin.com%2fTV%2520Shows%2fShows.xml",
    "steps"     : [
     ".*{clearname}.*",
     ".*{clearname}.*",
     ".*S{season:02d}E{episode:02d}.*"
     ],
    "action"    : "ACTIVATE"
   },
   {
    "link"      : "plugin://plugin.video.phstreams/?action=directory&url=http%3a%2f%2fherplace.offshorepastebin.com%2fMini%2520Series%2fMini%2520Series.xml",
    "steps"     : [
     ".*{clearname}.*",
     ".*{title}.*"
     ],
    "action"    : "ACTIVATE"
   },
   {
    "link"      : "plugin://plugin.video.phstreams/?action=directory&url=http%3a%2f%2fherplace.offshorepastebin.com%2fMini%2520Series%2fMini%2520Series.xml",
    "steps"     : [
     ".*{clearname}.*",
     ".*{episode}.*"
     ],
    "action"    : "ACTIVATE"
   }
  ]
 ],
 "music"        : [],
 "music_video"  : [],
 "live"         : [
  [
   {
    "link"      : "plugin://plugin.video.phstreams/?action=addSearch&url={clearname}",
    "steps"     : [
     ".*{clearname}",
     ".*",
     ".*{episode:02d}"
    ],
    "action"    : "ACTIVATE"
   },
   {
    "link"      : "plugin://plugin.video.phstreams/?action=addSearch&url={clearname}",
    "steps"     : [
     ".*{clearname}.*",
     ".*{season}$$.*",
     ".*{episode:02d}$$.*"
     ],
    "action"    : "ACTIVATE"
   },
   {
    "link"      : "plugin://plugin.video.phstreams",
    "steps"     : [
     "Phoenix TV",
     "@any",
     ".*{basename}$$*{extension}($$*.$$*)?{delay}"
     ],
    "action"    : "ACTIVATE"
   },
   {
    "link"      : "plugin://plugin.video.phstreams",
    "steps"     : [
     "Phoenix TV",
     "@any",
     ".*{basename|replace(*, star)}"
     ],
    "action"    : "ACTIVATE"
   }
  ]
 ]
}