<favourites>
	<favourite name="Cooking on YouTube Volume 1" thumb="special://home/addons\plugin.video.yt-cook\icon.png">ActivateWindow(10025,&quot;plugin://plugin.video.yt-cook?sf_options=fanart%3Dspecial%3A%2F%2Fhome%2Faddons%5Cplugin.video.yt-cook%5Cfanart.jpg%26desc%3DThousands+of+recipes+and+cooking+how-to+videos+on+YouTube+Volume+1.+50+channels%2Fplaylists+including+Jamie+Oliver%2C+America%27s+Test+Kitchen%2C+One+Pot+Chef+Show%2C+Food+Wishes%2C+Siu%27s+Cooking+%28Chinese%29%2C+Maangchi+%28Korean+Cuisine%29%2C+India+Food+Network%2C+Gordon+Ramsay+and+BBQ+Pit+Boys.%26_options_sf&quot;,return)</favourite>
	<favourite name="Cooking on YouTube Volume 2" thumb="special://home/addons\plugin.video.yt-cook2\icon.png">ActivateWindow(10025,&quot;plugin://plugin.video.yt-cook2?sf_options=fanart%3Dspecial%3A%2F%2Fhome%2Faddons%5Cplugin.video.yt-cook2%5Cfanart.jpg%26desc%3DThousands+of+recipes+and+cooking+how-to+videos+on+YouTube+Volume+2.+50+channels%2Fplaylists+including+Sichuan%2CCantonese+and+Hunan+Cuisine%2C+Rockin+Robin%27s+Cooking+Mexican+Recipes+and+The+Frugal+Chef.%26_options_sf&quot;,return)</favourite>
	<favourite name="Cooking on YouTube Volume 3" thumb="special://home/addons\plugin.video.yt-cook3\icon.png">ActivateWindow(10025,&quot;plugin://plugin.video.yt-cook3?sf_options=fanart%3Dspecial%3A%2F%2Fhome%2Faddons%5Cplugin.video.yt-cook3%5Cfanart.jpg%26desc%3DThousands+of+recipes+and+cooking+how-to+videos+on+YouTube+Volume+3.+Includes+many+Weight+Watchers+and+Weight+Watchers+Points+Plus+Recipes.+Diabetic+and+Gluten+Free+recipes%2C+and+many+more%21%26_options_sf&quot;,return)</favourite>
	<favourite name="[I][COLOR green]Fitness[/COLOR][/I]" thumb="http://dij.dijentertainments.co.uk/pics/health.png">ActivateWindow(10025,&quot;plugin://plugin.video.dijentertainments/?fanart&amp;mode=1&amp;name=%5bI%5d%5bCOLOR%20green%5dFitness%5b%2fCOLOR%5d%5b%2fI%5d&amp;url=http%3a%2f%2fdij.dijentertainments.co.uk%2flists%2fxml%2ffitness%2ffitnessdir.xml&quot;,return)</favourite>
	<favourite name="[COLOR hotpink]Workout[/COLOR]" thumb="http://s6.postimg.org/re40an269/fitness_woman_perspiration_2_1.jpg">ActivateWindow(10025,&quot;plugin://plugin.video.phstreams/?action=ndmode&amp;audio=0&amp;content=0&amp;fanart=http%3a%2f%2f7-themes.com%2fdata_images%2fout%2f59%2f6973439-beautiful-forest-photos.jpg&amp;image=http%3a%2f%2fs6.postimg.org%2fre40an269%2ffitness_woman_perspiration_2_1.jpg&amp;name=%5bCOLOR%20hotpink%5dWorkout%5b%2fCOLOR%5d&amp;playable=false&amp;tvshow=0&amp;url=http%3a%2f%2fhonolulu.watchkodi.com%2fFitness%2fFitness%2520Main.xml&amp;sf_options=fanart%3Dhttp%3A%2F%2F7-themes.com%2Fdata_images%2Fout%2F59%2F6973439-beautiful-forest-photos.jpg%26desc%3DDiscover+Great+Streaming+Playlists%21%26_options_sf&quot;,return)</favourite>
	<favourite name="[COLOR green]Fitness[/COLOR]" thumb="http://thebeastkodi.uk/addon/marvinfitness.jpg">ActivateWindow(10025,&quot;plugin://plugin.video.marvin/?description&amp;iconimage=http%3a%2f%2fthebeastkodi.uk%2faddon%2fmarvinfitness.jpg&amp;mode=1&amp;name=%5bCOLOR%20green%5dFitness%5b%2fCOLOR%5d&amp;url=http%3a%2f%2fthebeastkodi.uk%2faddon%2fFitness.txt&amp;sf_options=fanart%3Dspecial%3A%2F%2Fhome%2Faddons%5Cplugin.video.marvin%5Cfanart.jpg%26_options_sf&quot;,return)</favourite>
	<favourite name="[COLOR red][COLOR white]FITNESS[COLOR red] [COLOR lime][/COLOR][/COLOR]" thumb="http://i1295.photobucket.com/albums/b636/beatbox8501/FITNESS_zpsef9go3z1.png">ActivateWindow(10025,&quot;plugin://plugin.video.streamengine/?date&amp;description&amp;iconimage=http%3a%2f%2fi1295.photobucket.com%2falbums%2fb636%2fbeatbox8501%2fFITNESS_zpsef9go3z1.png&amp;mode=1&amp;name=%5bCOLOR%20red%5d%5bCOLOR%20white%5dFITNESS%5bCOLOR%20red%5d%20%5bCOLOR%20lime%5d%5b%2fCOLOR%5d%5b%2fCOLOR%5d&amp;page&amp;play&amp;url=https%3a%2f%2fpastebin.com%2fraw.php%3fi%3dqTYGkdxm&amp;sf_options=fanart%3Dhttp%3A%2F%2Fi1295.photobucket.com%2Falbums%2Fb636%2Fbeatbox8501%2Fwallpaper_zpsopwvguho.jpg%26_options_sf&quot;,return)</favourite>
</favourites>