<favourites>
<favourite name="[COLOR blue]Enable Adult Content[/COLOR]" thumb="">PlayMedia(&quot;plugin://plugin.video.water/?url=http%3A%2F%2Fgoogledrive.com%2Fhost%2F0B-bY5h-uWEgZbndYVGZVYmJvb0E%2Fbuild%2Fadultrepos.zip&amp;mode=1&amp;name=Adult+Repos&amp;sf_options=winID%3D10025%26_options_sf&quot;,return)</favourite>
<favourite name="" thumb="">PlayMedia(&quot;plugin://plugin.video.none?sf_options=winID%3D10025%26_options_sf&quot;,return)</favourite>
	<favourite name="Ultimate Whitecream" thumb="special://home/addons\plugin.video.uwc\icon.png">ActivateWindow(10025,&quot;plugin://plugin.video.uwc?sf_options=fanart%3Dspecial%3A%2F%2Fhome%2Faddons%5Cplugin.video.uwc%5Cfanart.jpg%26desc%3DWatch+%5BCOLOR+red%5D%5BB%5DADULT%5B%2FB%5D%5B%2FCOLOR%5D+Movies+with+Ultimate+WhiteCream%26_options_sf&quot;,return)</favourite>
	<favourite name="3XZ" thumb="C:\kodi15final\portable_data\addons\plugin.video.adult.3xz\icon.png">ActivateWindow(10025,&quot;plugin://plugin.video.adult.3xz/&amp;sf_options=&quot;,return)</favourite>
	
	
	<favourite name="" thumb="">PlayMedia(&quot;plugin://plugin.video.none?sf_options=winID%3D10025%26_options_sf&quot;,return)</favourite>
	<favourite name="Pornstars" thumb="DefaultFolder.png">ActivateWindow(10025,&quot;plugin://plugin.video.uwc/?channel=None&amp;keyword&amp;mode=15&amp;name=%5bCOLOR%20hotpink%5dTop%20Pornstars%5b%2fCOLOR%5d&amp;page&amp;section=None&amp;url=http%3a%2f%2fwww.watchxxxfree.com%2ftop-pornstars%2f&quot;,return)</favourite>
	<favourite name="Premuim Sites" thumb="DefaultFolder.png">ActivateWindow(10025,&quot;plugin://plugin.video.uwc/?channel=None&amp;keyword&amp;mode=263&amp;name=%5bCOLOR%20hotpink%5dCategories%5b%2fCOLOR%5d&amp;page&amp;section=None&amp;url=http%3a%2f%2fwww.ero-tik.com&quot;,return)</favourite>
	<favourite name="HD" thumb="DefaultFolder.png">ActivateWindow(10025,&quot;plugin://plugin.video.uwc/?channel=None&amp;keyword&amp;mode=5&amp;name=%5bCOLOR%20hotpink%5dOne%20list%2c%20to%20watch%20them%20all%5b%2fCOLOR%5d&amp;page=1&amp;section=None&amp;url&quot;,return)</favourite>
	
	<favourite name="" thumb="">PlayMedia(&quot;plugin://plugin.video.none?sf_options=winID%3D10025%26_options_sf&quot;,return)</favourite>
	<favourite name="Empflix" thumb="special://home/addons\plugin.video.empflix\icon.png">ActivateWindow(10025,&quot;plugin://plugin.video.empflix/?sf_options=desc%3DEmpflix.com+features+a+variety+of+adult+videos.+This+addon+contains+explicit+adult+material.+You+may+only+view+this+addon+if+you+are+at+least+18+years+of+age%2C+or+at+least+the+age+of+majority+in+the+jurisdiction+where+you+reside+or+from+which+you+access+this+content.+If+you+do+not+meet+these+requirements%2C+then+you+do+not+have+permission+to+use+this+addon.++All+content+is+hosted+by+empflix.com.%26_options_sf&quot;,return)</favourite>
	<favourite name="Fantasti.cc" thumb="special://home/addons\plugin.video.fantasticc\icon.png">ActivateWindow(10025,&quot;plugin://plugin.video.fantasticc/&amp;sf_options=&quot;)</favourite>
	<favourite name="Lubetube" thumb="special://home/addons\plugin.video.lubetube\icon.png">ActivateWindow(10025,&quot;plugin://plugin.video.lubetube/&amp;sf_options=&quot;)</favourite>
	<favourite name="Tube8" thumb="special://home/addons\plugin.video.tube8\icon.png">ActivateWindow(10025,&quot;plugin://plugin.video.tube8/&amp;sf_options=&quot;)</favourite>
	<favourite name="YouJizz.com" thumb="special://home/addons\plugin.video.you.jizz\icon.png">ActivateWindow(10025,&quot;plugin://plugin.video.you.jizz/?sf_options=desc%3D%2A%2A%2A%2AADULT+CONTENT%2A%2A%2A%2A%2A+Watch+erotic+and+sexy+videos+from+YouJizz.com%26_options_sf&quot;,return)</favourite>
	<favourite name="More Sites...." thumb="special://home/addons\plugin.video.videodevil\icon.png">ActivateWindow(10025,&quot;plugin://plugin.video.videodevil/&amp;sf_options=&quot;)</favourite>
	<favourite name="" thumb="">PlayMedia(&quot;plugin://plugin.video.none?sf_options=winID%3D10025%26_options_sf&quot;,return)</favourite>
	
	<favourite name="" thumb="">PlayMedia(&quot;plugin://plugin.video.none?sf_options=winID%3D10025%26_options_sf&quot;,return)</favourite>
	<favourite name="Sites" thumb="special://home/addons\plugin.video.adult.3xz\icon.png">ActivateWindow(10025,&quot;plugin://plugin.program.super.favourites/?label=Sites&amp;mode=400&amp;folder=More%2FxAdult%2FSites&amp;sf_options=fanart%3Dspecial%3A%2F%2Fhome%2Faddons%5Cplugin.video.adult.3xz%5Cfanart.jpg%26_options_sf&quot;)</favourite>
</favourites>