<favourites>
	<favourite name="Castaway" thumb="https://offshoregit.com/natko1412/zips/plugin.video.castaway/icon.png">ActivateWindow(10025,&quot;plugin://plugin.video.castaway?sf_options=fanart%3Dspecial%3A%2F%2Fhome%2Faddons%5Cplugin.video.castaway%5Cfanart.jpg%26desc%3DProvides+access+to+live+content+from+many+sites.%26_options_sf&quot;,return)</favourite>
	<favourite name="SportsDevil" thumb="http://icons.iconarchive.com/icons/pixelpirate/futurama/128/Robot-Devil-icon.png">ActivateWindow(10025,&quot;plugin://plugin.video.SportsDevil&amp;sf_options=&quot;)</favourite>
	<favourite name="ZemTV Sports" thumb="DefaultFolder.png">ActivateWindow(10025,&quot;plugin://plugin.video.ZemTV-shani/?mode=13&amp;name=Sports&amp;url=Live&amp;sf_options=&quot;,return)</favourite>
	<favourite name="[COLOR black]Live Events - CastAway[/COLOR]" thumb="special://home/addons\plugin.video.castaway\resources/media/live_sport.jpg">ActivateWindow(10025,&quot;plugin://plugin.video.castaway/?mode=live_sport&amp;sf_options=fanart%3Dspecial%3A%2F%2Fhome%2Faddons%5Cplugin.video.castaway%2Ffanart.jpg%26_options_sf&quot;,return)</favourite>
	<favourite name="[COLOR black]Live Events - SportsDevil[/COLOR]" thumb="special://home/addons\plugin.video.SportsDevil\resources\images\livesports.png">ActivateWindow(10025,&quot;plugin://plugin.video.SportsDevil/?item=title%3dLive%2bSports%26url%3dlivesports.cfg%26definedIn%3dmainMenu.cfg%26director%3dSportsDevil%26genre%3dLive%2bSports%26type%3drss%26icon%3dC%253A%255Ckodi%255Cportable_data%255Caddons%255Cplugin.video.SportsDevil%255Cresources%255Cimages%255Clivesports.png&amp;mode=1&amp;sf_options=fanart%3Dspecial%3A%2F%2Fhome%2Faddons%5Cplugin.video.SportsDevil%5Cfanart.jpg%26_options_sf&quot;,return)</favourite>
	<favourite name="Huddle Up Sports" thumb="http://s20.postimg.org/uc9x9wpgt/huddle.jpg">ActivateWindow(10025,&quot;plugin://plugin.video.phstreams/?action=HuddleDirectory&amp;audio=0&amp;content=0&amp;fanart=http%3a%2f%2fs20.postimg.org%2frgj1xthbh%2fWoody_Icon.jpg&amp;image=http%3a%2f%2fs20.postimg.org%2fuc9x9wpgt%2fhuddle.jpg&amp;name=%5bCOLOR%20orange%5dHUDDLE%20UP%20SPORTS%5b%2fCOLOR%5d&amp;playable=false&amp;tvshow=0&amp;url&amp;sf_options=fanart%3Dhttp%3A%2F%2Fs20.postimg.org%2Frgj1xthbh%2FWoody_Icon.jpg%26desc%3DDiscover+Great+Streaming+Playlists%21%26_options_sf&quot;,return)</favourite>
	<favourite name="UKTurk" thumb="http://metalkettle.co/UKTurk18022016/thumbs/new/Uk%20turk%20thumbnails%20sports.jpg">ActivateWindow(10025,&quot;plugin://plugin.video.ukturk/?description&amp;iconimage=http%3a%2f%2fmetalkettle.co%2fUKTurk18022016%2fthumbs%2fnew%2fUk%2520turk%2520thumbnails%2520sports.jpg&amp;mode=1&amp;name=Sports&amp;url=http%3a%2f%2fmetalkettle.co%2fUKTurk18022016%2fSportsList.txt&amp;sf_options=fanart%3Dspecial%3A%2F%2Fhome%2Faddons%5Cplugin.video.ukturk%5Cfanart.jpg%26_options_sf&quot;,return)</favourite>
	<favourite name="[COLOR aliceblue]Backup Channels[/COLOR]" thumb="">ActivateWindow(10025,&quot;plugin://plugin.program.super.favourites/?label=[COLOR aliceblue]Channels[/COLOR]&amp;mode=400&amp;folder=Sports%2FChannels%2FChannels&amp;sf_options=fanart%3DNULL%26_options_sf&quot;)</favourite>
</favourites>