<favourites>
	<favourite name="Search" thumb="http://googledrive.com/host/0B-bY5h-uWEgZQVJQZ0lzUTdBeFE/icons/searchtv.png">ActivateWindow(10025,&quot;plugin://plugin.video.origin2/?action=tvSearch&quot;,return)</favourite>
	<favourite name="Browse" thumb="https://googledrive.com/host/0B-bY5h-uWEgZQVJQZ0lzUTdBeFE/icons/categories.png">ActivateWindow(10025,&quot;plugin://plugin.program.super.favourites/?folder=tv shows/browse&quot;,return)</favourite>
	<favourite name="OnDemand" thumb="special://home/addons\plugin.video.genesis\resources\media\gone\tvshows.jpg">ActivateWindow(10025,&quot;plugin://plugin.program.super.favourites/?folder=more/_scratch/tv/sort/ondemand&quot;)</favourite>
	<favourite name="OnDemand" thumb="http://googledrive.com/host/0B-bY5h-uWEgZQVJQZ0lzUTdBeFE/icons/apps/ondemand.jpg">ActivateWindow(10025,&quot;plugin://plugin.program.super.favourites/?folder=tv shows/ondemand&quot;,return)</favourite>
</favourites>