<favourites>
	<favourite name="Vice" thumb="http://www.vice.com/assets/images/vice/og/og-image.jpg">ActivateWindow(10025,&quot;plugin://plugin.video.youtube/channel/UCn8zNIfYAQNdrFRrr8oibKw/&quot;,return)</favourite>
	<favourite name="Vice News" thumb="http://a5.mzstatic.com/us/r30/Purple69/v4/8e/96/c7/8e96c725-6b07-6d16-877e-351b4ebcd5b6/icon175x175.png">ActivateWindow(10025,&quot;plugin://plugin.video.youtube/user/vicenews/&quot;,return)</favourite>
	<favourite name="VICELAND" thumb="https://yt3.ggpht.com/-eHn3-vaOb3Y/AAAAAAAAAAI/AAAAAAAAAAA/2y3py4kCs5A/s240-c-k-no/photo.jpg">ActivateWindow(10025,&quot;plugin://plugin.video.youtube/channel/UCWF0PiUvUi3Jma2oFgaiX2w/&quot;,return)</favourite>
	<favourite name="Munchies" thumb="https://yt3.ggpht.com/-VXDa5ce1Zr0/AAAAAAAAAAI/AAAAAAAAAAA/yLyEVhQzQIw/s240-c-k-no/photo.jpg">ActivateWindow(10025,&quot;plugin://plugin.video.youtube/channel/UCaLfMkkHhSA_LaCta0BzyhQ/&quot;,return)</favourite>
	<favourite name="Noisey" thumb="https://yt3.ggpht.com/-WHdsTGMMGoo/AAAAAAAAAAI/AAAAAAAAAAA/YG6V1iqrJUg/s240-c-k-no/photo.jpg">ActivateWindow(10025,&quot;plugin://plugin.video.youtube/channel/UC0iwHRFpv2_fpojZgQhElEQ/&quot;,return)</favourite>
	<favourite name="Broadly" thumb="https://yt3.ggpht.com/-vxsNK4Vcxtc/AAAAAAAAAAI/AAAAAAAAAAA/8Vzv_2qP1a4/s240-c-k-no/photo.jpg">ActivateWindow(10025,&quot;plugin://plugin.video.youtube/channel/UCfQDD-pbllOCXHYwiXxjJxA/&quot;,return)</favourite>
	<favourite name="Fightland" thumb="https://yt3.ggpht.com/-9qgwTne7hnk/AAAAAAAAAAI/AAAAAAAAAAA/a9FJtjZWMGs/s240-c-k-no/photo.jpg">ActivateWindow(10025,&quot;plugin://plugin.video.youtube/channel/UCVfmHpXONv-LVACBV68tq5Q/&quot;,return)</favourite>
	<favourite name="[B]Weediquette[/B] (2016)" thumb="http://images.primewire.ag/thumbs/2774933_Weediquette.jpg">ActivateWindow(10025,&quot;plugin://plugin.video.1channel/?img=http%3A%2F%2Fimages.primewire.ag%2Fthumbs%2F2774933_Weediquette.jpg&amp;title=Weediquette&amp;url=%2Fwatch-2774933-Weediquette&amp;imdbnum=&amp;video_type=tvshow&amp;mode=TVShowSeasonList&amp;year=2016&amp;dialog=False&quot;,return)</favourite>
	<favourite name="[B]Flophouse[/B] (2016)" thumb="http://images.primewire.ag/thumbs/2775548_Flophouse_2016_32.jpg">ActivateWindow(10025,&quot;plugin://plugin.video.1channel/?img=http%3A%2F%2Fimages.primewire.ag%2Fthumbs%2F2775548_Flophouse_2016_32.jpg&amp;title=Flophouse&amp;url=%2Fwatch-2775548-Flophouse&amp;imdbnum=tt5513442&amp;video_type=tvshow&amp;mode=TVShowSeasonList&amp;year=2016&amp;dialog=False&quot;,return)</favourite>
	<favourite name="[B]Gaycation[/B] (2016)" thumb="http://images.primewire.ag/thumbs/2775752_Gaycation_2016.jpg">ActivateWindow(10025,&quot;plugin://plugin.video.1channel/?img=http%3A%2F%2Fimages.primewire.ag%2Fthumbs%2F2775752_Gaycation_2016.jpg&amp;title=Gaycation&amp;url=%2Fwatch-2775752-Gaycation&amp;imdbnum=tt5430288&amp;video_type=tvshow&amp;mode=TVShowSeasonList&amp;year=2016&amp;dialog=False&quot;,return)</favourite>
	<favourite name="[B]Balls Deep[/B] (2016)" thumb="http://images.primewire.ag/thumbs/452142_Balls_Deep_0.jpg">ActivateWindow(10025,&quot;plugin://plugin.video.1channel/?img=http%3A%2F%2Fimages.primewire.ag%2Fthumbs%2F452142_Balls_Deep_0.jpg&amp;title=Balls+Deep&amp;url=%2Fwatch-452142-Balls-Deep&amp;imdbnum=&amp;video_type=tvshow&amp;mode=TVShowSeasonList&amp;year=2004&amp;dialog=False&quot;,return)</favourite>
	<favourite name="[B]King of the Road[/B] (2016)" thumb="">ActivateWindow(10025,&quot;plugin://plugin.video.salts/?mode=episodes&amp;season=1&amp;trakt_id=107110&quot;,return)</favourite>
	<favourite name="[B]Noisey[/B] (2016)" thumb="">ActivateWindow(10025,&quot;plugin://plugin.video.salts/?fanart=https%3a%2f%2fwalter.trakt.us%2fimages%2fshows%2f000%2f105%2f759%2ffanarts%2fmedium%2fab506aa6ec.jpg&mode=seasons&title=Noisey&trakt_id=105759&year=2016&quot;,return)</favourite>
	<favourite name="VICE: Russian Roulette" thumb="https://i.ytimg.com/vi/TNKsLlK52ss/mqdefault.jpg">ActivateWindow(10025,&quot;plugin://plugin.video.youtube/channel/UCpoUWDJ5q9ZSJBPCi7Xdf0A/playlist/PL93hex4duPQEvJ5GyUiQTfdcj4U-9t9UM/&quot;,return)</favourite>
	<favourite name="Huang&apos;s World (Season 1)" thumb="https://i.ytimg.com/vi/Rix7OL8vOIE/mqdefault.jpg">ActivateWindow(10025,&quot;plugin://plugin.video.youtube/channel/UCaLfMkkHhSA_LaCta0BzyhQ/playlist/PLnPDn1Lb79JEb7YK2N7WGItv1jVDd9u_8/&quot;,return)</favourite>
	<favourite name="Huang&apos;s World (Season 2)" thumb="https://i.ytimg.com/vi/QligM6VuM_4/mqdefault.jpg">ActivateWindow(10025,&quot;plugin://plugin.video.youtube/channel/UCaLfMkkHhSA_LaCta0BzyhQ/playlist/PLnPDn1Lb79JEvKZ42CFMsV-DUuUCsx1R_/&quot;,return)</favourite>
	<favourite name="Huang&apos;s World (Season 3)" thumb="https://walter.trakt.us/images/shows/000/060/572/posters/medium/8e998347bc.jpg">ActivateWindow(10025,&quot;plugin://plugin.video.salts/?mode=episodes&amp;season=3&amp;trakt_id=60572&quot;,return)</favourite>
	<favourite name="Vice Guide To Film" thumb="https://walter.trakt.us/images/shows/000/060/572/posters/medium/8e998347bc.jpg">ActivateWindow(10025,&quot;plugin://plugin.video.salts/?fanart=https%3a%2f%2fwalter.trakt.us%2fimages%2fshows%2f000%2f105%2f759%2ffanarts%2fmedium%2fab506aa6ec.jpg&mode=seasons&title=VICE%20Guide%20to%20Film&trakt_id=106189&year=2016&quot;,return)</favourite>
	 	<favourite name="Vice World of Sports" thumb="">ActivateWindow(10025,&quot;plugin://plugin.video.salts/?fanart=fanart.jpg&mode=seasons&title=Vice%20World%20of%20Sports&trakt_id=107268&year=2015&quot;,return)</favourite>
	
	
	

	
	
</favourites>