<favourites>
	<favourite name="Youtube Music" thumb="special://home/addons\plugin.video.spotitube\icon.png">ActivateWindow(10501,&quot;plugin://plugin.video.spotitube/?content_type=audio&quot;,return)</favourite>
	<favourite name="Loyal Books" thumb="special://home/addons\plugin.audio.booksshouldbefree\icon.png">ActivateWindow(10501,&quot;plugin://plugin.audio.booksshouldbefree/&quot;,return)</favourite>
	<favourite name="AudioBooks" thumb="special://home/addons\script.audiobooks\icon.png">ActivateWindow(10501,&quot;plugin://script.audiobooks/&quot;,return)</favourite>
	<favourite name="Broadcastify" thumb="special://home/addons\plugin.audio.radioreference\icon.png">ActivateWindow(10501,&quot;plugin://plugin.audio.radioreference/&quot;,return)</favourite>
	<favourite name="KMusic Tube" thumb="special://home/addons\plugin.video.kmusictube\icon.png">ActivateWindow(10025,&quot;plugin://plugin.video.kmusictube/?content_type=video&amp;sf_options=fanart%3Dspecial%3A%2F%2Fhome%2Faddons%5Cplugin.video.kmusictube%5Cfanart.jpg%26desc%3DBrowse+and+streams+an+endless+music+library+via+YouTube.+Manage+favourites+artists%2C+albums+and+songs.%26_options_sf&quot;,return)</favourite>
	<favourite name="Billboard" thumb="DefaultMusicVideos.png">ActivateWindow(10501,&quot;plugin://plugin.video.spotitube/?limit&amp;mode=billboardMain&amp;type&amp;url&quot;,return)</favourite>
	<favourite name="Hype Machine" thumb="DefaultMusicVideos.png">ActivateWindow(10501,&quot;plugin://plugin.video.spotitube/?limit&amp;mode=hypemMain&amp;type&amp;url&quot;,return)</favourite>
	<favourite name="iTunes Charts" thumb="DefaultMusicVideos.png">ActivateWindow(10501,&quot;plugin://plugin.video.spotitube/?limit&amp;mode=itunesMain&amp;type&amp;url&quot;,return)</favourite>
</favourites>