<favourites>
		

	<favourite name="StreamHunter" thumb="special://home/addons\plugin.video.SportsDevil\resources\images\lshunter_tv.png">ActivateWindow(10025,&quot;plugin://plugin.video.SportsDevil/?item=title%3dLSHunter.tv%26url%3dlivesports%252Flshunter-new.cfg%26definedIn%3dlivesports.cfg%26director%3dLSHunter.tv%26genre%3dLive%2bSports%26type%3drss%26icon%3d&amp;mode=1&quot;,return)</favourite>
	<favourite name="B-Streams" thumb="special://home/addons\plugin.video.SportsDevil\resources\images\bundesligastream.png">ActivateWindow(10025,&quot;plugin://plugin.video.SportsDevil/?item=title%3dBundesliga-Streams.net%26url%3dlivesports%252Fbundesliga-streams.net.cfg%26definedIn%3dlivesports.cfg%26director%3dbundesliga-streams.net%26genre%3dLive%2bSports%26type%3drss%26icon%3d&amp;mode=1&quot;,return)</favourite>
	<favourite name="StreamHD.eu" thumb="special://home/addons\plugin.video.SportsDevil\resources\images\streamhd.png">ActivateWindow(10025,&quot;plugin://plugin.video.SportsDevil/?item=videoTitle%3d%252ASchedule%252A%26title%3d%252ASchedule%252A%26url%3dhttp%253A%252F%252Fstreamhd.eu%26cfg%3dstreamhd.eu.cfg%2540Schedule%26definedIn%3dtv%252Fstreamhd.eu.cfg%26director%3dstreamhd.eu%26genre%3dTV%26type%3donce%26icon%3d&amp;mode=1&quot;,return)</favourite>

	<favourite name="Dimsports" thumb="special://home/addons\plugin.video.SportsDevil\resources\images\dimsports.png">ActivateWindow(10025,&quot;plugin://plugin.video.SportsDevil/?item=title%3dDimsports.eu%26url%3dlivesports%252Fdimsports.eu.cfg%26definedIn%3dlivesports.cfg%26director%3ddimsports.eu%26genre%3dLive%2bSports%26type%3drss%26icon%3dC%253A%255Ckodi%255Cportable_data%255Caddons%255Cplugin.video.SportsDevil%255Cresources%255Cimages%255Cdimsports.png&amp;mode=1&quot;,return)</favourite>
	 <favourite name="Sports World LIVE" thumb="https://i.imgsafe.org/091f500726.jpg">ActivateWindow(10025,&quot;plugin://plugin.video.phstreams/?action=xdirectory&amp;content=0&amp;url=%24doregex%5bmakelist%5d%7cregex%3da8cdf9f25f191e32a1c37404407e7c65&quot;,return)</favourite>
	<favourite name="Sports World LIVE 2" thumb="https://i.imgsafe.org/091cd55e40.jpg">ActivateWindow(10025,&quot;plugin://plugin.video.phstreams/?action=xdirectory&amp;content=0&amp;url=%24doregex%5bmakelist%5d%7cregex%3d75280a586b205c61c020dbda2efa6c04&quot;,return)</favourite>
	
		<favourite name="" thumb="">ActivateWindow(10025,&quot;plugin://plugin.video.null&quot;)</favourite>
	<favourite name="Cricket" thumb="http://theclipartwizard.com/images/Cricket.png">ActivateWindow(10025,&quot;plugin://plugin.video.SportsDevil/?item=title%3dCricket%26url%3dtv%252Fcricket.cfg%26definedIn%3dtv.cfg%26director%3dCricket%26genre%3dTV%26type%3drss%26icon%3dhttp%253A%252F%252Ftheclipartwizard.com%252Fimages%252FCricket.png&amp;mode=1&amp;sf_options=fanart%3Dspecial%3A%2F%2Fhome%2Faddons%5Cplugin.video.SportsDevil%5Cfanart.jpg%26_options_sf&amp;sf_options=&quot;,)</favourite>
	
		<favourite name="" thumb="">ActivateWindow(10025,&quot;plugin://plugin.&quot;,return)</favourite>
			<favourite name="" thumb="">ActivateWindow(10025,&quot;plugin://plugin.&quot;,return)</favourite>
	
	<favourite name="[COLOR blue]LINKS BELOW ARE UNRELIABLE BUT WORTH CHECKING[/COLOR]" thumb="">ActivateWindow(10025,&quot;plugin://plugin.video.null&quot;)</favourite>
		<favourite name="AtdheNet.tv" thumb="">ActivateWindow(10025,&quot;plugin://plugin.video.SportsDevil/?item=title%3dAtdheNet.tv%26url%3dlivesports%252Fatdee.net.cfg%26definedIn%3dlivesports.cfg%26director%3dAtdheNet.tv%26genre%3dLive%2bSports%26type%3drss%26icon%3d&amp;mode=1&quot;,return)</favourite>
    <favourite name="Zunox.hk" thumb="">ActivateWindow(10025,&quot;plugin://plugin.video.SportsDevil/?item=title%3dZunox.hk%26url%3dlivesports%252Fslipstreamtv.co.cfg%26definedIn%3dlivesports.cfg%26director%3dzunox.hk%26genre%3dLive%2bSports%26type%3drss%26icon%3d&amp;mode=1&quot;,return)</favourite>
	
	   <favourite name="LiveTV.ru" thumb="">ActivateWindow(10025,&quot;plugin://plugin.video.SportsDevil/?item=title%3dLiveTV.ru%26url%3dlivesports%252Flivetv.ru.cfg%26definedIn%3dlivesports.cfg%26director%3dLiveTV.ru%26genre%3dLive%2bSports%26type%3drss%26icon%3d&amp;mode=1&quot;,return)</favourite>
    <favourite name="RojaDirecta.me" thumb="">ActivateWindow(10025,&quot;plugin://plugin.video.SportsDevil/?item=title%3dRojaDirecta.me%26url%3dlivesports%252Frojadirecta.me.cfg%26definedIn%3dlivesports.cfg%26director%3dRojaDirecta.me%26genre%3dLive%2bSports%26type%3drss%26icon%3d&amp;mode=1&quot;,return)</favourite>
    <favourite name="StopStream.com" thumb="">ActivateWindow(10025,&quot;plugin://plugin.video.SportsDevil/?item=title%3dStopStream.com%26url%3dlivesports%252Fsportlemon.cfg%26definedIn%3dlivesports.cfg%26director%3dstopstream.com%26genre%3dLive%2bSports%26type%3drss%26icon%3d&amp;mode=1&quot;,return)</favourite>
	




</favourites>