<favourites>
	<favourite name="[COLOR gold]PAC-12[/COLOR]: National" thumb="http://x.pac-12.com/profiles/pac12/modules/features/pac12_standings/images/pac12.png">PlayMedia(&quot;http://xrxs.net/video/live-p12netw-4728.m3u8?sf_options=winID%3D10025%26_options_sf&quot;)</favourite>
	<favourite name="[COLOR gold]PAC-12[/COLOR]: Arizona" thumb="http://x.pac-12.com/profiles/pac12/modules/features/pac12_standings/images/pac12.png">PlayMedia(&quot;http://xrxs.net/video/live-p12ariz-4728.m3u8?sf_options=winID%3D10025%26_options_sf&quot;)</favourite>
	<favourite name="[COLOR gold]PAC-12[/COLOR]: Bay Area" thumb="http://x.pac-12.com/profiles/pac12/modules/features/pac12_standings/images/pac12.png">PlayMedia(&quot;http://xrxs.net/video/live-p12baya-4728.m3u8?sf_options=winID%3D10025%26_options_sf&quot;)</favourite>
	<favourite name="[COLOR gold]PAC-12[/COLOR]: L.A." thumb="http://x.pac-12.com/profiles/pac12/modules/features/pac12_standings/images/pac12.png">PlayMedia(&quot;http://xrxs.net/video/live-p12losa-4728.m3u8?sf_options=winID%3D10025%26_options_sf&quot;)</favourite>
	<favourite name="[COLOR gold]PAC-12[/COLOR]: Mountain" thumb="http://x.pac-12.com/profiles/pac12/modules/features/pac12_standings/images/pac12.png">PlayMedia(&quot;http://xrxs.net/video/live-p12moun-4728.m3u8?sf_options=winID%3D10025%26_options_sf&quot;)</favourite>
	<favourite name="[COLOR gold]PAC-12[/COLOR]: Washington" thumb="http://x.pac-12.com/profiles/pac12/modules/features/pac12_standings/images/pac12.png">PlayMedia(&quot;http://xrxs.net/video/live-p12wash-4728.m3u8?sf_options=winID%3D10025%26_options_sf&quot;)</favourite>
	<favourite name="[COLOR gold]PAC-12[/COLOR]: Oregon" thumb="http://x.pac-12.com/profiles/pac12/modules/features/pac12_standings/images/pac12.png">PlayMedia(&quot;http://xrxs.net/video/live-p12oreg-4728.m3u8?sf_options=winID%3D10025%26_options_sf&quot;)</favourite>
</favourites>