<favourites>
	<favourite name="LIVE" thumb="C:/kodi/portable_data/addons/plugin.video.cbsn/icon.png">PlayMedia(&quot;http://cbsnewshd-lh.akamaihd.net/i/CBSNHD_7@199302/index_4000_av-p.m3u8?sd=10&amp;rebase=on&amp;sf_options=winID%3D10025%26_options_sf&quot;)</favourite>
	<favourite name="[COLOR azure]CBS Evening News[/COLOR]" thumb="http://thetvdb.com/banners/posters/74468-1.jpg">ActivateWindow(10025,&quot;plugin://plugin.video.ustvvod/?fanart=%22http%3a%2f%2fthetvdb.com%2fbanners%2ffanart%2foriginal%2f74468-2.jpg%22&amp;mode=%22cbs%22&amp;name=%22Full%20Episodes%22&amp;sitemode=%22episodes%22&amp;thumb=%22http%3a%2f%2fthetvdb.com%2fbanners%2fposters%2f74468-1.jpg%22&amp;tvdb_id=%2274468%22&amp;url=%22http%3a%2f%2fwww.cbs.com%2fcarousels%2fvideosBySection%2f238558%2foffset%2f0%2flimit%2f100%2fxs%2f0%2f%22&amp;sf_options=fanart%3Dhttp%3A%2F%2Fthetvdb.com%2Fbanners%2Ffanart%2Foriginal%2F74468-2.jpg%26desc%3DStation%3A+CBS%0AAirs%3A+Daily%406%3A30+PM%0AStatus%3A+Continuing%0A%0AThe+CBS+Evening+News+is+a+TV+institution%2C+having+some+of+the+most+well-known+journalists+in+the+world+anchor+it+through+its+many+decades+on+the+air.+It%27s+currently+anchored+by+veteran+newsman+Bob+Schieffer%2C+who+took+over+when+Dan+Rather+retired+early+in+2005.+The+half+hour+show+covers+both+international+and+domestic+news.%26_options_sf&quot;,return)</favourite>
	<favourite name="CBSN OnDemand" thumb="http://buysmarttvbox.com/wp-content/uploads/2015/01/cbsn_news_live2.jpg">ActivateWindow(10025,&quot;plugin://plugin.video.cbsn?sf_options=fanart%3Dspecial%3A%2F%2Fhome%2Faddons%5Cplugin.video.cbsn%5Cfanart.jpg%26desc%3DCBSN+News+Live.+CBSN+News+video+feed+with+upto+1080+resolution.%26_options_sf&quot;,return)</favourite>
	<favourite name="CBSNews.com" thumb="http://addonscriptorde-beta-repo.googlecode.com/svn/trunk/plugin.video.cbsnews_com/icon.png">ActivateWindow(10025,&quot;plugin://plugin.video.cbsnews_com?sf_options=fanart%3Dhttp%3A%2F%2Faddonscriptorde-beta-repo.googlecode.com%2Fsvn%2Ftrunk%2Fplugin.video.cbsnews_com%2Ffanart.jpg%26winID%3D10025%26desc%3DVarious+news+and+shows+%2860+Minutes%2C+48+Hours%2C+...%29%26_options_sf&quot;,return)</favourite>
</favourites>