<favourites>
	<favourite name="System" thumb="DefaultHardDisk.png">ActivateWindow(10040,&quot;addons://manage/&quot;,return)</favourite>
	<favourite name="[COLOR green]Fitness[/COLOR]" thumb="http://thebeastkodi.uk/addon/marvinfitness.jpg">ActivateWindow(10025,&quot;plugin://plugin.video.marvin/?description&amp;iconimage=http%3a%2f%2fthebeastkodi.uk%2faddon%2fmarvinfitness.jpg&amp;mode=1&amp;name=%5bCOLOR%20green%5dFitness%5b%2fCOLOR%5d&amp;url=http%3a%2f%2fthebeastkodi.uk%2faddon%2fFitness.txt&amp;sf_options=fanart%3Dspecial%3A%2F%2Fhome%2Faddons%5Cplugin.video.marvin%5Cfanart.jpg%26_options_sf&quot;,return)</favourite>
	<favourite name="[I][COLOR green]Fitness[/COLOR][/I]" thumb="http://streamingsolutions.x10host.com/pics/health.png">ActivateWindow(10025,&quot;plugin://plugin.video.dijentertainments/?fanart&amp;mode=1&amp;name=%5bI%5d%5bCOLOR%20green%5dFitness%5b%2fCOLOR%5d%5b%2fI%5d&amp;url=http%3a%2f%2fdij.zombie-wizard.uk%2flists%2fxml%2ffitness%2ffitnessdir.xml&quot;,return)</favourite>
	<favourite name="[COLOR hotpink]Workout[/COLOR]" thumb="http://s6.postimg.org/re40an269/fitness_woman_perspiration_2_1.jpg">ActivateWindow(10025,&quot;plugin://plugin.video.phstreams/?action=ndmode&amp;audio=0&amp;content=0&amp;fanart=http%3a%2f%2f7-themes.com%2fdata_images%2fout%2f59%2f6973439-beautiful-forest-photos.jpg&amp;image=http%3a%2f%2fs6.postimg.org%2fre40an269%2ffitness_woman_perspiration_2_1.jpg&amp;name=%5bCOLOR%20hotpink%5dWorkout%5b%2fCOLOR%5d&amp;playable=false&amp;tvshow=0&amp;url=http%3a%2f%2fhonolulu.watchkodi.com%2fFitness%2fFitness%2520Main.xml&amp;sf_options=fanart%3Dhttp%3A%2F%2F7-themes.com%2Fdata_images%2Fout%2F59%2F6973439-beautiful-forest-photos.jpg%26desc%3DDiscover+Great+Streaming+Playlists%21%26_options_sf&quot;,return)</favourite>
</favourites>