<favourites>
	<favourite name="UFC OnDemand" thumb="https://yt3.ggpht.com/-QeD1gcM_f7k/AAAAAAAAAAI/AAAAAAAAAAA/RrU6oF2FBU0/s240-c-k-no/photo.jpg">ActivateWindow(10025,&quot;plugin://plugin.video.youtube/channel/UCvgfXK4nTYKudb0rFR6noLA/&quot;,return)</favourite>
	<favourite name="UFC Bad Blood - Preview" thumb="https://i.ytimg.com/vi/HM_LiTusvdU/hqdefault.jpg">PlayMedia(&quot;plugin://plugin.video.youtube/play/?video_id=HM_LiTusvdU&amp;sf_options=winID%3D10025%26_options_sf&quot;)</favourite>
	<favourite name="Diaz vs. McGregor 2 - 40 min" thumb="https://i.ytimg.com/vi/Kjd7Yhk_zoc/hqdefault.jpg">PlayMedia(&quot;plugin://plugin.video.youtube/play/?video_id=Kjd7Yhk_zoc&amp;sf_options=winID%3D10025%26_options_sf&quot;)</favourite>
	<favourite name="The Exchange: Nate Diaz - 18min" thumb="https://i.ytimg.com/vi/Zs3poubJhMs/hqdefault.jpg">PlayMedia(&quot;plugin://plugin.video.youtube/play/?video_id=Zs3poubJhMs&amp;sf_options=winID%3D10025%26_options_sf&quot;)</favourite>
	<favourite name="Conor McGregor - Revenge is Coming - 12min" thumb="https://i.ytimg.com/vi/kL8D9d0egj4/hqdefault.jpg">PlayMedia(&quot;plugin://plugin.video.youtube/play/?video_id=kL8D9d0egj4&amp;sf_options=winID%3D10025%26_options_sf&quot;)</favourite>
	<favourite name="UFC 202: Top 8 Finishes" thumb="https://i.ytimg.com/vi/VKuWhvklSew/hqdefault.jpg">PlayMedia(&quot;plugin://plugin.video.youtube/play/?video_id=VKuWhvklSew&amp;sf_options=winID%3D10025%26_options_sf&quot;)</favourite>
	<favourite name="[COLOR chartreuse]Fight Archives[/COLOR]" thumb="">PlayMedia(&quot;plugin://plugin.video.?sf_options=winID%3D10025%26_options_sf&quot;)</favourite>
	<favourite name="Conor McGregor vs Nate Diaz 1" thumb="https://i.ytimg.com/vi/p3VN21wOq2A/hqdefault.jpg">PlayMedia(&quot;plugin://plugin.video.youtube/play/?video_id=p3VN21wOq2A&amp;sf_options=winID%3D10025%26_options_sf&quot;)</favourite>
	<favourite name="Nate Diaz vs Michael Johnson" thumb="https://i.ytimg.com/vi/VAMvzxqskek/hqdefault.jpg">PlayMedia(&quot;plugin://plugin.video.youtube/play/?video_id=VAMvzxqskek&amp;sf_options=winID%3D10025%26_options_sf&quot;)</favourite>
	<favourite name="Conor McGregor vs Chad Mendes" thumb="https://i.ytimg.com/vi/TWdef03nI8s/hqdefault.jpg">PlayMedia(&quot;plugin://plugin.video.youtube/play/?video_id=TWdef03nI8s&amp;sf_options=winID%3D10025%26_options_sf&quot;)</favourite>
</favourites>