<favourites>
	<favourite name="ABC" thumb="https://raw.githubusercontent.com/moneymaker365/plugin.video.ustvvod/master/resources/images/abcchannel.png">ActivateWindow(10025,&quot;plugin://plugin.video.wabc/?sf_options=desc%3DWABC+Programs+in+1080+from+the+flagship+ABC+station+in+New+York.%26_options_sf&quot;,return)</favourite>
	<favourite name="NBC" thumb="https://raw.githubusercontent.com/moneymaker365/plugin.video.ustvvod/master/resources/images/nbc.png">ActivateWindow(10025,&quot;plugin://plugin.video.wnbc/?sf_options=desc%3DWNBC+Programs+from+the+flagship+NBC+station+in+New+York.+Programs+include%3A+The+Tonight+Show%2C+NBC+News+and+NBC+Classic+TV.%26_options_sf&quot;,return)</favourite>
	<favourite name="CBS" thumb="https://raw.githubusercontent.com/moneymaker365/plugin.video.ustvvod/master/resources/images/cbs.png">ActivateWindow(10025,&quot;plugin://plugin.video.wral/?sf_options=desc%3DGet+current+CBS+News%2C+current+and+classic+CBS+programs.%26_options_sf&quot;,return)</favourite>
	<favourite name="PBS" thumb="special://home/addons\plugin.video.thinktv\icon.png">ActivateWindow(10025,&quot;plugin://plugin.video.thinktv/&quot;,return)</favourite>
	<favourite name="Crackler" thumb="special://home/addons\plugin.video.crackler\icon.png">ActivateWindow(10025,&quot;plugin://plugin.video.crackler/&quot;,return)</favourite>
	<favourite name="Sundance TV" thumb="special://home/addons\plugin.video.sundance\icon.png">ActivateWindow(10025,&quot;plugin://plugin.video.sundance&quot;,return)</favourite>
	<favourite name="Smithsonian Channel" thumb="http://www.apk20.com/image/icon-253745">ActivateWindow(10025,&quot;plugin://plugin.video.smithsonian/&quot;)</favourite>
	<favourite name="ABC Family" thumb="https://raw.githubusercontent.com/moneymaker365/plugin.video.ustvvod/master/resources/images/abcfamily.png">ActivateWindow(10025,&quot;plugin://plugin.video.abcfamily/&quot;,return)</favourite>
	<favourite name="Cooking Channel" thumb="http://static01.uverse.com/web_files/NEXTGEN/web_files/images/Network%20Logos/network-page/cooking_channel_277x85.png">ActivateWindow(10025,&quot;plugin://plugin.video.cook/&amp;sf_options=&quot;)</favourite>
	<favourite name="DIY Network " thumb="http://cdn.ulive.com/88/cc/a2d6350a4fcdbbcf946c50ad0ac1/diy-logo-source.png">ActivateWindow(10025,&quot;plugin://plugin.video.diy/&amp;sf_options=&quot;)</favourite>
	<favourite name="Food Network" thumb="https://upload.wikimedia.org/wikipedia/commons/thumb/d/d8/Food_Network.svg/135px-Food_Network.svg.png">ActivateWindow(10025,&quot;plugin://plugin.video.foodnetwork/&amp;sf_options=&quot;)</favourite>
	<favourite name="HGTV" thumb="http://cdn.ulive.com/d6/3b/3d1c2f7e41a289f7d55ba7f55349/hgtv-logo-source-page.png">ActivateWindow(10025,&quot;plugin://plugin.video.hgtv/&amp;sf_options=&quot;)</favourite>
	<favourite name="Syfy" thumb="special://home/addons\plugin.video.syfy\icon.png">ActivateWindow(10025,&quot;plugin://plugin.video.syfy/&quot;,return)</favourite>
	<favourite name="Travel Channel" thumb="special://home/addons\plugin.video.travel\icon.png">ActivateWindow(10025,&quot;plugin://plugin.video.travel/&quot;,return)</favourite>
	<--! favourite name="IMDB Sample list" thumb="http://cosmix.offshorepastebin.com/Weblinks/icons/shows.png">ActivateWindow(10025,&quot;plugin://plugin.video.origin2/?action=tvshows&amp;url=http%3a%2f%2fwww.imdb.com%2flist%2fls063861397%2f%3fstart%3d1%26view%3ddetail%26sort%3dtitle%3aasc%26defaults%3d1%26lists%3dls063861397%26defaults%3d1%26lists%3dls063861397%26scb%3d0.3521301850986706&quot;,return)</favourite>
	<favourite name="World Star Hip Hop" thumb="special://home/addons\plugin.video.worldstarhiphop\icon.png">ActivateWindow(10025,&quot;plugin://plugin.video.worldstarhiphop/&quot;,return)</favourite>
	<favourite name="The Wall Street Journal Live" thumb="special://home/addons\plugin.video.wsj\icon.png">ActivateWindow(10025,&quot;plugin://plugin.video.wsj/&quot;,return)</favourite>
	<favourite name="PopcornFlix" thumb="https://lh4.ggpht.com/d4pB1Aw0SGUrcc8UAZA2WMCyCLrOyhIZ8JWcAk6mFv8_8K22kSMMehEp4J2iBQVw8HUS=w300">ActivateWindow(10025,&quot;plugin://plugin.video.popcornflix/&amp;sf_options=&quot;)</favourite>
	<favourite name="Snagfilms" thumb="https://pbs.twimg.com/profile_images/344513261580445284/d5473f35acf972f382b5dfe659f5adb5_400x400.jpeg">ActivateWindow(10025,&quot;plugin://plugin.video.snagfilms?sf_options=desc%3DSnagFilms+offers+a+broad+collection+of+great+movies+you+can+watch+right+now%26_options_sf&quot;,return)</favourite>
	<favourite name="Viewster" thumb="">ActivateWindow(10025,&quot;plugin://plugin.video.viewster/&amp;sf_options=&quot;)</favourite>
	<favourite name="YouTube" thumb="http://icons.iconarchive.com/icons/graphics-vibe/neon-glow-social/256/youtube-icon.png">ActivateWindow(10025,&quot;plugin://plugin.video.YouTube_Vault?sf_options=fanart%3Dspecial%3A%2F%2Fhome%2Faddons%5Cplugin.video.YouTube_Vault%5Cfanart.jpg%26desc%3DWatch+Movies%2FTv+Shows%2FCartoons%2FMusic+Videos%2FAnd+The+Latest+News+And+Sports+Clips+From+Tvaddons+YouTube+Vault+addon.%26_options_sf&quot;,return)</favourite>
	<favourite name="[COLOR black]Hallmark Channel[/COLOR]" thumb="special://home/addons\plugin.video.hallmark\icon.png">ActivateWindow(10025,&quot;plugin://plugin.video.hallmark/&quot;,return)</favourite>
	<favourite name="Viewster" thumb="">ActivateWindow(10025,&quot;plugin://plugin.video.viewster/&amp;sf_options=&quot;)</favourite>
</favourites>