<favourites>
	<--! favourite name="CNN" thumb="http://www.logospike.com/wp-content/uploads/2014/11/Cnn_logo-3.jpg">ActivateWindow(10025,&quot;plugin://plugin.video.SportsDevil/?item=catcher%3dstreams%26title%3dCNN%2bUSA%26url%3dhttp%253A%252F%252Fwww.shadow-net.org%252Fchannels%252FCNN-USA.html%26cfg%3dshadownet.ro.cfg%2540Channels%26videoTitle%3dCNN%2bUSA%26director%3dShadowNet.ro%26genre%3dLive%2bTV%26referer%3dhttp%253A%252F%252Fwww.shadow-net.org%252Fchannels%252FCNN-USA.html%26definedIn%3dshadownet.ro.cfg%26icon.tmp%3dhttp%253A%252F%252Fwww.shadow-net.org%252Fproduct_images%252Fp%252F470%252Fcnn_usa__34139_thumb.jpg%26type%3drss%26icon%3dhttp%253A%252F%252Fwww.shadow-net.org%252Fproduct_images%252Fp%252F470%252Fcnn_usa__34139_thumb.jpg%257CReferer%253Dhttp%253A%252F%252Fwww.shadow-net.org%252F%2526User-Agent%253DMozilla%252F5.0%2b%2528Windows%2bNT%2b6.3%2529%2bAppleWebKit%252F537.36%2b%2528KHTML%252C%2blike%2bGecko%2529%2bChrome%252F53.0.2785.143%2bSafari%252F537.36&amp;mode=1&quot;,return)</favourite>
	<--! favourite name="CNN International" thumb="http://i1007.photobucket.com/albums/af196/XBMCAdd-onIcons/icon-3.png">PlayMedia(&quot;rtmp://argos.cdn.newschat.tv/edge playpath=cnni_live flashver=WIN/25,0,0,127 swfUrl=http://newschat.tv/player.swf live=1  pageUrl=http://www.livenewschat.eu/twoons?sf_options=winID%3D10025%26_options_sf&quot;)</favourite>
	<--! favourite name="FOX News" thumb="https://lh6.ggpht.com/bmdvWGTQ5xyA07ZRU_gf_RW8MQX8Oo1u8opdwg-FDmWn5OFEaq7Nt1KkwbVnX4TLV_g=w175">PlayMedia(&quot;plugin://plugin.stream.vaughnlive.tv/?sourcetype=auto&amp;title=newzviewz&amp;url=http%3A%2F%2Fvaughnlive.tv%2Fnewzviewz&amp;section=&amp;site=&amp;mode=PlayLiveStream&amp;channel=newzviewz&quot;)</favourite>
	<--! favourite name="FOX News" thumb="https://lh6.ggpht.com/bmdvWGTQ5xyA07ZRU_gf_RW8MQX8Oo1u8opdwg-FDmWn5OFEaq7Nt1KkwbVnX4TLV_g=w175">PlayMedia(&quot;plugin://plugin.video.ccloudtv.helper/?url=http%3A%2F%2F94.23.35.42%2FcCloudTv%2Fparser.php%3Fsurl%3Dhttps%3A%2F%2Fwww.arconaitv.me%2Ffn%2F%7CUser-Agent%3DMozilla%252F5.0%2520%28Windows%2520NT%25206.1%253B%2520WOW64%29%2520AppleWebKit%252F537.36%2520%28KHTML%252C%2520like%2520Gecko%29%2520Chrome%252F57.0.2987.133%2520Safari%252F537.36&amp;mode=1&amp;name=FOX News&amp;iconimage=&amp;sf_options=winID%3D10025%26_options_sf&quot;,return)</favourite>
	<favourite name="FOX News" thumb="https://lh6.ggpht.com/bmdvWGTQ5xyA07ZRU_gf_RW8MQX8Oo1u8opdwg-FDmWn5OFEaq7Nt1KkwbVnX4TLV_g=w175">ActivateWindow(10025,&quot;plugin://plugin.video.youtube/kodion/search/query/?event_type=live&amp;q=fox%20news%20live&amp;search_type=video&quot;)</favourite>
	<favourite name="MSNBC" thumb="http://1.bp.blogspot.com/-fy7j--ZE8K4/Uh4cd91UwpI/AAAAAAAABSM/_ZjWWEzQGA4/s1600/b5dbe762edb52ced8189c1ec33f3662d.jpeg">PlayMedia(&quot;http://tvemsnbc-lh.akamaihd.net/i/nbcmsnbc_1@122532/master.m3u8&quot;)</favourite>
	<favourite name="CBS News" thumb="http://buysmarttvbox.com/wp-content/uploads/2015/01/cbsn_news_live2.jpg">PlayMedia(&quot;http://cbsnews-linear.mdialog.com/video_assets/cbsnews.m3u8?api_key=563b80c1ae4ce359830f572d2496a947&amp;iu=/8264/vaw-can/mobile_web/index_4000_av-p.m3u8?sd=10&amp;rebase=on&amp;sf_options=winID%3D10025%26_options_sf&quot;)</favourite>
	
	<--! favourite name="CNBC" thumb="http://a1.mzstatic.com/au/r30/Purple60/v4/c5/82/34/c58234c1-ad83-f3e6-465d-7010c2b38bb9/icon175x175.jpeg">PlayMedia(&quot;plugin://plugin.video.ccloudtv.helper/?url=http%3A%2F%2F94.23.35.42%2FcCloudTv%2Fparser.php%3Fsurl%3Dhttps%3A%2F%2Fwww.arconaitv.me%2Fseenbeesee%2F%7CUser-Agent%3DMozilla%252F5.0%2520%28Windows%2520NT%25206.1%253B%2520WOW64%29%2520AppleWebKit%252F537.36%2520%28KHTML%252C%2520like%2520Gecko%29%2520Chrome%252F57.0.2987.133%2520Safari%252F537.36&amp;mode=1&amp;name=CNBC&amp;iconimage=&amp;sf_options=winID%3D10025%26_options_sf&quot;,return)</favourite>
	<favourite name="CNBC World" thumb="https://pbs.twimg.com/profile_images/669208944905232384/xyX7C1YI.jpg">PlayMedia(&quot;rtmp://argos.cdn.newschat.tv/edge playpath=cnbc_live flashver=WIN/25,0,0,127 swfUrl=http://newschat.tv/player.swf live=1 pageUrl=http://www.livenewschat.eu/stocks?sf_options=winID%3D10025%26_options_sf&quot;)</favourite>
	<favourite name="Bloomberg" thumb="http://cdn.marketplaceimages.windowsphone.com/v8/images/b72e664a-887b-4373-9a8c-8261a7ddece8?imageType=ws_icon_large">PlayMedia(&quot;http://cdn3.videos.bloomberg.com/btv/us/master.m3u8?sf_options=winID%3D10025%26_options_sf&quot;)</favourite>
	<favourite name="HLN" thumb="http://vignette1.wikia.nocookie.net/logopedia/images/e/ee/HLN_logo_2008.svg/revision/latest/scale-to-width-down/250?cb=20091116171358">PlayMedia(&quot;rtmp://argos.cdn.newschat.tv/edge playpath=hln_live flashver=WIN/25,0,0,127 swfUrl=http://newschat.tv/player.swf live=1 pageUrl=http://www.livenewschat.eu/twoons?sf_options=winID%3D10025%26_options_sf&quot;)</favourite>


	  

		<favourite name="Local News" thumb="http://www.pringlepa.us/images/local.jpg">ActivateWindow(10025,&quot;plugin://plugin.video.playlistLoader/?mode=2&amp;url=https://pastebin.com/raw/iut9ucQE&quot;,return)</favourite>
		
		<--! favourite name="[COLOR blue]CLICK HERE FOR MORE[/COLOR]" thumb="">ActivateWindow(10025,&quot;plugin://plugin.video.playlistLoader/?mode=2&amp;url=https://pastebin.com/raw/iut9ucQE&quot;,return)</favourite>
	<--! favourite name="[COLOR blue]CLICK HERE FOR MORE[/COLOR]" thumb="">ActivateWindow(10025,&quot;plugin://plugin.program.menu/?mode=3300&amp;path=http%3A%2F%2Fwww.radiosargentina.com.ar%2FTVUS.m3u&quot;,return)</favourite>
		
		
		<--! favourite name="Al Jazera" thumb="http://mirror.umd.edu/xbmc/addons/gotham/plugin.video.aljazeera/icon.png">PlayMedia(&quot;rtmp://aljazeeraflashlivefs.fplive.net:1935/aljazeeraflashlive-live?videoId=883816736001&amp;lineUpId=&amp;pubId=665003303001&amp;playerId=751182905001&amp;affiliateId=/aljazeera_eng_high?videoId=883816736001&amp;lineUpId=&amp;pubId=665003303001&amp;playerId=751182905001&amp;affiliateId=.flv live=1&quot;)</favourite>
		
	<favourite name="BBC World News" thumb="http://mediad.publicbroadcasting.net/p/wuwm/files/styles/card_agg/public/201304/logo_bbcworldnews_140x140.gif">PlayMedia(&quot;rtmp://argos.cdn.newschat.tv/edge playpath=bbcwn_live flashver=WIN/25,0,0,127 swfUrl=http://newschat.tv/player.swf live=1  pageUrl=http://www.livenewschat.eu/world?sf_options=winID%3D10025%26_options_sf&quot;)</favourite>
	
	<favourite name="Al Jazera" thumb="http://mirror.umd.edu/xbmc/addons/gotham/plugin.video.aljazeera/icon.png">PlayMedia(&quot;plugin://plugin.video.youtube/play/?video_id=UgJtWREOXHA&quot;)</favourite>
	
	<favourite name="France24" thumb="http://i.utdstc.com/icons/120/france-24-android.png">PlayMedia(&quot;http://static.france24.com/live/F24_EN_LO_HLS/live_web.m3u8?sf_options=winID%3D10025%26_options_sf&quot;)</favourite>
	<favourite name="i24" thumb="https://static-s.aa-cdn.net/img/ios/671837118/d705b4b2e3ae27c811a2561eb5d054a2?v=1">PlayMedia(&quot;plugin://plugin.video.youtube/kodion/search/query/?event_type=live&amp;q=i24News&amp;search_type=video&quot;,isdir)</favourite>
	<favourite name="RT" thumb="https://lh6.googleusercontent.com/-Kctadlnnczo/AAAAAAAAAAI/AAAAAAAAAJQ/eLqpEclFajI/s0-c-k-no-ns/photo.jpg">PlayMedia(&quot;http://rt.ashttp14.visionip.tv/live/rt-global-live-HD/playlist.m3u8?sf_options=winID%3D10025%26_options_sf&quot;)</favourite>
	<favourite name="Sky News Live" thumb="https://pbs.twimg.com/profile_images/596404466200489984/cZjPh8eP.png">PlayMedia(&quot;plugin://plugin.video.youtube/play/?video_id=y60wDzZt8yg&quot;,return)</favourite>
			    <favourite name="C-Span" thumb="https://www.brandsoftheworld.com/sites/default/files/styles/logo-thumbnail/public/0000/4202/brand.gif">PlayMedia(&quot;http://cspan1-lh.akamaihd.net/i/cspan1_1@304727/index_1000_av-p.m3u8?sd=10&rebase=on&quot;)</favourite>
        <favourite name="C-Span 2" thumb="http://www.tv14.net/wp-content/uploads/2010/09/C-SPAN-2.gif">PlayMedia(&quot;http://cspan2-lh.akamaihd.net/i/cspan2_1@304728/index_1000_av-p.m3u8?sd=10&rebase=on&quot;)</favourite>
	<favourite name="C-Span 3" thumb="https://fiber.storage.googleapis.com/channels/logos/cspan3.png">PlayMedia(&quot;http://cspan3-lh.akamaihd.net/i/cspan3_1@304729/index_1000_av-p.m3u8?sd=10&rebase=on&quot;)</favourite>
		<--! favourite name="Newsmax" thumb="https://lh6.ggpht.com/P0WK2c5_ZE6aA2IvDkEA5oOyaqbuOoqHNK3tQ2YWCWhW-IP3zeuoSDeZuO9FFmqjuA=w300">PlayMedia(&quot;plugin://plugin.video.youtube/play/?video_id=q_dYeCZXLfQ&quot;)</favourite>
	
	<favourite name="Newsy" thumb="http://a3.mzstatic.com/us/r30/Purple30/v4/ce/93/53/ce935378-169a-fba4-5c86-75f60a6ea9b7/icon175x175.png">PlayMedia(&quot;plugin://plugin.video.phstreams/?action=play&amp;url=https%3A%2F%2Fwww.filmon.com%2Fchannel%2Fnewsy&amp;sf_options=winID%3D10025%26_options_sf&quot;)</favourite>	
	
	<favourite name="More" thumb="https://cdn4.iconfinder.com/data/icons/juicyfruit_by_salleedesign/256x256/more.png">ActivateWindow(10025,&quot;plugin://plugin.program.super.favourites/?label=More&amp;mode=400&amp;folder=News%2FMore&amp;sf_options=fanart%3Dspecial%3A%2F%2Fhome%2Faddons%5Cplugin.program.super.favourites%5Cfanart.jpg%26_options_sf&quot;)</favourite>
</favourites>