<favourites>
	<favourite name="[COLOR aliceblue]ESPN 3[/COLOR]" thumb="C:\Users\Owner\AppData\Roaming\Kodi\addons\plugin.video.espn_3\icon.png">ActivateWindow(10025,&quot;plugin://plugin.video.espn_3/&amp;sf_options=&quot;,return)</favourite>
	<favourite name="[COLOR aliceblue]NBC Sports Live Extra[/COLOR]" thumb="C:\Users\Owner\AppData\Roaming\Kodi\addons\plugin.video.nbcsnliveextra\icon.png">ActivateWindow(10025,&quot;plugin://plugin.video.nbcsnliveextra/&amp;sf_options=&quot;,return)</favourite>
	<favourite name="[COLOR aliceblue]Sports Illustrated[/COLOR]" thumb="C:\Users\Owner\AppData\Roaming\Kodi\addons\plugin.video.si\icon.png">ActivateWindow(10025,&quot;plugin://plugin.video.si/&amp;sf_options=&quot;,return)</favourite>
	<favourite name="NFL Teams" thumb="C:\Users\Owner\AppData\Roaming\Kodi\addons\plugin.video.nfl-teams\icon.png">ActivateWindow(10025,&quot;plugin://plugin.video.nfl-teams/&amp;sf_options=&quot;,return)</favourite>
	<favourite name="NFL.com" thumb="C:\Users\Owner\AppData\Roaming\Kodi\addons\plugin.video.nfl.com\icon.png">ActivateWindow(10025,&quot;plugin://plugin.video.nfl.com/&amp;sf_options=&quot;,return)</favourite>
	<favourite name="NFL Game Pass" thumb="C:\Users\Owner\AppData\Roaming\Kodi\addons\plugin.video.nfl.gamepass\icon.png">RunScript(&quot;plugin.video.nfl.gamepass&amp;sf_options=&quot;)</favourite>
	<favourite name="NHL Gamecenter" thumb="C:\Users\Owner\AppData\Roaming\Kodi\addons\plugin.video.nhl-gamecenter\icon.png">ActivateWindow(10025,&quot;plugin://plugin.video.nhl-gamecenter/&amp;sf_options=&quot;,return)</favourite>
	<favourite name="NHL GameCenter Live" thumb="C:\Users\Owner\AppData\Roaming\Kodi\addons\plugin.video.nhl-gamecenter-live\icon.png">ActivateWindow(10025,&quot;plugin://plugin.video.nhl-gamecenter-live/&amp;sf_options=&quot;,return)</favourite>
	<favourite name="Nascar.com" thumb="C:\Users\Owner\AppData\Roaming\Kodi\addons\plugin.video.nascar\icon.png">ActivateWindow(10025,&quot;plugin://plugin.video.nascar/&amp;sf_options=&quot;,return)</favourite>
	<favourite name="Red Bull TV" thumb="C:\Users\Owner\AppData\Roaming\Kodi\addons\plugin.video.redbull.tv\icon.png">ActivateWindow(10025,&quot;plugin://plugin.video.redbull.tv/&amp;sf_options=&quot;,return)</favourite>
	<favourite name="Sportube" thumb="C:\Users\Owner\AppData\Roaming\Kodi\addons\plugin.video.sportube\icon.png">ActivateWindow(10025,&quot;plugin://plugin.video.sportube/&amp;sf_options=&quot;,return)</favourite>
	<favourite name="SuperTennis" thumb="C:\Users\Owner\AppData\Roaming\Kodi\addons\plugin.video.supertennis\icon.png">ActivateWindow(10025,&quot;plugin://plugin.video.supertennis/&amp;sf_options=&quot;,return)</favourite>
	<favourite name="Pinkbike.com" thumb="C:\Users\Owner\AppData\Roaming\Kodi\addons\plugin.video.pinkbike\icon.png">ActivateWindow(10025,&quot;plugin://plugin.video.pinkbike/&amp;sf_options=&quot;,return)</favourite>
	<favourite name="NFL" thumb="special://home/addons\plugin.video.YouTube_Vault\resources\img\Sports.png">ActivateWindow(10025,&quot;plugin://plugin.video.YouTube_Vault/?mode=1&amp;name=NFL&amp;url=PLyXm-hnmX1_qxDKgYmXzxABejOkwfkjBG&amp;sf_options=fanart%3Dspecial%3A%2F%2Fhome%2Faddons%5Cplugin.video.YouTube_Vault%5Cfanart.jpg%26_options_sf&quot;,return)</favourite>
	<favourite name="NBA" thumb="special://home/addons\plugin.video.YouTube_Vault\resources\img\Sports.png">ActivateWindow(10025,&quot;plugin://plugin.video.YouTube_Vault/?mode=1&amp;name=NBA&amp;url=PLlVlyGVtvuVndLGz3vK0nKYUVyCv_8WCY&amp;sf_options=fanart%3Dspecial%3A%2F%2Fhome%2Faddons%5Cplugin.video.YouTube_Vault%5Cfanart.jpg%26_options_sf&quot;,return)</favourite>
	<favourite name="NHL" thumb="special://home/addons\plugin.video.YouTube_Vault\resources\img\Sports.png">ActivateWindow(10025,&quot;plugin://plugin.video.YouTube_Vault/?mode=1&amp;name=NHL&amp;url=PLrbOUcXk2JPVj8tD4xG1XNOmD_72qi8OM&amp;sf_options=fanart%3Dspecial%3A%2F%2Fhome%2Faddons%5Cplugin.video.YouTube_Vault%5Cfanart.jpg%26_options_sf&quot;,return)</favourite>
	<favourite name="Baseball" thumb="special://home/addons\plugin.video.YouTube_Vault\resources\img\Sports.png">ActivateWindow(10025,&quot;plugin://plugin.video.YouTube_Vault/?mode=1&amp;name=Baseball&amp;url=PL1ZcZsep3ZaOPf47uErRQ-z12GBjoXbtE&amp;sf_options=fanart%3Dspecial%3A%2F%2Fhome%2Faddons%5Cplugin.video.YouTube_Vault%5Cfanart.jpg%26_options_sf&quot;,return)</favourite>
</favourites>