<favourites>
	<favourite name="Latest" thumb="https://googledrive.com/host/0B-bY5h-uWEgZQVJQZ0lzUTdBeFE/icons/eye.png">ActivateWindow(10025,&quot;plugin://plugin.video.origin2/?action=movies&amp;url=trending&quot;,return)</favourite>
	<favourite name="Featured" thumb="http://media.reeoo.com/MovieQuest-icon.png!icon180">ActivateWindow(10025,&quot;plugin://plugin.video.origin2/?action=movies&amp;url=featured&amp;sf_options=&quot;,return)</favourite>
	<favourite name="" thumb="">PlayMedia(&quot;plugin://plugin.video.none?sf_options=winID%3D10025%26_options_sf&quot;,return)</favourite>
	<favourite name="[COLOR azure]More...[/COLOR]" thumb="special://home/addons\plugin.video.xmovies8\icon.png">ActivateWindow(10025,&quot;plugin://plugin.program.super.favourites/?sf_options=&amp;mode=400&amp;path=special%3A%2F%2Fhome%2Faddons%2Fscript.supafav%2FSuper%20Favourites/Movies%2FRecently Added%5CMore&amp;sf_options=&quot;,return)</favourite>
	<favourite name="Phoenix New Releases" thumb="http://phoenixtv.offshorepastebin.com/art/main/DRAGONnewreleases.jpg">ActivateWindow(10025,&quot;plugin://plugin.video.phstreams/?action=directory&amp;url=http%3a%2f%2fphoenixtv.offshorepastebin.com%2freleases%2fmain.xml&amp;sf_options=fanart%3Dspecial%3A%2F%2Fhome%2Faddons%5Cplugin.video.phstreams%5Cfanart.jpg%26_options_sf&quot;,return)</favourite>
</favourites>