<favourites>
    <favourite name="SKY Sports 1" thumb="http://hdfree.tv/images/channels/skys1.gif">PlayMedia(&quot;plugin://plugin.video.castaway/?play=True&amp;img=http%3A%2F%2Fhdfree.tv%2Fimages%2Fchannels%2Fskys1.gif&amp;title=SKY+Sports+1&amp;url=http%3A%2F%2Fhdfree.tv%2Fwatch%2F2%2Fsky-sports-1.html&amp;site=hdfree&amp;mode=play_special&quot;)</favourite>
    <favourite name="SKY Sports 2" thumb="http://hdfree.tv/images/channels/sky2.png">PlayMedia(&quot;plugin://plugin.video.castaway/?play=True&amp;img=http%3A%2F%2Fhdfree.tv%2Fimages%2Fchannels%2Fsky2.png&amp;title=SKY+Sports+2&amp;url=http%3A%2F%2Fhdfree.tv%2Fwatch%2F3%2Fsky-sports-2.html&amp;site=hdfree&amp;mode=play_special&quot;)</favourite>
    <favourite name="SKY Sports 3" thumb="http://hdfree.tv/images/channels/skys3.gif">PlayMedia(&quot;plugin://plugin.video.castaway/?play=True&amp;img=http%3A%2F%2Fhdfree.tv%2Fimages%2Fchannels%2Fskys3.gif&amp;title=SKY+Sports+3&amp;url=http%3A%2F%2Fhdfree.tv%2Fwatch%2F4%2Fsky-sports-3.html&amp;site=hdfree&amp;mode=play_special&quot;)</favourite>
    <favourite name="SKY Sports 4" thumb="http://hdfree.tv/images/channels/skys4.gif">PlayMedia(&quot;plugin://plugin.video.castaway/?play=True&amp;img=http%3A%2F%2Fhdfree.tv%2Fimages%2Fchannels%2Fskys4.gif&amp;title=SKY+Sports+4&amp;url=http%3A%2F%2Fhdfree.tv%2Fwatch%2F5%2Fsky-sports-4.html&amp;site=hdfree&amp;mode=play_special&quot;)</favourite>
    <favourite name="SKY Sports 5" thumb="http://hdfree.tv/images/channels/skys5.gif">PlayMedia(&quot;plugin://plugin.video.castaway/?play=True&amp;img=http%3A%2F%2Fhdfree.tv%2Fimages%2Fchannels%2Fskys5.gif&amp;title=SKY+Sports+5&amp;url=http%3A%2F%2Fhdfree.tv%2Fwatch%2F6%2Fsky-sports-5.html&amp;site=hdfree&amp;mode=play_special&quot;)</favourite>
    <favourite name="SKY Sports F1" thumb="http://hdfree.tv/images/channels/ssf1.png">PlayMedia(&quot;plugin://plugin.video.castaway/?play=True&amp;img=http%3A%2F%2Fhdfree.tv%2Fimages%2Fchannels%2Fssf1.png&amp;title=SKY+Sports+F1&amp;url=http%3A%2F%2Fhdfree.tv%2Fwatch%2F7%2Fsky-sports-f1-live-stream-online.html&amp;site=hdfree&amp;mode=play_special&quot;)</favourite>
    <favourite name="BT Sport 1" thumb="http://hdfree.tv/images/channels/bt1.jpg">PlayMedia(&quot;plugin://plugin.video.castaway/?play=True&amp;img=http%3A%2F%2Fhdfree.tv%2Fimages%2Fchannels%2Fbt1.jpg&amp;title=BT+Sport+1&amp;url=http%3A%2F%2Fhdfree.tv%2Fwatch%2F8%2Fbt-sport-1-live-stream-online.html&amp;site=hdfree&amp;mode=play_special&quot;)</favourite>
    <favourite name="BT Sport 2" thumb="http://hdfree.tv/images/channels/bt2.jpg">PlayMedia(&quot;plugin://plugin.video.castaway/?play=True&amp;img=http%3A%2F%2Fhdfree.tv%2Fimages%2Fchannels%2Fbt2.jpg&amp;title=BT+Sport+2&amp;url=http%3A%2F%2Fhdfree.tv%2Fwatch%2F9%2Fbt-sport-2-live-stream-online.html&amp;site=hdfree&amp;mode=play_special&quot;)</favourite>
    <favourite name="BT Sport Europe" thumb="http://hdfree.tv/images/channels/bt_sport_europe.png">PlayMedia(&quot;plugin://plugin.video.castaway/?play=True&amp;img=http%3A%2F%2Fhdfree.tv%2Fimages%2Fchannels%2Fbt_sport_europe.png&amp;title=BT+Sport+Europe&amp;url=http%3A%2F%2Fhdfree.tv%2Fwatch%2F32%2Fbt-sport-europe-live-stream.html&amp;site=hdfree&amp;mode=play_special&quot;)</favourite>
    <favourite name="SKY Sports 1" thumb="http://www.crichd.tv/images/skys1.gif">PlayMedia(&quot;plugin://plugin.video.castaway/?play=True&amp;img=http%3A%2F%2Fwww.crichd.tv%2Fimages%2Fskys1.gif&amp;title=SKY+Sports+1&amp;url=http%3A%2F%2Fwww.crichd.tv%2Fsky-sports-1-live-stream.php&amp;site=crichd&amp;mode=play_special&quot;)</favourite>
    <favourite name="SKY Sports 2" thumb="http://www.crichd.tv/images/sky2.png">PlayMedia(&quot;plugin://plugin.video.castaway/?play=True&amp;img=http%3A%2F%2Fwww.crichd.tv%2Fimages%2Fsky2.png&amp;title=SKY+Sports+2&amp;url=http%3A%2F%2Fwww.crichd.tv%2Fsky-sports-2-live-stream.php&amp;site=crichd&amp;mode=play_special&quot;)</favourite>
    <favourite name="SKY Sports 3" thumb="http://www.crichd.tv/images/sky3.png">PlayMedia(&quot;plugin://plugin.video.castaway/?play=True&amp;img=http%3A%2F%2Fwww.crichd.tv%2Fimages%2Fsky3.png&amp;title=SKY+Sports+3&amp;url=http%3A%2F%2Fwww.crichd.tv%2Fsky-sports-3-live-stream.php&amp;site=crichd&amp;mode=play_special&quot;)</favourite>
    <favourite name="SKY Sports 4" thumb="http://www.crichd.tv/images/sky4.png">PlayMedia(&quot;plugin://plugin.video.castaway/?play=True&amp;img=http%3A%2F%2Fwww.crichd.tv%2Fimages%2Fsky4.png&amp;title=SKY+Sports+4&amp;url=http%3A%2F%2Fwww.crichd.tv%2Fsky-sports-4-live-stream.php&amp;site=crichd&amp;mode=play_special&quot;)</favourite>
    <favourite name="SKY Sports 5" thumb="http://www.crichd.tv/images/skys5.gif">PlayMedia(&quot;plugin://plugin.video.castaway/?play=True&amp;img=http%3A%2F%2Fwww.crichd.tv%2Fimages%2Fskys5.gif&amp;title=SKY+Sports+5&amp;url=http%3A%2F%2Fwww.crichd.tv%2Fsky-sports-5-live-stream.php&amp;site=crichd&amp;mode=play_special&quot;)</favourite>
    <favourite name="SKY Sports f1" thumb="http://www.crichd.tv/images/skyf1.png">PlayMedia(&quot;plugin://plugin.video.castaway/?play=True&amp;img=http%3A%2F%2Fwww.crichd.tv%2Fimages%2Fskyf1.png&amp;title=SKY+Sports+f1&amp;url=http%3A%2F%2Fwww.crichd.tv%2Fsky-sports-f1-live-stream.php&amp;site=crichd&amp;mode=play_special&quot;)</favourite>
    <favourite name="BT Sport 1" thumb="http://www.crichd.tv/images/bt1.jpg">PlayMedia(&quot;plugin://plugin.video.castaway/?play=True&amp;img=http%3A%2F%2Fwww.crichd.tv%2Fimages%2Fbt1.jpg&amp;title=BT+Sport+1&amp;url=http%3A%2F%2Fwww.crichd.tv%2Fbt-sport-1-live-stream.php&amp;site=crichd&amp;mode=play_special&quot;)</favourite>
    <favourite name="BT Sport 2" thumb="http://www.crichd.tv/images/bt2.jpg">PlayMedia(&quot;plugin://plugin.video.castaway/?play=True&amp;img=http%3A%2F%2Fwww.crichd.tv%2Fimages%2Fbt2.jpg&amp;title=BT+Sport+2&amp;url=http%3A%2F%2Fwww.crichd.tv%2Fbt-sport-2-live-stream.php&amp;site=crichd&amp;mode=play_special&quot;)</favourite>
</favourites>