<favourites>
	<favourite name="World TV" thumb="http://www.icangiveyouhouse.com/audio/2010/09/world-in-black-and-white-hands-1.jpg">ActivateWindow(10025,&quot;plugin://plugin.video.israelive/?categoryid=9999&amp;channelid=10556&amp;iconimage=&amp;mode=2&quot;,return)</favourite>
	<favourite name="[COLOR white]Non-English/International[/COLOR]" thumb="">ActivateWindow(10025,&quot;plugin://plugin.video.ccloudtv/?iconimage=&amp;mode=64&amp;name=International&amp;url=international&quot;,return)</favourite>
	<favourite name="FilmON.TV" thumb="https://superrepo.org/static/images/icons/original/xplugin.video.filmon.png.pagespeed.ic.3J28DkfxkJ.png">ActivateWindow(10025,&quot;plugin://plugin.video.SportsDevil/?item=title%3dFilmOn.com%26url%3dcustoms%252Ffilmon.com.cfg%26definedIn%3dcustoms.cfg%26director%3dfilmon.com%26genre%3dLive%2bTV%26type%3drss%26icon%3dhttp%253A%252F%252Fwww.filmon.com%252Ftv%252Fthemes%252Ffilmontv%252Fimg%252Fnew-filmon-logo.png&amp;mode=1&amp;sf_options=fanart%3Dspecial%3A%2F%2Fhome%2Faddons%5Cplugin.video.SportsDevil%5Cfanart.jpg%26_options_sf&quot;,return)</favourite>
	<favourite name="IPTV - Crusader88 International" thumb="http://crusader88.offshorepastebin.com/CrusaderStreams/Countries/crusader88A.png">ActivateWindow(10025,&quot;plugin://plugin.video.phstreams/?action=directory&amp;content=0&amp;url=http%3a%2f%2fcrusader88.offshorepastebin.com%2fCrusaderStreams%2fCountries%2fmain2.xml&quot;,return)</favourite>
	<favourite name="Gobble" thumb="special://home/addons\plugin.video.gobble\icon.png">ActivateWindow(10025,&quot;plugin://plugin.video.gobble/&quot;,return)</favourite>
	<favourite name="[COLOR FFAAAAAA][COLOR FFFFFFFF]E[/COLOR]spanol[/COLOR]" thumb="special://home/addons\plugin.stream.vaughnlive.tv\art\espanol.jpg">ActivateWindow(10025,&quot;plugin://plugin.stream.vaughnlive.tv/?cat=espanol&amp;mode=BrowseCat3&amp;site&amp;type=php&amp;sf_options=fanart%3Dspecial%3A%2F%2Fhome%2Faddons%5Cplugin.stream.vaughnlive.tv%5Cfanart.jpg%26_options_sf&quot;,return)</favourite>
</favourites>