<favourites>
	<favourite name="CNN" thumb="http://www.logospike.com/wp-content/uploads/2014/11/Cnn_logo-3.jpg">PlayMedia(&quot;rtmp://gurkin.cdn.newschat.tv/edge playpath=cnn_live swfUrl=http://newschat.tv/player.swf swfVfy=1 live=1 pageUrl=http://www.livenewschat.eu/twoons timeout=15?sf_options=winID%3D10025%26_options_sf&quot;)</favourite>
	<favourite name="CNN Intl" thumb="https://s16.postimg.org/v7fq65ic5/cnni_1.png">PlayMedia(&quot;http://149.255.152.110/cnn/index.m3u8?sf_options=winID%3D10025%26_options_sf&quot;)</favourite>
	<favourite name="CNN Go" thumb="https://pbs.twimg.com/profile_images/557619058950938624/Ob28ih6k.png">PlayMedia(&quot;plugin://plugin.video.youtube/user/cnn/&quot;,isdir)?sf_options=winID%3D10025%26_options_sf&quot;)</favourite>
	<favourite name="FOX News" thumb="https://lh6.ggpht.com/bmdvWGTQ5xyA07ZRU_gf_RW8MQX8Oo1u8opdwg-FDmWn5OFEaq7Nt1KkwbVnX4TLV_g=w175">PlayMedia(&quot;plugin://plugin.stream.vaughnlive.tv/?sourcetype=auto&amp;title=newzviewz&amp;url=http%3A%2F%2Fvaughnlive.tv%2Fnewzviewz&amp;section=&amp;site=&amp;mode=PlayLiveStream&amp;channel=newzviewz&amp;sf_options=winID%3D10025%26_options_sf&quot;)</favourite>
	<favourite name="MSNBC" thumb="http://1.bp.blogspot.com/-fy7j--ZE8K4/Uh4cd91UwpI/AAAAAAAABSM/_ZjWWEzQGA4/s1600/b5dbe762edb52ced8189c1ec33f3662d.jpeg">PlayMedia(&quot;http://tvemsnbc-lh.akamaihd.net/i/nbcmsnbc_1@122532/master.m3u8?sf_options=winID%3D10025%26_options_sf&quot;)</favourite>
	
	<#favourite name="Local News" thumb="http://www.pringlepa.us/images/local.jpg">ActivateWindow(10025,&quot;plugin://plugin.program.super.favourites/?folder=News/.Local News&quot;,return)</favourite>
	<favourite name="Local News" thumb="http://www.pringlepa.us/images/local.jpg">ActivateWindow(10025,&quot;plugin://plugin.video.phstreams/?action=directory&amp;content=0&amp;url=http%3A%2F%2Fpastebin.com%2Fraw%2FNdXL6F6d&quot;,return)</favourite>
	<favourite name="ABC News" thumb="http://stepdadding.com/wp-content/uploads/2012/08/abc-image2.jpg">PlayMedia(&quot;http://abclive.abcnews.com/i/abc_live4@136330/index_1200_av-b.m3u8?sd=10&amp;b=1200&amp;rebase=on&amp;sf_options=winID%3D10025%26_options_sf&quot;)</favourite>
	<favourite name="Bloomberg" thumb="http://cdn.marketplaceimages.windowsphone.com/v8/images/b72e664a-887b-4373-9a8c-8261a7ddece8?imageType=ws_icon_large">PlayMedia(&quot;http://cdn3.videos.bloomberg.com/btv/us/master.m3u8?sf_options=winID%3D10025%26_options_sf&quot;)</favourite>
	<favourite name="CBS News" thumb="http://buysmarttvbox.com/wp-content/uploads/2015/01/cbsn_news_live2.jpg">PlayMedia(&quot;http://cbsnews-linear.mdialog.com/video_assets/cbsnews.m3u8?api_key=563b80c1ae4ce359830f572d2496a947&amp;iu=/8264/vaw-can/mobile_web/index_4000_av-p.m3u8?sd=10&amp;rebase=on&amp;sf_options=winID%3D10025%26_options_sf&quot;)</favourite>
	<favourite name="CNBC" thumb="http://a1.mzstatic.com/au/r30/Purple60/v4/c5/82/34/c58234c1-ad83-f3e6-465d-7010c2b38bb9/icon175x175.jpeg">PlayMedia(&quot;rtmp://apfel.cdn.newschat.tv/edge playpath=cnbc_live swfUrl=http://newschat.tv/player.swf live=1 pageUrl=http://www.livenewschat.eu/stocks?sf_options=winID%3D10025%26_options_sf&quot;)</favourite>
	<favourite name="HLN" thumb="http://googledrive.com/host/0B-bY5h-uWEgZQVJQZ0lzUTdBeFE/icons/networks/news/hln.png">PlayMedia(&quot;rtmp://apfel.cdn.newschat.tv/edge playpath=hln_live swfUrl=http://newschat.tv/player.swf live=1  pageUrl=http://www.livenewschat.eu/twoons/ ?sf_options=winID%3D10025%26_options_sf&quot;)</favourite>
	<favourite name="BBC World News" thumb="http://mediad.publicbroadcasting.net/p/wuwm/files/styles/card_agg/public/201304/logo_bbcworldnews_140x140.gif">PlayMedia(&quot;rtmp://apfel.cdn.newschat.tv/edge playpath=bbcwn_live swfUrl=http://newschat.tv/player.swf live=1  pageUrl=http://www.livenewschat.eu/twoons?sf_options=winID%3D10025%26_options_sf&quot;)</favourite>
	<favourite name="Al Jazera" thumb="http://mirror.umd.edu/xbmc/addons/gotham/plugin.video.aljazeera/icon.png">PlayMedia(&quot;rtmp://aljazeeraflashlivefs.fplive.net:1935/aljazeeraflashlive-live?videoId=883816736001&amp;lineUpId=&amp;pubId=665003303001&amp;playerId=751182905001&amp;affiliateId=/aljazeera_eng_high?videoId=883816736001&amp;lineUpId=&amp;pubId=665003303001&amp;playerId=751182905001&amp;affiliateId=.flv live=1 &amp;sf_options=winID%3D10025%26_options_sf&quot;)</favourite>
	<favourite name="France24" thumb="http://a4.mzstatic.com/eu/r30/Purple20/v4/75/26/c1/7526c1a0-7a0e-9ee2-647f-aca932ca7259/icon175x175.png">PlayMedia(&quot;http://static.france24.com/live/F24_EN_LO_HLS/live_web.m3u8?sf_options=winID%3D10025%26_options_sf&quot;)</favourite>
	<favourite name="RT" thumb="https://lh6.googleusercontent.com/-Kctadlnnczo/AAAAAAAAAAI/AAAAAAAAAJQ/eLqpEclFajI/s0-c-k-no-ns/photo.jpg">PlayMedia(&quot;http://rt.ashttp14.visionip.tv/live/rt-global-live-HD/playlist.m3u8?sf_options=winID%3D10025%26_options_sf&quot;)</favourite>
	<favourite name="Sky News Live" thumb="http://googledrive.com/host/0B-bY5h-uWEgZQVJQZ0lzUTdBeFE/icons/news/skynews.png">PlayMedia(&quot;plugin://plugin.video.youtube/play/?video_id=y60wDzZt8yg&amp;sf_options=winID%3D10025%26_options_sf&quot;,return)</favourite>
	<favourite name="i24" thumb="https://static-s.aa-cdn.net/img/ios/671837118/d705b4b2e3ae27c811a2561eb5d054a2?v=1">PlayMedia(&quot;plugin://plugin.video.youtube/play/?video_id=Msgo-R3zZuM&amp;sf_options=winID%3D10025%26_options_sf&quot;,return)</favourite>
	<favourite name="Newsmax" thumb="https://lh6.ggpht.com/P0WK2c5_ZE6aA2IvDkEA5oOyaqbuOoqHNK3tQ2YWCWhW-IP3zeuoSDeZuO9FFmqjuA=w300">PlayMedia(&quot;plugin://plugin.video.youtube/play/?video_id=6bqvoUMVmCs&amp;sf_options=winID%3D10025%26_options_sf&quot;,return)</favourite>
	<favourite name="TWiT Live" thumb="http://a1.mzstatic.com/us/r30/Purple6/v4/67/f6/4f/67f64f30-a881-ab3d-79b0-3169a8cca3ae/icon128-2x.png">PlayMedia(&quot;http://hls.cdn.flosoft.biz/flosoft/mp4:twitStream_720/playlist.m3u8?sf_options=winID%3D10025%26_options_sf&quot;)</favourite>
	<favourite name="NEWSY" thumb="">PlayMedia(&quot;plugin://plugin.video.phstreams/?action=play&amp;url=https%3A%2F%2Fwww.filmon.com%2Fchannel%2Fnewsy&amp;sf_options=winID%3D10025%26_options_sf&quot;)</favourite>
	<favourite name="WeatherNation" thumb="">PlayMedia(&quot;http://kalseglive-a.akamaihd.net/dc-1/m/ny-live-publish101/kLive/smil:1_oorxcge2_all.smil/32/chunklist.m3u8?sf_options=winID%3D10025%26_options_sf&quot;)</favourite>
	<favourite name="Special Events" thumb="http://www.thehealingchurchri.com/assets/images/eventsicon.png">PlayMedia(&quot;rtmp://apfel.cdn.newschat.tv/edge playpath=special_live swfUrl=http://newschat.tv/player.swf live=1  pageUrl=http://www.livenewschat.eu/twoons/ ?sf_options=winID%3D10025%26_options_sf&quot;)</favourite>
	<favourite name="[COLOR azure].News OnDemand[/COLOR]" thumb="http://icons.iconarchive.com/icons/designcontest/ecommerce-business/128/news-icon.png">ActivateWindow(10025,&quot;plugin://plugin.program.super.favourites/?mode=400&amp;path=special%3A%2F%2Fhome%2Faddons%2Fscript.supafav%2FSuper%20Favourites/News%5CNews%20OnDemand&amp;sf_options=fanart%3D&quot;,return)</favourite>
</favourites>