<favourites>
	<favourite name="Recently Added" thumb="http://www.tvnewscheck.com/marketshare/wp-content/uploads/2015/09/what-on-tv.png">ActivateWindow(10025,&quot;plugin://plugin.program.super.favourites/?sf_options=&amp;mode=400&amp;path=special%3A%2F%2Fhome%2Faddons%2Fscript.supafav%2FSuper%20Favourites/TV Shows/Recently Added&amp;sf_options=&quot;,return)</favourite>
	<favourite name="New Shows" thumb="http://icons.iconarchive.com/icons/custom-icon-design/pretty-office-11/512/new-icon.png">ActivateWindow(10025,&quot;plugin://plugin.video.origin2/?action=tvshows&amp;url=premiere&quot;,return)</favourite>
	<favourite name="Trending" thumb="https://googledrive.com/host/0B-bY5h-uWEgZQVJQZ0lzUTdBeFE/icons/chart.png">ActivateWindow(10025,&quot;plugin://plugin.video.origin2/?action=tvshows&amp;url=trending&amp;sf_options=&quot;,return)</favourite>
	<favourite name="By Network" thumb="http://www.suddenlink.com/sites/default/files/Home/homepage_tv-lineup_8-10.png">ActivateWindow(10025,&quot;plugin://plugin.program.super.favourites/?sf_options=&amp;mode=400&amp;path=special%3A%2F%2Fhome%2Faddons%2Fscript.supafav%2FSuper%20Favourites/TV Shows/Networks&amp;sf_options=&quot;,return)</favourite>
	<favourite name="By Genre" thumb="http://thumbs.dreamstime.com/t/film-genre-squared-app-icon-set-flat-style-vector-illustrations-long-shadows-49654570.jpg">ActivateWindow(10025,&quot;plugin://plugin.video.origin2/?action=tvGenres&amp;sf_options=&quot;,return)</favourite>
	<favourite name="Browse TV" thumb="http://thumbs.dreamstime.com/t/film-genre-squared-app-icon-set-flat-style-vector-illustrations-long-shadows-49654570.jpg">ActivateWindow(10025,&quot;plugin://plugin.program.super.favourites/?sf_options=&amp;mode=400&amp;path=special%3A%2F%2Fhome%2Faddons%2Fscript.supafav%2FSuper%20Favourites/TV Shows/Popular&amp;sf_options=&quot;,return)</favourite>
	<favourite name="Search TV Shows" thumb="http://icons.iconarchive.com/icons/visualpharm/must-have/256/Search-icon.png">ActivateWindow(10025,&quot;plugin://plugin.program.super.favourites/?label=Search&amp;mode=400&amp;sf_options=&amp;mode=400&amp;path=special%3A%2F%2Fhome%2Faddons%2Fscript.supafav%2FSuper%20Favourites/TV Shows%5CSearch&amp;sf_options=fanart%3DNULL%26_options_sf&quot;,return)</favourite>
</favourites>