<favourites>
<favourite name="YouTube" thumb="special://home\addons\plugin.video.youtube\icon.png">ActivateWindow(10025,&quot;plugin://plugin.video.youtube/kodion/search/query/?q=[%SF%]&amp;sf_options=fanart%3Dspecial%3A%2F%2Fhome%2Faddons%5Cplugin.video.youtube%5Cfanart.jpg%26_options_sf&quot;)</favourite>
<favourite name="1Channel [COLOR blue]Movies[/COLOR]" thumb="special://home\addons\plugin.video.1channel\art\themes\Glossy_Black\search.png">ActivateWindow(10025,&quot;plugin://plugin.video.1channel/?mode=Search&amp;section=movies&amp;query=[%SF%]&amp;sf_options=fanart%3Dspecial%3A%2F%2Fhome%2Faddons%5Cplugin.video.1channel%5Cfanart.jpg%26_options_sf&quot;)</favourite>
	
<favourite name="1Channel [COLOR blue]TV[/COLOR]" thumb="special://home\addons\plugin.video.1channel\art\themes\Glossy_Black\search.png">ActivateWindow(10025,&quot;plugin://plugin.video.1channel/?mode=Search&amp;section=tv&amp;query=[%SF%]&amp;sf_options=fanart%3Dspecial%3A%2F%2Fhome%2Faddons%5Cplugin.video.1channel%5Cfanart.jpg%26_options_sf&quot;)</favourite>

<favourite name="SALTS [COLOR blue]Movies[/COLOR]" thumb="special://home\addons\plugin.video.salts\icon.png">ActivateWindow(10025,&quot;plugin://plugin.video.salts/?query=[%SF%]&amp;section=Movies&amp;mode=search_results&amp;sf_options=fanart%3Dspecial%3A%2F%2Fhome%2Faddons%5Cplugin.video.salts%5Cfanart.jpg%26_options_sf&quot;,return)</favourite>
	
<favourite name="SALTS TV [COLOR blue]Shows[/COLOR]" thumb="special://home\addons\plugin.video.salts\icon.png">ActivateWindow(10025,&quot;plugin://plugin.video.salts/?query=[%SF%]&amp;section=TV&amp;mode=search_results&amp;sf_options=fanart%3Dspecial%3A%2F%2Fhome%2Faddons%5Cplugin.video.salts%5Cfanart.jpg%26_options_sf&quot;,return)</favourite>

<favourite name="Origin3 [COLOR blue]Movies[/COLOR]" thumb="special://home/addons/script.origin2.artwork\resources\media\origin2\search.png">ActivateWindow(10025,&quot;plugin://plugin.video.origin2/?action=movieSearch&amp;query=[%SF%]&amp;sf_options=fanart%3Dspecial%3A%2F%2Fhome%2Faddons%5Cplugin.video.origin2%5Cfanart.jpg%26_options_sf&quot;)</favourite>

<favourite name="Origin3 [COLOR blue]TV[/COLOR]" thumb="special://home/addons/script.origin2.artwork\resources\media\origin2\search.png">ActivateWindow(10025,&quot;plugin://plugin.video.origin2/?action=tvSearch&amp;query=[%SF%]&amp;sf_options=fanart%3Dspecial%3A%2F%2Fhome%2Faddons%5Cplugin.video.origin2%5Cfanart.jpg%26_options_sf&quot;)</favourite>



<favourite name="Origin3 [COLOR blue]Movies (by Actor)[/COLOR] " thumb="special://home/addons/script.origin2.artwork\resources\media\origin2\people-search.png">ActivateWindow(10025,&quot;plugin://plugin.video.origin2/?action=moviePerson&amp;query=[%SF%]&amp;sf_options=fanart%3Dspecial%3A%2F%2Fhome%2Faddons%5Cplugin.video.origin2%5Cfanart.jpg%26_options_sf&quot;)</favourite>
	
<favourite name="Origin3 [COLOR blue]TV (by Actor)[/COLOR]" thumb="special://home/addons/script.origin2.artwork\resources\media\origin2\people-search.png">ActivateWindow(10025,&quot;plugin://plugin.video.origin2/?action=tvPerson&amp;query=[%SF%]&amp;sf_options=fanart%3Dspecial%3A%2F%2Fhome%2Faddons%5Cplugin.video.origin2%5Cfanart.jpg%26_options_sf&quot;)</favourite>


<favourite name="Specto [COLOR blue]Movies[/COLOR] " thumb="special://home\addons\plugin.video.specto\resources/art/4orbs/root_movies.jpg">ActivateWindow(10025,&quot;plugin://plugin.video.specto/?action=movieSearch&amp;query=[%SF%]&amp;sf_options=fanart%3Dspecial%3A%2F%2Fhome%2Faddons%5Cplugin.video.specto%5Cfanart.jpg%26_options_sf&quot;)</favourite>

<favourite name="Specto [COLOR blue]TV[/COLOR]" thumb="special://home\addons\plugin.video.specto\resources/art/4orbs/root_shows.jpg">ActivateWindow(10025,&quot;plugin://plugin.video.specto/?action=tvSearch&amp;query=[%SF%]&amp;sf_options=fanart%3Dspecial%3A%2F%2Fhome%2Faddons%5Cplugin.video.specto%5Cfanart.jpg%26_options_sf&quot;)</favourite>


	
<favourite name="Specto [COLOR blue]Movies (by Actor)[/COLOR]" thumb="special://home\addons\plugin.video.specto\resources/art/4orbs/actors_movies.jpg">ActivateWindow(10025,&quot;plugin://plugin.video.specto/?action=moviePerson&amp;query=[%SF%]&amp;sf_options=fanart%3Dspecial%3A%2F%2Fhome%2Faddons%5Cplugin.video.specto%5Cfanart.jpg%26_options_sf&quot;)</favourite>
	
<favourite name="Specto [COLOR blue]TV (by Actor)[/COLOR]" thumb="special://home\addons\plugin.video.specto\resources/art/4orbs/actors_shows.jpg">ActivateWindow(10025,&quot;plugin://plugin.video.specto/?action=tvPerson&amp;query=[%SF%]&quot;)</favourite>






	
<favourite name="Icefilms" thumb="special://home\addons\plugin.video.icefilms\resources\art\search.png">ActivateWindow(10025,&quot;plugin://plugin.video.icefilms/?mode=5555&amp;name=Search&amp;url=http%3a%2f%2fwww.icefilms.info%2f&amp;nextPage=0&amp;search=[%SF%]&amp;sf_options=fanart%3Dspecial%3A%2F%2Fhome%2Faddons%5Cplugin.video.icefilms%5Cfanart.jpg%26_options_sf&quot;)</favourite>
	

	

<favourite name="MP3 Artists" thumb="special://home\addons\plugin.audio.mp3streams\icon.png">ActivateWindow(10502,&quot;plugin://plugin.audio.mp3streams/?mode=27&amp;name=[%SF%]&amp;url=url&amp;sf_options=fanart%3Dspecial%3A%2F%2Fhome%2Faddons%5Cplugin.audio.mp3streams%5Cfanart.jpg%26_options_sf&quot;)</favourite>	
<favourite name="MP3 Albums" thumb="special://home\addons\plugin.audio.mp3streams\icon.png">ActivateWindow(10502,&quot;plugin://plugin.audio.mp3streams/?mode=25&amp;name=[%SF%]&amp;url=url&amp;sf_options=fanart%3Dspecial%3A%2F%2Fhome%2Faddons%5Cplugin.audio.mp3streams%5Cfanart.jpg%26_options_sf&quot;)</favourite>
	
<favourite name="MP3 Songs" thumb="special://home\addons\plugin.audio.mp3streams\icon.png">ActivateWindow(10502,&quot;plugin://plugin.audio.mp3streams/?mode=26&amp;name=[%SF%]&amp;url=url&amp;sf_options=fanart%3Dspecial%3A%2F%2Fhome%2Faddons%5Cplugin.audio.mp3streams%5Cfanart.jpg%26_options_sf&quot;)</favourite>
	

	
<favourite name="[COLOR blue]PFTV[/COLOR] Search All" thumb="special://home/addons\plugin.video.pftvso/icons/Search.png">ActivateWindow(10025,&quot;plugin://plugin.video.pftvso/?mode=search&amp;section=all&amp;name=[%SF%]&amp;sf_options=fanart%3Dspecial%3A%2F%2Fhome%2Faddons%5Cplugin.video.pftvso%5Cfanart.jpg%26_options_sf&quot;,return)</favourite>
	
<favourite name="[COLOR blue]PFTV[/COLOR] Movies" thumb="special://home/addons\plugin.video.pftvso/icons/Search.png">ActivateWindow(10025,&quot;plugin://plugin.video.pftvso/?mode=search&amp;section=movies&amp;name=[%SF%]&amp;sf_options=fanart%3Dspecial%3A%2F%2Fhome%2Faddons%5Cplugin.video.pftvso%5Cfanart.jpg%26_options_sf&quot;,return)</favourite>
	
<favourite name="[COLOR blue]PFTV[/COLOR] TV Shows" thumb="special://home/addons\plugin.video.pftvso/icons/Search.png">ActivateWindow(10025,&quot;plugin://plugin.video.pftvso/?mode=search&amp;section=shows&amp;name=[%SF%]&amp;sf_options=fanart%3Dspecial%3A%2F%2Fhome%2Faddons%5Cplugin.video.pftvso%5Cfanart.jpg%26_options_sf&quot;,return)</favourite>
	

	
<favourite name="Google Images" thumb="special://home/addons\plugin.image.google\icon.png">	ActivateWindow(10025,&quot;plugin://plugin.image.google/?mode=103&amp;name=Search%20icon&amp;page=1&amp;url=q%3d[%SF+%]&quot;,return)</favourite>

<favourite name="Google Images (Wallpaper)" thumb="special://home/addons\plugin.image.google\icon.png">	ActivateWindow(10025,&quot;plugin://plugin.image.google/?mode=103&amp;page=1&amp;name=Search%20icon&amp;url=q%3d[%SF+%]%2bWallpaper&quot;,return)</favourite>



</favourites>