<?xml version="1.0" encoding="UTF-8" standalone="yes"?>
<addon id="plugin.video.autism"
	name="Autism Help and Support"
	version="0.0.0.1"
	provider-name="Shanks">
  <requires>
    <import addon="xbmc.python" version="2.1.0"/>
    <import addon="script.module.addon.common" version="2.0.0"/>
    <import addon="plugin.video.youtube" version="5.0.0"/>
	<import addon="repository.aresproject" />
  </requires>
  <extension point="xbmc.python.pluginsource" library="default.py">
    <provides>video</provides>
  </extension>
  <extension point="xbmc.addon.metadata">
    <summary lang="en">A collection of music and video playlists with content for your autistic child</summary>
    <description lang="en">This is a collection of music and video playlists for calming and educating children with autism</description>
    <platform>all</platform>
    <forum>http://ares-project.uk</forum>
    <website>n/a</website>
  </extension>
</addon>
