<favourites>
	<favourite name="[COLOR gold]PAC-12[/COLOR]: National" thumb="http://x.pac-12.com/profiles/pac12/modules/features/pac12_standings/images/pac12.png">PlayMedia(&quot;http://pac12hd2-lh.akamaihd.net/i/p12netw_delivery@132840/master.m3u8?sf_options=winID%3D10025%26_options_sf&quot;)</favourite>
	<favourite name="[COLOR gold]PAC-12[/COLOR]: Arizona" thumb="http://x.pac-12.com/profiles/pac12/modules/features/pac12_standings/images/pac12.png">PlayMedia(&quot;http://pac12hd2-lh.akamaihd.net/i/p12ariz_delivery@132836/master.m3u8?sf_options=winID%3D10025%26_options_sf&quot;)</favourite>
	<favourite name="[COLOR gold]PAC-12[/COLOR]: Bay Area" thumb="http://x.pac-12.com/profiles/pac12/modules/features/pac12_standings/images/pac12.png">PlayMedia(&quot;http://pac12hd2-lh.akamaihd.net/i/p12baya_delivery@132837/master.m3u8?sf_options=winID%3D10025%26_options_sf&quot;)</favourite>
	<favourite name="[COLOR gold]PAC-12[/COLOR]: L.A." thumb="http://x.pac-12.com/profiles/pac12/modules/features/pac12_standings/images/pac12.png">PlayMedia(&quot;http://pac12hd2-lh.akamaihd.net/i/p12losa_delivery@132838/master.m3u8?sf_options=winID%3D10025%26_options_sf&quot;)</favourite>
	<favourite name="[COLOR gold]PAC-12[/COLOR]: Mountain" thumb="http://x.pac-12.com/profiles/pac12/modules/features/pac12_standings/images/pac12.png">PlayMedia(&quot;http://pac12hd2-lh.akamaihd.net/i/p12moun_delivery@132839/master.m3u8?sf_options=winID%3D10025%26_options_sf&quot;)</favourite>
	<favourite name="[COLOR gold]PAC-12[/COLOR]: Washington" thumb="http://x.pac-12.com/profiles/pac12/modules/features/pac12_standings/images/pac12.png">PlayMedia(&quot;http://pac12hd2-lh.akamaihd.net/i/p12wash_delivery@132841/master.m3u8?sf_options=winID%3D10025%26_options_sf&quot;)</favourite>
	<favourite name="[COLOR gold]PAC-12[/COLOR]: Oregon" thumb="http://x.pac-12.com/profiles/pac12/modules/features/pac12_standings/images/pac12.png">PlayMedia(&quot;http://pac12hd2-lh.akamaihd.net/i/p12oreg_delivery@132835/master.m3u8?sf_options=winID%3D10025%26_options_sf&quot;)</favourite>
</favourites>