<favourites>
	<favourite name="HuluBox" thumb="https://superrepo.org/static/images/icons/original/xplugin.video.hulubox.png.pagespeed.ic.PVqgTNZQuO.png">ActivateWindow(10025,&quot;plugin://plugin.video.hulubox?sf_options=fanart%3Dspecial%3A%2F%2Fhome%2Faddons%5Cplugin.video.hulubox%5Cfanart.jpg%26_options_sf&quot;,return)</favourite>
	<favourite name="ViewMovies" thumb="http://ftp.acc.umu.se/mirror/addons.superrepo.org/v7/addons/plugin.video.viewmovies/icon.png">ActivateWindow(10025,&quot;plugin://plugin.video.viewmovies/&quot;,return)</favourite>
	<favourite name="XMovies8" thumb="special://home/addons\plugin.video.xmovies8\icon.png">ActivateWindow(10025,&quot;plugin://plugin.video.xmovies8?sf_options=fanart%3Dspecial%3A%2F%2Fhome%2Faddons%5Cplugin.video.xmovies8%5Cfanart.jpg%26_options_sf&quot;,return)</favourite>
	<favourite name="Online Movies Pro" thumb="https://superrepo.org/static/images/icons/original/xplugin.video.onlinemovies.png.pagespeed.ic.YcKpu11R94.png">ActivateWindow(10025,&quot;plugin://plugin.video.onlinemovies/&quot;,return)</favourite>
</favourites>