<favourites>
	<favourite name="MLB Network" thumb="https://www.mlbstatic.com/mlb.com/builds/site-core/8a1b123c6d57e89471233245b055a46ff73f575a_1490893516/images/favicon.png">PlayMedia(&quot;http://mlblive-akc.mlb.com/ls01/mlbam/mlb_network/NETWORK_LINEAR_1/master_wired.m3u8&quot;,return)</favourite>
	 <favourite name="" thumb="">ActivateWindow(10025,&quot;plugin://plugin.video.&quot;,return)</favourite>
	<favourite name="[COLOR blue]Live[/COLOR] Games [COLOR black] - prosports[/COLOR]" thumb="https://www.mlbstatic.com/mlb.com/builds/site-core/8a1b123c6d57e89471233245b055a46ff73f575a_1490893516/images/favicon.png">ActivateWindow(10025,&quot;plugin://plugin.video.prosport/?away&amp;home&amp;mode=mlb&amp;url&amp;sf_options=&quot;,return)</favourite>
	 <favourite name="[COLOR blue]Live[/COLOR] Games [COLOR black] - b-streams[/COLOR]" thumb="special://home/addons\plugin.video.SportsDevil\resources\images\bundesligastream.png">ActivateWindow(10025,&quot;plugin://plugin.video.SportsDevil/?item=title%3dBundesliga-Streams.net%26url%3dlivesports%252Fbundesliga-streams.net.cfg%26definedIn%3dlivesports.cfg%26director%3dbundesliga-streams.net%26genre%3dLive%2bSports%26type%3drss%26icon%3d&amp;mode=1&quot;,return)</favourite>
	 <favourite name="[COLOR blue]Live[/COLOR] Games [COLOR black] - [COLOR black]dimsports[/COLOR]" thumb="">ActivateWindow(10025,&quot;plugin://plugin.video.SportsDevil/?item=title%3dBasketball%26url%3dhttp%253A%252F%252Fwww.idimsports.eu%252Fbaseball.html%26cfg%3ddimsports.eu.links.cfg%26definedIn%3dlivesports%252Fdimsports.eu.cfg%26director%3ddimsports.eu%26genre%3dLive%2bSports%26type%3drss%26icon%3d&amp;mode=1&quot;,return)</favourite>
	 <favourite name="[COLOR blue]Live[/COLOR] Games [COLOR black] - [COLOR black]livetv.ru[/COLOR]" thumb="">ActivateWindow(10025,&quot;plugin://plugin.video.SportsDevil/?item=count.tmp%3d8%26title.tmp%3dBaseball%26ticon.tmp%3d%252F%252F%26url%3dhttp%253A%252F%252Flivetv123.net%252Fenx%252Fallupcomingsports%252F19%252F%26cfg%3dlivetv.ru.videos.cfg%2540CATEGORY%254019%26definedIn%3dlivesports%252Flivetv.ru.cfg%26director%3dLiveTV.ru%26id.tmp%3d19%26referer%3dhttp%253A%252F%252Flivetv123.net%252Fen%252Fallupcoming%26genre%3dLive%2bSports%26title%3dBaseball%2b%25288%2529%26icon.tmp%3d&amp;mode=1&quot;,return)</favourite>
	<favourite name="[COLOR blue]Live[/COLOR] Games [COLOR black] - streamhunter[/COLOR]" thumb="">ActivateWindow(10025,&quot;plugin://plugin.video.SportsDevil/?item=title%3dBasketball%26url%3dhttp%253A%252F%252Fwww.batmanstream.com%252Fbaseball-live-streaming-video.html%26cfg%3dlshunter-new.cfg%2540Events%26definedIn%3dlivesports%252Flshunter-new.cfg%26director%3dLSHunter.tv%26genre%3dLive%2bSports%26type%3drss%26icon%3d&amp;mode=1&quot;,return)</favourite>
	<--! favourite name="[COLOR blue]Live[/COLOR] Games [COLOR black] - streamhd.eu[/COLOR]" thumb="">ActivateWindow(10025,&quot;plugin://plugin.video.SportsDevil/?item=videoTitle%3d%252ASchedule%252A%26title%3d%252ASchedule%252A%26url%3dhttp%3A%2F%2Fwww.streamhd.eu%2Fmlb%2Findex.php%26cfg%3dstreamhd.eu.cfg%2540Schedule%26definedIn%3dtv%252Fstreamhd.eu.cfg%26director%3dstreamhd.eu%26genre%3dTV%26type%3donce%26icon%3d&amp;mode=1&quot;,return)</favourite>
	
	 
	  <favourite name="" thumb="">ActivateWindow(10025,&quot;plugin://plugin.video.&quot;,return)</favourite>
	 
	 <favourite name="MLB Replay" thumb="http://www.logosurfer.com/sites/default/files/styles/large/public/mlb-logo_0.png?itok=xwBRpawG">ActivateWindow(10025,&quot;plugin://plugin.video.phstreams/?action=directory&amp;content=0&amp;url=http%3a%2f%2fprojectd.offshorepastebin.com%2fpdsports%2fbaseball.xml&quot;,return)</favourite>
</favourites>