<favourites>
	<favourite name="KodiStreams.tv" thumb="special://home/addons\plugin.video.kodistreams\icon.png">ActivateWindow(10025,&quot;plugin://plugin.video.kodistreams?sf_options=fanart%3Dspecial%3A%2F%2Fhome%2Faddons%5Cplugin.video.kodistreams%5Cfanart.jpg%26desc%3DPremium+sports+streaming+service%26_options_sf&quot;,return)</favourite>
	<favourite name="WLIPTV" thumb="special://home/addons\plugin.video.wliptv\icon.png">ActivateWindow(10025,&quot;plugin://plugin.video.wliptv/?sf_options=desc%3DNTV.mx+have+new+servers+for+some+countries+so+this+is+an+edited+version+of+ntv+to+work+with+new+accounts.+Stream+all+of+your+favourites+sports%2C+movies+and+tv+from+wliptv.+%0AFor+more+info+and+instructions+on+how+to+use+this+add-on+please+visit+the+WLIPTV+section+of+our+website+%5BCOLOR+blue%5Dwww.streamboxlive.wordpress.com%5B%2FCOLOR%5D%26_options_sf&quot;,return)</favourite>
	<favourite name="SportsMania" thumb="special://home/addons\plugin.video.sportsmania\icon.png">ActivateWindow(10025,&quot;plugin://plugin.video.sportsmania?sf_options=fanart%3Dspecial%3A%2F%2Fhome%2Faddons%5Cplugin.video.sportsmania%5Cfanart.jpg%26desc%3DThis+is+a+premium+streaming+service+you+will+need+an+account+from+http%3A%2F%2Fsportsmania.eu%2F+%40SportsMania005+www.facebook.com%2Fsportsnationhdtv%26_options_sf&quot;,return)</favourite>
	<favourite name="NHL Gamecenter" thumb="special://home/addons\plugin.video.nhl-gamecenter\icon.png">ActivateWindow(10025,&quot;plugin://plugin.video.nhl-gamecenter?sf_options=fanart%3Dspecial%3A%2F%2Fhome%2Faddons%5Cplugin.video.nhl-gamecenter%5Cfanart.jpg%26desc%3DNHL+GameCenter+LIVE%E2%84%A2+is+an+online+service+offering+streaming+video+of+live+games.%26_options_sf&quot;,return)</favourite>
	<favourite name="MLS Live" thumb="special://home/addons\plugin.video.mlslive\icon.png">ActivateWindow(10025,&quot;plugin://plugin.video.mlslive?sf_options=fanart%3Dspecial%3A%2F%2Fhome%2Faddons%5Cplugin.video.mlslive%5Cfanart.jpg%26desc%3DStream+Major+League+Soccer+games+from+MLS+Live+service.%26_options_sf&quot;,return)</favourite>
	<favourite name="[COLOR blue]Udacity[/COLOR]" thumb="http://googledrive.com/host/0B-bY5h-uWEgZQVJQZ0lzUTdBeFE/icons/apps/udacity.png">ActivateWindow(10025,&quot;plugin://plugin.video.udacity/?sf_options=fanart%3Dspecial%3A%2F%2Fhome%2Faddons%5Cplugin.video.udacity%5Cfanart.jpg%26_options_sf&quot;,return)</favourite>
	<favourite name="Sports Donkey" thumb="special://home/addons\plugin.video.SportsDonkey\icon.png">ActivateWindow(10025,&quot;plugin://plugin.video.SportsDonkey?sf_options=fanart%3Dspecial%3A%2F%2Fhome%2Faddons%5Cplugin.video.SportsDonkey%5Cfanart.jpg%26desc%3DLive+streams%2C+Video+On+Demand%26_options_sf&quot;,return)</favourite>
	<favourite name="OffSide Streams" thumb="special://home/addons\plugin.video.offside\icon.png">ActivateWindow(10025,&quot;plugin://plugin.video.offside/?sf_options=desc%3DStream+all+of+your+favourites+sports%2Cmovies+and+tv+from+OffSide+Streams%26_options_sf&quot;,return)</favourite>
	<favourite name="HQ Zone Live Streams" thumb="special://home/addons\plugin.video.HQZone\icon.png">ActivateWindow(10025,&quot;plugin://plugin.video.HQZone?sf_options=fanart%3Dspecial%3A%2F%2Fhome%2Faddons%5Cplugin.video.HQZone%5Cfanart.jpg%26desc%3DHQ+Zone+Live+streams%2C+Video+On+Demand%2C+PPV+%2B+so+much+more%2C+visit+HQZone.tv+to+learn+more.+Don%C2%B4t+forget+to+follow+us+on+Twitter+%40HQZoneTV.%26_options_sf&quot;,return)</favourite>
	<favourite name="SportsAccess" thumb="special://home/addons\plugin.video.sportsaccess\icon.png">ActivateWindow(10025,&quot;plugin://plugin.video.sportsaccess?sf_options=fanart%3Dspecial%3A%2F%2Fhome%2Faddons%5Cplugin.video.sportsaccess%5Cfanart.jpg%26desc%3DGet+all+your+Live+sports+here%26_options_sf&quot;,return)</favourite>
	<favourite name="Teleboy Live-TV" thumb="special://home/addons\plugin.video.teleboy\icon.png">ActivateWindow(10025,&quot;plugin://plugin.video.teleboy/?sf_options=desc%3DSteps+to+be+done+before+using+the+teleboy+addon%3A%0A--------------------------------------------------------------------------------%0A%2A+open+%22http%3A%2F%2Fwww.teleboy.ch%22+in+your+browser%0A%2A+sign+up+%28free%29+and+login%0A%2A+create+your+preferred+channel+list%0A%2A+enter+your+login+and+password+in+the+addon+settings%0A%2A+enjoy+live+television%21%26_options_sf&quot;,return)</favourite>
	<favourite name="On-Tapp.TV" thumb="special://home/addons\script.tvguidedixie\icon.png">RunScript(&quot;script.tvguidedixie?sf_options=fanart%3Dspecial%3A%2F%2Fhome%2Faddons%5Cscript.tvguidedixie%5Cfanart.jpg%26desc%3DA+comprehensive+EPG+that+is+compatible+with+many+popular+live+TV+addons.+OnTapp.tv+gives+you+an+overview+of+what+is+on+TV+right+now+whilst+automatically+triggering+your+favourite+live+TV+addons.%5BCR%5DEPG+data+can+be+retrieved+from+specialised+OnTapp+sources.%26_options_sf&quot;,return)</favourite>
</favourites>