<favourites>
    <favourite name="Android Apps" thumb="DefaultProgram.png">ActivateWindow(10001,&quot;androidapp://sources/apps/&quot;,return)</favourite>
    <favourite name="KFTV Launcher" thumb="androidapp://sources/apps/com.amazon.tv.launcher.png">StartAndroidActivity(&quot;com.amazon.tv.launcher&quot;)</favourite>
<favourite name="IPTV" thumb="androidapp://sources/apps/ru.iptvremote.android.iptv.png">StartAndroidActivity(&quot;ru.iptvremote.android.iptv&quot;)</favourite>
    <favourite name="Netflix" thumb="androidapp://sources/apps/com.netflix.ninja.png">StartAndroidActivity(&quot;com.netflix.ninja&quot;)</favourite>
    <favourite name="Pandora" thumb="androidapp://sources/apps/com.pandora.android.gtv.png">StartAndroidActivity(&quot;com.pandora.android.gtv&quot;)</favourite>
    <favourite name="Plex" thumb="androidapp://sources/apps/com.plexapp.android.png">StartAndroidActivity(&quot;com.plexapp.android&quot;)</favourite>
    <favourite name="Pluto TV" thumb="androidapp://sources/apps/tv.pluto.android.png">StartAndroidActivity(&quot;tv.pluto.android&quot;)</favourite>
    <favourite name="VevoForTV" thumb="androidapp://sources/apps/com.vevo.tv.png">StartAndroidActivity(&quot;com.vevo.tv&quot;)</favourite>
    <favourite name="Smithsonian Channel" thumb="androidapp://sources/apps/com.smithsonian.android.png">StartAndroidActivity(&quot;com.smithsonian.android&quot;)</favourite>
    <favourite name="YouTube" thumb="androidapp://sources/apps/org.chromium.youtube_apk.png">StartAndroidActivity(&quot;org.chromium.youtube_apk&quot;)</favourite>

	<favourite name="Netflix" thumb="androidapp://sources/apps/org.chromium.content_shell_apk.png">StartAndroidActivity(&quot;org.chromium.content_shell_apk&quot;)</favourite>
	<favourite name="YouTube" thumb="androidapp://sources/apps/com.google.android.youtube.googletv.png">StartAndroidActivity(&quot;com.google.android.youtube.googletv&quot;)</favourite>
	<favourite name="VevoForTV" thumb="androidapp://sources/apps/com.vevo.tv.png">StartAndroidActivity(&quot;com.vevo.tv&quot;)</favourite>
	
	<favourite name="Crackle" thumb="androidapp://sources/apps/com.gotv.crackle.handset.png">StartAndroidActivity(&quot;com.gotv.crackle.handset&quot;)</favourite>
	<favourite name="WatchESPN" thumb="androidapp://sources/apps/com.espn.gtv.png">StartAndroidActivity(&quot;com.espn.gtv&quot;)</favourite>
	
	<favourite name="Chrome" thumb="androidapp://sources/apps/com.android.chrome.png">StartAndroidActivity(&quot;com.android.chrome&quot;)</favourite>
	<favourite name="Firefox Beta" thumb="androidapp://sources/apps/org.mozilla.firefox_beta.png">StartAndroidActivity(&quot;org.mozilla.firefox_beta&quot;)</favourite>
	<favourite name="Atlas" thumb="androidapp://sources/apps/nextapp.atlas.png">StartAndroidActivity(&quot;nextapp.atlas&quot;)</favourite>
	
	<favourite name="FiredTV" thumb="androidapp://sources/apps/com.altusapps.firedtvlauncher.png">StartAndroidActivity(&quot;com.altusapps.firedtvlauncher&quot;)</favourite>
	
	<favourite name="Chrome" thumb="androidapp://sources/apps/com.android.chrome.png">StartAndroidActivity(&quot;com.android.chrome&quot;)</favourite>
</favourites>