<favourites>
	<favourite name="Mexico" thumb="http://alaska.watchkodi.com/flags/mexico.png">ActivateWindow(10025,&quot;plugin://plugin.video.phstreams/?action=ndmode&amp;audio=0&amp;content=0&amp;fanart=C%3a%5ckodi%5cportable_data%5caddons%5cplugin.video.phstreams%5cfanart.jpg&amp;image=http%3a%2f%2falaska.watchkodi.com%2fflags%2fmexico.png&amp;name=Mexico%20%5bCOLOR%20red%5d%20Updated%2010%2f10%2f2015%5b%2fCOLOR%5d&amp;playable=false&amp;tvshow=0&amp;url=http%3a%2f%2falaska.watchkodi.com%2fmexico.xml&amp;sf_options=fanart%3Dspecial%3A%2F%2Fhome%2Faddons%5Cplugin.video.phstreams%5Cfanart.jpg%26desc%3DDiscover+Great+Streaming+Playlists%21%26_options_sf&quot;,return)</favourite>
	<favourite name="ELIPLEX TV" thumb="https://i.imgur.com/HJqbI7D.png">ActivateWindow(10025,&quot;plugin://plugin.video.EliplexTV/?fanart=https%3a%2f%2fi.imgur.com%2frdVQTRt.jpg&amp;mode=1&amp;name=%20%20%20%20%20%20%20%20%20%20%20%20%20%20%20Click%20-----%5b%20%20%5bCOLOR%20yellow%5d%20BIENVENIDOS%20A%3a%20%5b%2fCOLOR%5d%5bCOLOR%20red%5dELIPLEX%20TV%20%5b%2fCOLOR%5d%20%20%5d-----%20Click%20&amp;url=https%3a%2f%2fdl.dropboxusercontent.com%2fs%2fr3ytuwi9wpk8fuj%2fEliplex.xml&amp;sf_options=fanart%3Dhttps%3A%2F%2Fi.imgur.com%2FrdVQTRt.jpg%26_options_sf&quot;,return)</favourite>
	<favourite name="Stallion-IPTV" thumb="special://home/addons\plugin.video.Stallion-IPTV\icon.png">ActivateWindow(10025,&quot;plugin://plugin.video.Stallion-IPTV/?sf_options=desc%3D%5BCOLOR+cyan%5D%5BB%5DStallion-IPTV%2C+el+mejor+sistema+IPTV+para+tu+hogar%5B%2FB%5D%5B%2FCOLOR%5D%26_options_sf&quot;,return)</favourite>
	<favourite name="Wolf-TV" thumb="special://home/addons\plugin.video.Wolf-Iptv\icon.png">ActivateWindow(10025,&quot;plugin://plugin.video.Wolf-Iptv?sf_options=fanart%3Dspecial%3A%2F%2Fhome%2Faddons%5Cplugin.video.Wolf-Iptv%5Cfanart.jpg%26desc%3D%5BCOLOR+red%5DWolf%5B%2FCOLOR%5D%5BCOLOR+blue%5DIPTV%5B%2FCOLOR%5D%2C+junto+a+%5BCOLOR+blue%5DSTALLION%5B%2FCOLOR%5D-%5BCOLOR+red%5DTV%5B%2FCOLOR%5D%0A%09%2A+llevando+entretenimiento+a+tu+hogar%2C+variedad+de+canales+y+peliculas+en+todo+genero%0A%09%2A+%5BCOLOR+yellow%5DVISITA+NUESTRA+PAGINA+%5B%2FCOLOR%5D++%5BCOLOR+green%5Dhttps%3A%2F%2Fwww.facebook.com%2Fgroups%2Fwolfiptv%2F%5B%2FCOLOR%5D%26_options_sf&quot;,return)</favourite>
	<favourite name="YULFIOSTV (Spanish)" thumb="special://home/addons\plugin.video.yulfiostv\icon.png">ActivateWindow(10025,&quot;plugin://plugin.video.Yulfiostv?sf_options=fanart%3Dspecial%3A%2F%2Fhome%2Faddons%5Cplugin.video.yulfiostv%5Cfanart.jpg%26desc%3DYulfiosTv++el+addon+Latino+para+asegurar+tu+diversi%C3%B3n%2C+aqu%C3%AD+encontraras+lo+que+mejor+en%3A+deportes%2C+noticias%2C+telenovelas%2C+series%2C+pel%C3%ADculas%2C+m%C3%BAsica+y+mas+contenidos+en+espanol+%2Cingles+y+otros.%0ACon%C3%B3cenos+te+encantara%2C+si+necesitas+tutoriales+para+esta+gama+de+entretenimiento+visita+nuestra+p%C3%A1gina%3A+https%3A%2F%2Fwww.facebook.com%2Fgroups%2Fyulfiostv%0Ahttps%3A%2F%2Fyulfiostv.wordpress.com%26_options_sf&quot;,return)</favourite>
	<favourite name="[COLOR green]KodiFlix[/COLOR] 3.1" thumb="special://home/addons\plugin.video.KodiFlix\icon.png">ActivateWindow(10025,&quot;plugin://plugin.video.KodiFlix?sf_options=fanart%3Dspecial%3A%2F%2Fhome%2Faddons%5Cplugin.video.KodiFlix%5Cfanart.jpg%26desc%3DKodiFlix+++%5BCOLOR+red%5DNUEVA+GENERACION+EN+STREAMING%5B%2FCOLOR%5D%0A%09+%23+En+cooperacion+con%3A%5BCOLOR+red%5DKiller%5B%2FCOLOR%5D%2C+%5BCOLOR+gold%5DWolf%5B%2FCOLOR%5D++y++%5BCOLOR+green%5DYulfiostv%5B%2FCOLOR%5D%2C%0A%09+%23+Les+presentamos+el+proyecto+KodiFlix%2C+las+mejor+calidad+en+peliculas+y+series.+%0A%09+%23+%28Agradecemos+a+%5BCOLOR+cyan%5DRa%C3%BAl%5B%2FCOLOR%5D%2C+y+%5BCOLOR+blue%5DChristian+Deliz%5B%2FCOLOR%5D+por+la+colaboraci%C3%B3n%29%26_options_sf&quot;,return)</favourite>
	<favourite name="TV Direto" thumb="special://home/addons\plugin.video.direto\icon.png">ActivateWindow(10025,&quot;plugin://plugin.video.direto?sf_options=fanart%3Dspecial%3A%2F%2Fhome%2Faddons%5Cplugin.video.direto%5Cfanart.jpg%26desc%3DPodes+ver+aqui+tudo+que+eu+te+deixar%21+Mama+mas+n%C3%A3o+abuzes%21%26_options_sf&quot;,return)</favourite>
	<favourite name="[COLOR brown]cinestrenostv.tv (Spanish TV)[/COLOR]" thumb="special://home/addons\plugin.video.SportsDevil\resources\images\folder.png">ActivateWindow(10025,&quot;plugin://plugin.video.SportsDevil/?item=title%3dcinestrenostv.tv%2b%2528Spanish%2bTV%2529%26url%3dcustoms%252Fcinestrenostv.tv.cfg%26definedIn%3dcustoms.cfg%26director%3dcinestrenostv.tv%26genre%3dLive%2bTV%26type%3drss%26icon%3d&amp;mode=1&amp;sf_options=fanart%3Dspecial%3A%2F%2Fhome%2Faddons%5Cplugin.video.SportsDevil%5Cfanart.jpg%26_options_sf&quot;,return)</favourite>
	<favourite name="[COLOR white]Adrian List (Latino America)[/COLOR]" thumb="http://s20.postimg.org/qhzdh2dst/Adryan_List.jpg">ActivateWindow(10025,&quot;plugin://plugin.video.RobinHood-PPL-List/?fanart=http%3a%2f%2fs20.postimg.org%2f78x8txnbx%2fmainbackground.jpg&amp;mode=1&amp;name=%5bCOLOR%20white%5dAdrian%20List%20(Latino%20America)%5b%2fCOLOR%5d&amp;url=http%3a%2f%2fadrian.kodistream.info%2flist.xml&amp;sf_options=fanart%3Dhttp%3A%2F%2Fs20.postimg.org%2F78x8txnbx%2Fmainbackground.jpg%26_options_sf&quot;,return)</favourite>
</favourites>