<favourites>
	<favourite name="NFL [COLOR crimson]Red[/COLOR][COLOR white]Zone[/COLOR] [COLOR black](SUNDAY ONLY)[/COLOR]" thumb="http://i64.tinypic.com/15d5slf.jpg">ActivateWindow(10025,&quot;plugin://plugin.video.SportsDevil/?item=title.tmp%3dSkysports%2b1%26catcher%3dstreams%26title%3dSky%2bSports%2b1%26url%3dhttp%253A%252F%252Fmamahd.com%252Fnfl-redzone-live-stream-1.html%26videoTitle%3dRedZone%26director%3dmamahd.com%26genre%3dTV%26referer%3dhttp%253A%252F%252Fmamahd.com%252F%26definedIn%3dtv%252Fmamahd.com.cfg%26icon.tmp%3dhttp%253A%252F%252Fmamahd.com%252Fimages%252Fchannels%252Fsky.png%26type%3drss%26icon%3dC%253A%255Ckodi%255Cportable_data%255Caddons%255Cplugin.video.SportsDevil%255Cresources%255Cimages%255Cchannels%252Fsky_uk_sports1.png&amp;mode=1&quot;,return)</favourite>
	<favourite name="[COLOR blue]Live[/COLOR] Games [COLOR black]- ProSports[/COLOR]" thumb="http://a4.espncdn.com/combiner/i?img=%2Fi%2Fespn%2Fmisc_logos%2F500%2Fnfl.png">ActivateWindow(10025,&quot;plugin://plugin.video.prosport/?away&amp;home&amp;mode=nfl&amp;url&quot;,return)</favourite>
	<favourite name="[COLOR blue]Live[/COLOR] Games [COLOR black]- StreamHunter[/COLOR]" thumb="http://a4.espncdn.com/combiner/i?img=%2Fi%2Fespn%2Fmisc_logos%2F500%2Fnfl.png">ActivateWindow(10025,&quot;plugin://plugin.video.SportsDevil/?item=title%3dNFL%26url%3dhttp%253A%252F%252Fwww.batmanstream.com%252Fnfl-live-streaming-video-2016-2.html%26cfg%3dlshunter-new.cfg%2540Events%26definedIn%3dlivesports%252Flshunter-new.cfg%26director%3dLSHunter.tv%26genre%3dLive%2bSports%26type%3drss%26icon%3dC%253A%255Ckodi%255Cportable_data%255Caddons%255Cplugin.video.SportsDevil%255Cresources%255Cimages%255Clshunter_tv.png&amp;mode=1&quot;,return)</favourite>
	<favourite name="[COLOR blue]Live[/COLOR] Games [COLOR black]- B-Streams[/COLOR]" thumb="http://a4.espncdn.com/combiner/i?img=%2Fi%2Fespn%2Fmisc_logos%2F500%2Fnfl.png">ActivateWindow(10025,&quot;plugin://plugin.video.SportsDevil/?item=title%3dBundesliga-Streams.net%26url%3dlivesports%252Fbundesliga-streams.net.cfg%26definedIn%3dlivesports.cfg%26director%3dbundesliga-streams.net%26genre%3dLive%2bSports%26type%3drss%26icon%3dC%253A%255Ckodi%255Cportable_data%255Caddons%255Cplugin.video.SportsDevil%255Cresources%255Cimages%255Cbundesligastream.png&amp;mode=1&quot;,return)</favourite>
	<favourite name="[COLOR blue]Live[/COLOR] Games [COLOR black]- DimSports[/COLOR]" thumb="special://home/addons\plugin.video.SportsDevil\resources\images\sports/American Football.png">ActivateWindow(10025,&quot;plugin://plugin.video.SportsDevil/?item=title%3dAmerican%2bFootball%26url%3dhttp%253A%252F%252Fwww.idimsports.eu%252Famerican-football.html%26cfg%3ddimsports.eu.links.cfg%26definedIn%3dlivesports%252Fdimsports.eu.cfg%26director%3ddimsports.eu%26genre%3dLive%2bSports%26type%3drss%26icon%3d&amp;mode=1&quot;,return)</favourite>
	<favourite name="" thumb="">ActivateWindow(10025,&quot;plugin://plugin.video.null&quot;)</favourite>
	<favourite name="[COLOR blue]NFL Replays[/COLOR]" thumb="">ActivateWindow(10025,&quot;plugin://plugin.video.projectm/?fanart=http%3a%2f%2f3dhub.netne.net%2fimages%2fproject-d-large.jpg&amp;mode=1&amp;name=%5bB%5d%5bCOLOR%20deepskyblue%5dNFL%20REPLAYS%5b%2fCOLOR%5d%5b%2fB%5d&amp;url=http%3a%2f%2f3dhub.netne.net%2fprojectd%2fnfl.xml&quot;,return)</favourite>
	<favourite name="College Football Replays" thumb="special://home/addons\plugin.video.cfbr\icon.png">ActivateWindow(10025,&quot;plugin://plugin.video.cfbr/&quot;,return)</favourite>
	<favourite name="[COLOR black]NFL Replays[/COLOR]" thumb="http://a4.espncdn.com/combiner/i?img=%2Fi%2Fespn%2Fmisc_logos%2F500%2Fnfl.png">ActivateWindow(10025,&quot;plugin://plugin.video.prosport/?away&amp;home&amp;mode=nflarch&amp;url&quot;,return)</favourite>
	<favourite name="[COLOR black]NCAA Replays[/COLOR]" thumb="">ActivateWindow(10025,&quot;plugin://plugin.video.VidTime/?base=https%3a%2f%2fwww.dropbox.com%2fs%2fjc6mbkt530w701l%2fNCAA%2520Football.xml%3fraw%3dtrue&amp;mode=XML&amp;name=%5bCOLOR%20red%5dNCAA%20Football%5b%2fCOLOR%5d&quot;,return)</favourite>
</favourites>