<favourites>
	<favourite name="Total Commander" thumb="http://orig01.deviantart.net/0a95/f/2008/126/9/7/glossy_total_commander_icon_by_hungery5.png">PlayMedia(&quot;plugin://plugin.video.water/?description=com.ghisler.android.TotalCommander&amp;mode=12&amp;name=TotalCommander&amp;url=http%3A%2F%2Fghisler.com%2Ftcandroid2.apk&amp;sf_options=winID%3D10025%26_options_sf&quot;)</favourite>
	<favourite name="OpenCloud VPN" thumb="">PlayMedia(&quot;plugin://plugin.video.water/?mode=12&amp;name=OpenCloud VPN&amp;url=https://appraw.com/dl/aEBSy1g4aG&amp;description=net.bypass.vpn&amp;sf_options=winID%3D10025%26_options_sf&quot;)</favourite>
	<favourite name="Spotify MOD" thumb="">PlayMedia(&quot;plugin://plugin.video.water/?url=https://archive.org/download/spotmod/spotmod&amp;mode=12&amp;name=Spotify&amp;description=com.nvidia.valvesoftware.portal&amp;sf_options=winID%3D10025%26_options_sf&quot;)</favourite>
	<favourite name="XBMCLauncher (Android)" thumb="">PlayMedia(&quot;plugin://plugin.video.water/?url=https://archive.org/download/XBMCLauncherV2.5/klaunch&amp;mode=12&amp;name=XBMCLauncher&amp;description=se.blunden.xbmclauncher&amp;sf_options=winID%3D10025%26_options_sf&quot;)</favourite>
	<favourite name="[COLOR springgreen]Installed Apps[/COLOR]" thumb="http://www.itscanfixthat.com/wp-content/uploads/2013/02/icon-android.png">ActivateWindow(10001,&quot;androidapp://sources/apps/&quot;,return)</favourite>
</favourites>