<favourites>
	<favourite name="TED Talks" thumb="http://googledrive.com/host/0B-bY5h-uWEgZQVJQZ0lzUTdBeFE/icons/apps/ted.png">ActivateWindow(10025,&quot;plugin://plugin.video.ted.talks/&quot;,return)</favourite>
	<favourite name="Learning Zone" thumb="special://home/addons\plugin.video.learningzone\icon.png">ActivateWindow(10025,&quot;plugin://plugin.video.learningzone/?sf_options=desc%3DWelcome+to+the+worlds+largest+collection+of+computer+and+technology+related+tutorials+on+XBMC%2FKODI%26_options_sf&quot;,return)</favourite>
	<favourite name="Khan Academy" thumb="http://googledrive.com/host/0B-bY5h-uWEgZQVJQZ0lzUTdBeFE/icons/apps/khan.jpg">ActivateWindow(10025,&quot;plugin://plugin.video.khanacademy/&quot;,return)</favourite>
	<favourite name="Professor Messer" thumb="https://yt3.ggpht.com/-FAIipL1A_io/AAAAAAAAAAI/AAAAAAAAAAA/2Mbx7YAASm4/s240-c-k-no/photo.jpg">ActivateWindow(10025,&quot;plugin://plugin.video.youtube/channel/UCkefXKtInZ9PLsoGRtml2FQ/&quot;,return)</favourite>
	<favourite name="thenewboston" thumb="https://yt3.ggpht.com/--n5ELY2uT-U/AAAAAAAAAAI/AAAAAAAAAAA/d9JvaIEpstw/s240-c-k-no/photo.jpg">ActivateWindow(10025,&quot;plugin://plugin.video.youtube/channel/UCJbPGzawDH1njbqV-D5HqKw/playlists/&quot;,return)</favourite>
	<favourite name="Engineering TV" thumb="http://googledrive.com/host/0B-bY5h-uWEgZQVJQZ0lzUTdBeFE/icons/apps/engineeringtv.png">ActivateWindow(10025,&quot;plugin://plugin.video.engineeringtv/&quot;,return)</favourite>
	<favourite name="Railscasts" thumb="special://home/addons\plugin.video.railscasts\icon.png">ActivateWindow(10025,&quot;plugin://plugin.video.railscasts/?sf_options=desc%3DRailsCasts+is+produced+by+Ryan+Bates+%28rbates+on+Twitter+and+ryanb+on+GitHub%29.+A+free+episode+will+be+released+every+other+week+featuring+tips+and+tricks+with+Ruby+on+Rails.+The+screencasts+are+short+and+focus+on+one+technique+so+you+can+quickly+move+on+to+applying+it+to+your+own+project.+The+topics+target+the+intermediate+Rails+developer%2C+but+beginners+and+experts+will+get+something+out+of+it+as+well.+This+add-on+is+unofficial%2C+in+case+of+any+support+contact+the+author+directly+%28via+http%3A%2F%2Fgithub.com%2Fhrwath%29%26_options_sf&quot;,return)</favourite>
	<favourite name="GFX Tutorials" thumb="special://home/addons\plugin.video.videocopilot\icon.png">ActivateWindow(10025,&quot;plugin://plugin.video.videocopilot/&quot;,return)</favourite>
	<favourite name="VIM Tutorials" thumb="special://home/addons\plugin.video.vimcasts\icon.png">ActivateWindow(10025,&quot;plugin://plugin.video.vimcasts/&quot;,return)</favourite>
	<favourite name="Ultimate Guitar" thumb="special://home/addons\plugin.video.ultimateguitar\icon.png">ActivateWindow(10025,&quot;plugin://plugin.video.ultimateguitar?sf_options=fanart%3Dspecial%3A%2F%2Fhome%2Faddons%5Cplugin.video.ultimateguitar%5Cfanart.jpg%26desc%3DA+complete+guitar+course+from+Justin+Sandercoe%2C+for+beginners+to+advanced+players%26_options_sf&quot;,return)</favourite>
</favourites>