<favourites>
	<favourite name="Football Replays" thumb="special://home/addons\plugin.video.footballreplays\icon.png">ActivateWindow(10025,&quot;plugin://plugin.video.footballreplays/?sf_options=desc%3DFootball+Replays%26_options_sf&quot;,return)</favourite>
	<favourite name="Football Today" thumb="special://home/addons\plugin.video.football.today\icon.png">ActivateWindow(10025,&quot;plugin://plugin.video.football.today?sf_options=fanart%3Dspecial%3A%2F%2Fhome%2Faddons%5Cplugin.video.football.today%5Cfanart.jpg%26desc%3DVisit+TVADDONS.ag+for+support%26_options_sf&quot;,return)</favourite>
	<favourite name="The Beautiful Game" thumb="special://home/addons\plugin.video.thebeautifulgame\icon.png">ActivateWindow(10025,&quot;plugin://plugin.video.thebeautifulgame?sf_options=fanart%3Dspecial%3A%2F%2Fhome%2Faddons%5Cplugin.video.thebeautifulgame%5Cfanart.jpg%26desc%3DFootball+news%2C+highlights%2C+tables+and+more%21%26_options_sf&quot;,return)</favourite>
	<favourite name="[COLOR blue][B]Latest Football Highlights[/B][/COLOR]  [COLOR lime](futbik) [/COLOR] &gt;&gt;" thumb="special://home/addons\plugin.video.allinone/icons/fb1.png">&gt;&quot; thumb=&quot;special://home/addons\plugin.video.allinone/icons/fb1.png&quot;&gt;&gt;&quot; thumb=&quot;special://home/addons\plugin.video.allinone/icons/fb1.png&quot;&gt;ActivateWindow(10025,&quot;plugin://plugin.video.allinone/?mode=GetTitles51&amp;numOfPages=1&amp;section=ALL&amp;startPage=1&amp;url=http%3a%2f%2ffutbik.com%2f%2f&amp;sf_options=fanart%3Dspecial%3A%2F%2Fhome%2Faddons%5Cplugin.video.allinone%2Ficons%2Ffanart.png%26_options_sf&quot;,return)</favourite>
	<favourite name="Football" thumb="special://home/addons\plugin.video.castaway\resources/media/icons/soccer.png">ActivateWindow(10025,&quot;plugin://plugin.video.castaway/?category=football&amp;mode=on_demand_sport&amp;sf_options=fanart%3Dspecial%3A%2F%2Fhome%2Faddons%5Cplugin.video.castaway%2Ffanart.jpg%26_options_sf&quot;,return)</favourite>
	<favourite name="EPL FOOTBALL HIGHLIGHTS IN HD " thumb="http://www.4legends.co.uk/MoneySports/HIGHLIGHTS.jpg">ActivateWindow(10025,&quot;plugin://plugin.video.MoneySports/?fanart=http%3a%2f%2fwww.schoolsplus.co.uk%2fharrispurley%2fwp-content%2fuploads%2fsites%2f20%2f2014%2f08%2fSP-Harris-Purley-Pitch2.jpg&amp;mode=1&amp;name=EPL%20FOOTBALL%20HIGHLIGHTS%20IN%20HD%20&amp;url=http%3a%2f%2fwww.4legends.co.uk%2fMoneySports%2fHIGHLIGHTS.m3u&amp;sf_options=fanart%3Dhttp%3A%2F%2Fwww.schoolsplus.co.uk%2Fharrispurley%2Fwp-content%2Fuploads%2Fsites%2F20%2F2014%2F08%2FSP-Harris-Purley-Pitch2.jpg%26_options_sf&quot;,return)</favourite>
</favourites>