<favourites>
	<favourite name="WaterTV" thumb="http://i.imgur.com/taqI56i.png">ActivateWindow(10025,&quot;plugin://plugin.program.super.favourites/?label=WaterTV1&amp;mode=400&amp;path=special%3A%2F%2Fhome%2Faddons%2Fscript.supafav%2FSuper%20Favourites%5CMovies%2FMovie%20Addons%5CIPTV%5CWaterTV1&amp;sf_options=fanart%3Dspecial%3A%2F%2Fhome%2Faddons%5Cplugin.program.super.favourites%5Cfanart.jpg%26_options_sf&quot;,return)</favourite>
	<favourite name="FreeView" thumb="https://static-s.aa-cdn.net/img/ios/353765787/c64e0bf25cda40f52e362b04c5ce46f6?v=1">ActivateWindow(10025,&quot;plugin://plugin.video.israelive/?description&amp;displayname=Favourites&amp;iconimage=http%3a%2f%2fcdn3.tnwcdn.com%2ffiles%2f2010%2f07%2fbright_yellow_star.png&amp;mode=16&amp;name=%5bCOLOR%20green%5d%5bB%5d%5bFavourites%5d%5b%2fB%5d%5b%2fCOLOR%5d&amp;url=favorites&amp;sf_options=fanart%3Dhttp%3A%2F%2F3.bp.blogspot.com%2F-vVfHI8TbKA4%2FUBAbrrZay0I%2FAAAAAAAABRM%2FdPFgXAnF8Sg%2Fs1600%2Fretro-tv-icon.jpg%26_options_sf&quot;,return)</favourite>
	<favourite name="[COLOR cornflowerblue]Olympics[/COLOR]" thumb="https://upload.wikimedia.org/wikipedia/en/thumb/d/df/2016_Summer_Olympics_logo.svg/812px-2016_Summer_Olympics_logo.svg.png">ActivateWindow(10025,&quot;plugin://plugin.program.super.favourites/?label=[COLOR cornflowerblue]Olymipics 2016[/COLOR]&amp;mode=400&amp;folder=Sports%2FOlympics%202016&amp;sf_options=&quot;,return)</favourite>
	<favourite name="[COLOR chartreuse]UFC 202[/COLOR]" thumb="http://www.chancesfsj.com/wp-content/uploads/ban_ufc202.png">ActivateWindow(10025,&quot;plugin://plugin.video.phstreams/?action=directory&amp;url=http%3A%2F%2Fpastebin.com%2Fraw%2Fhq3D3Yqh&quot;,return)</favourite>
</favourites>