<favourites>
	<favourite name="trakt" thumb="http://www.userlogos.org/files/logos/jumpordie/trakt_02.png">ActivateWindow(10025,&quot;plugin://plugin.program.super.favourites/?sf_options=&amp;mode=400&amp;path=special%3A%2F%2Fhome%2Faddons%2Fscript.supafav%2FSuper%20Favourites/more/trakt&quot;,return)</favourite>
	<favourite name="BETA" thumb="http://www.localloop.com/images/ConsumerProfile/BetaPopup.png">ActivateWindow(10025,&quot;plugin://plugin.program.super.favourites/?label=BETA&amp;mode=400&amp;sf_options=&amp;mode=400&amp;path=special%3A%2F%2Fhome%2Faddons%2Fscript.supafav%2FSuper%20Favourites/More%2FPopular%20Addons%5CBETA&amp;&quot;,return)</favourite>
	<favourite name="Repos" thumb="http://i.imgur.com/sk2SYH6.png">ActivateWindow(10025,&quot;plugin://plugin.program.super.favourites/?label=Repos&amp;mode=400&amp;sf_options=&amp;mode=400&amp;path=special%3A%2F%2Fhome%2Faddons%2Fscript.supafav%2FSuper%20Favourites/More%2FPopular%20Addons%5CRepos&amp;sf_options=fanart%3DNULL%26_options_sf&amp;&quot;)</favourite>
	<favourite name="Browse repos" thumb="DefaultHardDisk.png">ActivateWindow(10040,&quot;addons://repos/&amp;&quot;,return)</favourite>
</favourites>