<favourites>
	<favourite name="Sony AUD" thumb="http://cdnimg.dynns.com/iptvpanelnew/prog_data/thumbs/d69768b3da745b77e82cdbddcc8bac98sonyAUD.jpg">PlayMedia(&quot;plugin://plugin.video.pakindia/?url=http%3A%2F%2F130.185.144.63%3A8081%2Find%2FSonyTVAUD%2Fplaylist.m3u8&amp;mode=200&amp;name=Sony+Aud&amp;iconimage=http%3A%2F%2Fcdnimg.dynns.com%2Fiptvpanelnew%2Fprog_data%2Fthumbs%2Fd69768b3da745b77e82cdbddcc8bac98sonyAUD.jpg&quot;)</favourite>
	<favourite name="Sony SAB" thumb="http://static.filmon.com/assets/channels/3701/big_logo.png">ActivateWindow(10025,&quot;plugin://plugin.video.SportsDevil/?item=definedIn%3dfilmon.com.cfg%26url.tmp%3d%252Fchannel%252Fsony-sab%26title%3dSony%2bSAB%26url%3dhttp%253A%252F%252Fwww.filmon.com%252Fchannel%252Fsony-sab%26cfg%3dfilmon.com.cfg%2540Streams%26videoTitle%3dSony%2bSAB%26director%3dfilmon.com%26genre%3dLive%2bTV%26type%3drss%26icon%3dhttp%253A%252F%252Fstatic.filmon.com%252Fassets%252Fchannels%252F3701%252Fbig_logo.png&amp;mode=1&amp;sf_options=&quot;,return)</favourite>
	<favourite name="Sab Ind" thumb="http://cdnimg.dynns.com/iptvpanelnew/prog_data/thumbs/75df63609809c7a2052fdffe5c00a84esonysab.jpg">PlayMedia(&quot;plugin://plugin.video.pakindia/?url=http%3A%2F%2F130.185.144.63%3A8081%2Find%2Fsabtvind%2Fplaylist.m3u8&amp;mode=200&amp;name=Sab+Ind&amp;iconimage=http%3A%2F%2Fcdnimg.dynns.com%2Fiptvpanelnew%2Fprog_data%2Fthumbs%2F75df63609809c7a2052fdffe5c00a84esonysab.jpg&quot;)</favourite>
	<favourite name="Sony HD" thumb="http://cdnimg.dynns.com/iptvpanelnew/prog_data/thumbs/4a3fd911279cd8bc597fa13222ef83besonyHd.jpg">PlayMedia(&quot;plugin://plugin.video.pakindia/?url=http%3A%2F%2F130.185.144.63%3A8081%2Find%2FSonyTVHD%2Fplaylist.m3u8&amp;mode=200&amp;name=Sony+HD&amp;iconimage=http%3A%2F%2Fcdnimg.dynns.com%2Fiptvpanelnew%2Fprog_data%2Fthumbs%2F4a3fd911279cd8bc597fa13222ef83besonyHd.jpg&quot;)</favourite>
	<favourite name="Sony UK" thumb="http://cdnimg.dynns.com/iptvpanelnew/prog_data/thumbs/70c445ee64b1ed0583367a12a79a9ef2sonyuk.gif">PlayMedia(&quot;plugin://plugin.video.pakindia/?url=http%3A%2F%2F130.185.144.63%3A8081%2Find%2FSonyTVUK%2Fplaylist.m3u8&amp;mode=200&amp;name=Sony+Uk&amp;iconimage=http%3A%2F%2Fcdnimg.dynns.com%2Fiptvpanelnew%2Fprog_data%2Fthumbs%2F70c445ee64b1ed0583367a12a79a9ef2sonyuk.gif&quot;)</favourite>
	<favourite name="Sab Uk" thumb="http://cdnimg.dynns.com/iptvpanelnew/prog_data/thumbs/789ba2ae4d335e8a2ad283a3f7effcedsonysab.jpg">PlayMedia(&quot;plugin://plugin.video.pakindia/?url=http%3A%2F%2F130.185.144.63%3A8081%2Find%2Fsabtv%2Fplaylist.m3u8&amp;mode=200&amp;name=Sab+Uk&amp;iconimage=http%3A%2F%2Fcdnimg.dynns.com%2Fiptvpanelnew%2Fprog_data%2Fthumbs%2F789ba2ae4d335e8a2ad283a3f7effcedsonysab.jpg&quot;)</favourite>
	<favourite name="Sat Max" thumb="http://cdnimg.dynns.com/iptvpanelnew/prog_data/thumbs/99cad265a1768cc2dd013f0e740300aesonymax.png">PlayMedia(&quot;plugin://plugin.video.pakindia/?url=http%3A%2F%2F130.185.144.63%3A8081%2Find%2FSATMAX%2Fplaylist.m3u8&amp;mode=200&amp;name=Sat+Max&amp;iconimage=http%3A%2F%2Fcdnimg.dynns.com%2Fiptvpanelnew%2Fprog_data%2Fthumbs%2F99cad265a1768cc2dd013f0e740300aesonymax.png&quot;)</favourite>
</favourites>