<favourites>
	<favourite name="Pulsar" thumb="special://home/addons\plugin.video.pulsar\icon.png">ActivateWindow(10025,&quot;plugin://plugin.video.pulsar/?sf_options=fanart%3Dspecial%3A%2F%2Fhome%2Faddons%5Cplugin.video.pulsar%5Cfanart.jpg%26_options_sf&quot;)</favourite>
	<favourite name="KMediaTorrent" thumb="special://home/addons\plugin.video.kmediatorrent\icon.png">ActivateWindow(10025,&quot;plugin://plugin.video.kmediatorrent/?sf_options=fanart%3Dspecial%3A%2F%2Fhome%2Faddons%5Cplugin.video.kmediatorrent%5Cfanart.jpg%26_options_sf&quot;)</favourite>
	<favourite name="p2p-streams" thumb="special://home/addons\plugin.video.p2p-streams\icon.png">ActivateWindow(10025,&quot;plugin://plugin.video.p2p-streams/?sf_options=fanart%3Dspecial%3A%2F%2Fhome%2Faddons%5Cplugin.video.p2p-streams%5Cfanart.jpg%26_options_sf&quot;)</favourite>
	<favourite name="Magnet Player" thumb="special://home/addons\plugin.video.magnetplayer\icon.png">ActivateWindow(10025,&quot;plugin://plugin.video.magnetplayer/?sf_options=fanart%3Dspecial%3A%2F%2Fhome%2Faddons%5Cplugin.video.magnetplayer%5Cfanart.jpg%26_options_sf&quot;)</favourite>
	<favourite name="Torrenter" thumb="special://home/addons\plugin.video.torrenter\icon.png">ActivateWindow(10025,&quot;plugin://plugin.video.torrenter/&quot;,return)</favourite>
</favourites>