<favourites>
	<favourite name="[COLOR white]Premier Sports[/COLOR]" thumb="http://www.liveonlinetv247.info/images/premiersports.png">PlayMedia(&quot;plugin://plugin.video.phstreams/?name=%5BCOLOR+white%5DPremier+Sports%5B%2FCOLOR%5D&amp;url=http%3A%2F%2Fp2pcast.tv%2Fstream.php%3Fid%3D500846%26live%3D0%26p2p%3D0%26stretching%3Duniform%26referer%3Dhttp%3A%2F%2Fu-stream.me%2Flivepremiereuk.html&amp;audio=0&amp;image=http%3A%2F%2Fwww.lyngsat-logo.com%2Flogo%2Ftv%2Fpp%2Fpremier_sports.png+&amp;fanart=http%3A%2F%2Fshanghai.watchkodi.com%2FSections%2FWoody%2FWoody.jpg&amp;playable=false&amp;tvshow=0&amp;content=0&amp;action=resolveUrl&amp;sf_options=fanart%3Dhttp%3A%2F%2Fshanghai.watchkodi.com%2FSections%2FWoody%2FWoody.jpg%26winID%3D10025%26desc%3DDiscover+Great+Streaming+Playlists%21%26_options_sf&quot;)</favourite>
	<favourite name="Euro Sports" thumb="http://cdnimg.dynns.com/iptvpanelnew/prog_data/thumbs/83f97f4825290be4cb794ec6a234595feurosport.jpg">PlayMedia(&quot;plugin://plugin.video.pakindia/?url=http%3A%2F%2Fcric.dynns.com%3A1935%2Fiptv%2FEUROSPORT%2Fplaylist.m3u8&amp;mode=200&amp;name=Euro+Sports&amp;iconimage=http%3A%2F%2Fcdnimg.dynns.com%2Fiptvpanelnew%2Fprog_data%2Fthumbs%2F83f97f4825290be4cb794ec6a234595feurosport.jpg&amp;sf_options=winID%3D10025%26_options_sf&quot;)</favourite>
	<favourite name="Euro Sports 2" thumb="http://cdnimg.dynns.com/iptvpanelnew/prog_data/thumbs/f0e6be4ce76ccfa73c5a540d992d0756eurosport2.jpg">PlayMedia(&quot;plugin://plugin.video.pakindia/?url=http%3A%2F%2Fcric.dynns.com%3A1935%2Fiptv%2Feurosports2%2Fplaylist.m3u8&amp;mode=200&amp;name=Euro+Sports+2&amp;iconimage=http%3A%2F%2Fcdnimg.dynns.com%2Fiptvpanelnew%2Fprog_data%2Fthumbs%2Ff0e6be4ce76ccfa73c5a540d992d0756eurosport2.jpg&amp;sf_options=winID%3D10025%26_options_sf&quot;)</favourite>
	<favourite name="[COLOR azure]Sony Six[/COLOR]" thumb="http://cdnimg.dynns.com/iptvpanelnew/prog_data/thumbs/82489c9737cc245530c7a6ebef3753ecsonysix.jpg">PlayMedia(&quot;plugin://plugin.video.pakindia/?url=http%3A%2F%2Fcric.dynns.com%3A1935%2Fiptv%2Fsonysix%2Fplaylist.m3u8&amp;mode=200&amp;name=Sony+Six&amp;iconimage=http%3A%2F%2Fcdnimg.dynns.com%2Fiptvpanelnew%2Fprog_data%2Fthumbs%2F82489c9737cc245530c7a6ebef3753ecsonysix.jpg&amp;sf_options=winID%3D10025%26_options_sf&quot;)</favourite>
	<favourite name="Star Sports 1" thumb="http://cdnimg.dynns.com/iptvpanelnew/prog_data/thumbs/021e1ea77bd91aaa0fc4d01a943a654estarsport1.jpg">PlayMedia(&quot;plugin://plugin.video.pakindia/?url=http%3A%2F%2Fcric.dynns.com%3A1935%2Fiptv%2Fstarsports1%2Fplaylist.m3u8&amp;mode=200&amp;name=Star+Sports+1&amp;iconimage=http%3A%2F%2Fcdnimg.dynns.com%2Fiptvpanelnew%2Fprog_data%2Fthumbs%2F021e1ea77bd91aaa0fc4d01a943a654estarsport1.jpg&amp;sf_options=winID%3D10025%26_options_sf&quot;)</favourite>
	<favourite name="Star Sports 2" thumb="http://cdnimg.dynns.com/iptvpanelnew/prog_data/thumbs/35cf8659cfcb13224cbd47863a34fc58starsport2.jpg">PlayMedia(&quot;plugin://plugin.video.pakindia/?url=http%3A%2F%2Fcric.dynns.com%3A1935%2Fiptv%2Fstarsports2%2Fplaylist.m3u8&amp;mode=200&amp;name=Star+Sports+2&amp;iconimage=http%3A%2F%2Fcdnimg.dynns.com%2Fiptvpanelnew%2Fprog_data%2Fthumbs%2F35cf8659cfcb13224cbd47863a34fc58starsport2.jpg&amp;sf_options=winID%3D10025%26_options_sf&quot;)</favourite>
	<favourite name="Star Sports 3" thumb="http://cdnimg.dynns.com/iptvpanelnew/prog_data/thumbs/bbcbff5c1f1ded46c25d28119a85c6c2starsport3.jpg">PlayMedia(&quot;plugin://plugin.video.pakindia/?url=http%3A%2F%2Fcric.dynns.com%3A1935%2Fiptv%2Fstarsports3%2Fplaylist.m3u8&amp;mode=200&amp;name=Star+Sports+3&amp;iconimage=http%3A%2F%2Fcdnimg.dynns.com%2Fiptvpanelnew%2Fprog_data%2Fthumbs%2Fbbcbff5c1f1ded46c25d28119a85c6c2starsport3.jpg&amp;sf_options=winID%3D10025%26_options_sf&quot;)</favourite>
	<favourite name="Star Sports 4" thumb="http://cdnimg.dynns.com/iptvpanelnew/prog_data/thumbs/bdb6920adcd0457aa17b53b22963dad9starsport4.jpg">PlayMedia(&quot;plugin://plugin.video.pakindia/?url=http%3A%2F%2Fcric.dynns.com%3A1935%2Fiptv%2Fstarsports4%2Fplaylist.m3u8&amp;mode=200&amp;name=Star+Sports+4&amp;iconimage=http%3A%2F%2Fcdnimg.dynns.com%2Fiptvpanelnew%2Fprog_data%2Fthumbs%2Fbdb6920adcd0457aa17b53b22963dad9starsport4.jpg&amp;sf_options=winID%3D10025%26_options_sf&quot;)</favourite>
	<favourite name="PTV Sports" thumb="http://cdnimg.dynns.com/iptvpanelnew/prog_data/thumbs/032dd17b77fab7d51a476c5ff2b5659cptvsports.jpg">PlayMedia(&quot;plugin://plugin.video.pakindia/?url=http%3A%2F%2Fcric.dynns.com%3A1935%2Fiptv%2Fptvsports%2Fplaylist.m3u8&amp;mode=200&amp;name=Ptv+Sports&amp;iconimage=http%3A%2F%2Fcdnimg.dynns.com%2Fiptvpanelnew%2Fprog_data%2Fthumbs%2F032dd17b77fab7d51a476c5ff2b5659cptvsports.jpg&amp;sf_options=winID%3D10025%26_options_sf&quot;)</favourite>
	<favourite name="TEN Sports" thumb="http://cdnimg.dynns.com/iptvpanelnew/prog_data/thumbs/4671aeaf49c792689533b00664a5c3eftensports.jpg">PlayMedia(&quot;plugin://plugin.video.pakindia/?url=http%3A%2F%2Fcric.dynns.com%3A1935%2Fiptv%2Ftensports%2Fplaylist.m3u8&amp;mode=200&amp;name=Ten+sports&amp;iconimage=http%3A%2F%2Fcdnimg.dynns.com%2Fiptvpanelnew%2Fprog_data%2Fthumbs%2F4671aeaf49c792689533b00664a5c3eftensports.jpg&amp;sf_options=winID%3D10025%26_options_sf&quot;)</favourite>
	<favourite name="TEN Cricket" thumb="http://cdnimg.dynns.com/iptvpanelnew/prog_data/thumbs/88e1ce84f9feef5a08d0df0334c53468tencricket.jpg">PlayMedia(&quot;plugin://plugin.video.pakindia/?url=http%3A%2F%2Fcric.dynns.com%3A1935%2Fiptv%2Ftencricket%2Fplaylist.m3u8&amp;mode=200&amp;name=Ten+Cricket&amp;iconimage=http%3A%2F%2Fcdnimg.dynns.com%2Fiptvpanelnew%2Fprog_data%2Fthumbs%2F88e1ce84f9feef5a08d0df0334c53468tencricket.jpg&amp;sf_options=winID%3D10025%26_options_sf&quot;)</favourite>
	<favourite name="TEN Action" thumb="http://cdnimg.dynns.com/iptvpanelnew/prog_data/thumbs/bd380c81db012b113b6ab112b847e52btenaction.jpg">PlayMedia(&quot;plugin://plugin.video.pakindia/?url=http%3A%2F%2Fcric.dynns.com%3A1935%2Fiptv%2Ftenaction%2Fplaylist.m3u8&amp;mode=200&amp;name=Ten+Action&amp;iconimage=http%3A%2F%2Fcdnimg.dynns.com%2Fiptvpanelnew%2Fprog_data%2Fthumbs%2Fbd380c81db012b113b6ab112b847e52btenaction.jpg&amp;sf_options=winID%3D10025%26_options_sf&quot;)</favourite>
	<favourite name="Willow" thumb="http://cdnimg.dynns.com/iptvpanelnew/prog_data/thumbs/6e7d2da6d3953058db75714ac400b584wilo.jpg">PlayMedia(&quot;plugin://plugin.video.pakindia/?url=http%3A%2F%2Fcric.dynns.com%3A1935%2Fiptv%2Fwillow%2Fplaylist.m3u8&amp;mode=200&amp;name=Willow&amp;iconimage=http%3A%2F%2Fcdnimg.dynns.com%2Fiptvpanelnew%2Fprog_data%2Fthumbs%2F6e7d2da6d3953058db75714ac400b584wilo.jpg&amp;sf_options=winID%3D10025%26_options_sf&quot;)</favourite>
</favourites>