<?xml version="1.0" encoding="UTF-8" standalone="yes"?>
<addon id="script.supafav" name="Auto-Menu System" version="0.0.37" provider-name="water">
  <requires>
    <import addon="xbmc.python" version="2.1.0"/>
  </requires>
  <extension point="xbmc.pass" library="service.py" start="startup" />
  <extension point="xbmc.python.pluginsource" library="default.py">
<provides>executable</provides>

  </extension>
  <extension point="xbmc.addon.metadata">
    <summary lang="en">GetWet</summary>
    <description lang="en"></description>
    <platform>all</platform>
  </extension>
</addon>
