<favourites>
	<favourite name="ABC" thumb="special://home/addons\plugin.video.wabc\icon.png">ActivateWindows(10025,&quot;plugin://plugin.video.wabc/&quot;,isdir)</favourite>
	<favourite name="NBC" thumb="special://home/addons\plugin.video.wnbc\icon.png">ActivateWindows(10025,&quot;plugin://plugin.video.wnbc/&quot;,isdir)</favourite>
	<favourite name="CBS" thumb="special://home/addons\plugin.video.wral\icon.png">ActivateWindows(10025,&quot;plugin://plugin.video.wral/&quot;,isdir)</favourite>
	<favourite name="Dateline" thumb="http://tve-static-nbc.nbcuni.com/prod/image/907/742/2014_1027_ShowTile_iPad_Dateline_720x406_KO_360x203_355291715615.jpg">PlayMedia(&quot;plugin://plugin.video.wnbc/?mode=GE&amp;url=dateline&quot;,isdir)</favourite>
	<favourite name="Guys With Kids" thumb="http://tve-static-nbc.nbcuni.com/prod/image/374/1007/2015_0908_GuyswithKids_720x406_LA_360x203_545860163653.jpg">PlayMedia(&quot;plugin://plugin.video.wnbc/?mode=GE&amp;url=guys-with-kids&quot;,isdir)</favourite>
	<favourite name="Quantum Leap" thumb="http://tve-static-nbc.nbcuni.com/prod/image/36/75/2014_0902_ShowTile_iPad_QuantamLeap_ClassicsBadge_720x406_KO_360x203_404844611590.jpg">PlayMedia(&quot;plugin://plugin.video.wnbc/?mode=GE&amp;url=quantum-leap&quot;,isdir)</favourite>
	<favourite name="Crowded" thumb="http://tve-static-nbc.nbcuni.com/prod/image/626/966/2016-0112-Crowded-1600x900-KO_360x203_644907587625.jpg">PlayMedia(&quot;plugin://plugin.video.wnbc/?mode=GE&amp;url=crowded&quot;,isdir)</favourite>
	<favourite name="Growing Up Fisher" thumb="http://tve-static-nbc.nbcuni.com/prod/image/726/843/1600x900_Growing-Up-Fisher_CA_360x203_160779331836.jpg">PlayMedia(&quot;plugin://plugin.video.wnbc/?mode=GE&amp;url=growing-up-fisher&quot;,isdir)</favourite>
	<favourite name="Outsourced" thumb="http://tve-static-nbc.nbcuni.com/prod/image/712/426/2014_0902_ShowTile_iPad_Outsourced_ClassicsBadge_720x406_KO_360x203_404476483919.jpg">PlayMedia(&quot;plugin://plugin.video.wnbc/?mode=GE&amp;url=outsourced&quot;,isdir)</favourite>
	<favourite name="Superstore" thumb="http://tve-static-nbc.nbcuni.com/prod/image/998/631/2015_1116_Superstore_720x406_LA_360x203_576875587719.jpg">PlayMedia(&quot;plugin://plugin.video.wnbc/?mode=GE&amp;url=superstore&quot;,isdir)</favourite>
	<favourite name="Rush Hour" thumb="http://wwwimage.cbsstatic.com/thumbnails/photos/w208/show_group/rush_thm_16.9_1280x720.jpg">PlayMedia(&quot;plugin://plugin.video.wral/?mode=GE&amp;url=http%3a%2f%2fwww.cbs.com%2fshows%2frush-hour%2fvideo&quot;,isdir)</favourite>
	<favourite name="Cheers" thumb="http://wwwimage.cbsstatic.com/thumbnails/photos/w208/show_group/cheers_208x118_0.jpg">PlayMedia(&quot;plugin://plugin.video.wral/?mode=GE&amp;url=http%3a%2f%2fwww.cbs.com%2fshows%2fcheers%2fvideo&quot;,isdir)</favourite>
	<favourite name="Whitney" thumb="http://tve-static-nbc.nbcuni.com/prod/image/407/151/2015_0914_Whitney_720x406_LA_360x203_560947779806.jpg">PlayMedia(&quot;plugin://plugin.video.wnbc/?mode=GE&amp;url=whitney&quot;,isdir)</favourite>
	<favourite name="Up All Night" thumb="http://tve-static-nbc.nbcuni.com/prod/image/481/875/2015_0917_UpAllNight_720x406_LA_360x203_561023043729.jpg">PlayMedia(&quot;plugin://plugin.video.wnbc/?mode=GE&amp;url=up-all-night&quot;,isdir)</favourite>
	<favourite name="Last Man Standing" thumb="http://static.east.abc.go.com/service/image/index/id/352f0a41-0c85-402e-8213-241754cfb1cb/dim/640x360.png">PlayMedia(&quot;plugin://plugin.video.wabc/?mode=GE&amp;url=http%3a%2f%2fabc.go.com%2fshows%2flast-man-standing&quot;,isdir)</favourite>
	<favourite name="Everybody Hates Chris" thumb="http://wwwimage.cbsstatic.com/thumbnails/photos/w208/show_group/everybodyhateschris_web_208x118.jpg">PlayMedia(&quot;plugin://plugin.video.wral/?mode=GE&amp;url=http%3a%2f%2fwww.cbs.com%2fshows%2feverybody_hates_chris%2fvideo&quot;,isdir)</favourite>
</favourites>