<favourites>
	<favourite name="Wiz1.net *" thumb="special://home/addons\plugin.video.castaway\resources/media/wiz1.png">ActivateWindow(10025,&quot;plugin://plugin.video.castaway/?mode=open_live_sport&amp;site=wiz1&amp;sf_options=fanart%3Dspecial%3A%2F%2Fhome%2Faddons%5Cplugin.video.castaway%2Ffanart.jpg%26_options_sf&quot;,return)</favourite>
	<favourite name="Atdhenet.tv *" thumb="http://1.bp.blogspot.com/_IHYYzHZEssU/TU2C83UbpwI/AAAAAAAABIA/XM_laQ1KCAQ/s1600/atdhe.gif">ActivateWindow(10025,&quot;plugin://plugin.video.castaway/?mode=open_live_sport&amp;site=atdhe&quot;,return)</favourite>
	<favourite name="wizhdsports.com" thumb="special://home/addons\plugin.video.castaway\resources/media/wizhdsports.jpg">ActivateWindow(10025,&quot;plugin://plugin.video.castaway/?mode=open_live_sport&amp;site=wizhdsports&quot;,return)</favourite>
	<favourite name="Bulldog Streams" thumb="special://home/addons\plugin.video.bulldogstreams\icon.png">ActivateWindow(10025,&quot;plugin://plugin.video.bulldogstreams/&quot;,return)</favourite>
	<favourite name="waterSports" thumb="">ActivateWindow(10025,&quot;plugin://plugin.video.phstreams/?action=directory&amp;url=http%3A%2F%2Fpastebin.com%2Fraw%2FFsW3VdBG&quot;,return)</favourite>
	<favourite name="cCloud Sport" thumb="special://home/addons\plugin.video.ccloudtv\resources/icons//sports.png">ActivateWindow(10025,&quot;plugin://plugin.video.ccloudtv/?iconimage=C%3a%5ckodi%5cportable_data%5caddons%5cplugin.video.ccloudtv%5cresources%2ficons%2f%2fsports.png&amp;mode=52&amp;name=%5bCOLOR%20royalblue%5d%5bB%5dSports%5b%2fB%5d%5b%2fCOLOR%5d&amp;url=sports&quot;,return)</favourite>
	<favourite name="EliteSports" thumb="special://home/addons\plugin.video.EliteSports\icon.png">ActivateWindow(10025,&quot;plugin://plugin.video.EliteSports/&quot;,return)</favourite>
	<favourite name="VT Sports *" thumb="">ActivateWindow(10025,&quot;plugin://plugin.video.VidTime/?icon=http%3a%2f%2fs5.postimg.org%2f4vavhx43r%2fOnline_Sports_isn_t_it_Fun.jpg&amp;mode=VT%20SPORTS&quot;,return)</favourite>
</favourites>