<favourites>
	<favourite name="Popular Science" thumb="http://statics.net2.tv/pepto/channels/Popular_Science/popular_science_20140109.png">ActivateWindow(10025,&quot;plugin://plugin.video.portico.tv/?fanart=C%3a%5ckodi2%5cportable_data%5caddons%5cplugin.video.portico.tv%5cfanart.jpg&amp;mode=GS&amp;name=Popular%20Science&amp;poster=http%3a%2f%2fstatics.net2.tv%2fpepto%2fchannels%2fPopular_Science%2fpopular_science_20140109.png&amp;url=Bonnier%2fPopular%20Science&quot;,return)</favourite>
	<favourite name="NOVA ScienceNOW" thumb="http://image.pbs.org/merlin/s3.amazonaws.com/pbs.merlin.cdn.prod/program_pages/NovaScienceNowCard2.380x212.jpg.fit.480x270.jpg">ActivateWindow(10025,&quot;plugin://plugin.video.thinktv/?mode=GC&amp;name=NOVA%20scienceNOW&amp;url=%2fprogram%2fnova-science-now%2f%2fepisodes%2f&quot;,return)</favourite>
	<favourite name="Man Made Marvels" thumb="https://i.ytimg.com/vi/nDWhCQLclHQ/mqdefault.jpg">ActivateWindow(10025,&quot;plugin://plugin.video.youtube/channel/UCNVqxnfsf0KJjIRlWRMD3cA/playlist/PLxOVt4f-_b1biXhgBgZxMdw1RIil7wGkO/&quot;,return)</favourite>
	<favourite name="TestTube" thumb="http://googledrive.com/host/0B-bY5h-uWEgZQVJQZ0lzUTdBeFE/icons/apps/testtube.png">ActivateWindow(10025,&quot;plugin://plugin.video.testtube/?sf_options=fanart%3Dspecial%3A%2F%2Fhome%2Faddons%5Cplugin.video.testtube%5Cfanart.jpg%26_options_sf&quot;,return)</favourite>
</favourites>