<favourites>
	<favourite name="waterREPO" thumb="special://home/addons\repo.water\icon.png">ActivateWindow(10040,&quot;addons://repo.water/&quot;,return)</favourite>
	<favourite name="Unoffical Third Party Repo" thumb="special://home/addons\repo.water.3rdparty\icon.png">ActivateWindow(10040,&quot;addons://repo.water.3rdparty/?sf_options=meta%3Duserrating%253DListItem.userrating%2526label%253DUnoffical%252BThird%252BParty%252BRepo%26_options_sf&quot;,return)</favourite>
	
	
	
	
	<favourite name="Video add-ons" thumb="DefaultFolder.png">ActivateWindow(10040,&quot;addons://repo.water.3rdparty/xbmc.addon.video?sf_options=meta%3Duserrating%253DListItem.userrating%2526label%253DVideo%252Badd-ons%26_options_sf&quot;,return)</favourite>
	<favourite name="Add-on repository" thumb="DefaultAddonRepository.png">ActivateWindow(10040,&quot;addons://repo.water.3rdparty/xbmc.addon.repository?sf_options=meta%3Duserrating%253DListItem.userrating%2526label%253DAdd-on%252Brepository%26_options_sf&quot;,return)</favourite>
	<favourite name="Services" thumb="DefaultAddonService.png">ActivateWindow(10040,&quot;addons://repo.water/xbmc.service?sf_options=meta%3Duserrating%253DListItem.userrating%2526label%253DServices%26_options_sf&quot;,return)</favourite>
	<favourite name="Screensaver" thumb="DefaultAddonScreensaver.png">ActivateWindow(10040,&quot;addons://repo.water/xbmc.ui.screensaver?sf_options=meta%3Duserrating%253DListItem.userrating%2526label%253DScreensaver%26_options_sf&quot;,return)</favourite>
	<favourite name="Program add-ons" thumb="DefaultAddonProgram.png">ActivateWindow(10040,&quot;addons://repo.water/xbmc.addon.executable?sf_options=meta%3Duserrating%253DListItem.userrating%2526label%253DProgram%252Badd-ons%26_options_sf&quot;,return)</favourite>
</favourites>