<favourites>
	<favourite name="Download RETRO Games" thumb="https://cdn3.iconfinder.com/data/icons/supermario/PNG/retro-mushroom-super-2.png">ActivateWindow(10025,&quot;plugin://plugin.program.retrogames/?mode=OnlRoot&quot;,return)</favourite>
	<favourite name="" thumb="">PlayMedia(&quot;plugin://plugin?sf_options=winID%3D10025%26_options_sf&quot;)</favourite>
	<favourite name="IA ROM Launcher" thumb="special://home/addons\plugin.program.iarl\icon.png">ActivateWindow(10025,&quot;plugin://plugin.program.iarl/&quot;)</favourite>
	
	<favourite name="IA ROM Launcher" thumb="special://home/addons\plugin.program.iarl\icon.png">RunScript(&quot;special://home/addons/plugin.program.iarl/resources/lib/run_iarl_wizard.py&quot;)</favourite>
	
	<favourite name="RetroArch" thumb="http://vignette2.wikia.nocookie.net/vsrecommendedgames/images/6/60/Retroarch_Android_icon.png/revision/latest?cb=20140110025517">PlayMedia(&quot;plugin://plugin.video.water/?url=http://buildbot.libretro.com/stable/1.3.6/android/RetroArch.apk&amp;mode=12&amp;name=RetroArch&amp;description=com.retroarch&amp;sf_options=winID%3D10025%26_options_sf&quot;)</favourite>
</favourites>