<favourites>
	<favourite name="Newest Movies" thumb="">PlayMedia(&quot;plugin://script.supafav/?url=null&amp;mode=81&quot;,return)</favourite>
	<favourite name="Most Popular Movies" thumb="https://static1.squarespace.com/static/55f32473e4b029b54a7228d2/t/577eb86215d5dbee118082d3/1467922549311/Top+25+Most+Rented+Kids%27+Movies">ActivateWindow(10025,&quot;plugin://script.supafav/?url=null&amp;mode=82&quot;)</favourite>
	<favourite name="The Disney Collection" thumb="http://s30.postimg.org/jsccn9npt/The_DCollection.jpg">ActivateWindow(10025,&quot;plugin://plugin.video.phstreams/?action=directory&amp;url=http%3a%2f%2fone242415.offshorepastebin.com%2fDisne%2fDisne_Directory.xml&quot;,return)</favourite>
	<favourite name="Disney Collection" thumb="C:\Kodi\portable_data\addons\script.zen.artwork\resources\media\zen\disney.png">ActivateWindow(10025,&quot;plugin://plugin.video.zen/?action=movies&amp;url=tmdbdisney&quot;,return)</favourite>
</favourites>