<favourites>
	<--! favourite name="TV Guide" thumb="http://rocketdock.com/images/screenshots/TV-Guide.png">RunScript(&quot;script.waterguide&quot;,return)</favourite>
	
	<favourite name="News" thumb="https://github.com/jurialmunkey/skin.eminence.2/raw/master/extras/icons/newspaper.png">ActivateWindow(10025,&quot;plugin://plugin.program.super.favourites/?mode=400&amp;folder=News&amp;sf_options=&quot;,return)</favourite>
	<favourite name="Sports" thumb="https://github.com/jurialmunkey/skin.eminence.2/raw/master/extras/icons/nfl.png">ActivateWindow(10025,&quot;plugin://plugin.program.super.favourites/?mode=400&amp;folder=Sports&amp;sf_options=&quot;,return)</favourite>
	<favourite name="Shows" thumb="https://github.com/jurialmunkey/skin.eminence.2/raw/master/extras/icons/tv.png">ActivateWindow(10025,&quot;plugin://plugin.program.super.favourites/?mode=400&amp;folder=LiveTV/Shows&amp;sf_options=&quot;,return)</favourite>
	<favourite name="Movies" thumb="https://github.com/jurialmunkey/skin.eminence.2/raw/master/extras/icons/stream-video.png">ActivateWindow(10025,&quot;plugin://plugin.program.super.favourites/?label=Random Movies&amp;mode=400&amp;folder=LiveTV%2FShows%2FRandom%20Movies&amp;sf_options=fanart%3DC%3A%5%26_options_sf&quot;)</favourite>
	<favourite name="Foregin" thumb="https://github.com/jurialmunkey/skin.eminence.2/raw/master/extras/icons/world.png">ActivateWindow(10025,&quot;plugin://plugin.program.super.favourites/?mode=400&amp;folder=LiveTV/Foregin&amp;sf_options=&quot;,return)</favourite>
	<favourite name="[COLOR clear]TESTING[/COLOR]" thumb="">ActivateWindow(10025,&quot;plugin://plugin.program.super.favourites/?label=IPTV&amp;mode=400&amp;folder=Movies%2FMovie%20Addons%2FIPTV&amp;sf_options=&quot;)</favourite>
</favourites>