<favourites>
	<favourite name="[COLOR blue]RedBullTV Live[/COLOR]" thumb="https://superrepo.org/static/images/icons/original/xplugin.video.redbull_tv.png.pagespeed.ic.qet5GdYRQ4.png">PlayMedia(&quot;http://sacapunta.eltelon.com/channels/redbulltv/playlist.m3u8?&amp;sf_options=winID%3D10025%26_options_sf&quot;)</favourite>
	<favourite name="Red BullTV OnDemand" thumb="https://api.redbull.tv/v1/images/http:%2F%2Fresources.redbullmediahouse.com%2Frbtv%2Fmain_portrait.jpg/width=440">ActivateWindow(10025,&quot;plugin://plugin.video.redbull.tv/redbull/channels/main/&quot;,return)</favourite>
	<favourite name="Live OnDemand" thumb="https://api.redbull.tv/v1/images/http:%2F%2Fresources.redbullmediahouse.com%2Frbtv%2Flive_portrait.jpg/width=440">ActivateWindow(10025,&quot;plugin://plugin.video.redbull.tv/redbull/channels/live/&quot;,return)</favourite>
	<favourite name="Sports OnDemand" thumb="https://api.redbull.tv/v1/images/http:%2F%2Fresources.redbullmediahouse.com%2Frbtv%2Fsports_portrait.jpg/width=440">ActivateWindow(10025,&quot;plugin://plugin.video.redbull.tv/redbull/channels/sports/&quot;,return)</favourite>
	<favourite name="Music" thumb="https://api.redbull.tv/v1/images/http:%2F%2Fresources.redbullmediahouse.com%2Frbtv%2Fmusic_portrait.jpg/width=440">ActivateWindow(10025,&quot;plugin://plugin.video.redbull.tv/redbull/channels/music/&quot;,return)</favourite>
	<favourite name="Arts &amp; Lifestyle" thumb="https://api.redbull.tv/v1/images/http:%2F%2Fresources.redbullmediahouse.com%2Frbtv%2Fartsandlifestyle_portrait.jpg/width=440">ActivateWindow(10025,&quot;plugin://plugin.video.redbull.tv/redbull/channels/artsandlifestyle/&quot;,return)</favourite>
	<favourite name="Search" thumb="special://home/addons\plugin.video.redbull.tv\resources\media\search.png">ActivateWindow(10025,&quot;plugin://plugin.video.redbull.tv/kodion/search/list/&quot;,return)</favourite>
	<favourite name="OnDemand" thumb="https://superrepo.org/static/images/icons/original/xplugin.video.redbull_tv.png.pagespeed.ic.qet5GdYRQ4.png">ActivateWindow(10025,&quot;plugin://plugin.video.redbull.tv/&quot;,return)</favourite>
</favourites>