<favourites>
	<favourite name="Atdhenet.tv *" thumb="special://home/addons\plugin.video.castaway\resources/media/atdhe.jpg">ActivateWindow(10025,&quot;plugin://plugin.video.castaway/?mode=open_live_sport&amp;site=atdhe&amp;sf_options=fanart%3Dspecial%3A%2F%2Fhome%2Faddons%5Cplugin.video.castaway%2Ffanart.jpg%26_options_sf&quot;,return)</favourite>
	<favourite name="Wiz1.net *" thumb="special://home/addons\plugin.video.castaway\resources/media/wiz1.png">ActivateWindow(10025,&quot;plugin://plugin.video.castaway/?mode=open_live_sport&amp;site=wiz1&amp;sf_options=fanart%3Dspecial%3A%2F%2Fhome%2Faddons%5Cplugin.video.castaway%2Ffanart.jpg%26_options_sf&quot;,return)</favourite>
	<favourite name="Zunox.hk *" thumb="special://home/addons\plugin.video.castaway\resources/media/zunox.jpg">ActivateWindow(10025,&quot;plugin://plugin.video.castaway/?mode=open_live_sport&amp;site=zunox&amp;sf_options=fanart%3Dspecial%3A%2F%2Fhome%2Faddons%5Cplugin.video.castaway%2Ffanart.jpg%26_options_sf&quot;,return)</favourite>
	<favourite name="Dimsports.eu" thumb="special://home/addons\plugin.video.castaway\resources/media/dimsport.png">ActivateWindow(10025,&quot;plugin://plugin.video.castaway/?mode=open_live_sport&amp;site=dimsport&amp;sf_options=fanart%3Dspecial%3A%2F%2Fhome%2Faddons%5Cplugin.video.castaway%2Ffanart.jpg%26_options_sf&quot;,return)</favourite>
	<favourite name="Sport365.live" thumb="DefaultFolder.png">ActivateWindow(10025,&quot;plugin://plugin.video.ZemTV-shani/?mode=56&amp;name=Sport365.live&amp;url=sss&quot;,return)</favourite>
	<favourite name="Live Sport" thumb="special://home/addons\plugin.video.castaway\resources/media/live_sport.jpg">ActivateWindow(10025,&quot;plugin://plugin.video.castaway/?mode=live_sport&quot;,return)</favourite>
	<favourite name="Live Sports" thumb="special://home/addons\plugin.video.SportsDevil\resources\images\livesports.png">ActivateWindow(10025,&quot;plugin://plugin.video.SportsDevil/?item=title%3dLive%2bSports%26url%3dlivesports.cfg%26definedIn%3dmainMenu.cfg%26director%3dSportsDevil%26genre%3dLive%2bSports%26type%3drss%26icon%3dC%253A%255Ckodi%255Cportable_data%255Caddons%255Cplugin.video.SportsDevil%255Cresources%255Cimages%255Clivesports.png&amp;mode=1&quot;,return)</favourite>
</favourites>