<favourites>
	<favourite name="Vaughn" thumb="special://home/addons\plugin.stream.vaughnlive.tv\art\misc.jpg">ActivateWindow(10025,&quot;plugin://plugin.stream.vaughnlive.tv/?cat=misc&amp;mode=BrowseCat3&amp;type=php&amp;amp&quot;)</favourite>
	<favourite name="Movies" thumb="DefaultFolder.png">ActivateWindow(10025,&quot;plugin://plugin.video.veetle/?category=10&quot;,return)</favourite>
	<favourite name="Veetle *" thumb="https://googledrive.com/host/0B-bY5h-uWEgZQVJQZ0lzUTdBeFE/icons/apps/veetle.jpg">PlayMedia(&quot;plugin://plugin.video.veetle/?category=20&quot;,isdir)&amp;sf_options=winID%3D10025%26_options_sf&quot;)</favourite>
	<favourite name="LMShows.com" thumb="special://home/addons\plugin.video.castaway\resources/media/lmshows.jpg">ActivateWindow(10025,&quot;plugin://plugin.video.castaway/?mode=open_live_tv&amp;site=lmshows&amp;sf_options=fanart%3Dspecial%3A%2F%2Fhome%2Faddons%5Cplugin.video.castaway%2Ffanart.jpg%26_options_sf&quot;,return)</favourite>
	<favourite name="Vaughn *" thumb="special://home/addons\plugin.stream.vaughnlive.tv\art\misc.jpg">PlayMedia(&quot;plugin://plugin.stream.vaughnlive.tv/?cat=misc&amp;mode=BrowseCat3&amp;site&amp;type=php&quot;,isdir)&amp;sf_options=fanart%3Dspecial%3A%2F%2Fhome%2Faddons%5Cplugin.stream.vaughnlive.tv%5Cfanart.jpg%26winID%3D10025%26_options_sf&quot;)</favourite>
	<favourite name="Movies *" thumb="DefaultFolder.png">PlayMedia(&quot;plugin://plugin.video.veetle/?category=10&quot;,isdir)&amp;sf_options=winID%3D10025%26_options_sf&quot;)</favourite>
	<favourite name="More" thumb="http://cdn.vaughnsoft.com/vaughnsoft/vaughn/img_profiles/castlehawkthorne_320.jpg">ActivateWindow(10025,&quot;plugin://plugin.program.super.favourites/?label=More&amp;mode=400&amp;folder=LiveTV%2FShows%2FMore&amp;sf_options=fanart%3DNULL%26_options_sf&quot;)</favourite>
	<favourite name="Veetle" thumb="https://googledrive.com/host/0B-bY5h-uWEgZQVJQZ0lzUTdBeFE/icons/apps/veetle.jpg">ActivateWindow(10025,&quot;plugin://plugin.video.veetle/?category=20&quot;,return)</favourite>
</favourites>