<favourites>
	<favourite name="ABC East" thumb="http://www.shadownet.me/product_images/p/119/abc__00806_thumb.jpg">PlayMedia(&quot;plugin://plugin.video.castaway/?url=http%3A%2F%2Fwww.shadownet.me%2Fchannels%2FABC-East.html&amp;play=True&amp;mode=play&amp;img=http%3A%2F%2Fwww.shadownet.me%2Fproduct_images%2Fp%2F119%2Fabc__00806_thumb.jpg&amp;title=ABC+East&amp;sf_options=fanart%3Dspecial%3A%2F%2Fhome%2Faddons%5Cplugin.video.castaway%2Ffanart.jpg%26winID%3D10025%26_options_sf&quot;)</favourite>
	<favourite name="ABC East" thumb="http://www.stream2watch.co/images/thumbs/abc%20live%20stream.jpg|Referer=http://www.stream2watch.co/&amp;User-Agent=Mozilla/5.0 (Windows NT 6.3) AppleWebKit/537.36 (KHTML, like Gecko) Chrome/48.0.2564.97 Safari/537.36">ActivateWindow(10025,&quot;plugin://plugin.video.SportsDevil/?item=catcher%3dstreams%26title%3dStream%2b2%26url%3dhttp%253A%252F%252Fwww.stream2watch.co%252Fstreams%252F13285%252F2%26cfg%3ds2.cfg%2540Streams%26videoTitle%3dABC%26director%3dS2%26definedIn%3ds2.cfg%26referer%3dhttp%253A%252F%252Fwww.stream2watch.co%252Fstreams%252F13285%252F2%26genre%3dLive%2bTV%26type%3drss%26_icon%3dhttp%253A%252F%252Fwww.stream2watch.co%252Fimages%252Fthumbs%252Fabc%252520live%252520stream.jpg%26icon%3dhttp%253A%252F%252Fwww.stream2watch.co%252Fimages%252Fthumbs%252Fabc%252520live%252520stream.jpg%257CReferer%253Dhttp%253A%252F%252Fwww.stream2watch.co%252F%2526User-Agent%253DMozilla%252F5.0%2b%2528Windows%2bNT%2b6.3%2529%2bAppleWebKit%252F537.36%2b%2528KHTML%252C%2blike%2bGecko%2529%2bChrome%252F48.0.2564.97%2bSafari%252F537.36&amp;mode=1&amp;sf_options=fanart%3Dspecial%3A%2F%2Fhome%2Faddons%5Cplugin.video.SportsDevil%5Cfanart.jpg%26_options_sf&quot;,return)</favourite>
	<favourite name="Special Events" thumb="http://www.thehealingchurchri.com/assets/images/eventsicon.png">PlayMedia(&quot;rtmp://apfel.cdn.newschat.tv/edge playpath=special_live swfUrl=http://newschat.tv/player.swf live=1  pageUrl=http://www.livenewschat.eu/twoons/ ?sf_options=winID%3D10025%26_options_sf&quot;)</favourite>
	<favourite name="[COLOR orange](16:00)[/COLOR] (TV Shows) [B]Oscars Opening Ceremony Red Carpet[/B]" thumb="special://home/addons\plugin.video.castaway\resources/media/stream2watch.png">ActivateWindow(10025,&quot;plugin://plugin.video.castaway/?img=C%3a%5ckodi%5cportable_data%5caddons%5cplugin.video.castaway%5cresources%2fmedia%2fstream2watch.png&amp;mode=get_sport_event&amp;site=stream2watch&amp;title=%5bCOLOR%20orange%5d(16%3a00)%5b%2fCOLOR%5d%20(TV%20Shows)%20%5bB%5dOscars%20Opening%20Ceremony%20Red%20Carpet%5b%2fB%5d&amp;url=http%3a%2f%2fwww.stream2watch.co%2fsports%2ftv-shows%2foscars-opening-ceremony-red-carpet-live-stream-february-29&quot;,return)</favourite>
	<favourite name="[COLOR orange](02/28 16:00)[/COLOR] (Oscar) [B]88th Academy Awards[/B]" thumb="special://home/addons\plugin.video.castaway\resources/media/livetv.png">ActivateWindow(10025,&quot;plugin://plugin.video.castaway/?img=C%3a%5ckodi%5cportable_data%5caddons%5cplugin.video.castaway%5cresources%2fmedia%2flivetv.png&amp;mode=get_sport_event&amp;site=livetv&amp;title=%5bCOLOR%20orange%5d(02%2f28%2016%3a00)%5b%2fCOLOR%5d%20(Oscar)%20%5bB%5d88th%20Academy%20Awards%5b%2fB%5d&amp;url=http%3a%2f%2fxliveru.sx%2fen%2feventinfo%2f392312_88th_academy_awards%2f&quot;,return)</favourite>
	<favourite name="[COLOR orange](16:00)[/COLOR] (Abc) [B]Oscars Opening Ceremony: Live From the Red Carpet[/B]" thumb="special://home/addons\plugin.video.castaway\resources/media/atdhe.jpg">PlayMedia(&quot;plugin://plugin.video.castaway/?url=http%3A%2F%2Fgoatd.net%2F73875%2Fwatch-oscars-opening-ceremony-live-from-the-red-carpet&amp;play=True&amp;mode=play&amp;img=C%3A%5Ckodi%5Cportable_data%5Caddons%5Cplugin.video.castaway%5Cresources%2Fmedia%2Fatdhe.jpg&amp;title=%5BCOLOR+orange%5D%2816%3A00%29%5B%2FCOLOR%5D+%28Abc%29+%5BB%5DOscars+Opening+Ceremony%3A+Live+From+the+Red+Carpet%5B%2FB%5D&amp;sf_options=winID%3D10025%26_options_sf&quot;)</favourite>
	<favourite name="[COLOR orange](16:00)[/COLOR] (OSCARS) [B] Oscars: Live from the Red Carpet [/B]" thumb="special://home/addons\plugin.video.castaway\resources/media/wiz1.png">PlayMedia(&quot;plugin://plugin.video.castaway/?url=http%3A%2F%2Fwiz1.net%2Fchannel32&amp;play=True&amp;mode=play&amp;img=C%3A%5Ckodi%5Cportable_data%5Caddons%5Cplugin.video.castaway%5Cresources%2Fmedia%2Fwiz1.png&amp;title=%5BCOLOR+orange%5D%2816%3A00%29%5B%2FCOLOR%5D+%28OSCARS%29+%5BB%5D+Oscars%3A+Live+from+the+Red+Carpet+%5B%2FB%5D&amp;sf_options=winID%3D10025%26_options_sf&quot;)</favourite>
	<favourite name="[COLOR orange](16:00)[/COLOR] (Awards) [B]Oscars: Live from the Red Carpet[/B]" thumb="special://home/addons\plugin.video.castaway\resources/media/zunox.jpg">PlayMedia(&quot;plugin://plugin.video.castaway/?url=http%3A%2F%2Fzunox.hk%2Fzunox1.html+&amp;play=True&amp;mode=play&amp;img=C%3A%5Ckodi%5Cportable_data%5Caddons%5Cplugin.video.castaway%5Cresources%2Fmedia%2Fzunox.jpg&amp;title=%5BCOLOR+orange%5D%2816%3A00%29%5B%2FCOLOR%5D+%28Awards%29+%5BB%5DOscars%3A+Live+from+the+Red+Carpet%5B%2FB%5D&amp;sf_options=winID%3D10025%26_options_sf&quot;)</favourite>
	<favourite name="[COLOR orange](16:00)[/COLOR] (Awards) [B]Oscars: Live from the Red Carpet[/B]" thumb="special://home/addons\plugin.video.castaway\resources/media/zunox.jpg">PlayMedia(&quot;plugin://plugin.video.castaway/?url=http%3A%2F%2Fzunox.hk%2Fzxtv32.html+&amp;play=True&amp;mode=play&amp;img=C%3A%5Ckodi%5Cportable_data%5Caddons%5Cplugin.video.castaway%5Cresources%2Fmedia%2Fzunox.jpg&amp;title=%5BCOLOR+orange%5D%2816%3A00%29%5B%2FCOLOR%5D+%28Awards%29+%5BB%5DOscars%3A+Live+from+the+Red+Carpet%5B%2FB%5D&amp;sf_options=winID%3D10025%26_options_sf&quot;)</favourite>
	<favourite name="[COLOR orange](17:30)[/COLOR] (TV Shows) [B]The Oscars 2016[/B]" thumb="special://home/addons\plugin.video.castaway\resources/media/stream2watch.png">ActivateWindow(10025,&quot;plugin://plugin.video.castaway/?img=C%3a%5ckodi%5cportable_data%5caddons%5cplugin.video.castaway%5cresources%2fmedia%2fstream2watch.png&amp;mode=get_sport_event&amp;site=stream2watch&amp;title=%5bCOLOR%20orange%5d(17%3a30)%5b%2fCOLOR%5d%20(TV%20Shows)%20%5bB%5dThe%20Oscars%202016%5b%2fB%5d&amp;url=http%3a%2f%2fwww.stream2watch.co%2fsports%2ftv-shows%2fthe-oscars-2016-live-stream-february-29&quot;,return)</favourite>
	<favourite name="[COLOR orange](17:30)[/COLOR] (Abc) [B]The Oscars[/B]" thumb="special://home/addons\plugin.video.castaway\resources/media/atdhe.jpg">PlayMedia(&quot;plugin://plugin.video.castaway/?url=http%3A%2F%2Fgoatd.net%2F72648%2Fwatch-the-oscars&amp;play=True&amp;mode=play&amp;img=C%3A%5Ckodi%5Cportable_data%5Caddons%5Cplugin.video.castaway%5Cresources%2Fmedia%2Fatdhe.jpg&amp;title=%5BCOLOR+orange%5D%2817%3A30%29%5B%2FCOLOR%5D+%28Abc%29+%5BB%5DThe+Oscars%5B%2FB%5D&amp;sf_options=winID%3D10025%26_options_sf&quot;)</favourite>
	<favourite name="[COLOR orange](17:30)[/COLOR] (Awards) [B]The Oscars[/B]" thumb="special://home/addons\plugin.video.castaway\resources/media/zunox.jpg">PlayMedia(&quot;plugin://plugin.video.castaway/?url=http%3A%2F%2Fzunox.hk%2Fzunox1.html+&amp;play=True&amp;mode=play&amp;img=C%3A%5Ckodi%5Cportable_data%5Caddons%5Cplugin.video.castaway%5Cresources%2Fmedia%2Fzunox.jpg&amp;title=%5BCOLOR+orange%5D%2817%3A30%29%5B%2FCOLOR%5D+%28Awards%29+%5BB%5DThe+Oscars%5B%2FB%5D&amp;sf_options=winID%3D10025%26_options_sf&quot;)</favourite>
	<favourite name="(29 February 16:00) 88th Academy Awards" thumb="https://ajax.googleapis.com/ajax/libs/jquery/1.7.2/jquery.min.js">ActivateWindow(10025,&quot;plugin://plugin.video.SportsDevil/?item=title.tmp%3dOther%26id.tmp%3d24%26cfg%3dlivetv.ru.streams.cfg%2540%252Fen%252Feventinfo%252F392312_88th_academy_awards%252F%26videoTitle%3d%252829%2bFebruary%2b16%253A00%2529%2b88th%2bAcademy%2bAwards%26competition%3d%2528Oscar%2529%26date.tmp%3d29%2bFebruary%26icon.tmp%3dC%253A%255Ckodi%255Cportable_data%255Caddons%255Cplugin.video.SportsDevil%255Cresources%255Cimages%255Csports%252FOther.png%26plot%3d%2528Oscar%2529%253A%2b88th%2bAcademy%2bAwards%26ld%3d%26ticon.tmp%3dhttp%253A%252F%252Fcdn.livetvcdn.net%252Fimg%252Fsport%252F24.gif%26timeTmp%3d0%253A00%26mydate%3d29%2bFebruary%26liveindicator%3d%26type%3drss%26match%3d88th%2bAcademy%2bAwards%26definedIn%3dlivetv.ru.videos.cfg%26count.tmp%3d1%26director%3dLiveTV.ru%26referer%3dhttp%253A%252F%252Flivetv102.net%252Fen%252Fallupcomingsports%252F24%252F%26genre%3d29%2bFebruary%2b16%253A00%26icon%3dhttps%253A%252F%252Fajax.googleapis.com%252Fajax%252Flibs%252Fjquery%252F1.7.2%252Fjquery.min.js%26url%3dhttp%253A%252F%252Flivetv102.net%252Fen%252Feventinfo%252F392312_88th_academy_awards%252F%26title%3d%252829%2bFebruary%2b16%253A00%2529%2b88th%2bAcademy%2bAwards%26time%3d16%253A00&amp;mode=1&quot;,return)</favourite>
</favourites>