<favourites>
	<favourite name="Perviy kanal Europa" thumb="http://static.filmon.com/assets/channels/1735/big_logo.png">PlayMedia(&quot;plugin://plugin.video.filmontv/?url=url&amp;mode=12&amp;name=Perviy+kanal+Europa&amp;iconimage=http%3A%2F%2Fstatic.filmon.com%2Fassets%2Fchannels%2F1735%2Fbig_logo.png&amp;description=&amp;programme_id=1735&amp;startdate_time=&amp;group=RUSSIAN+TV&quot;,return)</favourite>
	<favourite name="Rossiya 24" thumb="http://static.filmon.com/assets/channels/1744/big_logo.png">PlayMedia(&quot;plugin://plugin.video.filmontv/?url=url&amp;mode=12&amp;name=Rossiya+24&amp;iconimage=http%3A%2F%2Fstatic.filmon.com%2Fassets%2Fchannels%2F1744%2Fbig_logo.png&amp;description=&amp;programme_id=1744&amp;startdate_time=&amp;group=RUSSIAN+TV&quot;,return)</favourite>
	<favourite name="RTR Planeta" thumb="http://static.filmon.com/assets/channels/1738/big_logo.png">PlayMedia(&quot;plugin://plugin.video.filmontv/?url=url&amp;mode=12&amp;name=RTR+Planeta&amp;iconimage=http%3A%2F%2Fstatic.filmon.com%2Fassets%2Fchannels%2F1738%2Fbig_logo.png&amp;description=&amp;programme_id=1738&amp;startdate_time=&amp;group=RUSSIAN+TV&quot;,return)</favourite>
	<favourite name="RT Documentary" thumb="http://static.filmon.com/assets/channels/1981/big_logo.png">PlayMedia(&quot;plugin://plugin.video.filmontv/?url=url&amp;mode=12&amp;name=RT+Documentary&amp;iconimage=http%3A%2F%2Fstatic.filmon.com%2Fassets%2Fchannels%2F1981%2Fbig_logo.png&amp;description=&amp;programme_id=1981&amp;startdate_time=&amp;group=RUSSIAN+TV&quot;,return)</favourite>
</favourites>