<favourites>
	<favourite name="New Episodes - PrimeWire" thumb="https://firestixz.files.wordpress.com/2015/07/1channel-icon.jpg">ActivateWindow(10025,&quot;plugin://plugin.video.1channel/?mode=GetFilteredResults&amp;section=tv&amp;sort=date&quot;,return)</favourite>
	<favourite name="New Episodes - tvMix" thumb="special://home/addons\plugin.video.tvmix\resources\art\latest.png">ActivateWindow(10025,&quot;plugin://plugin.video.tvmix/?description&amp;iconimage=C%3a%5ckodi%5cportable_data%5caddons%5cplugin.video.tvmix%5cresources%5cart%5clatest.png&amp;mode=1&amp;name=New%20Latest%20Episodes&amp;url=http%3a%2f%2fwww.watchepisodes1.com%2f&amp;sf_options=fanart%3Dspecial%3A%2F%2Fhome%2Faddons%5Cplugin.video.tvmix%5Cfanart.jpg%26meta%3Duserrating%253DListItem.userrating%2526label%253DNew%252BLatest%252BEpisodes%26_options_sf&quot;,return)</favourite>
	<favourite name="New Episodes - HD" thumb="">ActivateWindow(10025,&quot;plugin://plugin.video.mdluckytv/?description&amp;iconimage=C%3a%5ckodi%5cportable_data%5caddons%5cplugin.video.mdluckytv%5cresources%5cart%5clt1.png&amp;mode=1&amp;name=%5bB%5d%5bCOLOR%20white%5dLatest%20Updates%5b%2fCOLOR%5d%5b%2fB%5d&amp;url=http%3a%2f%2flucktv.net%2fLatest-Updates-TV-Series.htm&quot;,return)</favourite>
	<favourite name="[COLOR black]New Episodes - AWDL[/COLOR]" thumb="http://www.iconarchive.com/download/i85595/graphicloads/100-flat/new.ico">ActivateWindow(10025,&quot;plugin://plugin.video.allinone/?mode=GetTitles1&amp;numOfPages=2&amp;section=ALL&amp;startPage=1&amp;url=http%3a%2f%2fawesomedl.ru%2f%2f&amp;sf_options=&quot;,return)</favourite>
	<favourite name="[COLOR black]7 Day TV Schedule[/COLOR]" thumb="">ActivateWindow(10025,&quot;plugin://plugin.video.vidics/?mode=20&amp;name=7%20Day%20TV%20Schedule&amp;url=TV%20Schedule&quot;,return)</favourite>
</favourites>