<favourites>
	<favourite name="X-Men" thumb="https://captainblogbuster.files.wordpress.com/2015/02/xmen_logo_black_mens_tank_top_pop.jpg">ActivateWindow(10025,&quot;plugin://plugin.video.funniermoments/?image=C%3a%5ckodi15f%5cportable_data%5caddons%5cplugin.video.funniermoments%5cicon.png&amp;mode=500&amp;page=1&amp;title=X-Men%20(76%20videos)&amp;url=http%3a%2f%2fwww.funniermoments.com%2fbrowse-xmen-videos-1-date.html&quot;,return)</favourite>
	<favourite name="X-Men: Evolution" thumb="http://static.tumblr.com/e6cac92878fb209217ee8af71e3e820b/vo0petv/lEnn8xjro/tumblr_static_678e4rmy9yos4gkgckcg4okk0.jpg">ActivateWindow(10025,&quot;plugin://plugin.video.funniermoments/?image=C%3a%5ckodi15f%5cportable_data%5caddons%5cplugin.video.funniermoments%5cicon.png&amp;mode=500&amp;page=1&amp;title=X-Men%3a%20Evolution%20(52%20videos)&amp;url=http%3a%2f%2fwww.funniermoments.com%2fbrowse-xmenevolution-videos-1-date.html&quot;,return)</favourite>
	<favourite name="Marvel Anime: X-Men [English] (12 videos)" thumb="  ">ActivateWindow(10025,&quot;plugin://plugin.video.funniermoments/?image=C%3a%5ckodi15f%5cportable_data%5caddons%5cplugin.video.funniermoments%5cicon.png&amp;mode=500&amp;page=1&amp;title=Marvel%20Anime%3a%20X-Men%20%5bEnglish%5d%20(12%20videos)&amp;url=http%3a%2f%2fwww.funniermoments.com%2fbrowse-xmen2011-videos-1-date.html&quot;,return)</favourite>
	<favourite name="Marvel Anime: Wolverine [English] (12 videos)" thumb="special://home/addons\plugin.video.funniermoments\icon.png">ActivateWindow(10025,&quot;plugin://plugin.video.funniermoments/?image=C%3a%5ckodi%5cportable_data%5caddons%5cplugin.video.funniermoments%5cicon.png&amp;mode=500&amp;page=1&amp;title=Marvel%20Anime%3a%20Wolverine%20%5bEnglish%5d%20(12%20videos)&amp;url=http%3a%2f%2fwww.toon.is%2fbrowse-wolverine2011-videos-1-date.html&amp;sf_options=fanart%3Dspecial%3A%2F%2Fhome%2Faddons%5Cplugin.video.funniermoments%5Cfanart.jpg%26_options_sf&quot;,return)</favourite>
</favourites>