<favourites>
	<favourite name="Sanctuary" thumb="special://home/addons\plugin.video.sanctuary\icon.png">ActivateWindow(10025,&quot;plugin://plugin.video.sanctuary/&quot;,return)</favourite>
	<favourite name="GoodFellas 2.0" thumb="special://home/addons\plugin.video.goodfellas\icon.png">ActivateWindow(10025,&quot;plugin://plugin.video.goodfellas/&quot;,return)</favourite>
	<favourite name="The Pyramid" thumb="special://home/addons\plugin.video.thepyramid-1.22\icon.png">ActivateWindow(10025,&quot;plugin://plugin.video.thepyramid/&quot;,return)</favourite>
	<favourite name="Evolve" thumb="special://home/addons\plugin.video.Evolve\icon.png">ActivateWindow(10025,&quot;plugin://plugin.video.Evolve/&quot;,return)</favourite>
	<favourite name="Titan" thumb="special://home/addons\plugin.video.titan\icon.png">ActivateWindow(10025,&quot;plugin://plugin.video.titan/?sf_options=fanart%3Dspecial%3A%2F%2Fhome%2Faddons%5Cplugin.video.titan%5Cfanart.jpg%26desc%3DWatch+from+a+huge+selection+of+Movies+Tv+Shows+and+Collections...+Credits+to+Lambda+for+some+resolvers+used+in+this+addon%26_options_sf&quot;,return)</favourite>
	<favourite name="UK Turk Playlists" thumb="special://home/addons\plugin.video.ukturk\icon.png">ActivateWindow(10025,&quot;plugin://plugin.video.ukturk/&quot;,return)</favourite>
</favourites>