<favourites>
	<favourite name="[B][COLOR blue]FOX[/COLOR][/B] Sports 1" thumb="http://aframe.com/blog/wp-content/uploads/2014/03/FOX-Sports-1300x204-250x170.png">PlayMedia(&quot;plugin://plugin.video.i4atv/?tmp=1&genre_name=%5B%27All%27%5D&title=Fox+Sports+1+US&cmd=ffrt2+http%3A%2F%2Flocalhost%2Fch%2F190&portal=%7B%22name%22%3A+%22NFPS%22%7D&mode=play&logo_url=http%3A%2F%2Fportal.iptvprivateserver.tv%2Fstalker_portal%2Fmisc%2Flogos%2F320%2F46.png&&quot;)</favourite>
	<favourite name="[B][COLOR blue]FOX[/COLOR][/B] Sports 2" thumb="https://upload.wikimedia.org/wikipedia/en/7/7e/Fox_Sports_2_logo.png">PlayMedia(&quot;plugin://plugin.video.i4atv/?tmp=1&genre_name=%5B%27All%27%5D&title=Fox+Sports+2+US&cmd=ffrt2+http%3A%2F%2Flocalhost%2Fch%2F5634&portal=%7B%22name%22%3A+%22NFPS%22%7D&mode=play&logo_url=http%3A%2F%2Fportal.iptvprivateserver.tv%2Fstalker_portal%2Fmisc%2Flogos%2F320%2F673.png&&quot;)</favourite>
	<favourite name="[B][COLOR gold]NFL[/COLOR][/B] Now" thumb="http://i.nflcdn.com/static/site/7.2/img/navigation/shields/header-shield.png">PlayMedia(&quot;http://nflioslivesvg2-i.akamaihd.net/hls/live/221521/nflioslive/2015HackerNow_w99d9.m3u8?sf_options=winID%3D10025%26_options_sf&quot;)</favourite>
	<favourite name="[B][COLOR azure]BT[/COLOR][/B] Sport 1" thumb="http://footballontv.com/img/channels/square-300/BT-Sport-1.png">PlayMedia(&quot;plugin://plugin.video.pakindia/?url=http%3A%2F%2Fcric.dynns.com%3A1935%2Fiptv%2Fbt1%2Fplaylist.m3u8&amp;mode=200&amp;name=bt1&amp;iconimage=http%3A%2F%2Fcdnimg.dynns.com%2Fiptvpanelnew%2Fprog_data%2Fthumbs%2Fcdfa4c42f465a5a66871587c69fcfa34bt1.jpg&amp;sf_options=winID%3D10025%26_options_sf&quot;)</favourite>
	<favourite name="[B][COLOR azure]BT[/COLOR][/B] Sport 2" thumb="http://footballontv.com/img/channels/square-300/BT-Sport-2.png">PlayMedia(&quot;plugin://plugin.video.pakindia/?url=http%3A%2F%2Fcric.dynns.com%3A1935%2Fiptv%2Fbt2%2Fplaylist.m3u8&amp;mode=200&amp;name=bt2&amp;iconimage=http%3A%2F%2Fcdnimg.dynns.com%2Fiptvpanelnew%2Fprog_data%2Fthumbs%2Fe46709aa58ba51019b4e6c1b23d9ae03bt2.jpg&amp;sf_options=winID%3D10025%26_options_sf&quot;)</favourite>
	<favourite name="[B][COLOR blue]SKY[/COLOR][/B] Sports 1" thumb="http://tvcric.co/wp-content/uploads/2014/04/Sky-Sports-1-logo-Live-Streaming-Watch-Online-HD.jpg">PlayMedia(&quot;plugin://plugin.video.zeus/?url=http%3A%2F%2Findia.com%2Fsky_sports_1&amp;mode=3&amp;name=%5BCOLOR+lime%5DSky+Sports+1+%5BCOLOR+black%5D%28ZEUS%29%5B%2FCOLOR%5D%5B%2FCOLOR%5D&amp;iconimage=http%3A%2F%2Fs6.postimg.org%2Fk9pctoa01%2Fskysports1.png&amp;description=&amp;sf_options=winID%3D10025%26_options_sf&quot;)</favourite>
	<favourite name="[B][COLOR blue]SKY[/COLOR][/B] Sports 2" thumb="http://www.bangladeshtigers.com/images/skysports2.jpg">PlayMedia(&quot;plugin://plugin.video.zeus/?url=http%3A%2F%2Findia.com%2Fsky_sports_2&amp;mode=3&amp;name=%5BCOLOR+lime%5DSky+Sports+2+%5BCOLOR+black%5D%28ZEUS%29%5B%2FCOLOR%5D%5B%2FCOLOR%5D&amp;iconimage=http%3A%2F%2Fs6.postimg.org%2Fk9pctoa01%2Fskysports2.png&amp;description=&amp;sf_options=winID%3D10025%26_options_sf&quot;)</favourite>
	<favourite name="[B][COLOR blue]SKY[/COLOR][/B] Sports 3" thumb="http://tv.mobilenet-ups.com/wp-content/uploads/2015/05/Sky_3.jpg">PlayMedia(&quot;plugin://plugin.video.zeus/?url=http%3A%2F%2Findia.com%2Fsky_sports_3&amp;mode=3&amp;name=%5BCOLOR+lime%5DSky+Sports+3+%5BCOLOR+black%5D%28ZEUS%29%5B%2FCOLOR%5D%5B%2FCOLOR%5D&amp;iconimage=http%3A%2F%2Fs6.postimg.org%2Fk9pctoa01%2Fskysports3.png&amp;description=&amp;sf_options=winID%3D10025%26_options_sf&quot;)</favourite>
	<favourite name="[B][COLOR blue]SKY[/COLOR][/B] Sports 4" thumb="http://tvcric.co/wp-content/uploads/2014/05/Sky-Sports-4-Logo-Live-Streaming-Watch-Online.jpg">PlayMedia(&quot;plugin://plugin.video.zeus/?url=http%3A%2F%2Findia.com%2Fsky_sports_4&amp;mode=3&amp;name=%5BCOLOR+lime%5DSky+Sports+4+%5BCOLOR+black%5D%28ZEUS%29%5B%2FCOLOR%5D%5B%2FCOLOR%5D&amp;iconimage=http%3A%2F%2Fs6.postimg.org%2Fk9pctoa01%2Fskysports4.png&amp;description=&amp;sf_options=winID%3D10025%26_options_sf&quot;)</favourite>
	<favourite name="[B][COLOR blue]SKY[/COLOR][/B] Sports 5" thumb="http://sporttvone.com/wp-content/uploads/2015/01/13-615x400.jpg">PlayMedia(&quot;plugin://plugin.video.zeus/?url=http%3A%2F%2Findia.com%2Fsky_sports_5&amp;mode=3&amp;name=%5BCOLOR+lime%5DSky+Sports+5+%5BCOLOR+black%5D%28ZEUS%29%5B%2FCOLOR%5D%5B%2FCOLOR%5D&amp;iconimage=http%3A%2F%2Fs6.postimg.org%2F5lmruv2xt%2FSky_Sports_5_Logo.png&amp;description=&amp;sf_options=winID%3D10025%26_options_sf&quot;)</favourite>
	<favourite name="[B][COLOR blue]SKY[/COLOR][/B] Sports F1" thumb="https://pbs.twimg.com/profile_images/502483207267164160/wyV8wUFV.png">PlayMedia(&quot;http://top-iptv.zapto.org:8000/live/adem/adem/542.m3u8?sf_options=winID%3D10025%26_options_sf&quot;)</favourite>
	<favourite name="College Sports" thumb="http://www.ncaa.org/sites/all/themes/victory/logo.png">ActivateWindow(10025,&quot;plugin://plugin.program.super.favourites/?folder=Sports/Sports Channels/College Sports&quot;,return)</favourite>
	<favourite name="Box Nation" thumb="http://static-files.cdnandroid.com/3c/cf/ee/4d/imagen-boxnation-tv-0thumb.jpg">PlayMedia(&quot;plugin://plugin.video.pakindia/?url=http%3A%2F%2Fcric.dynns.com%3A1935%2Fiptv%2Fboxnation%2Fplaylist.m3u8&amp;mode=200&amp;name=box+nation&amp;iconimage=http%3A%2F%2Fcdnimg.dynns.com%2Fiptvpanelnew%2Fprog_data%2Fthumbs%2F386854131f58a556343e056f03626e00boxnation.jpg&amp;sf_options=winID%3D10025%26_options_sf&quot;)</favourite>
	<favourite name="NBC Golf" thumb="https://upload.wikimedia.org/wikipedia/en/e/e4/NBC_Golf_logo.png">PlayMedia(&quot;plugin://plugin.video.phstreams/?name=NBC+Golf+HD+1080p&amp;url=http%3A%2F%2Ftvegolf-i.Akamaihd.net%2Fhls%2Flive%2F218225%2Fgolfx%2F4296k%2Fprog.m3u8%7CX-Forwarded-For%3D209.239.112.104&amp;audio=0&amp;image=http%3A%2F%2Fimg1.wikia.nocookie.net%2F__cb20100323073441%2Flogopedia%2Fimages%2F3%2F3a%2FGolf_Channel_2008.png&amp;fanart=http%3A%2F%2Fs20.postimg.org%2Fid8xgs00t%2FSports_Background.jpg&amp;playable=false&amp;tvshow=0&amp;content=0&amp;action=resolveUrl&amp;sf_options=fanart%3Dhttp%3A%2F%2Fs20.postimg.org%2Fid8xgs00t%2FSports_Background.jpg%26winID%3D10025%26desc%3DDiscover+Great+Streaming+Playlists%21%26_options_sf&quot;)</favourite>
	<favourite name="TSN 1 " thumb="https://lh4.googleusercontent.com/-9e0nuhCRNFA/AAAAAAAAAAI/AAAAAAAAFZI/SINuLlR6zTs/photo.jpg">PlayMedia(&quot;plugin://plugin.video.zeus/?url=http%3A%2F%2Findia.com%2Ftsn_1&amp;mode=3&amp;name=%5BCOLOR+lime%5DTSN+1+%5BCOLOR+black%5D%28ZEUS%29%5B%2FCOLOR%5D%5B%2FCOLOR%5D&amp;iconimage=http%3A%2F%2Fs6.postimg.org%2Fejpd49vhd%2Ftsn.png&amp;description=&amp;sf_options=fanart%3Dhttp%3A%2F%2Fs6.postimg.org%2Fejpd49vhd%2Ftsn.png%26winID%3D10025%26_options_sf&quot;)</favourite>
	<favourite name="TSN 2 " thumb="https://lh4.googleusercontent.com/-9e0nuhCRNFA/AAAAAAAAAAI/AAAAAAAAFZI/SINuLlR6zTs/photo.jpg">PlayMedia(&quot;plugin://plugin.video.zeus/?url=http%3A%2F%2Findia.com%2Ftsn_2&amp;mode=3&amp;name=%5BCOLOR+lime%5DTSN+2+%5BCOLOR+black%5D%28ZEUS%29%5B%2FCOLOR%5D%5B%2FCOLOR%5D&amp;iconimage=http%3A%2F%2Fs6.postimg.org%2Fejpd49vhd%2Ftsn.png&amp;description=&amp;sf_options=fanart%3Dhttp%3A%2F%2Fs6.postimg.org%2Fejpd49vhd%2Ftsn.png%26winID%3D10025%26_options_sf&quot;)</favourite>
	<favourite name="TSN 3 " thumb="https://lh4.googleusercontent.com/-9e0nuhCRNFA/AAAAAAAAAAI/AAAAAAAAFZI/SINuLlR6zTs/photo.jpg">PlayMedia(&quot;plugin://plugin.video.zeus/?url=http%3A%2F%2Findia.com%2Ftsn_3&amp;mode=3&amp;name=%5BCOLOR+lime%5DTSN+3+%5BCOLOR+black%5D%28ZEUS%29%5B%2FCOLOR%5D%5B%2FCOLOR%5D&amp;iconimage=http%3A%2F%2Fs6.postimg.org%2Fejpd49vhd%2Ftsn.png&amp;description=&quot;)</favourite>
	<favourite name="TSN 4 " thumb="https://lh4.googleusercontent.com/-9e0nuhCRNFA/AAAAAAAAAAI/AAAAAAAAFZI/SINuLlR6zTs/photo.jpg">PlayMedia(&quot;plugin://plugin.video.zeus/?url=http%3A%2F%2Findia.com%2Ftsn_4&amp;mode=3&amp;name=%5BCOLOR+lime%5DTSN+3+%5BCOLOR+black%5D%28ZEUS%29%5B%2FCOLOR%5D%5B%2FCOLOR%5D&amp;iconimage=http%3A%2F%2Fs6.postimg.org%2Fejpd49vhd%2Ftsn.png&amp;description=&quot;)</favourite>

</favourites>