<favourites>
	<favourite name="Services" thumb="">ActivateWindow(servicesettings)</favourite>
	<favourite name="PVR" thumb="">ActivateWindow(tvsettings)</favourite>
	<favourite name="Video" thumb="">ActivateWindow(videossettings)</favourite>
	<favourite name="Music" thumb="">ActivateWindow(musicsettings)</favourite>
	<favourite name="Pictures" thumb="">ActivateWindow(picturessettings)</favourite>
	<favourite name="System" thumb="">ActivateWindow(systemsettings)</favourite>
	<favourite name="Profiles" thumb="">ActivateWindow(Profiles)</favourite>
	<favourite name="[COLOR azure]Video add-ons[/COLOR]" thumb="http://icons.iconarchive.com/icons/itzikgur/my-seven/128/Videos-1-icon.png">ActivateWindow(10025,&quot;addons://sources/video/&quot;,return)</favourite>
	<favourite name="[COLOR azure]Programs[/COLOR] add-ons" thumb="http://icons.iconseeker.com/png/fullsize/muku-style/program.png">ActivateWindow(10001,&quot;addons://sources/executable/&quot;)</favourite>
	<favourite name="Program add-ons" thumb="DefaultAddonProgram.png">ActivateWindow(10001,&quot;addons://sources/executable/&quot;,return)</favourite>
</favourites>