<favourites>
	<favourite name="Man Vs Wild" thumb="http://cdn.vaughnsoft.com/vaughnsoft/vaughn/img_profiles/lmshows_mws_320.jpg">PlayMedia(&quot;plugin://plugin.stream.vaughnlive.tv/?sourcetype=auto&amp;title=vaughn&amp;url=http%3A%2F%2Fvaughnlive.tv%2Flmshows_mws&amp;section=&amp;site=&amp;mode=PlayLiveStream&amp;channel=lmshows_mws&amp;sf_options=winID%3D10025%26_options_sf&quot;)</favourite>
	<favourite name="Pawn Shows" thumb="http://cdn.vaughnsoft.com/vaughnsoft/vaughn/img_profiles/lmshows_hps_320.jpg">PlayMedia(&quot;plugin://plugin.stream.vaughnlive.tv/?sourcetype=auto&amp;title=vaughn&amp;url=http%3A%2F%2Fvaughnlive.tv%2Flmshows_hps&amp;section=&amp;site=&amp;mode=PlayLiveStream&amp;channel=lmshows_hps&amp;sf_options=winID%3D10025%26_options_sf&quot;)</favourite>
	<favourite name="Shark Tank" thumb="http://cdn.vaughnsoft.com/vaughnsoft/vaughn/img_profiles/111aaacharkreality_320.jpg">PlayMedia(&quot;plugin://plugin.stream.vaughnlive.tv/?sourcetype=auto&amp;title=vaughn&amp;url=http%3A%2F%2Fvaughnlive.tv%2F111aaacharkreality&amp;section=&amp;site=&amp;mode=PlayLiveStream&amp;channel=111aaacharkreality&amp;sf_options=winID%3D10025%26_options_sf&quot;)</favourite>
	<favourite name="Top Gear" thumb="http://cdn.vaughnsoft.com/vaughnsoft/vaughn/img_profiles/profe3191_320.jpg">PlayMedia(&quot;plugin://plugin.stream.vaughnlive.tv/?sourcetype=auto&amp;title=vaughn&amp;url=http%3A%2F%2Fvaughnlive.tv%2Fprofe3191&amp;section=&amp;site=&amp;mode=PlayLiveStream&amp;channel=profe3191&amp;sf_options=winID%3D10025%26_options_sf&quot;)</favourite>
	<favourite name="UFC" thumb="http://cdn.vaughnsoft.com/vaughnsoft/vaughn/img_profiles/profe3193_320.jpg">PlayMedia(&quot;plugin://plugin.stream.vaughnlive.tv/?sourcetype=auto&amp;title=vaughn&amp;url=http%3A%2F%2Fvaughnlive.tv%2Fprofe3193&amp;section=&amp;site=&amp;mode=PlayLiveStream&amp;channel=profe3193&amp;sf_options=winID%3D10025%26_options_sf&quot;)</favourite>
</favourites>