<favourites>
	<favourite name="NBC (WNBC)" thumb="special://home/addons\plugin.video.wnbc\icon.png">ActivateWindow(10025,&quot;plugin://plugin.video.wnbc/&quot;)</favourite>
	<favourite name="Watch CBS Shows" thumb="">ActivateWindow(10025,&quot;plugin://plugin.video.wral/?mode=GB&amp;url=dummy&amp;sf_options=fanart%3Dspecial%3A%2F%2Fhome%2Faddons%5Cplugin.video.wral%5Cfanart.jpg%26_options_sf&quot;,return)</favourite>
	<favourite name="[COLOR tomato]Bravo (clips)[/COLOR]" thumb="http://googledrive.com/host/0B-bY5h-uWEgZQVJQZ0lzUTdBeFE/icons/networks/ustvod/bravo.png">ActivateWindow(10025,&quot;plugin://plugin.video.ustvvod/?fanart=%22C%3a%5ckodi2%5cportable_data%5caddons%5cplugin.video.ustvvod%5cfanart.jpg%22&amp;mode=%22bravo%22&amp;name=%22Bravo%22&amp;sitemode=%22rootlist%22&amp;thumb=%22C%3a%5ckodi2%5cportable_data%5caddons%5cplugin.video.ustvvod%5cresources%5cimages%5cbravo.png%22&amp;url=%22%22&quot;)</favourite>
	<favourite name="[COLOR tomato]Spike TV[/COLOR]" thumb="http://googledrive.com/host/0B-bY5h-uWEgZQVJQZ0lzUTdBeFE/icons/networks/ustvod/spike.png">ActivateWindow(10025,&quot;plugin://plugin.video.ustvvod/?fanart=%22C%3a%5ckodi2%5cportable_data%5caddons%5cplugin.video.ustvvod%5cfanart.jpg%22&amp;mode=%22spike%22&amp;name=%22Spike%20TV%22&amp;sitemode=%22rootlist%22&amp;thumb=%22C%3a%5ckodi2%5cportable_data%5caddons%5cplugin.video.ustvvod%5cresources%5cimages%5cspike.png%22&amp;url=%22%22&quot;)</favourite>
	<favourite name="[COLOR tomato]National Geographic[/COLOR]" thumb="http://googledrive.com/host/0B-bY5h-uWEgZQVJQZ0lzUTdBeFE/icons/networks/ustvod/natgeo.png">ActivateWindow(10025,&quot;plugin://plugin.video.ustvvod/?fanart=%22C%3a%5ckodi24%5cportable_data%5caddons%5cplugin.video.ustvvod%5cfanart.jpg%22&amp;mode=%22natgeo%22&amp;name=%22National%20Geographic%22&amp;sitemode=%22rootlist%22&amp;thumb=%22C%3a%5ckodi24%5cportable_data%5caddons%5cplugin.video.ustvvod%5cresources%5cimages%5cnatgeo.png%22&amp;url=%22%22&amp;sf_options=fanart%3Dspecial%3A%2F%2Fhome%2Faddons%5Cplugin.video.ustvvod%5Cfanart.jpg%26_options_sf&quot;)</favourite>
	<favourite name="CBS (WRAL)" thumb="special://home/addons\plugin.video.wral\icon.png">ActivateWindow(10025,&quot;plugin://plugin.video.wral/&quot;)</favourite>
	<favourite name="[COLOR tomato]USA Network[/COLOR]" thumb="https://raw.githubusercontent.com/moneymaker365/plugin.video.ustvvod/master/resources/images/usa.png">ActivateWindow(10025,&quot;plugin://plugin.video.ustvvod/?fanart=%22C%3a%5ckodi24%5cportable_data%5caddons%5cplugin.video.ustvvod%5cfanart.jpg%22&amp;mode=%22usa%22&amp;name=%22USA%20Network%22&amp;sitemode=%22rootlist%22&amp;thumb=%22C%3a%5ckodi24%5cportable_data%5caddons%5cplugin.video.ustvvod%5cresources%5cimages%5cusa.png%22&amp;url=%22%22&amp;sf_options=fanart%3Dspecial%3A%2F%2Fhome%2Faddons%5Cplugin.video.ustvvod%5Cfanart.jpg%26_options_sf&quot;,return)</favourite>
	<favourite name="[COLOR brown]Sundance TV[/COLOR]" thumb="http://d1ff979u6gd5fc.cloudfront.net/api/pub/imgedge/services/v1/image/http/tmsimg/h3/NowShowing/16108/s16108_h3_ba.png">ActivateWindow(10025,&quot;plugin://plugin.video.sundance/&quot;)</favourite>
	<favourite name="IFC" thumb="special://home/addons\plugin.video.ifc\icon.png">ActivateWindow(10025,&quot;plugin://plugin.video.ifc?sf_options=fanart%3Dspecial%3A%2F%2Fhome%2Faddons%5Cplugin.video.ifc%5Cfanart.jpg%26desc%3DIFC+%28formerly+the+Independent+Film+Channel%29+is+an+American+cable+and+satellite+television+network+that+is+owned+by+AMC+Networks.+Programming+on+the+channel+includes+original+comedies%2C+acquired+series%2C+and+fan+favorite+films+that+are+%22always+on%2C+slightly+off.%22%26_options_sf&quot;,return)</favourite>
	<favourite name="ulive.com" thumb="http://googledrive.com/host/0B-bY5h-uWEgZQVJQZ0lzUTdBeFE/icons/apps/ulive.png">ActivateWindow(10025,&quot;plugin://plugin.video.ulive_com/&quot;)</favourite>
	<favourite name="ulive" thumb="special://home/addons\plugin.video.ulive_com-1.0.1\icon.png">ActivateWindow(10025,&quot;plugin://plugin.video.ulive_com/?mode=listShows&amp;thumb=C%3a%5ckodi2%5cportable_data%5caddons%5cplugin.video.ulive_com-1.0.1%5cicon.png&amp;type&amp;url=http%3a%2f%2fwww.ulive.com%2foriginal-series-by-topic&quot;)</favourite>
	<favourite name="Oxygen" thumb="https://raw.githubusercontent.com/moneymaker365/plugin.video.ustvvod/master/resources/images/oxygen.png">ActivateWindow(10025,&quot;plugin://plugin.video.ustvvod/?fanart=%22C%3a%5ckodi2%5cportable_data%5caddons%5cplugin.video.ustvvod%5cfanart.jpg%22&amp;mode=%22oxygen%22&amp;name=%22Oxygen%22&amp;sitemode=%22rootlist%22&amp;thumb=%22C%3a%5ckodi2%5cportable_data%5caddons%5cplugin.video.ustvvod%5cresources%5cimages%5coxygen.png%22&amp;url=%22%22&quot;)</favourite>
	<favourite name="Nat Geo Wild (clips_" thumb="https://raw.githubusercontent.com/moneymaker365/plugin.video.ustvvod/master/resources/images/natgeowild.png">ActivateWindow(10025,&quot;plugin://plugin.video.ustvvod/?fanart=%22C%3a%5ckodi24%5cportable_data%5caddons%5cplugin.video.ustvvod%5cfanart.jpg%22&amp;mode=%22natgeowild%22&amp;name=%22Nat%20Geo%20Wild%22&amp;sitemode=%22rootlist%22&amp;thumb=%22C%3a%5ckodi24%5cportable_data%5caddons%5cplugin.video.ustvvod%5cresources%5cimages%5cnatgeowild.png%22&amp;url=%22%22&amp;sf_options=fanart%3Dspecial%3A%2F%2Fhome%2Faddons%5Cplugin.video.ustvvod%5Cfanart.jpg%26_options_sf&quot;)</favourite>
	<favourite name="Adult Swim" thumb="https://raw.githubusercontent.com/moneymaker365/plugin.video.ustvvod/master/resources/images/adultswim.png">ActivateWindow(10025,&quot;plugin://plugin.video.ustvvod/?fanart=%22C%3a%5ckodi2%5cportable_data%5caddons%5cplugin.video.ustvvod%5cfanart.jpg%22&amp;mode=%22adultswim%22&amp;name=%22Adult%20Swim%22&amp;sitemode=%22rootlist%22&amp;thumb=%22C%3a%5ckodi2%5cportable_data%5caddons%5cplugin.video.ustvvod%5cresources%5cimages%5cadultswim.png%22&amp;url=%22%22&quot;)</favourite>
	<favourite name="MTV" thumb="http://ftp.heanet.ie/mirrors/superrepo/v5/addons/plugin.video.mtv/icon.png">ActivateWindow(10025,&quot;plugin://plugin.video.ustvvod/?fanart=%22C%3a%5ckodi2%5cportable_data%5caddons%5cplugin.video.ustvvod%5cfanart.jpg%22&amp;mode=%22mtv%22&amp;name=%22MTV%22&amp;sitemode=%22rootlist%22&amp;thumb=%22C%3a%5ckodi2%5cportable_data%5caddons%5cplugin.video.ustvvod%5cresources%5cimages%5cmtv.png%22&amp;url=%22%22&quot;)</favourite>
</favourites>