<favourites>
	<favourite name="UK Channels" thumb="http://files.softicons.com/download/internet-cons/flag-icons-by-custom-icon-design/png/256/United-Kingdom-Flag.png">ActivateWindow(10025,&quot;plugin://plugin.video.israelive/?description&amp;displayname=Favourites&amp;iconimage=http%3a%2f%2fcdn3.tnwcdn.com%2ffiles%2f2010%2f07%2fbright_yellow_star.png&amp;mode=16&amp;name=%5bCOLOR%20green%5d%5bB%5d%5bFavourites%5d%5b%2fB%5d%5b%2fCOLOR%5d&amp;url=favorites&amp;sf_options=fanart%3Dhttp%3A%2F%2F3.bp.blogspot.com%2F-vVfHI8TbKA4%2FUBAbrrZay0I%2FAAAAAAAABRM%2FdPFgXAnF8Sg%2Fs1600%2Fretro-tv-icon.jpg%26_options_sf&quot;,return)</favourite>
	<favourite name="CanTVLive" thumb="http://files.softicons.com/download/internet-cons/flag-icons-by-custom-icon-design/png/256/Canada-Flag.png">ActivateWindow(10025,&quot;plugin://plugin.video.CanTVLive?sf_options=fanart%3Dspecial%3A%2F%2Fhome%2Faddons%5Cplugin.video.CanTVLive%5Cfanart.jpg%26desc%3DLive+Canadian+TV+channels+all+in+one+place.%26_options_sf&quot;,return)</favourite>
	<favourite name="FilmON.TV" thumb="https://superrepo.org/static/images/icons/original/xplugin.video.filmon.png.pagespeed.ic.3J28DkfxkJ.png">ActivateWindow(10025,&quot;plugin://plugin.video.SportsDevil/?item=title%3dFilmOn.com%26url%3dcustoms%252Ffilmon.com.cfg%26definedIn%3dcustoms.cfg%26director%3dfilmon.com%26genre%3dLive%2bTV%26type%3drss%26icon%3dhttp%253A%252F%252Fwww.filmon.com%252Ftv%252Fthemes%252Ffilmontv%252Fimg%252Fnew-filmon-logo.png&amp;mode=1&amp;sf_options=fanart%3Dspecial%3A%2F%2Fhome%2Faddons%5Cplugin.video.SportsDevil%5Cfanart.jpg%26_options_sf&quot;,return)</favourite>
	<favourite name=".MISC" thumb="http://www.icangiveyouhouse.com/audio/2010/09/world-in-black-and-white-hands-1.jpg">ActivateWindow(10025,&quot;plugin://plugin.program.super.favourites/?label=.MISC&amp;mode=400&amp;folder=Livetv%2FForegin%5C.MISC&amp;sf_options=fanart%3Dhttp%3A%2F%2Fwww.icangiveyouhouse.com%2Faudio%2F2010%2F09%2Fworld-in-black-and-white-hands-1.jpg%26_options_sf&quot;,return)</favourite>
</favourites>