<favourites>
	<favourite name="CNN" thumb="https://i.ytimg.com/i/upvZG-5ko_eiXAupbDfxWw/mq1.jpg">ActivateWindow(10025,&quot;plugin://plugin.video.youtube/channel/UCupvZG-5ko_eiXAupbDfxWw/&quot;,return)</favourite>
	<favourite name="Fox News" thumb="https://yt3.ggpht.com/-hWfA4bcw9-0/AAAAAAAAAAI/AAAAAAAAAAA/vIRaFanM9JE/s240-c-k-no/photo.jpg">ActivateWindow(10025,&quot;plugin://plugin.video.youtube/channel/UCXIJgqnII2ZOINSWNOGFThA/&quot;,return)</favourite>
	<favourite name="NBC Nightly News" thumb="http://googledrive.com/host/0B-bY5h-uWEgZQVJQZ0lzUTdBeFE/icons/news/nbcnnightlyews.jpeg">ActivateWindow(10025,&quot;plugin://plugin.video.ustvvod/?fanart=%22C%3a%5ckodi2%5cportable_data%5caddons%5cplugin.video.ustvvod%5cfanart.jpg%22&amp;mode=%22nbc%22&amp;name=%22Full%20Episodes%22&amp;sitemode=%22episodes%22&amp;thumb=%22C%3a%5ckodi2%5cportable_data%5caddons%5cplugin.video.ustvvod%5cresources%5cimages%5cnbc.png%22&amp;url=%22http%3a%2f%2fwww.nbc.com%2fdata%2fnode%2f208991%2fvideo_carousel%22&amp;sf_options=fanart%3Dspecial%3A%2F%2Fhome%2Faddons%5Cplugin.video.ustvvod%5Cfanart.jpg%26_options_sf&quot;)</favourite>
	<favourite name="PBS News Hour" thumb="http://googledrive.com/host/0B-bY5h-uWEgZQVJQZ0lzUTdBeFE/icons/news/pbsnews.jpg">ActivateWindow(10025,&quot;plugin://plugin.video.thinktv/?mode=GC&amp;name=PBS%20NewsHour&amp;url=program%2fnewshour%2fepisodes%2f&quot;)</favourite>
	<favourite name="CBS Evening News" thumb="https://pbs.twimg.com/profile_images/580141032781651968/uuoFtXVP.png">ActivateWindow(10025,&quot;plugin://plugin.video.wral/?mode=GLA&amp;name=CBS%20Evening%20News&amp;url=http%3a%2f%2fcan.cbs.com%2fthunder%2fplayer%2fiframe%2frecentVideos.php%3fnumOfColumns%3d2%26account%3dNews%26series%3dCBS%2520Evening%2520News%26width%3d489%26partner%3dtvaffil_unknown&quot;,return)</favourite>
	<favourite name="CBS News" thumb="http://addonscriptorde-beta-repo.googlecode.com/svn/trunk/plugin.video.cbsnews_com/icon.png">ActivateWindow(10025,&quot;plugin://plugin.video.cbsnews_com?sf_options=fanart%3Dhttp%3A%2F%2Faddonscriptorde-beta-repo.googlecode.com%2Fsvn%2Ftrunk%2Fplugin.video.cbsnews_com%2Ffanart.jpg%26winID%3D10025%26desc%3DVarious+news+and+shows+%2860+Minutes%2C+48+Hours%2C+...%29%26_options_sf&quot;)</favourite>
	<favourite name="Vice News" thumb="http://googledrive.com/host/0B-bY5h-uWEgZQVJQZ0lzUTdBeFE/icons/apps/vicenews.jpg">ActivateWindow(10025,&quot;plugin://plugin.video.youtube/user/vicenews/&quot;,return)</favourite>
	<favourite name="Democracy Now!" thumb="https://lh6.ggpht.com/vXEuZkQFDSNZgY2G478AQ-XyXxMI1l98PDSIZUkD1wY-HBGSb6vMAap7wKr2pCfaUg=w300">ActivateWindow(10025,&quot;plugin://plugin.video.democracynow?sf_options=fanart%3Dspecial%3A%2F%2Fhome%2Faddons%5Cplugin.video.democracynow%5Cfanart.jpg%26desc%3DDemocracy+Now%21+is+a+syndicated+program+of+news%2C+analysis%2C+and+opinion+aired+by+more+than+700+radio+and+television%2C+satellite+and+cable+TV+networks+in+North+America.+Democracy+Now%21+serves+as+the+flagship+program+for+the+Pacifica+Radio+network.%26_options_sf&quot;,return)</favourite>
	<favourite name="Washington Week" thumb="http://image.pbs.org/merlin/s3.amazonaws.com/pbs.merlin.cdn.prod/program_pages/PBSWashingtonWeek_copy.380x212.jpg.fit.480x270.jpg">ActivateWindow(10025,&quot;plugin://plugin.video.thinktv/?mode=GC&amp;name=Washington%20Week&amp;url=%2fprogram%2fwashington-week%2f%2fepisodes%2f&amp;sf_options=desc%3DWashington+Week+is+the+longest-running+primetime+news+and+public+affairs+program+on+television.+The+show+features+a+group+of+journalists+participating+in+a+roundtable+discussion+of+major+news+events+and+can+be+found+at+8pm+ET+on+most+local+PBS+stations.%26_options_sf&quot;,return)</favourite>
</favourites>