<favourites>
	<favourite name="iSearch" thumb="special://home/addons\plugin.program.super.favourites\resources\media\search.png">ActivateWindow(10025,&quot;plugin://plugin.program.super.favourites/?label=iSearch&amp;mode=0&amp;keyword=__iSearch__&quot;)</favourite>
	<favourite name="iPlay - Kodi playlist manager" thumb="DefaultVideoPlaylists.png">ActivateWindow(10025,&quot;plugin://plugin.program.super.favourites/?label=iPlay%20-%20Kodi%20playlist%20manager&amp;mode=3200&amp;image=DefaultVideoPlaylists.png&quot;,return)</favourite>
	<favourite name="iExplore" thumb="DefaultFolder.png">ActivateWindow(10025,&quot;plugin://plugin.program.super.favourites/?label=iExplore&amp;mode=5100&amp;image=DefaultFolder.png&amp;fanart=NULL&amp;sf_options=fanart%3DNULL%26_options_sf&quot;,return)</favourite>
	<favourite name="Origin2" thumb="http://img06.deviantart.net/3c48/i/2012/230/3/3/mega_drive___sega_genesis_dock_icon_by_pazeto22-d5bkwz2.png">ActivateWindow(10025,&quot;plugin://plugin.video.origin2/&quot;,return)</favourite>
</favourites>