<favourites>
	<favourite name="Nickelodeon" thumb="special://home/addons\plugin.video.ustvvod\resources\images\nick.png">ActivateWindow(10025,&quot;plugin://plugin.video.ustvvod/?fanart=%22C%3a%5ckodi%5cportable_data%5caddons%5cplugin.video.ustvvod%5cfanart.jpg%22&amp;mode=%22nick%22&amp;name=%22Nickelodeon%22&amp;sitemode=%22rootlist%22&amp;thumb=%22C%3a%5ckodi%5cportable_data%5caddons%5cplugin.video.ustvvod%5cresources%5cimages%5cnick.png%22&amp;url=%22%22&amp;sf_options=fanart%3Dspecial%3A%2F%2Fhome%2Faddons%5Cplugin.video.ustvvod%5Cfanart.jpg%26desc%3DNickelodeon%2C+now+in+its+31st+year%2C+is+the+number-one+entertainment+brand+for+kids.+It+has+built+a+diverse%2C+global+business+by+putting+kids+first+in+everything+it+does.+The+company+includes+television+programming+and+production+in+the+United+States+and+around+the+world%2C+plus+consumer+products%2C+online%2C+recreation%2C+books+and+feature+films.+Nickelodeon%27s+U.S.+television+network+is+seen+in+more+than+100+million+households+and+has+been+the+number-one-rated+basic+cable+network+for+16+consecutive+years.%26_options_sf&quot;,return)</favourite>
	<favourite name="Movies 4 Kids" thumb="special://home/addons\plugin.video.popcornflix\icon.png">ActivateWindow(10025,&quot;plugin://plugin.video.popcornflix/?mode=GM&amp;name=%5bCOLOR%20blue%5dFamily%2fKids%5b%2fCOLOR%5d&amp;url=%2fFamily%2fKids-movies&amp;sf_options=fanart%3Dspecial%3A%2F%2Fhome%2Faddons%5Cplugin.video.popcornflix%5Cfanart.jpg%26_options_sf&quot;,return)</favourite>
	<favourite name="Popular Films" thumb="https://staticviewlift-a.akamaihd.net/dims4/default/cbfc1d1/2147483647/thumbnail/132x195&gt;/quality/90/?url=http://snagfilms-a.akamaihd.net/c8/9e/9ba8f1034ad896047e84a32ee650/kidsandfamily-214x317.jpg">/quality/90/?url=http://snagfilms-a.akamaihd.net/c8/9e/9ba8f1034ad896047e84a32ee650/kidsandfamily-214x317.jpg&amp;sf_options=&quot;&gt;/quality/90/?url=http://snagfilms-a.akamaihd.net/c8/9e/9ba8f1034ad896047e84a32ee650/kidsandfamily-214x317.jpg&amp;sf_options=&quot;&gt;/quality/90/?url=http://snagfilms-a.akamaihd.net/c8/9e/9ba8f1034ad896047e84a32ee650/kidsandfamily-214x317.jpg&amp;sf_options=&quot;&gt;/quality/90/?url=http://snagfilms-a.akamaihd.net/c8/9e/9ba8f1034ad896047e84a32ee650/kidsandfamily-214x317.jpg&amp;sf_options=&quot;&gt;/quality/90/?url=http://snagfilms-a.akamaihd.net/c8/9e/9ba8f1034ad896047e84a32ee650/kidsandfamily-214x317.jpg&amp;sf_options=&quot;&gt;ActivateWindow(10025,&quot;plugin://plugin.video.snagfilms/?mode=GG&amp;name=Popular%20Films&amp;url=http%3a%2f%2fwww.snagfilms.com%2fmovies%2fkids_and_family%2300000149-8737-d965-a7dd-8fb7dc960000&amp;sf_options=fanart%3Dspecial%3A%2F%2Fhome%2Faddons%5Cplugin.video.snagfilms%5Cfanart.jpg%26desc%3DPopular+Films%26_options_sf&quot;,return)</favourite>
	<favourite name="Shows 4 Kids" thumb="special://home/addons\plugin.video.popcornflix\icon.png">ActivateWindow(10025,&quot;plugin://plugin.video.popcornflix/?mode=GM&amp;name=%5bCOLOR%20blue%5dKids%20Shows%5b%2fCOLOR%5d&amp;url=%2fKids%20Shows-movies&amp;sf_options=fanart%3Dspecial%3A%2F%2Fhome%2Faddons%5Cplugin.video.popcornflix%5Cfanart.jpg%26_options_sf&quot;,return)</favourite>
	<favourite name="Funnier Moments" thumb="C:\Users\Owner\AppData\Roaming\Kodi\addons\plugin.video.funniermoments\icon.png">ActivateWindow(10025,&quot;plugin://plugin.video.funniermoments/&amp;sf_options=&quot;,return)</favourite>
	<favourite name="Cartoons" thumb="special://home/addons\plugin.video.YouTube_Vault\resources\img\Cartoons.png">ActivateWindow(10025,&quot;plugin://plugin.video.YouTube_Vault/?mode=12&amp;name=Cartoons&amp;url=url&amp;sf_options=fanart%3Dspecial%3A%2F%2Fhome%2Faddons%5Cplugin.video.YouTube_Vault%5Cfanart.jpg%26_options_sf&quot;,return)</favourite>
	<favourite name="Toonjet" thumb="C:\Users\Owner\AppData\Roaming\Kodi\addons\plugin.video.toonjet\icon.png">ActivateWindow(10025,&quot;plugin://plugin.video.toonjet/&amp;sf_options=&quot;,return)</favourite>
	<favourite name="More Kids" thumb="http://static.filmon.com/assets/groups/13/big_logo.png">ActivateWindow(10025,&quot;plugin://plugin.video.filmontv/?description&amp;group=KIDS&amp;iconimage=http%3a%2f%2fstatic.filmon.com%2fassets%2fgroups%2f13%2fbig_logo.png&amp;mode=3&amp;name=KIDS&amp;programme_id&amp;startdate_time&amp;url=13&amp;sf_options=&quot;,return)</favourite>
</favourites>