<favourites>
    <favourite name="Movies" thumb="http://icons.iconarchive.com/icons/marcus-roberto/google-play/512/Google-Play-Movies-icon.png">ActivateWindow(10025,&quot;plugin://plugin.video.water/?url=null&amp;mode=40&quot;)</favourite>
    <favourite name="TV Shows" thumb="https://lh5.ggpht.com/cr6L4oleXlecZQBbM1EfxtGggxpRK0Q1cQ8JBtLjJdeUrqDnXAeBHU30trRRnMUFfSo=w300">ActivateWindow(10025,&quot;plugin://plugin.video.water/?url=null&amp;mode=50&quot;)</favourite>
    <favourite name="Live TV" thumb="http://img2.turbomilk.com/portfolio/new/an-msdn-tv-logo.png">ActivateWindow(10025,&quot;plugin://plugin.video.water/?url=null&amp;mode=60&quot;)</favourite>
    <favourite name="News" thumb="https://moosocial.com/wp-content/uploads/2015/11/livenews-icon.png">ActivateWindow(10025,&quot;plugin://plugin.video.water/?url=null&amp;mode=62&quot;)</favourite>
    <favourite name="Sports" thumb="http://a3.mzstatic.com/us/r30/Purple/v4/7b/50/a5/7b50a561-fd3c-42a0-31d0-a1feedca4e15/mzl.xcpfqkxv.175x175-75.jpg">ActivateWindow(10025,&quot;plugin://plugin.video.water/?url=null&amp;mode=63&quot;)</favourite>
    <favourite name="Music" thumb="http://icons.iconarchive.com/icons/wwalczyszyn/iwindows/128/Music-Library-icon.png">ActivateWindow(10025,&quot;plugin://plugin.program.super.favourites/?mode=400&amp;folder=More/Music&amp;sf_options=&quot;,return)</favourite>
    <favourite name="YouTube" thumb="http://www.usacapitol.com/SiteAssets/stay-connected/youtube-logo.png">ActivateWindow(10025,&quot;plugin://plugin.video.youtube/&quot;)</favourite>
    <favourite name="MORE" thumb="http://icons.iconarchive.com/icons/cheezen/web-2/128/plus-icon.png">ActivateWindow(10025,&quot;plugin://plugin.program.super.favourites/?mode=400&amp;folder=More&amp;sf_options=&quot;)</favourite>
    <favourite name="Settings" thumb="http://icons.iconarchive.com/icons/walrick/openphone/256/Settings-icon.png">ActivateWindow(10025,&quot;plugin://plugin.program.super.favourites/?mode=400&amp;folder=More/Settings&amp;sf_options=&quot;,return)</favourite>
</favourites>