<favourites>
	<favourite name="Hype Machine" thumb="special://home/addons\plugin.audio.hypem_com\icon.png">ActivateWindow(10501,&quot;plugin://plugin.audio.hypem_com/&amp;sf_options=&quot;)</favourite>
	<favourite name="Hype Machine" thumb="DefaultMusicVideos.png">ActivateWindow(10501,&quot;plugin://plugin.video.spotitube/?limit&amp;mode=hypemMain&amp;type&amp;url&amp;sf_options=&quot;,return)</favourite>
	<favourite name="Music Box" thumb="http://findicons.com/files/icons/1004/aqua_value/256/music_box.png">ActivateWindow(10501,&quot;plugin://plugin.audio.musicbox/&amp;sf_options=&quot;)</favourite>
	<favourite name="Songza" thumb="http://googledrive.com/host/0B-bY5h-uWEgZQVJQZ0lzUTdBeFE/icons/apps/songza.png">ActivateWindow(10501,&quot;plugin://plugin.audio.songza/&amp;sf_options=&quot;)</favourite>
	<favourite name="[COLOR white]MUSIC VIDEOS[/COLOR]" thumb="http://i1295.photobucket.com/albums/b636/beatbox8501/MUSIC_zps1eeiyeer.png">ActivateWindow(10025,&quot;plugin://plugin.video.streamengine/?date&amp;description&amp;iconimage=http%3a%2f%2fi1295.photobucket.com%2falbums%2fb636%2fbeatbox8501%2fMUSIC_zps1eeiyeer.png&amp;mode=1&amp;name=%5bCOLOR%20white%5dMUSIC%20VIDEOS%5b%2fCOLOR%5d&amp;page&amp;play&amp;url=https%3a%2f%2fpastebin.com%2fraw.php%3fi%3dxxNGeW8i&amp;sf_options=fanart%3Dhttp%3A%2F%2Fi1295.photobucket.com%2Falbums%2Fb636%2Fbeatbox8501%2Fwallpaper_zpsopwvguho.jpg%26_options_sf&quot;,return)</favourite>
	<favourite name="The-Music-Source" thumb="special://home/addons\plugin.video.themusicsource\icon.png">ActivateWindow(10025,&quot;plugin://plugin.video.themusicsource?sf_options=fanart%3Dspecial%3A%2F%2Fhome%2Faddons%5Cplugin.video.themusicsource%5Cfanart.jpg%26_options_sf&quot;,return)</favourite>
	<favourite name="Spotify Playlists" thumb="https://pbs.twimg.com/profile_images/2943884405/b53e48cbd9a2cd1e84b62236ae070e74.png">ActivateWindow(10501,&quot;plugin://plugin.video.spotitube/?limit&amp;mode=spotifyMain&amp;type&amp;url&amp;sf_options=&quot;,return)</favourite>
	<favourite name="Google Music" thumb="http://icons.iconarchive.com/icons/alecive/flatwoken/512/Apps-Google-Music-icon.png">ActivateWindow(10501,&quot;plugin://plugin.audio.googlemusic.exp?sf_options=fanart%3Dspecial%3A%2F%2Fhome%2Faddons%5Cplugin.audio.googlemusic.exp%5Cfanart.jpg%26desc%3DPlugin+that+lets+you+play+music+from+Google+Music.%26_options_sf&quot;,return)</favourite>
	<favourite name="Charts" thumb="DefaultMusicVideos.png">ActivateWindow(10025,&quot;plugin://plugin.program.super.favourites/?label=Charts&amp;mode=400&amp;sf_options=&amp;mode=400&amp;path=special%3A%2F%2Fhome%2Faddons%2Fscript.supafav%2FSuper%20Favourites/more%5CMusic%5CCharts&amp;sf_options=fanart%3DNULL%26_options_sf&amp;sf_options=&quot;)</favourite>
	<favourite name="Radio" thumb="https://lh5.ggpht.com/T2CRrdn38OemfMd5TZWwjI21oPms5epKfjenrK6jvZ4gCFw7YeipKbMwo5XbK7HhWA">ActivateWindow(10025,&quot;plugin://plugin.audio.jango/?iconimage=C%3a%5ckodi%5cportable_data%5caddons%5cplugin.audio.jango%5cart%2ficon_browse_music.jpg&amp;id&amp;list=%3ctype%20%27list%27%3e&amp;mode=2&amp;name=Browse%20Music&amp;type&amp;url=http%3a%2f%2fwww.jango.com%2fbrowse_music&quot;,return)</favourite>
	<favourite name="MP3 Streams" thumb="http://googledrive.com/host/0B-bY5h-uWEgZQVJQZ0lzUTdBeFE/icons/apps/mp3streams.png">ActivateWindow(10501,&quot;plugin://plugin.audio.mp3streams/?sf_options=fanart%3Dspecial%3A%2F%2Fhome%2Faddons%5Cplugin.audio.mp3streams%5Cfanart.jpg%26_options_sf&quot;,return)</favourite>
</favourites>