<favourites>
	<favourite name="waterTV" thumb="http://i.imgur.com/taqI56i.png">ActivateWindow(10025,&quot;plugin://plugin.program.super.favourites/?label=WaterTV1&amp;mode=400&amp;folder=liveTV%2FTESTING%2FWaterTV1&amp;sf_options=fanart%3DC%3A%5Ckodi%5Caddons%5Cplugin.program.super.favourites%5Cfanart.jpg%26_options_sf&quot;,return)</favourite>
	<favourite name="FreeView" thumb="https://static-s.aa-cdn.net/img/ios/353765787/c64e0bf25cda40f52e362b04c5ce46f6?v=1">ActivateWindow(10025,&quot;plugin://plugin.video.israelive/?description&amp;displayname=Favourites&amp;iconimage=http%3a%2f%2fcdn3.tnwcdn.com%2ffiles%2f2010%2f07%2fbright_yellow_star.png&amp;mode=16&amp;name=%5bCOLOR%20green%5d%5bB%5d%5bFavourites%5d%5b%2fB%5d%5b%2fCOLOR%5d&amp;url=favorites&amp;sf_options=fanart%3Dhttp%3A%2F%2F3.bp.blogspot.com%2F-vVfHI8TbKA4%2FUBAbrrZay0I%2FAAAAAAAABRM%2FdPFgXAnF8Sg%2Fs1600%2Fretro-tv-icon.jpg%26_options_sf&quot;,return)</favourite>
	<favourite name="LiveMix" thumb="https://offshoregit.com/metalkettle/zips/plugin.video.livemix/icon.png">ActivateWindow(10025,&quot;plugin://plugin.video.wateriptv/?description&amp;mode=10&amp;name=%5bCOLOR%20white%5dLoad%20TV%20Categories%5b%2fCOLOR%5d&amp;url=0&quot;,return)</favourite>
	<favourite name="ShadowNet" thumb="http://www.shadow-net.me/product_images/logon.png">ActivateWindow(10025,&quot;plugin://plugin.video.SportsDevil/?item=title%3dUSA%2bChannels%26url%3dhttp%253A%252F%252Fwww.shadow-net.me%252Fcategories%252FUSA-Channels%252F%253Fsort%253Dalphaasc%26cfg%3dshadownet.ro.cfg%2540Channels%26definedIn%3dcustoms%252Fshadownet.ro.cfg%26director%3dShadowNet.ro%26genre%3dLive%2bTV%26type%3drss%26icon%3dhttp%253A%252F%252Fwww.shadow-net.me%252Fproduct_images%252Flogon.png%257CReferer%253Dhttp%253A%252F%252Fwww.shadow-net.me%252F%2526User-Agent%253DMozilla%252F5.0%2b%2528Windows%2bNT%2b6.3%2529%2bAppleWebKit%252F537.36%2b%2528KHTML%252C%2blike%2bGecko%2529%2bChrome%252F50.0.2661.102%2bSafari%252F537.36&amp;mode=1&quot;,return)</favourite>
	<favourite name="Streamlive.to" thumb="special://home/addons\plugin.video.castaway\resources/media/streamlive.png">ActivateWindow(10025,&quot;plugin://plugin.video.castaway/?mode=open_live_tv&amp;site=streamlive&quot;,return)</favourite>
	<favourite name="Mobdro" thumb="http://3.bp.blogspot.com/-G7Bwu7nRRho/VROtFCbAGaI/AAAAAAAAB_A/f6yRc0J5ojU/s1600/MOBDRO%2B-Premium%2B(1).png">StartAndroidActivity(&quot;com.mobdro.android&quot;)</favourite>
	<favourite name="TV Guide (BETA)" thumb="special://home/addons\script.waterguide\icon.png">RunScript(&quot;script.waterguide&quot;)</favourite>
</favourites>