<favourites>
	<favourite name="Big Bang Theory" thumb="">PlayMedia(&quot;http://veetle.com/index.php/hls/streamMbrFast/566daedcda31c_/stream.m3u8?sf_options=winID%3D10025%26_options_sf&quot;)</favourite>
	<favourite name="South Park" thumb="http://images.enstarz.com/data/images/full/69642/south-park.jpg">PlayMedia(&quot;http://veetle.com/index.php/hls/streamMbrFast/541c316fe8423_/stream.m3u8?sf_options=winID%3D10025%26_options_sf&quot;)</favourite>
	<favourite name="StarGate SG1" thumb="http://vignette4.wikia.nocookie.net/stargate/images/b/b9/Sg1-title.jpg/revision/latest?cb=20080425075918">PlayMedia(&quot;http://veetle.com/index.php/hls/streamMbrFast/53f4d3cfbfad1_/stream.m3u8?sf_options=winID%3D10025%26_options_sf&quot;)</favourite>
	<favourite name="StarTrek TNG" thumb="https://upload.wikimedia.org/wikipedia/en/b/bb/TNGopeninglogo.png">PlayMedia(&quot;http://veetle.com/index.php/hls/streamMbrFast/51e482fa02883_/stream.m3u8?sf_options=winID%3D10025%26_options_sf&quot;)</favourite>
	<favourite name="FBI" thumb="http://www.apa.org/Images/2004-07-criminal_tcm7-29425.jpg">PlayMedia(&quot;http://veetle.com/index.php/hls/streamMbrFast/50bd64fd087cb_/stream.m3u8?sf_options=winID%3D10025%26_options_sf&quot;)</favourite>
</favourites>