<favourites>
	<favourite name="ProSport" thumb="special://home/addons\plugin.video.prosport\icon.png">ActivateWindow(10025,&quot;plugin://plugin.video.prosport/&quot;,return)</favourite>
	<favourite name="B-Streams" thumb="special://home/addons\plugin.video.SportsDevil\resources\images\bundesligastream.png">ActivateWindow(10025,&quot;plugin://plugin.video.SportsDevil/?item=title%3dBundesliga-Streams.net%26url%3dlivesports%252Fbundesliga-streams.net.cfg%26definedIn%3dlivesports.cfg%26director%3dbundesliga-streams.net%26genre%3dLive%2bSports%26type%3drss%26icon%3dC%253A%255Ckodi%255Cportable_data%255Caddons%255Cplugin.video.SportsDevil%255Cresources%255Cimages%255Cbundesligastream.png&amp;mode=1&quot;,return)</favourite>
	<favourite name="BatmanStreams.eu" thumb="http://drakulastream.tv/img/header-logo.png">ActivateWindow(10025,&quot;plugin://plugin.video.SportsDevil/?item=title%3dLSHunter.tv%26url%3dlivesports%252Flshunter-new.cfg%26definedIn%3dlivesports.cfg%26director%3dLSHunter.tv%26genre%3dLive%2bSports%26type%3drss%26icon%3dC%253A%255Ckodi%255Cportable_data%255Caddons%255Cplugin.video.SportsDevil%255Cresources%255Cimages%255Clshunter_tv.png&amp;mode=1&quot;,return)</favourite>
	<favourite name="StreamHD.eu" thumb="special://home/addons\plugin.video.SportsDevil\resources\images\streamhd.png">ActivateWindow(10025,&quot;plugin://plugin.video.SportsDevil/?item=videoTitle%3d%252ASchedule%252A%26title%3d%252ASchedule%252A%26url%3dhttp%253A%252F%252Fstreamhd.eu%26cfg%3dstreamhd.eu.cfg%2540Schedule%26definedIn%3dtv%252Fstreamhd.eu.cfg%26director%3dstreamhd.eu%26genre%3dTV%26type%3donce%26icon%3dC%253A%255Ckodi%255Cportable_data%255Caddons%255Cplugin.video.SportsDevil%255Cresources%255Cimages%255Cstreamhd.png&amp;mode=1&quot;,return)</favourite>
	<favourite name="HDfree.tv" thumb="special://home/addons\plugin.video.SportsDevil\resources\images\hdfree.png">ActivateWindow(10025,&quot;plugin://plugin.video.SportsDevil/?item=title%3d%252ASchedule%252A%26url%3dhttp%253A%252F%252Fhdfree.tv%26cfg%3dhdfree.tv.cfg%2540Schedule%26definedIn%3dtv%252Fhdfree.tv.cfg%26director%3dHDFree.tv%26genre%3dTV%26type%3drss%26icon%3dC%253A%255Ckodi%255Cportable_data%255Caddons%255Cplugin.video.SportsDevil%255Cresources%255Cimages%255Chdfree.png&amp;mode=1&quot;,return)</favourite>
	<favourite name="CricFree.tv" thumb="http://cricfree.tv/images/cricfree.png">ActivateWindow(10025,&quot;plugin://plugin.video.SportsDevil/?item=title%3d%252ASchedule%252A%26url%3dhttp%253A%252F%252Fcricfree.sc%26cfg%3dcricfree.tv.cfg%2540Schedule%26definedIn%3dtv%252Fcricfree.tv.cfg%26director%3dcricfree.tv%26genre%3dTV%26type%3donce%26icon%3dhttp%253A%252F%252Fcricfree.tv%252Fimages%252Fcricfree.png&amp;mode=1&quot;,return)</favourite>
	<favourite name="" thumb="">ActivateWindow(10025,&quot;plugin://plugin.video.null&quot;)</favourite>
	<favourite name="Cricket" thumb="http://theclipartwizard.com/images/Cricket.png">ActivateWindow(10025,&quot;plugin://plugin.video.SportsDevil/?item=title%3dCricket%26url%3dtv%252Fcricket.cfg%26definedIn%3dtv.cfg%26director%3dCricket%26genre%3dTV%26type%3drss%26icon%3dhttp%253A%252F%252Ftheclipartwizard.com%252Fimages%252FCricket.png&amp;mode=1&amp;sf_options=fanart%3Dspecial%3A%2F%2Fhome%2Faddons%5Cplugin.video.SportsDevil%5Cfanart.jpg%26_options_sf&amp;sf_options=&quot;,)</favourite>
	<favourite name="Sport365.live" thumb="">ActivateWindow(10025,&quot;plugin://plugin.video.ZemTV-shani/?mode=56&amp;name=Sport365.live%20%5bGeoBlocked%5d&amp;url=sss&quot;,return)</favourite>
	<favourite name="StreamLive.to" thumb="special://home/addons\plugin.video.castaway\resources/media/streamlive.png">ActivateWindow(10025,&quot;plugin://plugin.video.castaway/?mode=open_tv_cat&amp;site=streamlive&amp;url=%23schedule&quot;,return)</favourite>
	<favourite name="[COLOR black]Live Events[/COLOR]" thumb="http://icons.iconarchive.com/icons/joker-design/3d-sports/128/sailing-ship-icon.png">ActivateWindow(10025,&quot;plugin://plugin.program.super.favourites/?label=Live Events&amp;mode=400&amp;folder=Sports%2FLive%20Events&amp;sf_options=fanart%3DC%3A%5Ckodi%5Caddons%5Cplugin.program.super.favourites%5Cfanart.jpg%26_options_sf&quot;)</favourite>
</favourites>