<favourites>
	<favourite name="[COLOR blue]Live[/COLOR] Games [COLOR black] - prosports[/COLOR]" thumb="http://a.espncdn.com/combiner/i?img=/i/teamlogos/leagues/500/nba.png?transparent=true">ActivateWindow(10025,&quot;plugin://plugin.video.prosport/?away&amp;home&amp;mode=nba&amp;url&amp;sf_options=&quot;,return)</favourite>
	 
	<favourite name="[COLOR blue]Live[/COLOR] Games [COLOR black] - streamhunter[/COLOR]" thumb="http://a.espncdn.com/combiner/i?img=/i/teamlogos/leagues/500/nba.png?transparent=true">ActivateWindow(10025,&quot;plugin://plugin.video.SportsDevil/?item=title%3dBasketball%26url%3dhttp%253A%252F%252Fwww.batmanstream.com%252Fbasketball-live-streaming-video-2016-2.html%26cfg%3dlshunter-new.cfg%2540Events%26definedIn%3dlivesports%252Flshunter-new.cfg%26director%3dLSHunter.tv%26genre%3dLive%2bSports%26type%3drss%26icon%3d&amp;mode=1&quot;,return)</favourite>
	<favourite name="[COLOR blue]Live[/COLOR] Games [COLOR black] - mamahd[/COLOR]" thumb="">ActivateWindow(10025,&quot;plugin://plugin.video.ufc-finest/?description&amp;fanart=&amp;mode=11&amp;name=NBA Live&amp;url=http%3a%2f%2fmamahd.com%2fnba-live-stream.html&quot;,return)</favourite>
	<--! favourite name="[COLOR blue]Live[/COLOR] Games [COLOR black] - streamhd.eu[/COLOR]" thumb="special://home/addons\plugin.video.SportsDevil\resources\images\streamhd.png">ActivateWindow(10025,&quot;plugin://plugin.video.SportsDevil/?item=videoTitle%3d%252ASchedule%252A%26title%3d%252ASchedule%252A%26url%3dhttp%3A%2F%2Fwww.streamhd.eu%2Fnba%2Findex.php%26cfg%3dstreamhd.eu.cfg%2540Schedule%26definedIn%3dtv%252Fstreamhd.eu.cfg%26director%3dstreamhd.eu%26genre%3dTV%26type%3donce%26icon%3d&amp;mode=1&quot;,return)</favourite>
	<favourite name="[COLOR blue]Live[/COLOR] Games [COLOR black] - [COLOR black]dimsports[/COLOR]" thumb="http://a.espncdn.com/combiner/i?img=/i/teamlogos/leagues/500/nba.png?transparent=true">ActivateWindow(10025,&quot;plugin://plugin.video.SportsDevil/?item=title%3dBasketball%26url%3dhttp%253A%252F%252Fwww.idimsports.eu%252Fbasketball.html%26cfg%3ddimsports.eu.links.cfg%26definedIn%3dlivesports%252Fdimsports.eu.cfg%26director%3ddimsports.eu%26genre%3dLive%2bSports%26type%3drss%26icon%3d&amp;mode=1&quot;,return)</favourite>
		<favourite name="[COLOR blue]Live[/COLOR] Games [COLOR black] - [COLOR black]livetv.ru[/COLOR]" thumb="//cdn.livetvcdn.net/img/sport/3.gif">ActivateWindow(10025,&quot;plugin://plugin.video.SportsDevil/?item=count.tmp%3d8%26title.tmp%3dBasketball%26ticon.tmp%3d%252F%252Fcdn.livetvcdn.net%252Fimg%252Fsport%252F3.gif%26url%3dhttp%253A%252F%252Flivetv123.net%252Fenx%252Fallupcomingsports%252F3%252F%26cfg%3dlivetv.ru.videos.cfg%2540CATEGORY%25403%26definedIn%3dlivesports%252Flivetv.ru.cfg%26director%3dLiveTV.ru%26id.tmp%3d3%26referer%3dhttp%253A%252F%252Flivetv123.net%252Fen%252Fallupcoming%26genre%3dLive%2bSports%26title%3dBasketball%2b%25288%2529%26icon.tmp%3dC%253A%255Ckodi%255Cportable_data%255Caddons%255Cplugin.video.SportsDevil%255Cresources%255Cimages%255Csports%252FBasketball.png%26type%3drss%26icon%3d%252F%252Fcdn.livetvcdn.net%252Fimg%252Fsport%252F3.gif&amp;mode=1&quot;,return)</favourite>
	
	<favourite name="" thumb="">ActivateWindow(10025,&quot;plugin://plugin.video.&quot;,return)</favourite>

	
	<favourite name="NBA Highlights" thumb="">ActivateWindow(10025,&quot;plugin://plugin.video.nbaondemand/?action=videos_added&quot;,return)</favourite>
	<favourite name="NBA Replay" thumb="http://projectd.offshorepastebin.com/images/pdsportnba.png">ActivateWindow(10025,&quot;plugin://plugin.video.phstreams/?action=directory&amp;content=0&amp;url=http%3a%2f%2fprojectd.offshorepastebin.com%2fpdsports%2fbasketball.xml&quot;,return)</favourite>

	
</favourites>