<favourites>
	<favourite name="Websites *" thumb="http://www.communityinformaticsprojects.org/prairienet2/images/Internet-Explorer-Icon.png">ActivateWindow(10025,&quot;plugin://plugin.program.super.favourites/?sf_options=&amp;mode=400&amp;path=special%3A%2F%2Fhome%2Faddons%2Fscript.supafav%2FSuper%20Favourites/Movies/Websites&amp;sf_options=&quot;,return)</favourite>
	<favourite name="1Channel" thumb="https://firestixz.files.wordpress.com/2015/07/1channel-icon.jpg">ActivateWindow(10025,&quot;plugin://plugin.video.1channel/&quot;,return)</favourite>
	<favourite name="Exodus" thumb="http://mirrors.fe.up.pt/superrepo/v7/addons/repository.exodus/icon.png">ActivateWindow(10025,&quot;plugin://plugin.video.exodus/&quot;,return)</favourite>
	<favourite name="ProjectFreeTV" thumb="http://ftp.acc.umu.se/mirror/addons.superrepo.org/v7/addons/plugin.video.projectfreetv/icon.png">ActivateWindow(10025,&quot;plugin://plugin.video.pftvso/&quot;,return)</favourite>
	<favourite name="Specto" thumb="https://raw.githubusercontent.com/mrknow/filmkodi/master/plugin.video.specto/icon.png">ActivateWindow(10025,&quot;plugin://plugin.video.specto/?sf_options=fanart%3Dspecial%3A%2F%2Fhome%2Faddons%5Cplugin.video.specto%5Cfanart.jpg%26desc%3DMrknow+fork+of+...%2C+support+https%3A%2F%2Fgithub.com%2Fmrknow%2Ffilmkodi%2Fissues.%26_options_sf&quot;,return)</favourite>
	<favourite name="SALTS" thumb="https://getatvbox.com/secretsauce/wp-content/uploads/2015/12/icon-1.png">ActivateWindow(10025,&quot;plugin://plugin.video.salts/&quot;,return)</favourite>
	<favourite name="Feature Films" thumb="http://media.reeoo.com/MovieQuest-icon.png!icon180">ActivateWindow(10025,&quot;plugin://plugin.video.phstreams/?action=directory&amp;url=http%3a%2f%2fphoenixtv.offshorepastebin.com%2freleases%2fmain.xml&quot;,return)</favourite>
</favourites>