<favourites>
	<favourite name="HD" thumb="http://oi43.tinypic.com/1z644mh.jpg">ActivateWindow(10025,&quot;plugin://plugin.video.phstreams/?action=ndmode&amp;audio=0&amp;content=0&amp;fanart=http%3a%2f%2fs6.postimg.org%2f4ph8mo5q9%2fBackdrop.png&amp;image=http%3a%2f%2fs6.postimg.org%2fvqvsd6h35%2f1080p.png&amp;name=%5bCOLOR%20orangered%5d1%5b%2fCOLOR%5d%5bCOLOR%20white%5d080P%5b%2fCOLOR%5d%20%5bCOLOR%20orangered%5dH%5b%2fCOLOR%5d%5bCOLOR%20white%5dD%5b%2fCOLOR%5d&amp;playable=false&amp;tvshow=0&amp;url=http%3a%2f%2fzenica.watchkodi.com%2fMovies%2f1080p%2520Movies.xml&amp;sf_options=fanart%3Dhttp%3A%2F%2Fs6.postimg.org%2F4ph8mo5q9%2FBackdrop.png%26desc%3DDiscover+Great+Streaming+Playlists%21%26_options_sf&quot;,return)</favourite>
	<favourite name="One242415" thumb="http://gibraltar.watchkodi.com/skullPhoenicIcon.png">ActivateWindow(10025,&quot;plugin://plugin.video.phstreams/?action=ndmode&amp;audio=0&amp;content=0&amp;fanart=C%3a%5ckodi%5cportable_data%5caddons%5cplugin.video.phstreams%5cfanart.jpg&amp;image=http%3a%2f%2fgibraltar.watchkodi.com%2fskullPhoenicIcon.png&amp;name=One242415&amp;playable=false&amp;tvshow=0&amp;url=http%3a%2f%2fgibraltar.watchkodi.com%2fmaindir%2fmain.xml&amp;sf_options=fanart%3Dspecial%3A%2F%2Fhome%2Faddons%5Cplugin.video.phstreams%5Cfanart.jpg%26desc%3DDiscover+Great+Streaming+Playlists%21%26_options_sf&quot;,return)</favourite>
	<favourite name="Classic Movies" thumb="http://metalkettle.co/UKTurk2/thumbs/UK TURK old movies.jpg">ActivateWindow(10025,&quot;plugin://plugin.video.ukturk/?description&amp;iconimage=http%3a%2f%2fmetalkettle.co%2fUKTurk2%2fthumbs%2fUK%20TURK%20old%20movies.jpg&amp;mode=1&amp;name=Classic%20Movies&amp;url=http%3a%2f%2fmetalkettle.co%2fUKTurk2%2fmovies%2fIndex.txt&amp;sf_options=fanart%3Dspecial%3A%2F%2Fhome%2Faddons%5Cplugin.video.ukturk%5Cfanart.jpg%26_options_sf&quot;,return)</favourite>
	<favourite name="MorePower" thumb="special://home/addons\plugin.video.morepower\icon.png">ActivateWindow(10025,&quot;plugin://plugin.video.morepower?sf_options=fanart%3Dspecial%3A%2F%2Fhome%2Faddons%5Cplugin.video.morepower%5Cfanart.jpg%26desc%3DA+Standalone+Add-on+For+The+Excellent+Play-list+From+MorePower.++Thank+you+very+much+for+stopping+by.+You+will+find+i+have+a+very+wide+selection+of+movies.+I+strive+to+have+only+the+BEST+quality.%26_options_sf&quot;,return)</favourite>
	<favourite name="Rockcrusher" thumb="http://york.watchkodi.com/myicon.jpg">ActivateWindow(10025,&quot;plugin://plugin.video.phstreams/?action=ndmode&amp;audio=0&amp;content=0&amp;fanart=C%3a%5ckodi%5cportable_data%5caddons%5cplugin.video.phstreams%5cfanart.jpg&amp;image=http%3a%2f%2fyork.watchkodi.com%2fmyicon.jpg&amp;name=Rockcrusher&amp;playable=false&amp;tvshow=0&amp;url=http%3a%2f%2fyork.watchkodi.com%2fMainDir%2fmain.xml&amp;sf_options=fanart%3Dspecial%3A%2F%2Fhome%2Faddons%5Cplugin.video.phstreams%5Cfanart.jpg%26desc%3DDiscover+Great+Streaming+Playlists%21%26_options_sf&quot;,return)</favourite>
	<favourite name="Staael2014" thumb="http://s29.postimg.org/ta0bxj12f/staael1.png">ActivateWindow(10025,&quot;plugin://plugin.video.phstreams/?action=ndmode&amp;audio=0&amp;content=0&amp;fanart=C%3a%5ckodi%5cportable_data%5caddons%5cplugin.video.phstreams%5cfanart.jpg&amp;image=http%3a%2f%2fs29.postimg.org%2fta0bxj12f%2fstaael1.png&amp;name=Staael2014&amp;playable=false&amp;tvshow=0&amp;url=http%3a%2f%2ftuzla.watchkodi.com%2fmaindir%2fmain.xml&amp;sf_options=fanart%3Dspecial%3A%2F%2Fhome%2Faddons%5Cplugin.video.phstreams%5Cfanart.jpg%26desc%3DDiscover+Great+Streaming+Playlists%21%26_options_sf&quot;,return)</favourite>
	<favourite name="Her Place" thumb="http://honolulu.watchkodi.com/myicon.jpg">ActivateWindow(10025,&quot;plugin://plugin.video.phstreams/?action=ndmode&amp;audio=0&amp;content=0&amp;fanart=C%3a%5ckodi%5cportable_data%5caddons%5cplugin.video.phstreams%5cfanart.jpg&amp;image=http%3a%2f%2fhonolulu.watchkodi.com%2fmyicon.jpg&amp;name=Her%20Place&amp;playable=false&amp;tvshow=0&amp;url=http%3a%2f%2fhonolulu.watchkodi.com%2fmaindir%2fmain.xml&amp;sf_options=fanart%3Dspecial%3A%2F%2Fhome%2Faddons%5Cplugin.video.phstreams%5Cfanart.jpg%26desc%3DDiscover+Great+Streaming+Playlists%21%26_options_sf&quot;,return)</favourite>
</favourites>