<favourites>
	<favourite name="Movies" thumb="http://icons.iconarchive.com/icons/marcus-roberto/google-play/512/Google-Play-Movies-icon.png">ActivateWindow(10025,&quot;plugin://plugin.program.super.favourites/?folder=Movies&quot;)</favourite>
	<favourite name="TV Shows" thumb="http://googledrive.com/host/0B-bY5h-uWEgZQVJQZ0lzUTdBeFE/icons/tv3.png">ActivateWindow(10025,&quot;plugin://plugin.program.super.favourites/?folder=TV Shows&quot;)</favourite>
	<favourite name="Live TV" thumb="https://googledrive.com/host/0B-bY5h-uWEgZQVJQZ0lzUTdBeFE/icons/test/tvlive.png">ActivateWindow(10025,&quot;plugin://plugin.program.super.favourites/?folder=LiveTV&quot;)</favourite>
	<favourite name="News" thumb="https://moosocial.com/wp-content/uploads/2015/11/livenews-icon.png">ActivateWindow(10025,&quot;plugin://plugin.program.super.favourites/?folder=News&quot;)</favourite>
	<favourite name="Sports" thumb="http://googledrive.com/host/0B-bY5h-uWEgZQVJQZ0lzUTdBeFE/icons/sports/sports1.png">ActivateWindow(10025,&quot;plugin://plugin.program.super.favourites/?folder=Sports&quot;)</favourite>
	<favourite name="YouTube" thumb="http://www.usacapitol.com/SiteAssets/stay-connected/youtube-logo.png">ActivateWindow(10025,&quot;plugin://plugin.video.youtube/&quot;)</favourite>
	<favourite name="MORE" thumb="http://googledrive.com/host/0B-bY5h-uWEgZQVJQZ0lzUTdBeFE/icons/more.png">ActivateWindow(10025,&quot;plugin://plugin.program.super.favourites/?folder=More&quot;)</favourite>
	<favourite name="Settings" thumb="http://googledrive.com/host/0B-bY5h-uWEgZQVJQZ0lzUTdBeFE/icons/settings.png">ActivateWindow(10025,&quot;plugin://plugin.program.super.favourites/?folder=More/Settings&quot;,return)</favourite>
	
	
	<favourite name="Movies OnDemand" thumb="http://www.userlogos.org/files/logos/Hiromacu/MoviesOnDemand.png">ActivateWindow(10025,&quot;plugin://plugin.video.ccloudtv/?iconimage=C%3a%5ckodi%5cportable_data%5caddons%5cplugin.video.ccloudtv%5cresources%2ficons%2f%2fondemandmovies.png&amp;mode=59&amp;name=%5bCOLOR%20royalblue%5d%5bB%5dOn%20Demand%20Movies%5b%2fB%5d%5b%2fCOLOR%5d&amp;url=ondemandmovies&amp;sf_options=fanart%3Dspecial%3A%2F%2Fhome%2Faddons%5Cplugin.video.ccloudtv%5Cfanart.jpg%26_options_sf&quot;,return)</favourite>
	<favourite name="SKY Movies" thumb="http://a4.mzstatic.com/eu/r30/Purple69/v4/0c/5e/ce/0c5ecedd-0610-c751-9a04-2d44be098c45/icon175x175.jpeg">ActivateWindow(10025,&quot;plugin://plugin.video.origin2/?action=channels&quot;,return)</favourite>
	<favourite name="TBS Movies" thumb="http://googledrive.com/host/0B-bY5h-uWEgZQVJQZ0lzUTdBeFE/icons/networks/ustvod/tbs.png">ActivateWindow(10025,&quot;plugin://plugin.video.ustvvod/?mode=%22tbs%22&amp;name=%22--TBS%20Movies%22&amp;sitemode=%22episodes%22&amp;url=%22Movie%23http%3a%2f%2fwww.tbs.com%2fmobile%2fipad%2ffeeds%2fmovies.jsp%22&quot;,return)</favourite>
	<favourite name="TNT Movies" thumb="http://googledrive.com/host/0B-bY5h-uWEgZQVJQZ0lzUTdBeFE/icons/networks/ustvod/tnt.png">ActivateWindow(10025,&quot;plugin://plugin.video.ustvvod/?fanart=%22C%3a%5ckodi2%5cportable_data%5caddons%5cplugin.video.ustvvod%5cfanart.jpg%22&amp;mode=%22tnt%22&amp;name=%22--TNT%20Movies%22&amp;sitemode=%22episodes%22&amp;thumb=%22C%3a%5cUsers%5cUser%5cAppData%5cRoaming%5cKodi%5caddons%5cplugin.video.ustvvod%5cresources%5cimages%5ctnt.png%22&amp;url=%22Movie%23http%3a%2f%2fwww.tntdrama.com%2fmobile%2fipad%2ffeeds%2fmovies.jsp%22&amp;sf_options=fanart%3DC%3A%5Ckodi2%5Cportable_data%5Caddons%5Cplugin.video.ustvvod%5Cfanart.jpg%26desc%3DStation%3A+TNT%0A%0A%26_options_sf&quot;,return)</favourite>
	<favourite name="Feature Films" thumb="http://googledrive.com/host/0B-bY5h-uWEgZQVJQZ0lzUTdBeFE/icons/theaters5.png">ActivateWindow(10025,&quot;plugin://plugin.video.origin2/?action=movies&amp;url=featured&quot;,return)</favourite>
	<favourite name="X-Mas Movies" thumb="http://cdn0.iconfinder.com//design/images/blog/2/31.png">ActivateWindow(10025,&quot;plugin://plugin.video.phstreams/?action=ndmode&amp;audio=0&amp;content=0&amp;fanart=http%3a%2f%2fimg05.deviantart.net%2f6db8%2fi%2f2013%2f337%2fb%2ff%2fuprising_of_the_mockingjay_by_sikundoto-d6wm4rz.jpg&amp;image=http%3a%2f%2fs2.postimg.org%2ftaos3lyw9%2fChristmas_List.jpg&amp;name=%5bCOLOR%20yellow%5dNEW%3a%20The%20Christmas%20Collection%5b%2fCOLOR%5d&amp;playable=false&amp;tvshow=0&amp;url=http%3a%2f%2fgibraltar.watchkodi.com%2fCollections%2fxmas.xml&quot;,return)</favourite>
	<favourite name="Browse Movies" thumb="http://thumbs.dreamstime.com/t/film-genre-squared-app-icon-set-flat-style-vector-illustrations-long-shadows-49654570.jpg">ActivateWindow(10025,&quot;plugin://plugin.program.super.favourites/?folder=Movies/Browse&quot;,return)</favourite>
	<favourite name="BoxSets" thumb="http://media.christianproductsdirect.com.au/media/catalog/product/cache/1/image/310x/9df78eab33525d08d6e5fb8d27136e95/c/a/cache_92_167_3_fle-12-fle-collection.png">ActivateWindow(10025,&quot;plugin://plugin.video.phstreams/?action=ndmode&amp;audio=0&amp;content=0&amp;fanart=http%3a%2f%2fs6.postimg.org%2f4ph8mo5q9%2fBackdrop.png&amp;image=http%3a%2f%2fs6.postimg.org%2fvls13i9s1%2fBoxsets.png&amp;name=%5bCOLOR%20orangered%5dB%5b%2fCOLOR%5d%5bCOLOR%20white%5dOXSETS%5b%2fCOLOR%5d&amp;playable=false&amp;tvshow=0&amp;url=http%3a%2f%2fzenica.watchkodi.com%2fDirectories%2fMovies%2520Directories%2fBoxsets%2520Directory.xml&amp;sf_options=fanart%3Dhttp%3A%2F%2Fs6.postimg.org%2F4ph8mo5q9%2FBackdrop.png%26desc%3DDiscover+Great+Streaming+Playlists%21%26_options_sf&quot;,return)</favourite>
	<favourite name="Addons" thumb="http://forestlife.co.uk/wp-content/uploads/2015/11/071816-green-jelly-icon-alphanumeric-plus-sign-simple-300x300.png">ActivateWindow(10025,&quot;plugin://plugin.program.super.favourites/?label=Addons&amp;mode=400&amp;path=special%3A%2F%2Fhome%2Faddons%2Fscript.supafav%2FSuper%20Favourites%5CMovies%5CAddons&amp;sf_options=fanart%3Dhttp%3A%2F%2Fs6.postimg.org%2F4ph8mo5q9%2FBackdrop.png%26_options_sf&quot;,return)</favourite>
	<favourite name="Search" thumb="http://googledrive.com/host/0B-bY5h-uWEgZQVJQZ0lzUTdBeFE/icons/search-movies.png">ActivateWindow(10025,&quot;plugin://plugin.video.origin2/?action=movieSearch&quot;,return)</favourite>
	<favourite name="TV OnDemand" thumb="http://googledrive.com/host/0B-bY5h-uWEgZQVJQZ0lzUTdBeFE/icons/apps/ondemand.jpg">ActivateWindow(10025,&quot;plugin://plugin.program.super.favourites/?folder=TV Shows/TV OnDemand&quot;,return)</favourite>
	<favourite name="Recently Added" thumb="http://icon-park.com/imagefiles/new_circle_icon_dark_green.png">ActivateWindow(10025,&quot;plugin://plugin.program.super.favourites/?folder=more/_scratch/tv/sort/new&quot;,return)</favourite>
	<favourite name="By Network" thumb="http://www.clipartlord.com/wp-content/uploads/2013/05/satellite-dish1.png">ActivateWindow(10025,&quot;plugin://plugin.program.super.favourites/?folder=more/_scratch/tv/sort/ondemand&quot;,return)</favourite>
	<favourite name="Calendar" thumb="http://icons.iconarchive.com/icons/oxygen-icons.org/oxygen/256/Actions-go-jump-today-icon.png">ActivateWindow(10025,&quot;plugin://plugin.program.super.favourites/?folder=more/_scratch/tv/Calendar&quot;,return)</favourite>
	<favourite name="DVR" thumb="http://a256.phobos.apple.com/us/r1000/117/Purple/v4/d8/9c/bf/d89cbf5c-ddd2-9ed6-823d-eac626bca32b/mzl.niiptuxr.png">ActivateWindow(10025,&quot;plugin://plugin.video.salts/?mode=my_calendar&amp;sf_options=fanart%3Dspecial%3A%2F%2Fhome%2Faddons%5Cplugin.video.salts%5Cart%5Cthemes%5CIconic%5Cfanart.jpg%26_options_sf&quot;,return)</favourite>
	<favourite name="Popular" thumb="https://www.globalstudentnetwork.com/billing/images/most-popular.png">ActivateWindow(10025,&quot;plugin://plugin.program.super.favourites/?folder=more/_scratch/tv/Popular&quot;,return)</favourite>
	<favourite name="By Genre" thumb="http://googledrive.com/host/0B-bY5h-uWEgZQVJQZ0lzUTdBeFE/icons/genres.png">ActivateWindow(10025,&quot;plugin://plugin.video.origin2/?action=tvGenres&quot;,return)</favourite>
	<favourite name="By Year" thumb="http://googledrive.com/host/0B-bY5h-uWEgZQVJQZ0lzUTdBeFE/icons/year.png">ActivateWindow(10025,&quot;plugin://plugin.video.origin2/?action=tvYears&amp;sf_options=fanart%3Dspecial%3A%2F%2Fhome%2Faddons%5Cplugin.video.origin2%5Cresources%5Cmedia%5Cgone%5Cfanart.jpg%26_options_sf&quot;,return)</favourite>
	<favourite name="All Shows" thumb="http://findicons.com/files/icons/977/rrze/720/all_per_page.png">ActivateWindow(10025,&quot;plugin://plugin.video.pftvso/?foldername=shows&amp;mode=all_tv&amp;sf_options=fanart%3Dspecial%3A%2F%2Fhome%2Faddons%5Cplugin.video.pftvso%2Fart%2Fthemes%2FBlue%2Ffanart.jpg%26_options_sf&quot;,return)</favourite>
	<favourite name="[COLOR dodgerblue]Search[/COLOR]" thumb="http://googledrive.com/host/0B-bY5h-uWEgZQVJQZ0lzUTdBeFE/icons/searchtv.png">ActivateWindow(10025,&quot;plugin://plugin.video.origin2/?action=tvSearch&quot;,return)</favourite>
	<favourite name="Movies OnDemand" thumb="http://www.userlogos.org/files/logos/Hiromacu/MoviesOnDemand.png">ActivateWindow(10025,&quot;plugin://plugin.video.ccloudtv/?iconimage=C%3a%5ckodi%5cportable_data%5caddons%5cplugin.video.ccloudtv%5cresources%2ficons%2f%2fondemandmovies.png&amp;mode=59&amp;name=%5bCOLOR%20royalblue%5d%5bB%5dOn%20Demand%20Movies%5b%2fB%5d%5b%2fCOLOR%5d&amp;url=ondemandmovies&amp;sf_options=fanart%3Dspecial%3A%2F%2Fhome%2Faddons%5Cplugin.video.ccloudtv%5Cfanart.jpg%26_options_sf&quot;,return)</favourite>
	<favourite name="SKY Movies" thumb="http://a4.mzstatic.com/eu/r30/Purple69/v4/0c/5e/ce/0c5ecedd-0610-c751-9a04-2d44be098c45/icon175x175.jpeg">ActivateWindow(10025,&quot;plugin://plugin.video.origin2/?action=channels&quot;,return)</favourite>
	<favourite name="TBS Movies" thumb="http://googledrive.com/host/0B-bY5h-uWEgZQVJQZ0lzUTdBeFE/icons/networks/ustvod/tbs.png">ActivateWindow(10025,&quot;plugin://plugin.video.ustvvod/?mode=%22tbs%22&amp;name=%22--TBS%20Movies%22&amp;sitemode=%22episodes%22&amp;url=%22Movie%23http%3a%2f%2fwww.tbs.com%2fmobile%2fipad%2ffeeds%2fmovies.jsp%22&quot;,return)</favourite>
	<favourite name="TNT Movies" thumb="http://googledrive.com/host/0B-bY5h-uWEgZQVJQZ0lzUTdBeFE/icons/networks/ustvod/tnt.png">ActivateWindow(10025,&quot;plugin://plugin.video.ustvvod/?fanart=%22C%3a%5ckodi2%5cportable_data%5caddons%5cplugin.video.ustvvod%5cfanart.jpg%22&amp;mode=%22tnt%22&amp;name=%22--TNT%20Movies%22&amp;sitemode=%22episodes%22&amp;thumb=%22C%3a%5cUsers%5cUser%5cAppData%5cRoaming%5cKodi%5caddons%5cplugin.video.ustvvod%5cresources%5cimages%5ctnt.png%22&amp;url=%22Movie%23http%3a%2f%2fwww.tntdrama.com%2fmobile%2fipad%2ffeeds%2fmovies.jsp%22&amp;sf_options=fanart%3DC%3A%5Ckodi2%5Cportable_data%5Caddons%5Cplugin.video.ustvvod%5Cfanart.jpg%26desc%3DStation%3A+TNT%0A%0A%26_options_sf&quot;,return)</favourite>
	<favourite name="Feature Films" thumb="http://googledrive.com/host/0B-bY5h-uWEgZQVJQZ0lzUTdBeFE/icons/theaters5.png">ActivateWindow(10025,&quot;plugin://plugin.video.origin2/?action=movies&amp;url=featured&quot;,return)</favourite>
	<favourite name="X-Mas Movies" thumb="http://cdn0.iconfinder.com//design/images/blog/2/31.png">ActivateWindow(10025,&quot;plugin://plugin.video.phstreams/?action=ndmode&amp;audio=0&amp;content=0&amp;fanart=http%3a%2f%2fimg05.deviantart.net%2f6db8%2fi%2f2013%2f337%2fb%2ff%2fuprising_of_the_mockingjay_by_sikundoto-d6wm4rz.jpg&amp;image=http%3a%2f%2fs2.postimg.org%2ftaos3lyw9%2fChristmas_List.jpg&amp;name=%5bCOLOR%20yellow%5dNEW%3a%20The%20Christmas%20Collection%5b%2fCOLOR%5d&amp;playable=false&amp;tvshow=0&amp;url=http%3a%2f%2fgibraltar.watchkodi.com%2fCollections%2fxmas.xml&quot;,return)</favourite>
	<favourite name="Browse Movies" thumb="http://thumbs.dreamstime.com/t/film-genre-squared-app-icon-set-flat-style-vector-illustrations-long-shadows-49654570.jpg">ActivateWindow(10025,&quot;plugin://plugin.program.super.favourites/?folder=Movies/Browse&quot;,return)</favourite>
	<favourite name="BoxSets" thumb="http://media.christianproductsdirect.com.au/media/catalog/product/cache/1/image/310x/9df78eab33525d08d6e5fb8d27136e95/c/a/cache_92_167_3_fle-12-fle-collection.png">ActivateWindow(10025,&quot;plugin://plugin.video.phstreams/?action=ndmode&amp;audio=0&amp;content=0&amp;fanart=http%3a%2f%2fs6.postimg.org%2f4ph8mo5q9%2fBackdrop.png&amp;image=http%3a%2f%2fs6.postimg.org%2fvls13i9s1%2fBoxsets.png&amp;name=%5bCOLOR%20orangered%5dB%5b%2fCOLOR%5d%5bCOLOR%20white%5dOXSETS%5b%2fCOLOR%5d&amp;playable=false&amp;tvshow=0&amp;url=http%3a%2f%2fzenica.watchkodi.com%2fDirectories%2fMovies%2520Directories%2fBoxsets%2520Directory.xml&amp;sf_options=fanart%3Dhttp%3A%2F%2Fs6.postimg.org%2F4ph8mo5q9%2FBackdrop.png%26desc%3DDiscover+Great+Streaming+Playlists%21%26_options_sf&quot;,return)</favourite>
	<favourite name="Addons" thumb="http://forestlife.co.uk/wp-content/uploads/2015/11/071816-green-jelly-icon-alphanumeric-plus-sign-simple-300x300.png">ActivateWindow(10025,&quot;plugin://plugin.program.super.favourites/?label=Addons&amp;mode=400&amp;path=special%3A%2F%2Fhome%2Faddons%2Fscript.supafav%2FSuper%20Favourites%5CMovies%5CAddons&amp;sf_options=fanart%3Dhttp%3A%2F%2Fs6.postimg.org%2F4ph8mo5q9%2FBackdrop.png%26_options_sf&quot;,return)</favourite>
	<favourite name="Search" thumb="http://googledrive.com/host/0B-bY5h-uWEgZQVJQZ0lzUTdBeFE/icons/search-movies.png">ActivateWindow(10025,&quot;plugin://plugin.video.origin2/?action=movieSearch&quot;,return)</favourite>
		<favourite name="Current Movies" thumb="http://s5.postimg.org/7myi619vr/Current_Movies.jpg">ActivateWindow(10025,&quot;plugin://plugin.video.phstreams/?action=ndmode&amp;audio=0&amp;content=0&amp;fanart=http%3a%2f%2fs5.postimg.org%2fn5fv921c7%2fFan_art.png&amp;image=http%3a%2f%2fs5.postimg.org%2f7myi619vr%2fCurrent_Movies.jpg&amp;name=%5bCOLOR%20yellow%5dCurrent%20Movies%5b%2fCOLOR%5d&amp;playable=false&amp;tvshow=0&amp;url=http%3a%2f%2fyork.watchkodi.com%2fPlaylists%2fCurrent%2520Movies.xml&amp;sf_options=fanart%3Dhttp%3A%2F%2Fs5.postimg.org%2Fn5fv921c7%2FFan_art.png%26desc%3DDiscover+Great+Streaming+Playlists%21%26_options_sf&quot;,return)</favourite>
	<favourite name="New Releases" thumb="http://s3.postimg.org/58uxtll6r/New_Releases.jpg">ActivateWindow(10025,&quot;plugin://plugin.video.phstreams/?action=ndmode&amp;audio=0&amp;content=0&amp;fanart=http%3a%2f%2fimg05.deviantart.net%2f6db8%2fi%2f2013%2f337%2fb%2ff%2fuprising_of_the_mockingjay_by_sikundoto-d6wm4rz.jpg&amp;image=http%3a%2f%2fs3.postimg.org%2f58uxtll6r%2fNew_Releases.jpg&amp;name=New%20Releases&amp;playable=false&amp;tvshow=0&amp;url=http%3a%2f%2fgibraltar.watchkodi.com%2fMovies%2fLatestRelease.xml&amp;sf_options=fanart%3Dhttp%3A%2F%2Fimg05.deviantart.net%2F6db8%2Fi%2F2013%2F337%2Fb%2Ff%2Fuprising_of_the_mockingjay_by_sikundoto-d6wm4rz.jpg%26desc%3DDiscover+Great+Streaming+Playlists%21%26_options_sf&quot;,return)</favourite>
	<favourite name="New in HD" thumb="http://powerschool.mmhsbulldogs.org/pincludes/new%20(2).png">ActivateWindow(10025,&quot;plugin://plugin.video.phstreams/?action=ndmode&amp;audio=0&amp;content=0&amp;fanart=http%3a%2f%2fi.imgur.com%2fW7qRvEq.png&amp;image=http%3a%2f%2fi.imgur.com%2ftgiZgd3.png&amp;name=2015%20HD%20movies&amp;playable=false&amp;tvshow=0&amp;url=http%3a%2f%2ftuzla.watchkodi.com%2f2015%2520HD.xml&amp;sf_options=fanart%3Dhttp%3A%2F%2Fi.imgur.com%2FW7qRvEq.png%26desc%3DDiscover+Great+Streaming+Playlists%21%26_options_sf&quot;,return)</favourite>
	<favourite name="[COLOR blue]XMovies8[/COLOR]" thumb="special://home/addons\plugin.video.xmovies8\icon.png">ActivateWindow(10025,&quot;plugin://plugin.video.xmovies8/?description&amp;iconimage=C%3a%5ckodi%5cportable_data%5caddons%5cplugin.video.xmovies8%5cicon.png&amp;mode=1&amp;name=New%20Movies&amp;url=http%3a%2f%2fxmovies8.tv%2fnew%2fpage%2f1&amp;sf_options=fanart%3Dspecial%3A%2F%2Fhome%2Faddons%5Cplugin.video.xmovies8%5Cfanart.jpg%26_options_sf&quot;,return)</favourite>
	<favourite name="[COLOR blue]Movie Night[/COLOR]" thumb="special://home/addons\plugin.video.movienight\icon.png">ActivateWindow(10025,&quot;plugin://plugin.video.movienight/?description&amp;mode=1&amp;name=New%20Releases&amp;url=http%3a%2f%2fmovienight.ws%2f&amp;sf_options=fanart%3Dspecial%3A%2F%2Fhome%2Faddons%5Cplugin.video.movienight%5Cfanart.jpg%26_options_sf&quot;,return)</favourite>
	<favourite name="[COLOR blue]FilmDictator[/COLOR]" thumb="special://home/addons\plugin.video.filmdictator\icon.png">ActivateWindow(10025,&quot;plugin://plugin.video.filmdictator/?description&amp;mode=1&amp;name=Recently%20Added&amp;url=http%3a%2f%2ffilmdictator.com%2f%3ffiltre%3ddate%26cat%3d0&amp;sf_options=fanart%3Dspecial%3A%2F%2Fhome%2Faddons%5Cplugin.video.filmdictator%5Cfanart.jpg%26_options_sf&quot;,return)</favourite>
	<favourite name="[COLOR blue]HuluBox[/COLOR]" thumb="special://home/addons\plugin.video.hulubox\icon.png">ActivateWindow(10025,&quot;plugin://plugin.video.hulubox/?description&amp;iconimage=C%3a%5ckodi%5cportable_data%5caddons%5cplugin.video.hulubox%5cicon.png&amp;mode=1&amp;name=Recently%20Added&amp;url=http%3a%2f%2fwww.hulubox.com%2fcategory%2fall%2f&amp;sf_options=fanart%3Dspecial%3A%2F%2Fhome%2Faddons%5Cplugin.video.hulubox%5Cfanart.jpg%26_options_sf&quot;,return)</favourite>
</favourites>