<favourites>
	<favourite name="[COLOR chartreuse]FOX Sports 1 HD[/COLOR]" thumb="http://2.bp.blogspot.com/-eGdimZ-T92c/UhObgpLOcnI/AAAAAAAAPgY/_gyeOCi0Wvg/s400/fox.jpeg">PlayMedia(&quot;http://ooyalahd2-f.akamaihd.net/i/eslax17_delivery@349499/master.m3u8?sf_options=winID%3D10025%26mode%3DNone%26_options_sf&quot;)</favourite>
	<favourite name="[COLOR orange](17:00)[/COLOR] ( Mixed martial arts (UFC 196) ) [B]Preliminares[/B]" thumb="special://home/addons\plugin.video.castaway\resources/media/roja.jpg">ActivateWindow(10025,&quot;plugin://plugin.video.castaway/?img=C%3a%5ckodi%5cportable_data%5caddons%5cplugin.video.castaway%5cresources%2fmedia%2froja.jpg&amp;mode=get_sport_event&amp;site=rojadirecta&amp;title=%5bCOLOR%20orange%5d(17%3a00)%5b%2fCOLOR%5d%20(%20Mixed%20martial%20arts%20(UFC%20196)%20)%20%5bB%5dPreliminares%5b%2fB%5d&amp;url=107&quot;,return)</favourite>
	<favourite name="[N/A][COLOR blue]Boxing : 17:00 :  [[COLOR orange][English][/COLOR]]:UFC: Marcelo Guimaraes - Vitor Miranda[/COLOR]" thumb="">PlayMedia(&quot;plugin://plugin.video.ZemTV-shani/?url=&amp;mode=0&amp;name=%5BN%2FA%5D%5BCOLOR+blue%5DBoxing+%3A+17%3A00+%3A++%5B%5BCOLOR+orange%5D%5BEnglish%5D%5B%2FCOLOR%5D%5D%3AUFC%3A+Marcelo+Guimaraes+-+Vitor+Miranda%5B%2FCOLOR%5D&amp;sf_options=winID%3D10025%26_options_sf&quot;)</favourite>
	<favourite name="[COLOR orange](19:00)[/COLOR] (Ufc2) [B]UFC 196: McGregor vs Diaz[/B]" thumb="special://home/addons\plugin.video.castaway\resources/media/atdhe.jpg">PlayMedia(&quot;plugin://plugin.video.castaway/?url=http%3A%2F%2Fgoatd.net%2F140570%2Fwatch-ufc-196-mcgregor-vs-diaz&amp;play=True&amp;mode=play&amp;img=C%3A%5Ckodi%5Cportable_data%5Caddons%5Cplugin.video.castaway%5Cresources%2Fmedia%2Fatdhe.jpg&amp;title=%5BCOLOR+orange%5D%2819%3A00%29%5B%2FCOLOR%5D+%28Ufc2%29+%5BB%5DUFC+196%3A+McGregor+vs+Diaz%5B%2FB%5D&amp;sf_options=winID%3D10025%26_options_sf&quot;)</favourite>
	<favourite name="[COLOR orange](19:00)[/COLOR] (Ufc2) [B]UFC 196: McGregor vs Diaz[/B]" thumb="special://home/addons\plugin.video.castaway\resources/media/atdhe.jpg">PlayMedia(&quot;plugin://plugin.video.castaway/?url=http%3A%2F%2Fgoatd.net%2F140571%2Fwatch-ufc-196-mcgregor-vs-diaz&amp;play=True&amp;mode=play&amp;img=C%3A%5Ckodi%5Cportable_data%5Caddons%5Cplugin.video.castaway%5Cresources%2Fmedia%2Fatdhe.jpg&amp;title=%5BCOLOR+orange%5D%2819%3A00%29%5B%2FCOLOR%5D+%28Ufc2%29+%5BB%5DUFC+196%3A+McGregor+vs+Diaz%5B%2FB%5D&amp;sf_options=winID%3D10025%26_options_sf&quot;)</favourite>
	<favourite name="(17:00) UFC 196 Televised Prelims - vipleague" thumb="special://home/addons\plugin.video.SportsDevil\resources\images\sports/Boxing.png">ActivateWindow(10025,&quot;plugin://plugin.video.SportsDevil/?item=videoTitle%3d%252817%253A00%2529%2bUFC%2b196%2bTelevised%2bPrelims%26this.tmp%3d%253Ch1%2bclass%253D%2522leagues%2522%2balign%253D%2522left%2522%2bleague%253D%2522UFC%2522%253E%2b%253Ca%2bhref%253D%2522http%253A%252F%252Fwww.vipleague.se%252Fboxing%252F370689%252F1%252Fufc-196-televised-prelims-live-stream-online.html%2522%2bclass%253D%2522biggame%2522%2btitle%253D%2522Live%2bUFC%2b196%2bTelevised%2bPrelims%2bStream%2bOnline%2522%253E%253Cspan%2bclass%253D%2522gicon%2bsprite-icons%2bufc%2522%253E%25C2%25A0%253C%252Fspan%253E%253Cspan%2bgday%253D%25222016-03-06%2522%2bclass%253D%2522matchtime%2522%253E01%253A00%253C%252Fspan%253E%2bUFC%2b196%2bTelevised%2bPrelims%253C%252Fa%253E%2b%253C%252Fh1%253E%26time.tmp%3d01%253A00%26definedIn%3dvipbox.tv.events.cfg%26sport.tmp%3dufc%26title%3d%252817%253A00%2529%2bUFC%2b196%2bTelevised%2bPrelims%26url%3dhttp%253A%252F%252Fwww.vipleague.se%252Fboxing%252F370689%252F1%252Fufc-196-televised-prelims-live-stream-online.html%26info.tmp%3d%2bhref%253D%2522http%253A%252F%252Fwww.vipleague.se%252Fboxing%252F370689%252F1%252Fufc-196-televised-prelims-live-stream-online.html%2522%2bclass%253D%2522biggame%2522%2btitle%253D%2522Live%2bUFC%2b196%2bTelevised%2bPrelims%2bStream%2bOnline%2522%26time2.tmp%3d17%253A00%26plot%3dLive%2bUFC%2b196%2bTelevised%2bPrelims%2bStream%2bOnline%26match.tmp%3dUFC%2b196%2bTelevised%2bPrelims%26director%3dVipBox.tv%26referer%3dhttp%253A%252F%252Fwww.vipleague.is%252Fsports%252Fboxing-wwe-ufc.html%26cfg%3dvipbox.tv.links.cfg%26genre%3dLive%2bSports%26icon%3dC%253A%255Ckodi%255Cportable_data%255Caddons%255Cplugin.video.SportsDevil%255Cresources%255Cimages%255Csports%252FBoxing.png%26prefix.tmp%3d%26type%3drss%26match2.tmp%3dUFC%2b196%2bTelevised%2bPrelims&amp;mode=1&quot;,return)</favourite>
	<favourite name="[COLOR orange](17:00)[/COLOR] [B]UFC 196 Televised Prelims[/B] - vipbox" thumb="special://home/addons\plugin.video.castaway\resources/media/vipbox.png">ActivateWindow(10025,&quot;plugin://plugin.video.castaway/?img=C%3a%5ckodi%5cportable_data%5caddons%5cplugin.video.castaway%5cresources%2fmedia%2fvipbox.png&amp;mode=get_sport_event&amp;site=vipbox&amp;title=%5bCOLOR%20orange%5d(17%3a00)%5b%2fCOLOR%5d%20(ufc)%20%5bB%5dUFC%20196%20Televised%20Prelims%5b%2fB%5d&amp;url=http%3a%2f%2fwww.vipleague.se%2fboxing%2f370689%2f1%2fufc-196-televised-prelims-live-stream-online.html&quot;,return)</favourite>
	<favourite name="[COLOR orange](03/05 17:00)[/COLOR] [B]UFC 196: Preliminairies[/B] - liveru" thumb="special://home/addons\plugin.video.castaway\resources/media/livetv.png">ActivateWindow(10025,&quot;plugin://plugin.video.castaway/?img=C%3a%5ckodi%5cportable_data%5caddons%5cplugin.video.castaway%5cresources%2fmedia%2flivetv.png&amp;mode=get_sport_event&amp;site=livetv&amp;title=%5bCOLOR%20orange%5d(03%2f05%2017%3a00)%5b%2fCOLOR%5d%20(MMA)%20%5bB%5dUFC%20196%3a%20Preliminairies%5b%2fB%5d&amp;url=http%3a%2f%2fxliveru.sx%2fen%2feventinfo%2f393416_ufc_196_preliminairies%2f&quot;,return)</favourite>
	<favourite name="[COLOR orange](17:00)[/COLOR] UFC 196: Preliminairies" thumb="special://home/addons\plugin.video.castaway\resources/media/dimsport.png">ActivateWindow(10025,&quot;plugin://plugin.video.castaway/?img=C%3a%5ckodi%5cportable_data%5caddons%5cplugin.video.castaway%5cresources%2fmedia%2fdimsport.png&amp;mode=get_sport_event&amp;site=dimsport&amp;title=%5bCOLOR%20orange%5d(17%3a00)%5b%2fCOLOR%5d%20UFC%20196%3a%20Preliminairies%20&amp;url=http%3a%2f%2fidimsports.eu%2fboxing-wwe-ufc.html%40UFC%20196%3a%20Preliminairies%20&quot;,return)</favourite>
</favourites>