<favourites>
	<favourite name="NBA Full Games" thumb="special://home/addons\plugin.video.nbafullgames\icon.png">ActivateWindow(10025,&quot;plugin://plugin.video.nbafullgames?sf_options=fanart%3Dspecial%3A%2F%2Fhome%2Faddons%5Cplugin.video.nbafullgames%5Cfanart.jpg%26desc%3DWatch+full+NBA+games+available+in+720p%2C+watch+highlights+and+top+plays+from+nba.com+and+more.%26_options_sf&quot;,return)</favourite>
	<favourite name="NBA On-demand" thumb="special://home/addons\plugin.video.nbaondemand\icon.png">ActivateWindow(10025,&quot;plugin://plugin.video.nbaondemand?sf_options=fanart%3Dspecial%3A%2F%2Fhome%2Faddons%5Cplugin.video.nbaondemand%5Cfanart.jpg%26desc%3DVisit+TVADDONS.ag+for+support%26_options_sf&quot;,return)</favourite>
	<favourite name="Teams" thumb="special://home/addons\plugin.video.nbafullgames/resources/media/nba_teams.jpg">ActivateWindow(10025,&quot;plugin://plugin.video.nbafullgames/?foldername=Teams&amp;mode=teams&amp;sf_options=fanart%3Dspecial%3A%2F%2Fhome%2Faddons%5Cplugin.video.nbafullgames%2Ffanart.jpg%26_options_sf&quot;,return)</favourite>
	<favourite name="NBA and NHL Live Streams" thumb="special://home/addons\plugin.video.nbanhlstreams\icon.png">ActivateWindow(10025,&quot;plugin://plugin.video.nbanhlstreams/?sf_options=desc%3DLive+HD+streams+from+www.nbastream.net+and+www.nhlstream.net%26_options_sf&quot;,return)</favourite>
</favourites>