<favourites>
	<favourite name="Courage the Cowardly Dog" thumb="http://www.toon.is/uploads/thumbs/23091070e-1.jpg">ActivateWindow(10025,&quot;plugin://plugin.video.funniermoments/?image=C%3a%5ckodi%5cportable_data%5caddons%5cplugin.video.funniermoments%5cicon.png&amp;mode=500&amp;page=1&amp;title=Courage%20the%20Cowardly%20Dog%20(52%20videos)&amp;url=http%3a%2f%2fwww.toon.is%2fbrowse-couragethecowardlydog-videos-1-date.html&amp;sf_options=fanart%3Dspecial%3A%2F%2Fhome%2Faddons%5Cplugin.video.funniermoments%5Cfanart.jpg%26_options_sf&quot;,return)</favourite>
	<favourite name="The Powerpuff Girls" thumb="http://www.toon.is/uploads/thumbs/c77671057-1.jpg">ActivateWindow(10025,&quot;plugin://plugin.video.funniermoments/?image=C%3a%5ckodi%5cportable_data%5caddons%5cplugin.video.funniermoments%5cicon.png&amp;mode=500&amp;page=1&amp;title=The%20Powerpuff%20Girls%20(82%20videos)&amp;url=http%3a%2f%2fwww.toon.is%2fbrowse-powerpuffgirls-videos-1-date.html&amp;sf_options=fanart%3Dspecial%3A%2F%2Fhome%2Faddons%5Cplugin.video.funniermoments%5Cfanart.jpg%26_options_sf&quot;,return)</favourite>
	<favourite name="Johnny Bravo" thumb="http://www.toon.is/uploads/thumbs/fe2a500b7-1.jpg">ActivateWindow(10025,&quot;plugin://plugin.video.funniermoments/?image=C%3a%5ckodi151%5cportable_data%5caddons%5cplugin.video.funniermoments%5cicon.png&amp;mode=500&amp;page=1&amp;title=Johnny%20Bravo%20(67%20videos)&amp;url=http%3a%2f%2fwww.funniermoments.com%2fbrowse-johnnybravo-videos-1-date.html&quot;,return)</favourite>
	<favourite name="Dexter&apos;s Laboratory" thumb="http://www.funniermoments.com/uploads/tm_category_img/170_category_img_th.jpg">ActivateWindow(10025,&quot;plugin://plugin.video.funniermoments/?image=C%3a%5ckodi15f%5cportable_data%5caddons%5cplugin.video.funniermoments%5cicon.png&amp;mode=500&amp;page=1&amp;title=Dexter%27s%20Laboratory%20(80%20videos)&amp;url=http%3a%2f%2fwww.funniermoments.com%2fbrowse-dexterslab-videos-1-date.html&quot;,return)</favourite>
	<favourite name="Cow &amp; Chicken" thumb="http://www.funniermoments.com/uploads/tm_category_img/87_category_img_th.jpg">ActivateWindow(10025,&quot;plugin://plugin.video.funniermoments/?image=C%3a%5ckodi15f%5cportable_data%5caddons%5cplugin.video.funniermoments%5cicon.png&amp;mode=500&amp;page=1&amp;title=Cow%20%26%20Chicken%20%2f%20I%20Am%20Weasel%20(53%20videos)&amp;url=http%3a%2f%2fwww.funniermoments.com%2fbrowse-cowandchicken-videos-1-date.html&quot;,return)</favourite>
	<favourite name="Ed, Edd n Eddy" thumb="https://upload.wikimedia.org/wikipedia/en/8/8b/EEnE_Titles.jpg">ActivateWindow(10025,&quot;plugin://plugin.video.funniermoments/?image=C%3a%5ckodi15f%5cportable_data%5caddons%5cplugin.video.funniermoments%5cicon.png&amp;mode=500&amp;page=1&amp;title=Ed%2c%20Edd%20n%20Eddy%20(69%20videos)&amp;url=http%3a%2f%2fwww.funniermoments.com%2fbrowse-ededdneddy-videos-1-date.html&quot;,return)</favourite>
</favourites>