<favourites>
	<favourite name="asbook.ru" thumb="http://googledrive.com/host/0B-bY5h-uWEgZQVJQZ0lzUTdBeFE/icons/apps/asbook.jpg">ActivateWindow(10501,&quot;plugin://plugin.audio.asbook.ru/&amp;sf_options=&quot;)</favourite>
	<favourite name="Books Should Be Free" thumb="http://googledrive.com/host/0B-bY5h-uWEgZQVJQZ0lzUTdBeFE/icons/apps/bookshouldbfree.png">ActivateWindow(10501,&quot;plugin://plugin.audio.booksshouldbefree/&amp;sf_options=&quot;)</favourite>
	<favourite name="Broadcastify" thumb="http://googledrive.com/host/0B-bY5h-uWEgZQVJQZ0lzUTdBeFE/icons/apps/broadcastify.jpg">ActivateWindow(10501,&quot;plugin://plugin.audio.radioreference/?action=states&amp;extra&amp;page&amp;plot&amp;thumbnail=C%3a%5cGOBOX%5cportable_data%5caddons%5cplugin.audio.radioreference%5cresources%5cflags%5c1.png&amp;title=United%20States&amp;url=http%3a%2f%2fwww.broadcastify.com%2flisten%2fcoid%2f1&amp;sf_options=&quot;)</favourite>
	<favourite name="iTunes Podcasts" thumb="http://googledrive.com/host/0B-bY5h-uWEgZQVJQZ0lzUTdBeFE/icons/apps/podcast.png">ActivateWindow(10501,&quot;plugin://plugin.video.itunes_podcasts/?content_type=audio&amp;sf_options=&quot;)</favourite>
	<favourite name="National Public Radio" thumb="http://googledrive.com/host/0B-bY5h-uWEgZQVJQZ0lzUTdBeFE/icons/apps/npr.png">ActivateWindow(10501,&quot;plugin://plugin.audio.npr/&amp;sf_options=&quot;)</favourite>
	<favourite name="NPR Music" thumb="http://googledrive.com/host/0B-bY5h-uWEgZQVJQZ0lzUTdBeFE/icons/apps/npr.jpg">ActivateWindow(10025,&quot;plugin://plugin.video.npr/&amp;sf_options=&quot;)</favourite>
	<favourite name="Youtube Music" thumb="http://googledrive.com/host/0B-bY5h-uWEgZQVJQZ0lzUTdBeFE/icons/apps/youtube2.png">ActivateWindow(10501,&quot;plugin://plugin.video.spotitube/?content_type=audio&amp;sf_options=&quot;)</favourite>
	<favourite name="[COLOR tomato]Concert Archive[/COLOR]" thumb="http://googledrive.com/host/0B-bY5h-uWEgZQVJQZ0lzUTdBeFE/icons/apps/concertarchive.png">ActivateWindow(10025,&quot;plugin://plugin.video.concertarchive/?content_type=video&amp;sf_options=&quot;)</favourite>
	<favourite name="Bin@ural" thumb="http://googledrive.com/host/0B-bY5h-uWEgZQVJQZ0lzUTdBeFE/icons/apps/binaural.png">ActivateWindow(10501,&quot;plugin://plugin.audio.binaural/?content_type=audio&amp;sf_options=fanart%3Dspecial%3A%2F%2Fhome%2Faddons%5Cplugin.audio.binaural%5Cfanart.jpg%26_options_sf&quot;,return)</favourite>
	<favourite name="MP3 Streams" thumb="http://googledrive.com/host/0B-bY5h-uWEgZQVJQZ0lzUTdBeFE/icons/apps/mp3streams.png">ActivateWindow(10501,&quot;plugin://plugin.audio.mp3streams/?sf_options=fanart%3Dspecial%3A%2F%2Fhome%2Faddons%5Cplugin.audio.mp3streams%5Cfanart.jpg%26_options_sf&quot;,return)</favourite>
	<favourite name="Music Box" thumb="special://home/addons\plugin.audio.musicbox\icon.png">ActivateWindow(10501,&quot;plugin://plugin.audio.musicbox/&amp;sf_options=&quot;)</favourite>
	<favourite name="My music" thumb="special://home/addons\plugin.audio.musicbox/resources/img/mymusic.png">ActivateWindow(10501,&quot;plugin://plugin.audio.musicbox/?fanart&amp;iconimage=C%3a%5ckodi24%5cportable_data%5caddons%5cplugin.audio.musicbox%2fresources%2fimg%2fmymusic.png&amp;mode=38&amp;name=My%20music&amp;url=1&amp;sf_options=&quot;)</favourite>
	<favourite name="Favourites" thumb="special://home/addons\plugin.audio.musicbox/resources/img/favorites.png">ActivateWindow(10501,&quot;plugin://plugin.audio.musicbox/?fanart&amp;iconimage=C%3a%5ckodi24%5cportable_data%5caddons%5cplugin.audio.musicbox%2fresources%2fimg%2ffavorites.png&amp;mode=44&amp;name=Favourites&amp;url&amp;sf_options=&quot;)</favourite>
	<favourite name="Rdio" thumb="http://googledrive.com/host/0B-bY5h-uWEgZQVJQZ0lzUTdBeFE/icons/apps/rdio.jpg">ActivateWindow(10501,&quot;plugin://plugin.audio.rdio/&amp;sf_options=&quot;)</favourite>
	<favourite name="Spotlight" thumb="special://home/addons\plugin.audio.spotlight\icon.png">ActivateWindow(10501,&quot;plugin://plugin.audio.spotlight/?sf_options=fanart%3Dspecial%3A%2F%2Fhome%2Faddons%5Cplugin.audio.spotlight%5Cfanart.jpg%26_options_sf&quot;,return)</favourite>
	<favourite name="TIDAL" thumb="special://home/addons\plugin.audio.wimp\icon.png">ActivateWindow(10501,&quot;plugin://plugin.audio.wimp/?sf_options=fanart%3Dspecial%3A%2F%2Fhome%2Faddons%5Cplugin.audio.wimp%5Cfanart.jpg%26_options_sf&quot;,return)</favourite>
	<favourite name="Hype Machine" thumb="">ActivateWindow(10501,&quot;plugin://plugin.video.spotitube/?limit&amp;mode=hypemMain&amp;type&amp;url&amp;sf_options=&quot;)</favourite>
	<favourite name="Hype Machine" thumb="special://home/addons\plugin.audio.hypem_com\icon.png">ActivateWindow(10501,&quot;plugin://plugin.audio.hypem_com/&amp;sf_options=&quot;)</favourite>
</favourites>