<favourites>
	<favourite name="ABC News" thumb="http://stepdadding.com/wp-content/uploads/2012/08/abc-image2.jpg">PlayMedia(&quot;http://abclive.abcnews.com/i/abc_live4@136330/index_1200_av-b.m3u8?sd=10&amp;b=1200&amp;rebase=on&amp;sf_options=winID%3D10025%26_options_sf&quot;)</favourite>
	<favourite name="Newsy" thumb="http://a3.mzstatic.com/us/r30/Purple30/v4/ce/93/53/ce935378-169a-fba4-5c86-75f60a6ea9b7/icon175x175.png">PlayMedia(&quot;plugin://plugin.video.phstreams/?action=play&amp;url=https%3A%2F%2Fwww.filmon.com%2Fchannel%2Fnewsy&amp;sf_options=winID%3D10025%26_options_sf&quot;)</favourite>
	<favourite name="TWiT Live" thumb="http://a1.mzstatic.com/us/r30/Purple6/v4/67/f6/4f/67f64f30-a881-ab3d-79b0-3169a8cca3ae/icon128-2x.png">PlayMedia(&quot;http://hls.cdn.flosoft.biz/flosoft/mp4:twitStream_720/playlist.m3u8?sf_options=winID%3D10025%26_options_sf&quot;)</favourite>
	<favourite name="WeatherNation" thumb="https://lh3.googleusercontent.com/8TO_R63QkL4TFi1l1LFQJFwAHj5PeOxntPnXQKT-k18CvEdWkY_-HdIqlWi__7w8JWM=w170">PlayMedia(&quot;http://kalseglive-a.akamaihd.net/dc-1/m/ny-live-publish101/kLive/smil:1_oorxcge2_all.smil/32/chunklist.m3u8?sf_options=winID%3D10025%26_options_sf&quot;)</favourite>
	<favourite name="Special Events" thumb="http://www.thehealingchurchri.com/assets/images/eventsicon.png">PlayMedia(&quot;rtmp://argos.cdn.newschat.tv/edge playpath=special_live swfUrl=http://newschat.tv/player.swf live=1  pageUrl=http://www.livenewschat.eu/twoons/ ?sf_options=winID%3D10025%26_options_sf&quot;)</favourite>
	<favourite name="[COLOR azure].News OnDemand[/COLOR]" thumb="http://icons.iconarchive.com/icons/designcontest/ecommerce-business/128/news-icon.png">ActivateWindow(10025,&quot;plugin://plugin.program.super.favourites/?mode=400&amp;path=special%3A%2F%2Fhome%2Faddons%2Fscript.supafav%2FSuper%20Favourites/News%5CNews%20OnDemand&amp;sf_options=fanart%3D&quot;,return)</favourite>
</favourites>