<favourites>
	<favourite name="Recently added movies" thumb="DefaultRecentlyAddedMovies.png">ActivateWindow(10025,&quot;videodb://recentlyaddedmovies/&amp;sf_options=&quot;,return)</favourite>
	<favourite name="Title" thumb="DefaultFolder.png">ActivateWindow(10025,&quot;videodb://movies/titles/&amp;sf_options=&quot;,return)</favourite>
	<favourite name="Genres" thumb="DefaultFolder.png">ActivateWindow(10025,&quot;videodb://movies/genres/&amp;sf_options=&quot;,return)</favourite>
	<favourite name="Year" thumb="DefaultFolder.png">ActivateWindow(10025,&quot;videodb://movies/years/&amp;sf_options=&quot;,return)</favourite>
	<favourite name="Actors" thumb="DefaultActor.png">ActivateWindow(10025,&quot;videodb://movies/actors/&amp;sf_options=&quot;,return)</favourite>
	<favourite name="Directors" thumb="DefaultFolder.png">ActivateWindow(10025,&quot;videodb://movies/directors/&amp;sf_options=&quot;,return)</favourite>
	<favourite name="Studios" thumb="DefaultFolder.png">ActivateWindow(10025,&quot;videodb://movies/studios/&amp;sf_options=&quot;,return)</favourite>
	<favourite name="Countries" thumb="DefaultFolder.png">ActivateWindow(10025,&quot;videodb://movies/countries/&amp;sf_options=&quot;,return)</favourite>
	<favourite name="Tags" thumb="DefaultFolder.png">ActivateWindow(10025,&quot;videodb://movies/tags/&amp;sf_options=&quot;,return)</favourite>
</favourites>