<favourites>
	<favourite name="Trending Music" thumb="special://home/addons\plugin.audio.soundcloud\resources\media\music.png">ActivateWindow(10501,&quot;plugin://plugin.audio.soundcloud/explore/trending/music/&quot;,return)</favourite>
	<favourite name="Trending Audio" thumb="special://home/addons\plugin.audio.soundcloud\resources\media\audio.png">ActivateWindow(10501,&quot;plugin://plugin.audio.soundcloud/explore/trending/audio/&quot;,return)</favourite>
	<favourite name="Music Genres" thumb="special://home/addons\plugin.audio.soundcloud\resources\media\music.png">ActivateWindow(10501,&quot;plugin://plugin.audio.soundcloud/explore/genre/music/&quot;,return)</favourite>
	<favourite name="Audio Genres" thumb="special://home/addons\plugin.audio.soundcloud\resources\media\audio.png">ActivateWindow(10501,&quot;plugin://plugin.audio.soundcloud/explore/genre/audio/&quot;,return)</favourite>
	<favourite name="Search" thumb="special://home/addons\plugin.audio.soundcloud\resources\media\search.png">ActivateWindow(10501,&quot;plugin://plugin.audio.soundcloud/search/list/&quot;)</favourite>
	<favourite name="SoundCloud" thumb="">ActivateWindow(10501,&quot;plugin://plugin.audio.soundcloud&quot;)</favourite>
</favourites>