<favourites>
	<favourite name="Settings" thumb="http://googledrive.com/host/0B-bY5h-uWEgZQVJQZ0lzUTdBeFE/icons/settings.png">ActivateWindow(10025,&quot;plugin://plugin.program.super.favourites/?label=Settings&amp;mode=400&amp;path=special%3A%2F%2Fprofile%2Faddon_data%2Fgen.data%2FSettings&amp;sf_options=&quot;,return)</favourite>
	<favourite name="Add-Ons" thumb="https://addons.cdn.mozilla.net/static/img/addon-icons/default-64.png">ActivateWindow(10040,&quot;addons://install/&amp;sf_options=&quot;,return)</favourite>
	<favourite name="[COLOR azure]FileManager[/COLOR]" thumb="http://cdn.marketplaceimages.windowsphone.com/v8/images/db3447ac-6b2b-42d5-8381-4ffc9bc759b5?imageType=ws_icon_large">ActivateWindow(FileManager)</favourite>
	<favourite name="[COLOR azure]System Info[/COLOR]" thumb="http://findicons.com/files/icons/734/phuzion/128/info.png">ActivateWindow(systeminfo)</favourite>
</favourites>