<favourites>
	<favourite name="[COLOR azure]Featured Movies[/COLOR]" thumb="art\themes\Classic\featured.jpg">ActivateWindow(10025,&quot;plugin://plugin.video.1channel/?mode=GetFilteredResults&amp;section=movie&amp;sort=featured&amp;&quot;,return)</favourite>
	<favourite name="Recently Added Epesiodes" thumb="art\themes\Classic\date_added.jpg">ActivateWindow(10025,&quot;plugin://plugin.video.1channel/?mode=GetFilteredResults&amp;section=tv&amp;sort=date&amp;&quot;,return)</favourite>
	<favourite name="Recently Added Movies" thumb="art\themes\Classic\date_added.jpg">ActivateWindow(10025,&quot;plugin://plugin.video.1channel/?mode=GetFilteredResults&amp;section=movie&amp;sort=date&amp;&quot;,return)</favourite>
	<favourite name="Recently Added Shows" thumb="art\themes\Classic\date_released.jpg">ActivateWindow(10025,&quot;plugin://plugin.video.1channel/?mode=GetFilteredResults&amp;section=tv&amp;sort=release&amp;&quot;,return)</favourite>
	<favourite name="[COLOR dodgerblue]PrimeWire[/COLOR] - Full Menu" thumb="http://www.ajgsportstalk.com/uploads/2/2/8/9/22894666/634673.png">ActivateWindow(10025,&quot;plugin://plugin.video.1channel/&amp;&quot;,return)</favourite>
</favourites>