<?xml version="1.0" encoding="UTF-8" standalone="yes"?>
<addon id="screensaver.atv4" name="ATV4 Screensavers" version="1.3.0" provider-name="enen92">
	<requires>
		<import addon="xbmc.python" version="2.1.0"/>
	</requires>
	<extension point="xbmc.ui.screensaver" library="atv.py" />
	<extension point="xbmc.addon.metadata">
		<platform>all</platform>
		<license>GNU GENERAL PUBLIC LICENSE. Version 2, June 1991</license>
		<source>https://github.com/enen92/screensaver.atv4</source>
		<forum>http://forum.kodi.tv/showthread.php?tid=246655</forum>
		<summary lang="en">Apple TV 4 Screensavers in Kodi</summary>
		<description lang="en">This screensaver addon enables the new Apple TV4 screensavers in Kodi</description>
    </extension>
</addon>
