<favourites>
	<favourite name="MAJOR EVENT REPLAYS" thumb="http://s14.postimg.org/os4vwebfl/replays.jpg">ActivateWindow(10025,&quot;plugin://plugin.video.MoneySports/?fanart=http%3a%2f%2fwww.schoolsplus.co.uk%2fharrispurley%2fwp-content%2fuploads%2fsites%2f20%2f2014%2f08%2fSP-Harris-Purley-Pitch2.jpg&amp;mode=1&amp;name=MAJOR%20EVENT%20REPLAYS&amp;url=http%3a%2f%2fwww.4legends.co.uk%2fMoneySports%2fEVENTREPLAYS.XML&amp;sf_options=fanart%3Dhttp%3A%2F%2Fwww.schoolsplus.co.uk%2Fharrispurley%2Fwp-content%2Fuploads%2Fsites%2F20%2F2014%2F08%2FSP-Harris-Purley-Pitch2.jpg%26_options_sf&quot;,return)</favourite>
	<favourite name="Fight Night" thumb="http://images.primewire.ag/thumbs/2765830_UFC_Fight_Night.jpg">ActivateWindow(10025,&quot;plugin://plugin.video.1channel/?imdbnum&amp;img=http%3a%2f%2fimages.primewire.ag%2fthumbs%2f2765830_UFC_Fight_Night.jpg&amp;mode=TVShowSeasonList&amp;title=UFC%20Fight%20Night&amp;url=%2fwatch-2765830-UFC-Fight-Night&amp;video_type=tvshow&amp;year=2005&amp;sf_options=fanart%3Dart%5Cthemes%5CClassic%5Cfanart.jpg%26_options_sf&quot;,return)</favourite>
	<favourite name="UFC PPV" thumb="http://images.primewire.is/thumbs/2757450_UFC_PPV_Events_1993.jpg">ActivateWindow(10025,&quot;plugin://plugin.video.1channel/?img=http%3A%2F%2Fimages.primewire.is%2Fthumbs%2F2757450_UFC_PPV_Events_1993.jpg&amp;title=UFC+PPV+Events&amp;url=%2Fwatch-2757450-UFC-PPV-Events&amp;imdbnum=&amp;video_type=tvshow&amp;mode=TVShowSeasonList&amp;year=1993&amp;dialog=False&quot;,return)</favourite>
	<favourite name="LFC" thumb="http://repo.run/cypher/images/lfc-logo-small.png">ActivateWindow(10025,&quot;plugin://plugin.video.ProjectCypher/?fanart=http%3a%2f%2frepo.run%2fcypher%2fimages%2fback.jpg&amp;mode=1&amp;name=%5bB%5d%5bCOLOR%20yellow%5d---%5b%2fCOLOR%5d%20%5bCOLOR%20red%5dLFC%5b%2fCOLOR%5d%20%5bCOLOR%20white%5dVOD%5b%2fCOLOR%5d%5bCOLOR%20yellow%5d---%5b%2fCOLOR%5d%5b%2fB%5d&amp;url=http%3a%2f%2frepo.run%2fcypher%2flfcvod.xml&amp;sf_options=fanart%3Dhttp%3A%2F%2Frepo.run%2Fcypher%2Fimages%2Fback.jpg%26_options_sf&quot;,return)</favourite>
	<favourite name="WWE" thumb="http://wallpapercave.com/wp/y3YwPQW.jpg">ActivateWindow(10025,&quot;plugin://plugin.video.phstreams/?action=ndmode&amp;audio=0&amp;content=0&amp;fanart=http%3a%2f%2fs5.postimg.org%2fz5dpe3mkn%2fwwe_wrestling_logo_wallpaper_for_1920x1080_hdtv.jpg&amp;image=http%3a%2f%2fwallpapercave.com%2fwp%2fy3YwPQW.jpg&amp;name=WWE&amp;playable=false&amp;tvshow=0&amp;url=http%3a%2f%2fshanghai.watchkodi.com%2fSections%2fSports%2fSports%2520Replays%2fWWE.xml&amp;sf_options=fanart%3Dhttp%3A%2F%2Fs5.postimg.org%2Fz5dpe3mkn%2Fwwe_wrestling_logo_wallpaper_for_1920x1080_hdtv.jpg%26desc%3DDiscover+Great+Streaming+Playlists%21%26_options_sf&quot;,return)</favourite>
</favourites>