<favourites>
	<favourite name="Search" thumb="http://icons.iconarchive.com/icons/custom-icon-design/flatastic-1/512/search-icon.png">ActivateWindow(10040,&quot;addons://search/&quot;,return)</favourite>
	<favourite name="Add-on Browser" thumb="http://myersinfosys.com/wp-content/uploads/2015/06/icon-addons.png">ActivateWindow(10040,&quot;addons://install/&quot;)</favourite>
	<favourite name="[COLOR azure]Video add-ons[/COLOR]" thumb="http://icons.iconarchive.com/icons/custom-icon-design/pretty-office-5/256/addons-icon.png">ActivateWindow(10025,&quot;addons://sources/video/&quot;,return)</favourite>
	<favourite name="[COLOR azure]Programs[/COLOR] add-ons" thumb="http://icons.iconseeker.com/png/fullsize/muku-style/program.png">ActivateWindow(10001,&quot;addons://sources/executable/&quot;)</favourite>
	<favourite name="Web browser" thumb="http://icons.iconarchive.com/icons/cornmanthe3rd/plex/128/Internet-chrome-icon.png">RunScript(special://home/addons/script.supafav/more/openbrowser.py)</favourite>
	<favourite name="[COLOR chartreuse]Popular Addons[/COLOR]" thumb="">ActivateWindow(10025,&quot;plugin://plugin.program.super.favourites/?label=Browse&amp;mode=400&amp;folder=More%2FPopular%20Addons%2FBrowse&amp;sf_options=fanart%3Dspecial%3A%2F%2Fhome%2Faddons%5Cplugin.video.1channel%5Cfanart.jpg%26_options_sf&quot;)</favourite>
	<favourite name="4K" thumb="http://cineblur.com/wp-content/uploads/2015/04/4K-logo.png">ActivateWindow(10025,&quot;plugin://plugin.video.dnatv/&amp;?genre_id=15&amp;genre_name=4k&amp;mode=channels&amp;portal=%7b%22name%22%3a%20%22Enter%20DNA%20TV%22%2c%20%22parental%22%3a%20%22true%22%2c%20%22url%22%3a%20%22http%3a%2f%2fmw1.iptv66.tv%22%2c%20%22mac%22%3a%20%2200%3a1A%3a78%3a24%3a24%3a24%22%2c%20%22serial%22%3a%20%7b%22custom%22%3a%20false%7d%2c%20%22password%22%3a%20%221234%22%7d&quot;,return)</favourite>
</favourites>