<favourites>
	<favourite name="Impractical Jokers" thumb="http://cdn.vaughnsoft.com/vaughnsoft/vaughn/img_profiles/lmshows_ij_320.jpg">PlayMedia(&quot;plugin://plugin.stream.vaughnlive.tv/?sourcetype=auto&amp;title=vaughn&amp;url=http%3A%2F%2Fvaughnlive.tv%2Flmshows_ij&amp;section=&amp;site=&amp;mode=PlayLiveStream&amp;channel=lmshows_ij&amp;sf_options=winID%3D10025%26_options_sf&quot;)</favourite>
	<favourite name="Duck Dynasty" thumb="http://cdn.vaughnsoft.com/vaughnsoft/vaughn/img_profiles/lmshows_dd_320.jpg">PlayMedia(&quot;plugin://plugin.stream.vaughnlive.tv/?sourcetype=auto&amp;title=vaughn&amp;url=http%3A%2F%2Fvaughnlive.tv%2Flmshows_dd&amp;section=&amp;site=&amp;mode=PlayLiveStream&amp;channel=lmshows_dd&amp;sf_options=winID%3D10025%26_options_sf&quot;)</favourite>
	<favourite name="Big Bang" thumb="http://cdn.vaughnsoft.com/vaughnsoft/vaughn/img_profiles/highspothorror101_320.jpg">PlayMedia(&quot;plugin://plugin.stream.vaughnlive.tv/?sourcetype=auto&amp;title=vaughn&amp;url=http%3A%2F%2Fvaughnlive.tv%2Fhighspothorror101&amp;section=&amp;site=&amp;mode=PlayLiveStream&amp;channel=highspothorror101&amp;sf_options=winID%3D10025%26_options_sf&quot;)</favourite>
	<favourite name="Two and a Half Men" thumb="http://cdn.vaughnsoft.com/vaughnsoft/vaughn/img_profiles/highspothorror103_320.jpg">PlayMedia(&quot;plugin://plugin.stream.vaughnlive.tv/?sourcetype=auto&amp;title=vaughn&amp;url=http%3A%2F%2Fvaughnlive.tv%2Fhighspothorror103&amp;section=&amp;site=&amp;mode=PlayLiveStream&amp;channel=highspothorror103&amp;sf_options=winID%3D10025%26_options_sf&quot;)</favourite>
	<favourite name="Two and a Half Men" thumb="">PlayMedia(&quot;http://iptvnation.com/two.mp4?sf_options=winID%3D10025%26_options_sf&quot;)</favourite>
	<favourite name="Seinfeld" thumb="http://cdn.vaughnsoft.com/vaughnsoft/vaughn/img_profiles/highspothorror107_320.jpg">PlayMedia(&quot;plugin://plugin.stream.vaughnlive.tv/?sourcetype=auto&amp;title=vaughn&amp;url=http%3A%2F%2Fvaughnlive.tv%2Fhighspothorror107&amp;section=&amp;site=&amp;mode=PlayLiveStream&amp;channel=highspothorror107&amp;sf_options=winID%3D10025%26_options_sf&quot;)</favourite>
	<favourite name="Home Improvment" thumb="http://cdn.vaughnsoft.com/vaughnsoft/vaughn/img_profiles/lmshows_hi_320.jpg">PlayMedia(&quot;plugin://plugin.stream.vaughnlive.tv/?sourcetype=auto&amp;title=vaughn&amp;url=http%3A%2F%2Fvaughnlive.tv%2Flmshows_hi&amp;section=&amp;site=&amp;mode=PlayLiveStream&amp;channel=lmshows_hi&amp;sf_options=winID%3D10025%26_options_sf&quot;)</favourite>
	<favourite name="King Of Queens" thumb="http://cdn.vaughnsoft.com/vaughnsoft/vaughn/img_profiles/lmshows_koq_320.jpg">PlayMedia(&quot;plugin://plugin.stream.vaughnlive.tv/?sourcetype=auto&amp;title=vaughn&amp;url=http%3A%2F%2Fvaughnlive.tv%2Flmshows_koq&amp;section=&amp;site=&amp;mode=PlayLiveStream&amp;channel=lmshows_koq&amp;sf_options=winID%3D10025%26_options_sf&quot;)</favourite>
	<favourite name="Married With Children" thumb="http://cdn.vaughnsoft.com/vaughnsoft/vaughn/img_profiles/lmshows_mwc_320.jpg">PlayMedia(&quot;plugin://plugin.stream.vaughnlive.tv/?sourcetype=auto&amp;title=vaughn&amp;url=http%3A%2F%2Fvaughnlive.tv%2Flmshows_mwc&amp;section=&amp;site=&amp;mode=PlayLiveStream&amp;channel=lmshows_mwc&amp;sf_options=winID%3D10025%26_options_sf&quot;)</favourite>
	<favourite name="Always Sunny In Philadelphia" thumb="http://cdn.vaughnsoft.com/vaughnsoft/vaughn/img_profiles/111aaacharkcomedy_320.jpg">PlayMedia(&quot;plugin://plugin.stream.vaughnlive.tv/?sourcetype=auto&amp;title=vaughn&amp;url=http%3A%2F%2Fvaughnlive.tv%2F111aaacharkcomedy&amp;section=&amp;site=&amp;mode=PlayLiveStream&amp;channel=111aaacharkcomedy&amp;sf_options=winID%3D10025%26_options_sf&quot;)</favourite>
	<favourite name="Frasiser" thumb="http://cdn.vaughnsoft.com/vaughnsoft/vaughn/img_profiles/improv_comedy_320.jpg">PlayMedia(&quot;plugin://plugin.stream.vaughnlive.tv/?sourcetype=auto&amp;title=vaughn&amp;url=http%3A%2F%2Fvaughnlive.tv%2Fimprov_comedy&amp;section=&amp;site=&amp;mode=PlayLiveStream&amp;channel=improv_comedy&amp;sf_options=winID%3D10025%26_options_sf&quot;)</favourite>
	<favourite name="Community" thumb="http://cdn.vaughnsoft.com/vaughnsoft/vaughn/img_profiles/castlehawkthorne_320.jpg">PlayMedia(&quot;plugin://plugin.stream.vaughnlive.tv/?sourcetype=auto&amp;title=vaughn&amp;url=http%3A%2F%2Fvaughnlive.tv%2Fcastlehawkthorne&amp;section=&amp;site=&amp;mode=PlayLiveStream&amp;channel=castlehawkthorne&amp;sf_options=winID%3D10025%26_options_sf&quot;)</favourite>
	<favourite name="Dave Chappelle" thumb="https://muskandmoccasin.files.wordpress.com/2012/01/chappelles_show-show.jpg">PlayMedia(&quot;plugin://plugin.stream.vaughnlive.tv/?sourcetype=auto&amp;title=vaughn&amp;url=http%3A%2F%2Fvaughnlive.tv%2F6brian_6&amp;section=&amp;site=&amp;mode=PlayLiveStream&amp;channel=6brian_6&amp;sf_options=winID%3D10025%26_options_sf&quot;)</favourite>
	<favourite name="In Living Color" thumb="http://cdn.vaughnsoft.com/vaughnsoft/vaughn/img_profiles/0in_living_color_320.jpg">PlayMedia(&quot;plugin://plugin.stream.vaughnlive.tv/?sourcetype=auto&amp;title=vaughn&amp;url=http%3A%2F%2Fvaughnlive.tv%2F0in_living_color&amp;section=&amp;site=&amp;mode=PlayLiveStream&amp;channel=0in_living_color&amp;sf_options=winID%3D10025%26_options_sf&quot;)</favourite>
	<favourite name="Sitcoms 1 - Cheers, 3rd Rock,Fraiser" thumb="http://cdn.vaughnsoft.com/vaughnsoft/vaughn/img_profiles/chrisdave1_320.jpg">PlayMedia(&quot;plugin://plugin.stream.vaughnlive.tv/?sourcetype=auto&amp;title=vaughn&amp;url=http%3A%2F%2Fvaughnlive.tv%2Fchrisdave1&amp;section=&amp;site=&amp;mode=PlayLiveStream&amp;channel=chrisdave1&amp;sf_options=winID%3D10025%26_options_sf&quot;)</favourite>
	<favourite name="Sitcoms 2 - Friend, Everybody Loves Raymond, Fresh Prince" thumb="http://cdn.vaughnsoft.com/vaughnsoft/vaughn/img_profiles/chrisdave3_320.jpg">PlayMedia(&quot;plugin://plugin.stream.vaughnlive.tv/?sourcetype=auto&amp;title=vaughn&amp;url=http%3A%2F%2Fvaughnlive.tv%2Fchrisdave3&amp;section=&amp;site=&amp;mode=PlayLiveStream&amp;channel=chrisdave3&amp;sf_options=winID%3D10025%26_options_sf&quot;)</favourite>
	<favourite name="Sitcoms 3 - 70" thumb="http://cdn.vaughnsoft.com/vaughnsoft/vaughn/img_profiles/chrisdave5_320.jpg">PlayMedia(&quot;plugin://plugin.stream.vaughnlive.tv/?sourcetype=auto&amp;title=vaughn&amp;url=http%3A%2F%2Fvaughnlive.tv%2Fchrisdave5&amp;section=&amp;site=&amp;mode=PlayLiveStream&amp;channel=chrisdave5&amp;sf_options=winID%3D10025%26_options_sf&quot;)</favourite>
	<favourite name="MASH" thumb="http://vignette1.wikia.nocookie.net/mash/images/c/c6/MASH.jpg/revision/latest?cb=20130701063247">PlayMedia(&quot;plugin://plugin.stream.vaughnlive.tv/?sourcetype=auto&amp;title=vaughn&amp;url=http%3A%2F%2Fvaughnlive.tv%2Fchrisdave6&amp;section=&amp;site=&amp;mode=PlayLiveStream&amp;channel=chrisdave6&amp;sf_options=winID%3D10025%26_options_sf&quot;)</favourite>
</favourites>