<favourites>
	<favourite name="BT Sport 1" thumb="">PlayMedia(&quot;http://80.243.189.26:9909/sportshd/bt1/index.m3u8?sf_options=winID%3D10025%26_options_sf&quot;)</favourite>
	<favourite name="BT Sport 2" thumb="">PlayMedia(&quot;http://80.243.189.26:9909/sportshd/bt2/index.m3u8?sf_options=winID%3D10025%26_options_sf&quot;)</favourite>
	<favourite name="SKY Sports 1" thumb="">PlayMedia(&quot;http://167.114.41.215:8080/sk1_raf/sk1_raf/index.m3u8|connection=keep-alive?sf_options=winID%3D10025%26_options_sf&quot;)</favourite>
	<favourite name="SKY Sports 2" thumb="">PlayMedia(&quot;http://167.114.41.215:8080/sk2_j/sk2_j/index.m3u8|connection=keep-alive?sf_options=winID%3D10025%26_options_sf&quot;)</favourite>
	<favourite name="SKY Sports 3" thumb="">PlayMedia(&quot;http://167.114.41.215:8080/sk3_raf/sk3_raf/index.m3u8|connection=keep-alive?sf_options=winID%3D10025%26_options_sf&quot;)</favourite>
	<favourite name="SKY Sports 4" thumb="">PlayMedia(&quot;http://167.114.41.215:8080/sk4_raf/sk4_raf/index.m3u8|connection=keep-alive?sf_options=winID%3D10025%26_options_sf&quot;)</favourite>
	<favourite name="SKY Sports 5" thumb="">PlayMedia(&quot;http://167.114.41.215:8080/sk5_raf/sk5_raf/index.m3u8|connection=keep-alive?sf_options=winID%3D10025%26_options_sf&quot;)</favourite>
	<favourite name="SKY Sports F1" thumb="">PlayMedia(&quot;http://80.243.189.26:9909/sportshd/skf1/index.m3u8?sf_options=winID%3D10025%26_options_sf&quot;)</favourite>
	<favourite name="SKY Sports News" thumb="">PlayMedia(&quot;http://167.114.41.215:8080/sksportsnews_raf/sksportsnews_raf/index.m3u8|connection=keep-alive?sf_options=winID%3D10025%26_options_sf&quot;)</favourite>
</favourites>