<favourites>
	<favourite name="Captain Planet" thumb="http://epguides.com/CaptainPlanet/cast.jpg">ActivateWindow(10025,&quot;plugin://plugin.video.funniermoments/?image=C%3a%5ckodi15f%5cportable_data%5caddons%5cplugin.video.funniermoments%5cicon.png&amp;mode=500&amp;page=1&amp;title=Captain%20Planet%20(26%20videos)&amp;url=http%3a%2f%2fwww.funniermoments.com%2fbrowse-captainplanet-videos-1-date.html&amp;sf_options=&quot;,return)</favourite>
	<favourite name="C.O.P.S Cartoon" thumb="http://www.funniermoments.com/uploads/tm_category_img/68_category_img_th.jpg">ActivateWindow(10025,&quot;plugin://plugin.video.funniermoments/?image=C%3a%5ckodi15f%5cportable_data%5caddons%5cplugin.video.funniermoments%5cicon.png&amp;mode=500&amp;page=1&amp;title=C.O.P.S%20(1988)%20(65%20videos)&amp;url=http%3a%2f%2fwww.funniermoments.com%2fbrowse-cops-videos-1-date.html&amp;sf_options=&quot;,return)</favourite>
	<favourite name="Robocop" thumb="  ">ActivateWindow(10025,&quot;plugin://plugin.video.funniermoments/?image=C%3a%5ckodi15f%5cportable_data%5caddons%5cplugin.video.funniermoments%5cicon.png&amp;mode=500&amp;page=1&amp;title=Robocop%20%5bThe%20Animated%20Series%5d%20(12%20videos)&amp;url=http%3a%2f%2fwww.funniermoments.com%2fbrowse-robocop-videos-1-date.html&amp;sf_options=&quot;,return)</favourite>
	<favourite name="Street Sharks" thumb="http://www.funniermoments.com/uploads/tm_category_img/93_category_img_th.jpg">ActivateWindow(10025,&quot;plugin://plugin.video.funniermoments/?image=C%3a%5ckodi151%5cportable_data%5caddons%5cplugin.video.funniermoments%5cicon.png&amp;mode=500&amp;page=1&amp;title=Street%20Sharks%20(40%20videos)&amp;url=http%3a%2f%2fwww.funniermoments.com%2fbrowse-streetsharks-videos-1-date.html&amp;sf_options=&quot;,return)</favourite>
	<favourite name="The Tick" thumb="http://www.funniermoments.com/uploads/tm_category_img/85_category_img_th.jpg">ActivateWindow(10025,&quot;plugin://plugin.video.funniermoments/?image=C%3a%5ckodi151%5cportable_data%5caddons%5cplugin.video.funniermoments%5cicon.png&amp;mode=500&amp;page=1&amp;title=The%20Tick%20(36%20videos)&amp;url=http%3a%2f%2fwww.funniermoments.com%2fbrowse-tick-videos-1-date.html&amp;sf_options=&quot;,return)</favourite>
	<favourite name="[COLOR blue]Legend of Zelda[/COLOR]" thumb="http://imghost.device.screenmedia.net/playlist_images/Zelda_SeriesArt_214x306.jpg">ActivateWindow(10025,&quot;plugin://plugin.video.popcornflix/?mode=GM&amp;url=%2fseries%2ff3a2c41a-70bd-00be-d434-64443a9146f0&amp;sf_options=fanart%3Dspecial%3A%2F%2Fhome%2Faddons%5Cplugin.video.popcornflix%5Cfanart.jpg%26_options_sf&quot;,return)</favourite>
</favourites>