<favourites>
	<favourite name="[COLOR blue]Live[/COLOR] Games [COLOR black] - prosports[/COLOR]" thumb="http://a.espncdn.com/combiner/i?img=/i/teamlogos/leagues/500/nba.png?transparent=true">ActivateWindow(10025,&quot;plugin://plugin.video.prosport/?away&amp;home&amp;mode=nba&amp;url&amp;sf_options=&quot;,return)</favourite>
	 <favourite name="[COLOR blue]Live[/COLOR] Games [COLOR black] - streamhd.eu[/COLOR]" thumb="special://home/addons\plugin.video.SportsDevil\resources\images\streamhd.png">ActivateWindow(10025,&quot;plugin://plugin.video.SportsDevil/?item=videoTitle%3d%252ASchedule%252A%26title%3d%252ASchedule%252A%26url%3dhttp%3A%2F%2Fwww.streamhd.eu%2Fnba%2Findex.php%26cfg%3dstreamhd.eu.cfg%2540Schedule%26definedIn%3dtv%252Fstreamhd.eu.cfg%26director%3dstreamhd.eu%26genre%3dTV%26type%3donce%26icon%3d&amp;mode=1&quot;,return)</favourite>
	<favourite name="[COLOR blue]Live[/COLOR] Games [COLOR black] - backup servers[/COLOR]" thumb="">ActivateWindow(10025,&quot;plugin://plugin.program.super.favourites/?mode=400&amp;folder=Sports%5CNBA%5Cbackup&amp;sf_options=&quot;,return)</favourite>
	
	<favourite name="" thumb="">ActivateWindow(10025,&quot;plugin://plugin.video.&quot;,return)</favourite>

	
	<favourite name="NBA Highlights" thumb="">ActivateWindow(10025,&quot;plugin://plugin.video.nbaondemand/?action=videos_added&quot;,return)</favourite>
	<favourite name="NBA Replay" thumb="http://projectd.offshorepastebin.com/images/pdsportnba.png">ActivateWindow(10025,&quot;plugin://plugin.video.phstreams/?action=directory&amp;content=0&amp;url=http%3a%2f%2fprojectd.offshorepastebin.com%2fpdsports%2fbasketball.xml&quot;,return)</favourite>

	
</favourites>