<favourites>
	<favourite name="AtdheNet.tv" thumb="special://home/addons\plugin.video.SportsDevil\resources\images\livesports.png">ActivateWindow(10025,&quot;plugin://plugin.video.SportsDevil/?item=title%3dAtdheNet.tv%26url%3dlivesports%252Fatdee.net.cfg%26definedIn%3dlivesports.cfg%26director%3dAtdheNet.tv%26genre%3dLive%2bSports%26type%3drss%26icon%3dC%253A%255Ckodi%255Cportable_data%255Caddons%255Cplugin.video.SportsDevil%255Cresources%255Cimages%255Clivesports.png&amp;mode=1&quot;,return)</favourite>
	<favourite name="Zunox" thumb="special://home/addons\plugin.video.SportsDevil\resources\images\zunoxlogo3.png">ActivateWindow(10025,&quot;plugin://plugin.video.SportsDevil/?item=title%3dZunox.hk%26url%3dlivesports%252Fslipstreamtv.co.cfg%26definedIn%3dlivesports.cfg%26director%3dzunox.hk%26genre%3dLive%2bSports%26type%3drss%26icon%3dC%253A%255Ckodi%255Cportable_data%255Caddons%255Cplugin.video.SportsDevil%255Cresources%255Cimages%255Czunoxlogo3.png&amp;mode=1&quot;,return)</favourite>
	<favourite name="StreamHunter" thumb="http://drakulastream.tv/img/header-logo.png">ActivateWindow(10025,&quot;plugin://plugin.video.SportsDevil/?item=title%3dLSHunter.tv%26url%3dlivesports%252Flshunter-new.cfg%26definedIn%3dlivesports.cfg%26director%3dLSHunter.tv%26genre%3dLive%2bSports%26type%3drss%26icon%3dC%253A%255Ckodi%255Cportable_data%255Caddons%255Cplugin.video.SportsDevil%255Cresources%255Cimages%255Clshunter_tv.png&amp;mode=1&quot;,return)</favourite>
	<favourite name="B-Streams" thumb="special://home/addons\plugin.video.SportsDevil\resources\images\bundesligastream.png">ActivateWindow(10025,&quot;plugin://plugin.video.SportsDevil/?item=title%3dBundesliga-Streams.net%26url%3dlivesports%252Fbundesliga-streams.net.cfg%26definedIn%3dlivesports.cfg%26director%3dbundesliga-streams.net%26genre%3dLive%2bSports%26type%3drss%26icon%3dC%253A%255Ckodi%255Cportable_data%255Caddons%255Cplugin.video.SportsDevil%255Cresources%255Cimages%255Cbundesligastream.png&amp;mode=1&quot;,return)</favourite>
	<favourite name="Dimsports" thumb="special://home/addons\plugin.video.SportsDevil\resources\images\dimsports.png">ActivateWindow(10025,&quot;plugin://plugin.video.SportsDevil/?item=title%3dDimsports.eu%26url%3dlivesports%252Fdimsports.eu.cfg%26definedIn%3dlivesports.cfg%26director%3ddimsports.eu%26genre%3dLive%2bSports%26type%3drss%26icon%3dC%253A%255Ckodi%255Cportable_data%255Caddons%255Cplugin.video.SportsDevil%255Cresources%255Cimages%255Cdimsports.png&amp;mode=1&quot;,return)</favourite>
	<favourite name="VipBox" thumb="special://home/addons\plugin.video.SportsDevil\resources\images\vipbox.png">ActivateWindow(10025,&quot;plugin://plugin.video.SportsDevil/?item=title%3dVipBox.tv%26url%3dlivesports%252Fvipbox.tv.cfg%26definedIn%3dlivesports.cfg%26director%3dVipBox.tv%26genre%3dLive%2bSports%26type%3drss%26icon%3dC%253A%255Ckodi%255Cportable_data%255Caddons%255Cplugin.video.SportsDevil%255Cresources%255Cimages%255Cvipbox.png&amp;mode=1&quot;,return)</favourite>
	<favourite name="" thumb="">ActivateWindow(10025,&quot;plugin://plugin.video.null&quot;)</favourite>
	<favourite name="Cricket" thumb="http://theclipartwizard.com/images/Cricket.png">ActivateWindow(10025,&quot;plugin://plugin.video.SportsDevil/?item=title%3dCricket%26url%3dtv%252Fcricket.cfg%26definedIn%3dtv.cfg%26director%3dCricket%26genre%3dTV%26type%3drss%26icon%3dhttp%253A%252F%252Ftheclipartwizard.com%252Fimages%252FCricket.png&amp;mode=1&amp;sf_options=fanart%3Dspecial%3A%2F%2Fhome%2Faddons%5Cplugin.video.SportsDevil%5Cfanart.jpg%26_options_sf&amp;sf_options=&quot;,)</favourite>
	<favourite name="StreamLive.to" thumb="special://home/addons\plugin.video.castaway\resources/media/streamlive.png">ActivateWindow(10025,&quot;plugin://plugin.video.castaway/?mode=open_tv_cat&amp;site=streamlive&amp;url=%23schedule&quot;,return)</favourite>
	<favourite name="[COLOR black]Live Events[/COLOR]" thumb="http://icons.iconarchive.com/icons/joker-design/3d-sports/128/sailing-ship-icon.png">ActivateWindow(10025,&quot;plugin://plugin.program.super.favourites/?label=Live Events&amp;mode=400&amp;folder=Sports%2FLive%20Events&amp;sf_options=fanart%3DC%3A%5Ckodi%5Caddons%5Cplugin.program.super.favourites%5Cfanart.jpg%26_options_sf&quot;)</favourite>
</favourites>