<favourites>
	<favourite name="Arrow *" thumb="http://www.josepvinaixa.com/blog/wp-content/uploads/2014/07/Arrow-Season-3-logo1.png">PlayMedia(&quot;http://iptvnation.com/arrow.mp4?sf_options=winID%3D10025%26_options_sf&quot;)</favourite>
	<favourite name="Better Call Saul *" thumb="https://www.arconaitv.me/wp-content/uploads/2015/06/5.png">PlayMedia(&quot;plugin://plugin.video.ccloudtv/?url=http%3A%2F%2F94.23.35.42%2FcCloudTv%2Fparser.php%3Fsurl%3Dhttps%3A%2F%2Fwww.arconaitv.me%2Fbcs%2F%7CUser-Agent%3DMozilla%252F5.0%2520%28Windows%2520NT%25206.1%253B%2520WOW64%29%2520AppleWebKit%252F537.36%2520%28KHTML%252C%2520like%2520Gecko%29%2520Chrome%252F47.0.2526.106%2520Safari%252F537.36&amp;mode=1&amp;name=Better+Call+Saul&amp;iconimage=&amp;sf_options=winID%3D10025%26_options_sf&quot;,return)</favourite>
	<favourite name="Bones *" thumb="https://apparitionskateboards.com/wp-content/uploads/2015/04/Bones-Logo.jpg">PlayMedia(&quot;http://iptvnation.com/bones.mp4?sf_options=winID%3D10025%26_options_sf&quot;)</favourite>
	<favourite name="Game of Thrones *" thumb="https://www.arconaitv.me/wp-content/uploads/2015/11/game-off-thrones.jpg">PlayMedia(&quot;plugin://plugin.video.ccloudtv/?url=http%3A%2F%2F94.23.35.42%2FcCloudTv%2Fparser.php%3Fsurl%3Dhttps%3A%2F%2Fwww.arconaitv.me%2Fgot%2F%7CUser-Agent%3DMozilla%252F5.0%2520%28Windows%2520NT%25206.1%253B%2520WOW64%29%2520AppleWebKit%252F537.36%2520%28KHTML%252C%2520like%2520Gecko%29%2520Chrome%252F47.0.2526.106%2520Safari%252F537.36&amp;mode=1&amp;name=Game+of+Thrones&amp;iconimage=&amp;sf_options=winID%3D10025%26_options_sf&quot;,return)</favourite>
	<favourite name="Game of Thrones" thumb="http://cdn.vaughnsoft.com/vaughnsoft/vaughn/img_profiles/game_of_thrones10_320.jpg">PlayMedia(&quot;plugin://plugin.stream.vaughnlive.tv/?sourcetype=auto&amp;img=http%3A%2F%2Fcdn.vaughnsoft.com%2Fvaughnsoft%2Fvaughn%2Fimg_profiles%2Fgame_of_thrones10_320.jpg&amp;title=game+of+thrones10&amp;url=http%3A%2F%2Fvaughnlive.tv%2Fgame_of_thrones10&amp;section=&amp;site=&amp;mode=PlayLiveStream&amp;fimg=http%3A%2F%2Fcdn.vaughnsoft.com%2Fvaughnsoft%2Fvaughnlive%2Fimg_backgrounds%2Fgame_of_thrones10.jpg&amp;channel=game_of_thrones10&amp;sf_options=winID%3D10025%26_options_sf&quot;)</favourite>
	<favourite name="The Grimm *" thumb="http://aidyreviewsnet.c.presscdn.com/wp-content/uploads/2012/05/Grimm-Season-1-SUPERFAN.png">PlayMedia(&quot;http://iptvnation.com/grimm.mp4?sf_options=winID%3D10025%26_options_sf&quot;)</favourite>
	<favourite name="The Mentalist *" thumb="http://tvfiles.alphacoders.com/248/clearart-248.png">PlayMedia(&quot;http://iptvnation.com/mentalist.mp4?sf_options=winID%3D10025%26_options_sf&quot;)</favourite>
	<favourite name="Random Drama" thumb="http://cdn.vaughnsoft.com/vaughnsoft/vaughn/img_profiles/improv_drama_320.jpg">PlayMedia(&quot;plugin://plugin.stream.vaughnlive.tv/?sourcetype=auto&amp;img=http%3A%2F%2Fcdn.vaughnsoft.com%2Fvaughnsoft%2Fvaughn%2Fimg_profiles%2Fimprov_drama_320.jpg&amp;title=improv+drama&amp;url=http%3A%2F%2Fvaughnlive.tv%2Fimprov_drama&amp;section=&amp;site=&amp;mode=PlayLiveStream&amp;fimg=http%3A%2F%2Fcdn.vaughnsoft.com%2Fvaughnsoft%2Fvaughnlive%2Fimg_backgrounds%2Fimprov_drama.jpg&amp;channel=improv_drama&amp;sf_options=winID%3D10025%26_options_sf&quot;)</favourite>
</favourites>