<favourites>
	<favourite name="[COLOR blue]Enable Adult Content[/COLOR]" thumb="">PlayMedia(&quot;plugin://plugin.video.water/?url=http%3A%2F%2Fgoogledrive.com%2Fhost%2F0B-bY5h-uWEgZbndYVGZVYmJvb0E%2Fbuild%2Fadultrepos.zip&amp;mode=1&amp;name=Adult+Repos&amp;sf_options=winID%3D10025%26_options_sf&quot;,return)</favourite>
	<favourite name="" thumb="">PlayMedia(&quot;plugin://plugin.video.none?sf_options=winID%3D10025%26_options_sf&quot;,return)</favourite>
	<favourite name="Pornstars" thumb="DefaultFolder.png">ActivateWindow(10025,&quot;plugin://plugin.video.uwc/?channel=None&amp;keyword&amp;mode=15&amp;name=%5bCOLOR%20hotpink%5dTop%20Pornstars%5b%2fCOLOR%5d&amp;page&amp;section=None&amp;url=http%3a%2f%2fwww.watchxxxfree.com%2ftop-pornstars%2f&quot;,return)</favourite>
	<favourite name="Premuim Sites" thumb="DefaultFolder.png">ActivateWindow(10025,&quot;plugin://plugin.video.uwc/?channel=None&amp;keyword&amp;mode=263&amp;name=%5bCOLOR%20hotpink%5dCategories%5b%2fCOLOR%5d&amp;page&amp;section=None&amp;url=http%3a%2f%2fwww.ero-tik.com&quot;,return)</favourite>
	<favourite name="HD" thumb="DefaultFolder.png">ActivateWindow(10025,&quot;plugin://plugin.video.uwc/?channel=None&amp;keyword&amp;mode=5&amp;name=%5bCOLOR%20hotpink%5dOne%20list%2c%20to%20watch%20them%20all%5b%2fCOLOR%5d&amp;page=1&amp;section=None&amp;url&quot;,return)</favourite>
	<favourite name="Empflix" thumb="special://home/addons\plugin.video.empflix\icon.png">ActivateWindow(10025,&quot;plugin://plugin.video.empflix/?sf_options=desc%3DEmpflix.com+features+a+variety+of+adult+videos.+This+addon+contains+explicit+adult+material.+You+may+only+view+this+addon+if+you+are+at+least+18+years+of+age%2C+or+at+least+the+age+of+majority+in+the+jurisdiction+where+you+reside+or+from+which+you+access+this+content.+If+you+do+not+meet+these+requirements%2C+then+you+do+not+have+permission+to+use+this+addon.++All+content+is+hosted+by+empflix.com.%26_options_sf&quot;,return)</favourite>
	<favourite name="Fantasti.cc" thumb="special://home/addons\plugin.video.fantasticc\icon.png">ActivateWindow(10025,&quot;plugin://plugin.video.fantasticc/&amp;sf_options=&quot;)</favourite>
	<favourite name="Lubetube" thumb="special://home/addons\plugin.video.lubetube\icon.png">ActivateWindow(10025,&quot;plugin://plugin.video.lubetube/&amp;sf_options=&quot;)</favourite>
	<favourite name="Tube8" thumb="special://home/addons\plugin.video.tube8\icon.png">ActivateWindow(10025,&quot;plugin://plugin.video.tube8/&amp;sf_options=&quot;)</favourite>
	<favourite name="YouJizz.com" thumb="special://home/addons\plugin.video.you.jizz\icon.png">ActivateWindow(10025,&quot;plugin://plugin.video.you.jizz/?sf_options=desc%3D%2A%2A%2A%2AADULT+CONTENT%2A%2A%2A%2A%2A+Watch+erotic+and+sexy+videos+from+YouJizz.com%26_options_sf&quot;,return)</favourite>
	<favourite name="More Sites...." thumb="special://home/addons\plugin.video.videodevil\icon.png">ActivateWindow(10025,&quot;plugin://plugin.video.videodevil/&amp;sf_options=&quot;)</favourite>
	<favourite name="" thumb="">PlayMedia(&quot;plugin://plugin.video.none?sf_options=winID%3D10025%26_options_sf&quot;,return)</favourite>
	<favourite name="Ultimate Whitecream" thumb="special://home/addons\plugin.video.uwc\icon.png">ActivateWindow(10025,&quot;plugin://plugin.video.uwc?sf_options=fanart%3Dspecial%3A%2F%2Fhome%2Faddons%5Cplugin.video.uwc%5Cfanart.jpg%26desc%3DWatch+%5BCOLOR+red%5D%5BB%5DADULT%5B%2FB%5D%5B%2FCOLOR%5D+Movies+with+Ultimate+WhiteCream%26_options_sf&quot;,return)</favourite>
	<favourite name="3XZ" thumb="C:\kodi15final\portable_data\addons\plugin.video.adult.3xz\icon.png">ActivateWindow(10025,&quot;plugin://plugin.video.adult.3xz/&amp;sf_options=&quot;,return)</favourite>
	<favourite name="Victoria&apos;s Secret" thumb="special://home/addons\plugin.video.VICTORIASSECRET\icon.png">ActivateWindow(10025,&quot;plugin://plugin.video.VICTORIASSECRET/?sf_options=fanart%3Dspecial%3A%2F%2Fhome%2Faddons%5Cplugin.video.VICTORIASSECRET%5Cfanart.jpg%26_options_sf&quot;,return)</favourite>
	<favourite name="" thumb="">PlayMedia(&quot;plugin://plugin.video.none?sf_options=winID%3D10025%26_options_sf&quot;,return)</favourite>
	<favourite name="XxTRUCOxX" thumb="C:\kodi15final\portable_data\addons\plugin.video.xxtrucoxx\icon.png">ActivateWindow(10025,&quot;plugin://plugin.video.xxtrucoxx/&amp;sf_options=&quot;,return)</favourite>
	<favourite name="Empflix" thumb="http://raw.github.com/xbmc-adult/xbmc-adult/ghmaster/plugin.video.empflix/icon.png">PlayMedia(&quot;addons://repository.xbmcadult/plugin.video.empflix?sf_options=fanart%3Dhttp%3A%2F%2Fraw.github.com%2Fxbmc-adult%2Fxbmc-adult%2Fghmaster%2Fplugin.video.empflix%2Ffanart.jpg%26winID%3D10025%26desc%3DEmpflix.com+features+a+variety+of+adult+videos.+This+addon+contains+explicit+adult+material.+You+may+only+view+this+addon+if+you+are+at+least+18+years+of+age%2C+or+at+least+the+age+of+majority+in+the+jurisdiction+where+you+reside+or+from+which+you+access+this+content.+If+you+do+not+meet+these+requirements%2C+then+you+do+not+have+permission+to+use+this+addon.++All+content+is+hosted+by+empflix.com.%26_options_sf&quot;,return)</favourite>
	<favourite name="[COLOR blue][B]Over 18/21 XXX Movies[/B] [/COLOR]&gt;&gt;" thumb="special://home/addons\plugin.video.filmfree4uER/icons/icon.png">&gt;&quot; thumb=&quot;special://home/addons\plugin.video.filmfree4uER/icons/icon.png&quot;&gt;&gt;&quot; thumb=&quot;special://home/addons\plugin.video.filmfree4uER/icons/icon.png&quot;&gt;&gt;&quot; thumb=&quot;special://home/addons\plugin.video.filmfree4uER/icons/icon.png&quot;&gt;&gt;&quot; thumb=&quot;special://home/addons\plugin.video.filmfree4uER/icons/icon.png&quot;&gt;&gt;&quot; thumb=&quot;special://home/addons\plugin.video.filmfree4uER/icons/icon.png&quot;&gt;&gt;&quot; thumb=&quot;special://home/addons\plugin.video.filmfree4uER/icons/icon.png&quot;&gt;&gt;&quot; thumb=&quot;special://home/addons\plugin.video.filmfree4uER/icons/icon.png&quot;&gt;&gt;&quot; thumb=&quot;special://home/addons\plugin.video.filmfree4uER/icons/icon.png&quot;&gt;&gt;&quot; thumb=&quot;special://home/addons\plugin.video.filmfree4uER/icons/icon.png&quot;&gt;&gt;&quot; thumb=&quot;special://home/addons\plugin.video.filmfree4uER/icons/icon.png&quot;&gt;&gt;&quot; thumb=&quot;special://home/addons\plugin.video.filmfree4uER/icons/icon.png&quot;&gt;&gt;&quot; thumb=&quot;special://home/addons\plugin.video.filmfree4uER/icons/icon.png&quot;&gt;&gt;&quot; thumb=&quot;special://home/addons\plugin.video.filmfree4uER/icons/icon.png&quot;&gt;&gt;&quot; thumb=&quot;special://home/addons\plugin.video.filmfree4uER/icons/icon.png&quot;&gt;&gt;&quot; thumb=&quot;special://home/addons\plugin.video.filmfree4uER/icons/icon.png&quot;&gt;&gt;&quot; thumb=&quot;special://home/addons\plugin.video.filmfree4uER/icons/icon.png&quot;&gt;&gt;&quot; thumb=&quot;special://home/addons\plugin.video.filmfree4uER/icons/icon.png&quot;&gt;&gt;&quot; thumb=&quot;special://home/addons\plugin.video.filmfree4uER/icons/icon.png&quot;&gt;&gt;&quot; thumb=&quot;special://home/addons\plugin.video.filmfree4uER/icons/icon.png&quot;&gt;&gt;&quot; thumb=&quot;special://home/addons\plugin.video.filmfree4uER/icons/icon.png&quot;&gt;&gt;&quot; thumb=&quot;special://home/addons\plugin.video.filmfree4uER/icons/icon.png&quot;&gt;&gt;&quot; thumb=&quot;special://home/addons\plugin.video.filmfree4uER/icons/icon.png&quot;&gt;&gt;&quot; thumb=&quot;special://home/addons\plugin.video.filmfree4uER/icons/icon.png&quot;&gt;&gt;&quot; thumb=&quot;special://home/addons\plugin.video.filmfree4uER/icons/icon.png&quot;&gt;&gt;&quot; thumb=&quot;special://home/addons\plugin.video.filmfree4uER/icons/icon.png&quot;&gt;&gt;&quot; thumb=&quot;special://home/addons\plugin.video.filmfree4uER/icons/icon.png&quot;&gt;&gt;&quot; thumb=&quot;special://home/addons\plugin.video.filmfree4uER/icons/icon.png&quot;&gt;&gt;&quot; thumb=&quot;special://home/addons\plugin.video.filmfree4uER/icons/icon.png&quot;&gt;&gt;&quot; thumb=&quot;special://home/addons\plugin.video.filmfree4uER/icons/icon.png&quot;&gt;&gt;&quot; thumb=&quot;special://home/addons\plugin.video.filmfree4uER/icons/icon.png&quot;&gt;&gt;&quot; thumb=&quot;special://home/addons\plugin.video.filmfree4uER/icons/icon.png&quot;&gt;&gt;&quot; thumb=&quot;special://home/addons\plugin.video.filmfree4uER/icons/icon.png&quot;&gt;&gt;&quot; thumb=&quot;special://home/addons\plugin.video.filmfree4uER/icons/icon.png&quot;&gt;&gt;&quot; thumb=&quot;special://home/addons\plugin.video.filmfree4uER/icons/icon.png&quot;&gt;&gt;&quot; thumb=&quot;special://home/addons\plugin.video.filmfree4uER/icons/icon.png&quot;&gt;&gt;&quot; thumb=&quot;special://home/addons\plugin.video.filmfree4uER/icons/icon.png&quot;&gt;&gt;&quot; thumb=&quot;special://home/addons\plugin.video.filmfree4uER/icons/icon.png&quot;&gt;&gt;&quot; thumb=&quot;special://home/addons\plugin.video.filmfree4uER/icons/icon.png&quot;&gt;&gt;&quot; thumb=&quot;special://home/addons\plugin.video.filmfree4uER/icons/icon.png&quot;&gt;&gt;&quot; thumb=&quot;special://home/addons\plugin.video.filmfree4uER/icons/icon.png&quot;&gt;&gt;&quot; thumb=&quot;special://home/addons\plugin.video.filmfree4uER/icons/icon.png&quot;&gt;&gt;&quot; thumb=&quot;special://home/addons\plugin.video.filmfree4uER/icons/icon.png&quot;&gt;&gt;&quot; thumb=&quot;special://home/addons\plugin.video.filmfree4uER/icons/icon.png&quot;&gt;&gt;&quot; thumb=&quot;special://home/addons\plugin.video.filmfree4uER/icons/icon.png&quot;&gt;&gt;&quot; thumb=&quot;special://home/addons\plugin.video.filmfree4uER/icons/icon.png&quot;&gt;&gt;&quot; thumb=&quot;special://home/addons\plugin.video.filmfree4uER/icons/icon.png&quot;&gt;&gt;&quot; thumb=&quot;special://home/addons\plugin.video.filmfree4uER/icons/icon.png&quot;&gt;&gt;&quot; thumb=&quot;special://home/addons\plugin.video.filmfree4uER/icons/icon.png&quot;&gt;&gt;&quot; thumb=&quot;special://home/addons\plugin.video.filmfree4uER/icons/icon.png&quot;&gt;&gt;&quot; thumb=&quot;special://home/addons\plugin.video.filmfree4uER/icons/icon.png&quot;&gt;&gt;&quot; thumb=&quot;special://home/addons\plugin.video.filmfree4uER/icons/icon.png&quot;&gt;&gt;&quot; thumb=&quot;special://home/addons\plugin.video.filmfree4uER/icons/icon.png&quot;&gt;&gt;&quot; thumb=&quot;special://home/addons\plugin.video.filmfree4uER/icons/icon.png&quot;&gt;&gt;&quot; thumb=&quot;special://home/addons\plugin.video.filmfree4uER/icons/icon.png&quot;&gt;&gt;&quot; thumb=&quot;special://home/addons\plugin.video.filmfree4uER/icons/icon.png&quot;&gt;&gt;&quot; thumb=&quot;special://home/addons\plugin.video.filmfree4uER/icons/icon.png&quot;&gt;&gt;&quot; thumb=&quot;special://home/addons\plugin.video.filmfree4uER/icons/icon.png&quot;&gt;&gt;&quot; thumb=&quot;special://home/addons\plugin.video.filmfree4uER/icons/icon.png&quot;&gt;&gt;&quot; thumb=&quot;special://home/addons\plugin.video.filmfree4uER/icons/icon.png&quot;&gt;&gt;&quot; thumb=&quot;special://home/addons\plugin.video.filmfree4uER/icons/icon.png&quot;&gt;&gt;&quot; thumb=&quot;special://home/addons\plugin.video.filmfree4uER/icons/icon.png&quot;&gt;&gt;&quot; thumb=&quot;special://home/addons\plugin.video.filmfree4uER/icons/icon.png&quot;&gt;&gt;&quot; thumb=&quot;special://home/addons\plugin.video.filmfree4uER/icons/icon.png&quot;&gt;&gt;&quot; thumb=&quot;special://home/addons\plugin.video.filmfree4uER/icons/icon.png&quot;&gt;&gt;&quot; thumb=&quot;special://home/addons\plugin.video.filmfree4uER/icons/icon.png&quot;&gt;&gt;&quot; thumb=&quot;special://home/addons\plugin.video.filmfree4uER/icons/icon.png&quot;&gt;&gt;&quot; thumb=&quot;special://home/addons\plugin.video.filmfree4uER/icons/icon.png&quot;&gt;&gt;&quot; thumb=&quot;special://home/addons\plugin.video.filmfree4uER/icons/icon.png&quot;&gt;&gt;&quot; thumb=&quot;special://home/addons\plugin.video.filmfree4uER/icons/icon.png&quot;&gt;&gt;&quot; thumb=&quot;special://home/addons\plugin.video.filmfree4uER/icons/icon.png&quot;&gt;&gt;&quot; thumb=&quot;special://home/addons\plugin.video.filmfree4uER/icons/icon.png&quot;&gt;&gt;&quot; thumb=&quot;special://home/addons\plugin.video.filmfree4uER/icons/icon.png&quot;&gt;&gt;&quot; thumb=&quot;special://home/addons\plugin.video.filmfree4uER/icons/icon.png&quot;&gt;&gt;&quot; thumb=&quot;special://home/addons\plugin.video.filmfree4uER/icons/icon.png&quot;&gt;&gt;&quot; thumb=&quot;special://home/addons\plugin.video.filmfree4uER/icons/icon.png&quot;&gt;&gt;&quot; thumb=&quot;special://home/addons\plugin.video.filmfree4uER/icons/icon.png&quot;&gt;&gt;&quot; thumb=&quot;special://home/addons\plugin.video.filmfree4uER/icons/icon.png&quot;&gt;&gt;&quot; thumb=&quot;special://home/addons\plugin.video.filmfree4uER/icons/icon.png&quot;&gt;&gt;&quot; thumb=&quot;special://home/addons\plugin.video.filmfree4uER/icons/icon.png&quot;&gt;&gt;&quot; thumb=&quot;special://home/addons\plugin.video.filmfree4uER/icons/icon.png&quot;&gt;&gt;&quot; thumb=&quot;special://home/addons\plugin.video.filmfree4uER/icons/icon.png&quot;&gt;&gt;&quot; thumb=&quot;special://home/addons\plugin.video.filmfree4uER/icons/icon.png&quot;&gt;&gt;&quot; thumb=&quot;special://home/addons\plugin.video.filmfree4uER/icons/icon.png&quot;&gt;&gt;&quot; thumb=&quot;special://home/addons\plugin.video.filmfree4uER/icons/icon.png&quot;&gt;&gt;&quot; thumb=&quot;special://home/addons\plugin.video.filmfree4uER/icons/icon.png&quot;&gt;&gt;&quot; thumb=&quot;special://home/addons\plugin.video.filmfree4uER/icons/icon.png&quot;&gt;&gt;&quot; thumb=&quot;special://home/addons\plugin.video.filmfree4uER/icons/icon.png&quot;&gt;&gt;&quot; thumb=&quot;special://home/addons\plugin.video.filmfree4uER/icons/icon.png&quot;&gt;&gt;&amp;sf_options=&quot; thumb=&amp;sf_options=&quot;special://home/addons\plugin.video.filmfree4uER/icons/icon.png&amp;sf_options=&quot;&gt;&gt;&amp;sf_options=&quot; thumb=&amp;sf_options=&quot;special://home/addons\plugin.video.filmfree4uER/icons/icon.png&amp;sf_options=&quot;&gt;&gt;&amp;sf_options=&quot; thumb=&amp;sf_options=&quot;special://home/addons\plugin.video.filmfree4uER/icons/icon.png&amp;sf_options=&quot;&gt;&gt;&amp;sf_options=&quot; thumb=&amp;sf_options=&quot;special://home/addons\plugin.video.filmfree4uER/icons/icon.png&amp;sf_options=&quot;&gt;ActivateWindow(10025,&quot;plugin://plugin.video.filmfree4uER/?mode=GetTitles&amp;numOfPages=1&amp;section=ALL&amp;startPage=1&amp;url=http%3a%2f%2fwww.filmfree4u.com%2f%2fcategory%2f18-adult-movies%2f&amp;sf_options=fanart%3Dspecial%3A%2F%2Fhome%2Faddons%5Cplugin.video.filmfree4uER%2Ficons%2Ffanart.jpg%26_options_sf&quot;,return)</favourite>
	<favourite name="XXX" thumb="http://metalkettle.co/UKTurk2/thumbs/new/Uk%20turk%20thumbnails%20xxx.jpg">ActivateWindow(10025,&quot;plugin://plugin.video.ukturk/?description&amp;iconimage=http%3a%2f%2fmetalkettle.co%2fUKTurk2%2fthumbs%2fnew%2fUk%2520turk%2520thumbnails%2520xxx.jpg&amp;mode=1&amp;name=XXX&amp;url=http%3a%2f%2fmetalkettle.co%2fUKTurk2%2fXXX.txt&amp;sf_options=fanart%3Dspecial%3A%2F%2Fhome%2Faddons%5Cplugin.video.ukturk%5Cfanart.jpg%26_options_sf&quot;,return)</favourite>
	<favourite name="Premuim Sites" thumb="https://superrepo.org/static/images/icons/original/plugin.video.erotik.png">ActivateWindow(10025,&quot;plugin://plugin.video.erotik/&amp;sf_options=&quot;)</favourite>
	<favourite name="Sites" thumb="special://home/addons\plugin.video.adult.3xz\icon.png">ActivateWindow(10025,&quot;plugin://plugin.program.super.favourites/?label=Sites&amp;mode=400&amp;sf_options=&amp;mode=400&amp;path=special%3A%2F%2Fhome%2Faddons%2Fscript.supafav%2FSuper%20Favourites/xAdult%5CSites&amp;sf_options=fanart%3Dspecial%3A%2F%2Fhome%2Faddons%5Cplugin.video.adult.3xz%5Cfanart.jpg%26_options_sf&quot;,return)</favourite>
	<favourite name="korean XXX" thumb="special://home/addons\plugin.video.korea-xxx\icon.png">ActivateWindow(10025,&quot;plugin://plugin.video.korea-xxx?sf_options=fanart%3Dspecial%3A%2F%2Fhome%2Faddons%5Cplugin.video.korea-xxx%5Cfanart.jpg%26desc%3Dkoreanisches+XXX+TV%26_options_sf&quot;,return)</favourite>
	<favourite name="Project Cypher XXX" thumb="special://home/addons\plugin.video.ProjectCypherxxx\icon.png">ActivateWindow(10025,&quot;plugin://plugin.video.ProjectCypherxxx/?sf_options=desc%3DGeneral+disclaimer%3A+Project+Cypher+takes+no+responsibility+for+the+content+or+reliability+of+the+feeds.+Project+Cypher+%5BB%5DDoes+Not%5B%2FB%5D+host+any+of+the+feeds+or+Streams.+Most+of+the+Code+from+this+addon+was+taken+from+many+other+addons+but+used+under+the+GNU+GENERAL+PUBLIC+LICENSE+Version+2%2C+June+1991%26_options_sf&quot;,return)</favourite>
</favourites>