<favourites>
	<favourite name="Family Movies" thumb="http://s6.postimg.org/p5j2df18h/Kidzone.png">ActivateWindow(10025,&quot;plugin://plugin.video.phstreams/?action=ndmode&amp;audio=0&amp;content=0&amp;fanart=http%3a%2f%2fs6.postimg.org%2f4ph8mo5q9%2fBackdrop.png&amp;image=http%3a%2f%2fs6.postimg.org%2fp5j2df18h%2fKidzone.png&amp;name=%5bCOLOR%20orangered%5dK%5b%2fCOLOR%5d%5bCOLOR%20white%5dIDZONE%5b%2fCOLOR%5d&amp;playable=false&amp;tvshow=0&amp;url=http%3a%2f%2fzenica.watchkodi.com%2fKids%2fkidszone.xml&amp;sf_options=fanart%3Dhttp%3A%2F%2Fs6.postimg.org%2F4ph8mo5q9%2FBackdrop.png%26desc%3DDiscover+Great+Streaming+Playlists%21%26_options_sf&quot;,return)</favourite>
	<favourite name="Family" thumb="special://home/addons\plugin.video.viewmovies\icon.png">ActivateWindow(10025,&quot;plugin://plugin.video.viewmovies/?description&amp;mode=1&amp;name=Family&amp;url=http%3a%2f%2fwww.viewmovies.is%2fcategory%2fmovies%2ffamily%2f&amp;sf_options=fanart%3Dspecial%3A%2F%2Fhome%2Faddons%5Cplugin.video.viewmovies%5Cfanart.jpg%26_options_sf&quot;,return)</favourite>
	<favourite name="[COLOR darksalmon]Even More Famly Movies...[/COLOR]" thumb="special://home/addons\plugin.video.moviexk\icon.png">ActivateWindow(10025,&quot;plugin://plugin.video.moviexk/?description&amp;mode=1&amp;name=Family&amp;url=http%3a%2f%2fwww.moviexk.net%2ffamily&amp;sf_options=fanart%3Dspecial%3A%2F%2Fhome%2Faddons%5Cplugin.video.moviexk%5Cfanart.jpg%26_options_sf&quot;,return)</favourite>
	<favourite name="Most Popular Disney Movies" thumb="http://s18.postimg.org/f2tt25vh5/moviesicon.png">ActivateWindow(10025,&quot;plugin://plugin.video.kidsflix/?fanart&amp;mode=1&amp;name=Movies&amp;url=http%3a%2f%2fpastebin.com%2fraw.php%3fi%3dzjjeTJM3&quot;,return)</favourite>
	<favourite name="Kids and Family" thumb="https://staticviewlift-a.akamaihd.net/dims4/default/cbfc1d1/2147483647/thumbnail/132x195%3E/quality/90/?url=http%3A%2F%2Fsnagfilms-a.akamaihd.net%2Fc8%2F9e%2F9ba8f1034ad896047e84a32ee650%2Fkidsandfamily-214x317.jpg">ActivateWindow(10025,&quot;plugin://plugin.video.snagfilms/?mode=GT&amp;name=Kids%20and%20Family&amp;url=%2fmovies%2fkids_and_family%23https%3a%2f%2fstaticviewlift-a.akamaihd.net%2fdims4%2fdefault%2fcbfc1d1%2f2147483647%2fthumbnail%2f132x195%253E%2fquality%2f90%2f%3furl%3dhttp%253A%252F%252Fsnagfilms-a.akamaihd.net%252Fc8%252F9e%252F9ba8f1034ad896047e84a32ee650%252Fkidsandfamily-214x317.jpg&amp;sf_options=fanart%3Dspecial%3A%2F%2Fhome%2Faddons%5Cplugin.video.snagfilms%5Cfanart.jpg%26desc%3DKids%27+Cartoons+and+Family-Friendly+Movies%26_options_sf&quot;,return)</favourite>
	<favourite name="[COLOR blue]My Kids[/COLOR]" thumb="http://s6.postimg.org/gpk9zbs01/Ihae6r_JE.jpg">ActivateWindow(10025,&quot;plugin://plugin.video.phstreams/?action=ndmode&amp;audio=0&amp;content=0&amp;fanart=http%3a%2f%2f7-themes.com%2fdata_images%2fout%2f59%2f6973439-beautiful-forest-photos.jpg&amp;image=http%3a%2f%2fs6.postimg.org%2fgpk9zbs01%2fIhae6r_JE.jpg&amp;name=%5bCOLOR%20blue%5dMy%20Kids%5b%2fCOLOR%5d&amp;playable=false&amp;tvshow=0&amp;url=http%3a%2f%2fhonolulu.watchkodi.com%2fPlaylists%2fKids%2520Main.xml&amp;sf_options=fanart%3Dhttp%3A%2F%2F7-themes.com%2Fdata_images%2Fout%2F59%2F6973439-beautiful-forest-photos.jpg%26desc%3DDiscover+Great+Streaming+Playlists%21%26_options_sf&quot;,return)</favourite>
</favourites>