<favourites>
	<favourite name="New In HD" thumb="special://home/addons\plugin.video.VidTime\icon.png">ActivateWindow(10025,&quot;plugin://plugin.video.VidTime/?mode=MOVIES&amp;sf_options=fanart%3Dspecial%3A%2F%2Fhome%2Faddons%5Cplugin.video.VidTime%5Cfanart.jpg%26_options_sf&quot;,return)</favourite>
	<favourite name="Latest Movies" thumb="special://home/addons\plugin.video.origin2\resources\media\gone\moviesAdded.jpg">ActivateWindow(10025,&quot;plugin://plugin.video.origin2/?action=movieWidget&amp;sf_options=fanart%3Dspecial%3A%2F%2Fhome%2Faddons%5Cplugin.video.origin2%5Cresources%5Cmedia%5Cgone%5Cfanart.jpg%26_options_sf&quot;,return)</favourite>
	<favourite name="Trending Movies" thumb="special://home/addons\plugin.video.salts\art\themes\Shine\trending.png">ActivateWindow(10025,&quot;plugin://plugin.video.salts/?mode=trending&amp;section=Movies&amp;sf_options=fanart%3Dspecial%3A%2F%2Fhome%2Faddons%5Cplugin.video.salts%5Cfanart.jpg%26_options_sf&quot;,return)</favourite>
	<favourite name="Trending Movies 2" thumb="special://home/addons\plugin.video.velocity\resources\art\trending.png">ActivateWindow(10025,&quot;plugin://plugin.video.velocity/?media&amp;mode=call_trakt_movies&amp;movie_title&amp;name=Trending&amp;thumb=C%3a%5ckodi%5cportable_data%5caddons%5cplugin.video.velocity%5cresources%5cart%5ctrending.png&amp;trakt_id&amp;url=trending&amp;sf_options=&quot;,return)</favourite>
	<favourite name="" thumb="">PlayMedia(&quot;plugin://plugin.video.none?sf_options=winID%3D10025%26_options_sf&quot;,return)</favourite>
	<favourite name="[COLOR azure]More...[/COLOR]" thumb="special://home/addons\plugin.video.xmovies8\icon.png">ActivateWindow(10025,&quot;plugin://plugin.program.super.favourites/?sf_options=&amp;mode=400&amp;path=special%3A%2F%2Fhome%2Faddons%2Fscript.supafav%2FSuper%20Favourites/Movies%2FRecently Added%5CMore&amp;sf_options=&quot;,return)</favourite>
</favourites>