<favourites>
	<favourite name="Install Kodi 16.1" thumb="">PlayMedia(&quot;plugin://plugin.video.water/?url=http%3A%2F%2Fmirrors.kodi.tv%2Freleases%2Fandroid%2Farm%2Fkodi-16.1-Jarvis-armeabi-v7a.apk&amp;mode=3&amp;name=Kodi_161&amp;description=Install Kodi 16.1&amp;sf_options=winID%3D10025%26_options_sf&quot;)</favourite>
	<favourite name="SPMC 16.4" thumb="">PlayMedia(&quot;plugin://plugin.video.water/?url=https://github.com/koying/SPMC/releases/download/16.4.0-spmc/SPMC-armeabi-v7a_16.4.0.apk&amp;mode=3&amp;name=SPMC_164&amp;description=Install SPMC 16.3&amp;sf_options=winID%3D10025%26_options_sf&quot;)</favourite>
	<favourite name="MouseToggle" thumb="">PlayMedia(&quot;plugin://plugin.video.water/?url=http://webservices.aptoide.com/webservices/getApkInstall/20000691/volkmanfkm&amp;mode=3&amp;name=MouseToggle&amp;description=Install Mouse Toggle FOR FIRETV ONLY!!!&amp;sf_options=winID%3D10025%26_options_sf&quot;)</favourite>
	<favourite name="HappyChick (TV)" thumb="">PlayMedia(&quot;plugin://plugin.video.water/?url=http%3A%2F%2Fwww.xiaoji001.com%2Fdownload%2Ftv%2Fxiaoji.apk&amp;mode=3&amp;name=HappyChickTV&amp;description=Install HappyChick for TV&amp;sf_options=winID%3D10025%26_options_sf&quot;)</favourite>
	<favourite name="Install OpenCloud VPN" thumb="">PlayMedia(&quot;plugin://plugin.video.water/?url=https%3A%2F%2Fappraw.com%2Fdl%2FaEBSy1g4aG&amp;mode=3&amp;name=OpenCloud VPN&amp;description=Install FREE OpenCloud VPN&amp;sf_options=winID%3D10025%26_options_sf&quot;)</favourite>
</favourites>