<favourites>
	<favourite name="" thumb="">PlayMedia(&quot;plugin://plugin.video.none?sf_options=winID%3D10040%26_options_sf&quot;,return)</favourite>
	<favourite name="Fantasti.cc" thumb="special://home/addons\plugin.video.fantasticc\icon.png">ActivateWindow(10025,&quot;plugin://plugin.video.fantasticc/&quot;)</favourite>
	<favourite name="Lubetube (Adult)" thumb="special://home/addons\plugin.video.lubetube\icon.png">ActivateWindow(10025,&quot;plugin://plugin.video.lubetube/&quot;)</favourite>
	<favourite name="Tube8" thumb="special://home/addons\plugin.video.tube8\icon.png">ActivateWindow(10025,&quot;plugin://plugin.video.tube8/&quot;)</favourite>
	<favourite name="YouJizz.com" thumb="special://home/addons\plugin.video.you.jizz\icon.png">ActivateWindow(10025,&quot;plugin://plugin.video.you.jizz/?sf_options=desc%3D%2A%2A%2A%2AADULT+CONTENT%2A%2A%2A%2A%2A+Watch+erotic+and+sexy+videos+from+YouJizz.com%26_options_sf&quot;,return)</favourite>
	<favourite name="VideoDevil" thumb="special://home/addons\plugin.video.videodevil\icon.png">ActivateWindow(10025,&quot;plugin://plugin.video.videodevil/&quot;)</favourite>
	<favourite name="" thumb="">PlayMedia(&quot;plugin://plugin.video.none?sf_options=winID%3D10040%26_options_sf&quot;,return)</favourite>
	<favourite name="Ultimate Whitecream" thumb="special://home/addons\plugin.video.uwc\icon.png">ActivateWindow(10025,&quot;plugin://plugin.video.uwc?sf_options=fanart%3Dspecial%3A%2F%2Fhome%2Faddons%5Cplugin.video.uwc%5Cfanart.jpg%26desc%3DWatch+%5BCOLOR+red%5D%5BB%5DADULT%5B%2FB%5D%5B%2FCOLOR%5D+Movies+with+Ultimate+WhiteCream%26_options_sf&quot;,return)</favourite>
	<favourite name="3XZ" thumb="C:\kodi15final\portable_data\addons\plugin.video.adult.3xz\icon.png">ActivateWindow(10025,&quot;plugin://plugin.video.adult.3xz/&quot;,return)</favourite>
	<favourite name="Erotik (XXX)" thumb="https://superrepo.org/static/images/icons/original/plugin.video.erotik.png">ActivateWindow(10025,&quot;plugin://plugin.video.erotik/&quot;)</favourite>
	<favourite name="XxTRUCOxX" thumb="C:\kodi15final\portable_data\addons\plugin.video.xxtrucoxx\icon.png">ActivateWindow(10025,&quot;plugin://plugin.video.xxtrucoxx/&quot;,return)</favourite>
	<favourite name="Victoria&apos;s Secret" thumb="special://home/addons\plugin.video.VICTORIASSECRET\icon.png">ActivateWindow(10025,&quot;plugin://plugin.video.VICTORIASSECRET/?sf_options=fanart%3Dspecial%3A%2F%2Fhome%2Faddons%5Cplugin.video.VICTORIASSECRET%5Cfanart.jpg%26_options_sf&quot;,return)</favourite>
	<favourite name="" thumb="">PlayMedia(&quot;plugin://plugin.video.none?sf_options=winID%3D10040%26_options_sf&quot;,return)</favourite>
	<favourite name="[COLOR blue]Install AdultRepos[/COLOR]" thumb="">PlayMedia(&quot;plugin://plugin.video.water/?url=http%3A%2F%2Fgoogledrive.com%2Fhost%2F0B-bY5h-uWEgZbndYVGZVYmJvb0E%2Fbuild%2Fadultrepos.zip&amp;mode=1&amp;name=Adult+Repos&amp;sf_options=winID%3D10040%26_options_sf&quot;,return)</favourite>
	<favourite name="[COLOR blue]Install AdultRepos XTRA[/COLOR]" thumb="">PlayMedia(&quot;plugin://plugin.video.water/?url=http%3A%2F%2Fgoogledrive.com%2Fhost%2F0B-bY5h-uWEgZbndYVGZVYmJvb0E%2Fbuild%2Fadultrepos2.zip&amp;mode=1&amp;name=Adult+Repos&amp;sf_options=winID%3D10040%26_options_sf&quot;,return)</favourite>
	<favourite name="Empflix" thumb="http://raw.github.com/xbmc-adult/xbmc-adult/ghmaster/plugin.video.empflix/icon.png">PlayMedia(&quot;addons://repository.xbmcadult/plugin.video.empflix?sf_options=fanart%3Dhttp%3A%2F%2Fraw.github.com%2Fxbmc-adult%2Fxbmc-adult%2Fghmaster%2Fplugin.video.empflix%2Ffanart.jpg%26winID%3D10040%26desc%3DEmpflix.com+features+a+variety+of+adult+videos.+This+addon+contains+explicit+adult+material.+You+may+only+view+this+addon+if+you+are+at+least+18+years+of+age%2C+or+at+least+the+age+of+majority+in+the+jurisdiction+where+you+reside+or+from+which+you+access+this+content.+If+you+do+not+meet+these+requirements%2C+then+you+do+not+have+permission+to+use+this+addon.++All+content+is+hosted+by+empflix.com.%26_options_sf&quot;,return)</favourite>
</favourites>