<favourites>
	<favourite name="Live Games" thumb="DefaultFolder.png">ActivateWindow(10025,&quot;plugin://plugin.video.prosport/?away&amp;home&amp;mode=nba&amp;url&quot;,return)</favourite>
	<favourite name="[COLOR=FFFFFF00][ NBA Archive ][/COLOR]" thumb="DefaultFolder.png">ActivateWindow(10025,&quot;plugin://plugin.video.prosport/?away&amp;home&amp;mode=nbaarch&amp;url&quot;,return)</favourite>
	<favourite name="NBA Full Games" thumb="special://home/addons\plugin.video.nbafullgames\icon.png">ActivateWindow(10025,&quot;plugin://plugin.video.nbafullgames?sf_options=fanart%3Dspecial%3A%2F%2Fhome%2Faddons%5Cplugin.video.nbafullgames%5Cfanart.jpg%26desc%3DWatch+full+NBA+games+available+in+720p%2C+watch+highlights+and+top+plays+from+nba.com+and+more.%26_options_sf&quot;,return)</favourite>
	<favourite name="NBA On-demand" thumb="special://home/addons\plugin.video.nbaondemand\icon.png">ActivateWindow(10025,&quot;plugin://plugin.video.nbaondemand?sf_options=fanart%3Dspecial%3A%2F%2Fhome%2Faddons%5Cplugin.video.nbaondemand%5Cfanart.jpg%26desc%3DVisit+TVADDONS.ag+for+support%26_options_sf&quot;,return)</favourite>
	<favourite name="Teams" thumb="special://home/addons\plugin.video.nbafullgames/resources/media/nba_teams.jpg">ActivateWindow(10025,&quot;plugin://plugin.video.nbafullgames/?foldername=Teams&amp;mode=teams&amp;sf_options=fanart%3Dspecial%3A%2F%2Fhome%2Faddons%5Cplugin.video.nbafullgames%2Ffanart.jpg%26_options_sf&quot;,return)</favourite>
</favourites>