<favourites>
	<favourite name="Movie Channel" thumb="http://www.tastingbeers.com/media/tastings/newreleases_logo.jpg">PlayMedia(&quot;plugin://plugin.video.ccloudtv/?url=http%3A%2F%2F94.23.35.42%2FcCloudTv%2Fparser.php%3Fsurl%3Dhttps%3A%2F%2Fwww.arconaitv.me%2Fmoovaye%2F%7CUser-Agent%3DMozilla%252F5.0%2520%28Windows%2520NT%25206.1%253B%2520WOW64%29%2520AppleWebKit%252F537.36%2520%28KHTML%252C%2520like%2520Gecko%29%2520Chrome%252F47.0.2526.106%2520Safari%252F537.36&amp;mode=1&amp;name=New+Movie+Releases+%28RandomAirTime+24%2F7%29+%28US%29+%28English%29&amp;iconimage=http%3A%2F%2Fwww.tastingbeers.com%2Fmedia%2Ftastings%2Fnewreleases_logo.jpg&amp;sf_options=winID%3D10025%26_options_sf&quot;)</favourite>
	<favourite name="Movies" thumb="DefaultFolder.png">ActivateWindow(10025,&quot;plugin://plugin.video.veetle/?category=10&quot;,return)</favourite>
	<favourite name="[COLOR whitee]Movies Channels[/COLOR]" thumb="special://home/addons\plugin.video.stealthtv\icon.png">ActivateWindow(10025,&quot;plugin://plugin.video.wateriptv/?description&amp;mode=2102&amp;name=%5bCOLOR%20whitee%5dMovies%20Channels%5b%2fCOLOR%5d&amp;url=0&quot;,return)</favourite>
	<favourite name="[COLOR FFFFFFFF]cajunflix123[/COLOR]" thumb="http://cdn.vaughnsoft.com/vaughnsoft/vaughn/img_profiles/cajunflix123_320.jpg">PlayMedia(&quot;plugin://plugin.stream.vaughnlive.tv/?sourcetype=auto&amp;img=http%3A%2F%2Fcdn.vaughnsoft.com%2Fvaughnsoft%2Fvaughn%2Fimg_profiles%2Fcajunflix123_320.jpg&amp;title=cajunflix123&amp;url=http%3A%2F%2Fvaughnlive.tv%2Fcajunflix123&amp;section=&amp;site=&amp;mode=PlayLiveStream&amp;fimg=http%3A%2F%2Fcdn.vaughnsoft.com%2Fvaughnsoft%2Fvaughnlive%2Fimg_backgrounds%2Fcajunflix123.jpg&amp;channel=cajunflix123&amp;sf_options=winID%3D10025%26_options_sf&quot;)</favourite>
	<favourite name="☆ HD MOVIES ☆" thumb="http://d3u3s1yur1h76d.cloudfront.net/production/session-thumbnails-desktop/5686b8c31b2b2/30c8f1e5e45ef4ffd2e37bb580c390c6/5686b8c31b2b2_30c8f1e5e45ef4ffd2e37bb580c390c6_20160523002327_5742afefa2903_42_896x672.jpg">PlayMedia(&quot;plugin://plugin.video.veetle/?channel=5686b8c31b2b2&amp;sf_options=winID%3D10025%26_options_sf&quot;)</favourite>
	<favourite name="[COLOR FFFFFFFF]thebadmoviechannel[/COLOR]" thumb="http://cdn.vaughnsoft.com/vaughnsoft/vaughn/img_profiles/thebadmoviechannel_320.jpg">PlayMedia(&quot;plugin://plugin.stream.vaughnlive.tv/?sourcetype=auto&amp;img=http%3A%2F%2Fcdn.vaughnsoft.com%2Fvaughnsoft%2Fvaughn%2Fimg_profiles%2Fthebadmoviechannel_320.jpg&amp;title=thebadmoviechannel&amp;url=http%3A%2F%2Fvaughnlive.tv%2Fthebadmoviechannel&amp;section=&amp;site=&amp;mode=PlayLiveStream&amp;fimg=http%3A%2F%2Fcdn.vaughnsoft.com%2Fvaughnsoft%2Fvaughnlive%2Fimg_backgrounds%2Fthebadmoviechannel.jpg&amp;channel=thebadmoviechannel&amp;sf_options=winID%3D10025%26_options_sf&quot;)</favourite>
</favourites>