<favourites>
	<favourite name="CNN" thumb="http://www.logospike.com/wp-content/uploads/2014/11/Cnn_logo-3.jpg">ActivateWindow(10025,&quot;plugin://plugin.video.SportsDevil/?item=catcher%3dstreams%26title%3dCNN%2bUSA%26url%3dhttp%253A%252F%252Fwww.shadow-net.org%252Fchannels%252FCNN-USA.html%26cfg%3dshadownet.ro.cfg%2540Channels%26videoTitle%3dCNN%2bUSA%26director%3dShadowNet.ro%26genre%3dLive%2bTV%26referer%3dhttp%253A%252F%252Fwww.shadow-net.org%252Fchannels%252FCNN-USA.html%26definedIn%3dshadownet.ro.cfg%26icon.tmp%3dhttp%253A%252F%252Fwww.shadow-net.org%252Fproduct_images%252Fp%252F470%252Fcnn_usa__34139_thumb.jpg%26type%3drss%26icon%3dhttp%253A%252F%252Fwww.shadow-net.org%252Fproduct_images%252Fp%252F470%252Fcnn_usa__34139_thumb.jpg%257CReferer%253Dhttp%253A%252F%252Fwww.shadow-net.org%252F%2526User-Agent%253DMozilla%252F5.0%2b%2528Windows%2bNT%2b6.3%2529%2bAppleWebKit%252F537.36%2b%2528KHTML%252C%2blike%2bGecko%2529%2bChrome%252F53.0.2785.143%2bSafari%252F537.36&amp;mode=1&quot;,return)</favourite>
	
	<--! favourite name="CNN Backup" thumb="http://www.logospike.com/wp-content/uploads/2014/11/Cnn_logo-3.jpg">PlayMedia(&quot;plugin://plugin.video.SportsDevil/?mode=1&amp;item=catcher%3dstreams%26url=http://www.zahitvstation.com/watch-cnn-usa-live%26referer=referer=http://www.zahitvstation.com/&quot;)</favourite>
	<favourite name="CNN Backup" thumb="http://www.logospike.com/wp-content/uploads/2014/11/Cnn_logo-3.jpg">ActivateWindow(10025,&quot;plugin://plugin.video.youtube/kodion/search/query/?event_type=live&amp;q=cnn%20live&amp;search_type=video&quot;)</favourite>
	
	<favourite name="FOX News" thumb="https://lh6.ggpht.com/bmdvWGTQ5xyA07ZRU_gf_RW8MQX8Oo1u8opdwg-FDmWn5OFEaq7Nt1KkwbVnX4TLV_g=w175">PlayMedia(&quot;plugin://plugin.stream.vaughnlive.tv/?sourcetype=auto&amp;title=newzviewz&amp;url=http%3A%2F%2Fvaughnlive.tv%2Fnewzviewz&amp;section=&amp;site=&amp;mode=PlayLiveStream&amp;channel=newzviewz&amp;sf_options=winID%3D10025%26_options_sf&quot;)</favourite>
	<favourite name="MSNBC" thumb="http://1.bp.blogspot.com/-fy7j--ZE8K4/Uh4cd91UwpI/AAAAAAAABSM/_ZjWWEzQGA4/s1600/b5dbe762edb52ced8189c1ec33f3662d.jpeg">PlayMedia(&quot;http://tvemsnbc-lh.akamaihd.net/i/nbcmsnbc_1@122532/master.m3u8?sf_options=winID%3D10025%26_options_sf&quot;)</favourite>
	<favourite name="CNBC" thumb="http://a1.mzstatic.com/au/r30/Purple60/v4/c5/82/34/c58234c1-ad83-f3e6-465d-7010c2b38bb9/icon175x175.jpeg">PlayMedia(&quot;plugin://plugin.video.ccloudtv/?url=http%3A%2F%2F94.23.35.42%2FcCloudTv%2Fparser.php%3Fsurl%3Dhttps%3A%2F%2Fwww.arconaitv.me%2Fseenbeesee%2F%7CUser-Agent%3DMozilla%252F5.0%2520%28Windows%2520NT%25206.1%253B%2520WOW64%29%2520AppleWebKit%252F537.36%2520%28KHTML%252C%2520like%2520Gecko%29%2520Chrome%252F47.0.2526.106%2520Safari%252F537.36&amp;mode=1&amp;name=CNBC&amp;iconimage=&amp;sf_options=winID%3D10025%26_options_sf&quot;,return)</favourite>
	<favourite name="CBS News" thumb="http://buysmarttvbox.com/wp-content/uploads/2015/01/cbsn_news_live2.jpg">PlayMedia(&quot;http://cbsnews-linear.mdialog.com/video_assets/cbsnews.m3u8?api_key=563b80c1ae4ce359830f572d2496a947&amp;iu=/8264/vaw-can/mobile_web/index_4000_av-p.m3u8?sd=10&amp;rebase=on&amp;sf_options=winID%3D10025%26_options_sf&quot;)</favourite>
	<favourite name="Bloomberg" thumb="http://cdn.marketplaceimages.windowsphone.com/v8/images/b72e664a-887b-4373-9a8c-8261a7ddece8?imageType=ws_icon_large">PlayMedia(&quot;http://cdn3.videos.bloomberg.com/btv/us/master.m3u8?sf_options=winID%3D10025%26_options_sf&quot;)</favourite>
	<--! favourite name="HLN" thumb="http://modelalliance.org/wp-content/gallery/press-2012/press_hln_logo-svg_.png">PlayMedia(&quot;rtmp://argos.cdn.newschat.tv/edge playpath=hln_live swfUrl=http://newschat.tv/player.swf live=1  pageUrl=http://www.livenewschat.eu/twoons/ ?sf_options=winID%3D10025%26_options_sf&quot;)</favourite>
	<favourite name="Local News" thumb="http://www.pringlepa.us/images/local.jpg">ActivateWindow(10025,&quot;plugin://plugin.program.super.favourites/?folder=News/.Local News&quot;,return)</favourite>
	<favourite name="World News" thumb="https://lh6.ggpht.com/dQRtm2IQi-73qRiQTfQtTiCU5cfnjNlBtTsi1qn0pq83pKCXR71299eMXryq89KLUtvl=w300">ActivateWindow(10025,&quot;plugin://plugin.program.super.favourites/?label=World News&amp;mode=400&amp;folder=News%2FWorld%20News&amp;sf_options=fanart%3Dspecial%3A%2F%2Fhome%2Faddons%5Cplugin.program.super.favourites%5Cfanart.jpg%26_options_sf&quot;)</favourite>
	<favourite name="More" thumb="https://cdn4.iconfinder.com/data/icons/juicyfruit_by_salleedesign/256x256/more.png">ActivateWindow(10025,&quot;plugin://plugin.program.super.favourites/?label=More&amp;mode=400&amp;folder=News%2FMore&amp;sf_options=fanart%3Dspecial%3A%2F%2Fhome%2Faddons%5Cplugin.program.super.favourites%5Cfanart.jpg%26_options_sf&quot;)</favourite>
</favourites>