<favourites>
	<favourite name="IPTV Sports" thumb="DefaultFolder.png">ActivateWindow(10025,&quot;plugin://plugin.video.ZemTV-shani/?mode=46&amp;name=IPTV%20Sports&amp;url=sss&quot;,return)</favourite>
	<favourite name="[COLOR blue]SportsDevil[/COLOR]" thumb="http://icons.iconarchive.com/icons/pixelpirate/futurama/128/Robot-Devil-icon.png">ActivateWindow(10025,&quot;plugin://plugin.video.SportsDevil/?sf_options=fanart%3Dspecial%3A%2F%2Fhome%2Faddons%5Cplugin.video.SportsDevil%5Cfanart.jpg%26_options_sf&quot;)</favourite>
	<favourite name="[COLOR salmon]Turk&apos;s Sports[/COLOR]" thumb="http://metalkettle.co/UKTurk2/thumbs/UK TURK sports.jpg">ActivateWindow(10025,&quot;plugin://plugin.video.ukturk/?description&amp;iconimage=http%3a%2f%2fmetalkettle.co%2fUKTurk2%2fthumbs%2fUK%20TURK%20sports.jpg&amp;mode=1&amp;name=Sports&amp;url=http%3a%2f%2fmetalkettle.co%2fUKTurk2%2fSportsList.txt&amp;sf_options=fanart%3Dspecial%3A%2F%2Fhome%2Faddons%5Cplugin.video.ukturk%5Cfanart.jpg%26_options_sf&quot;,return)</favourite>
	<favourite name="[COLOR darkgreen]Pak Sports[/COLOR]" thumb="http://cdnimg.dynns.com/iptvpanelnew/prog_data/thumbs/2c3279b0b059b2665593834a264d7de6sportsBigTV.jpg">ActivateWindow(10025,&quot;plugin://plugin.video.pakindia/?iconimage=http%3a%2f%2fcdnimg.dynns.com%2fiptvpanelnew%2fprog_data%2fthumbs%2f2c3279b0b059b2665593834a264d7de6sportsBigTV.jpg&amp;mode=1&amp;name=Sports&amp;url=Sports&quot;,return)</favourite>
	<favourite name="MoneySports" thumb="special://home/addons\plugin.video.MoneySports\icon.png">ActivateWindow(10025,&quot;plugin://plugin.video.MoneySports/&quot;,return)</favourite>
</favourites>