<favourites>
	<favourite name="Relax" thumb="http://a1.mzstatic.com/us/r30/Purple/v4/6f/c1/41/6fc141b5-b7e6-361d-8273-ad78b7daf48c/icon128-2x.png">PlayMedia(&quot;plugin://plugin.video.youtube/play/?playlist_id=PL4166A6B67CF5C6AE&quot;)</favourite>
	<favourite name="Documentaries" thumb="https://solutionsmedia.cbcrc.ca/Pictures/chaineslogos/CBC_documentary_blanc_15.png">ActivateWindow(10025,&quot;plugin://plugin.program.super.favourites/?label=[COLOR azure]Documentaries[/COLOR]&amp;mode=400&amp;path=special%3A%2F%2Fhome%2Faddons%2Fscript.supafav%2FSuper%20Favourites%5Cmore%5CDocumentaries&amp;sf_options=fanart%3DNULL%26_options_sf&quot;)</favourite>
	<favourite name="KidsTV" thumb="http://icons.iconarchive.com/icons/martin-berube/people/256/kid-icon.png">ActivateWindow(10025,&quot;plugin://plugin.program.super.favourites/?label=KidsTV&amp;mode=400&amp;path=special%3A%2F%2Fhome%2Faddons%2Fscript.supafav%2FSuper%20Favourites%5Cmore%5CKidsTV&amp;sf_options=fanart%3Dhttp%3A%2F%2Fwallcomphd.com%2Fwp-content%2Fuploads%2F2015%2F06%2F3D-The-Hunger-Games-Mockingjay-Logo-Wallpaper.jpg%26_options_sf&quot;,return)</favourite>
	<favourite name="Stand-Up" thumb="https://lh6.ggpht.com/JH8vf9T54XQET1h-BgpvZrXedGkWEqG-K9DSgf_TXlU2r0WpM3NlZ817a3F9Ch83aBg=w300">ActivateWindow(10025,&quot;plugin://plugin.video.phstreams/?action=directory&amp;url=http%3a%2f%2fone242415.offshorepastebin.com%2fCollections%2fStandup.xml&quot;,return)</favourite>
	<favourite name="Education" thumb="http://engtalks.com/wp-content/uploads/2013/02/how.png">ActivateWindow(10025,&quot;plugin://plugin.program.super.favourites/?label=Education&amp;mode=400&amp;path=special%3A%2F%2Fhome%2Faddons%2Fscript.supafav%2FSuper%20Favourites%5Cmore%5CEducation&amp;sf_options=fanart%3DNULL%26_options_sf&quot;,return)</favourite>
	<favourite name="Tech News" thumb="http://icons.iconarchive.com/icons/chrisbanks2/cold-fusion-hd/128/cpu-icon.png">ActivateWindow(10025,&quot;plugin://plugin.program.super.favourites/?label=Education&amp;mode=400&amp;path=special%3A%2F%2Fhome%2Faddons%2Fscript.supafav%2FSuper%20Favourites%5Cmore%5CTech News&amp;sf_options=fanart%3DNULL%26_options_sf&quot;,return)</favourite>
	<favourite name="Music" thumb="http://icons.iconarchive.com/icons/wwalczyszyn/iwindows/128/Music-Library-icon.png">ActivateWindow(10025,&quot;plugin://plugin.program.super.favourites/?label=Music&amp;mode=400&amp;path=special%3A%2F%2Fhome%2Faddons%2Fscript.supafav%2FSuper%20Favourites%5Cmore%5CMusic&amp;sf_options=fanart%3Dspecial%3A%2F%2Fhome%2Faddons%5Cplugin.audio.jango%5Cfanart.jpg%26desc%3DMusic+Here%26_options_sf&quot;)</favourite>
	<favourite name="WasteTime" thumb="http://www.pokerdiy.com/Portals/_default/Skins/Flatna2/img/icons/Time@2x.png">ActivateWindow(10025,&quot;plugin://plugin.program.super.favourites/?label=WasteTime&amp;mode=400&amp;path=special%3A%2F%2Fhome%2Faddons%2Fscript.supafav%2FSuper%20Favourites%5Cmore%5CWasteTime&amp;sf_options=fanart%3DNULL%26_options_sf&quot;,return)</favourite>
	<favourite name="Library" thumb="http://icons.iconarchive.com/icons/vargas21/aquave-metal/512/Movies-icon.png">ActivateWindow(10025,&quot;plugin://plugin.program.super.favourites/?label=Library&amp;mode=400&amp;folder=more%2FLibrary&amp;sf_options=fanart%3DNULL%26_options_sf&quot;)</favourite>
	<favourite name="Android apps" thumb="http://www.itscanfixthat.com/wp-content/uploads/2013/02/icon-android.png">ActivateWindow(10001,&quot;androidapp://sources/apps/&quot;,return)</favourite>
	<favourite name="Settings" thumb="http://icons.iconarchive.com/icons/walrick/openphone/256/Settings-icon.png">ActivateWindow(10025,&quot;plugin://plugin.program.super.favourites/?mode=400&amp;path=special%3A%2F%2Fhome%2Faddons%2Fscript.supafav%2FSuper%20Favourites/More/Settings&amp;sf_options=&quot;,return)</favourite>
	<favourite name="" thumb="">ActivateWindow(10025,&quot;plugin://plugin.program.null/&quot;,return)</favourite>
	<favourite name="" thumb="">ActivateWindow(10025,&quot;plugin://plugin.program.null/&quot;,return)</favourite>
	<favourite name="" thumb="">ActivateWindow(10025,&quot;plugin://plugin.program.null/&quot;,return)</favourite>
	<favourite name="" thumb="">ActivateWindow(10025,&quot;plugin://plugin.program.null/&quot;,return)</favourite>
	<favourite name="" thumb="">ActivateWindow(10025,&quot;plugin://plugin.program.null/&quot;,return)</favourite>
	<favourite name="" thumb="">ActivateWindow(10025,&quot;plugin://plugin.program.null/&quot;,return)</favourite>
	<favourite name="Restricted Zone" thumb="http://www.dendy.com.au/images/ratings/R18.png">ActivateWindow(10025,&quot;plugin://plugin.program.super.favourites/?sf_options=&amp;mode=400&amp;path=special%3A%2F%2Fhome%2Faddons%2Fscript.supafav%2FSuper%20Favourites/More/xAdult&amp;sf_options=&quot;,return)</favourite>
	<favourite name="TESTING" thumb="special://home/addons\plugin.video.yt-cook\icon.png">ActivateWindow(10025,&quot;plugin://plugin.program.super.favourites/?label=TESTING&amp;mode=400&amp;folder=more%2FTESTING&amp;sf_options=fanart%3Dspecial%3A%2F%2Fhome%2Faddons%5Cplugin.video.yt-cook%5Cfanart.jpg%26_options_sf&quot;)</favourite>
</favourites>