<favourites>
	<favourite name="Music" thumb="http://icons.iconarchive.com/icons/wwalczyszyn/iwindows/128/Music-Library-icon.png">ActivateWindow(10025,&quot;plugin://plugin.program.super.favourites/?label=Music&amp;mode=400&amp;path=special%3A%2F%2Fhome%2Faddons%2Fscript.supafav%2FSuper%20Favourites%5Cmore%5CMusic&amp;sf_options=fanart%3Dspecial%3A%2F%2Fhome%2Faddons%5Cplugin.audio.jango%5Cfanart.jpg%26_options_sf&quot;)</favourite>
	<favourite name="KidsTV" thumb="http://icons.iconarchive.com/icons/martin-berube/people/256/kid-icon.png">ActivateWindow(10025,&quot;plugin://plugin.program.super.favourites/?label=KidsTV&amp;mode=400&amp;path=special%3A%2F%2Fhome%2Faddons%2Fscript.supafav%2FSuper%20Favourites%5Cmore%5CKidsTV&amp;sf_options=fanart%3Dhttp%3A%2F%2Fwallcomphd.com%2Fwp-content%2Fuploads%2F2015%2F06%2F3D-The-Hunger-Games-Mockingjay-Logo-Wallpaper.jpg%26_options_sf&quot;)</favourite>
	<favourite name="Education" thumb="http://googledrive.com/host/0B-bY5h-uWEgZQVJQZ0lzUTdBeFE/icons/apps/learning.png">ActivateWindow(10025,&quot;plugin://plugin.program.super.favourites/?label=Education&amp;mode=400&amp;path=special%3A%2F%2Fhome%2Faddons%2Fscript.supafav%2FSuper%20Favourites%5Cmore%5CEducation&amp;sf_options=fanart%3DNULL%26_options_sf&quot;)</favourite>
	<favourite name="[COLOR azure]Documentaries[/COLOR]" thumb="http://www.economicreason.com/wp-content/uploads/2012/09/documentary-genre.jpg">ActivateWindow(10025,&quot;plugin://plugin.program.super.favourites/?label=[COLOR azure]Documentaries[/COLOR]&amp;mode=400&amp;path=special%3A%2F%2Fhome%2Faddons%2Fscript.supafav%2FSuper%20Favourites%5Cmore%5CDocumentaries&amp;sf_options=fanart%3DNULL%26_options_sf&quot;)</favourite>
	<favourite name="Relax" thumb="http://a1.mzstatic.com/us/r30/Purple/v4/6f/c1/41/6fc141b5-b7e6-361d-8273-ad78b7daf48c/icon128-2x.png">ActivateWindow(10025,&quot;plugin://plugin.program.super.favourites/?sf_options=&amp;mode=400&amp;path=special%3A%2F%2Fhome%2Faddons%2Fscript.supafav%2FSuper%20Favourites/More/Relax&amp;sf_options=&quot;,return)</favourite>
	<favourite name="4K" thumb="http://cineblur.com/wp-content/uploads/2015/04/4K-logo.png">ActivateWindow(10025,&quot;plugin://plugin.video.dnatv/&amp;?genre_id=15&amp;genre_name=4k&amp;mode=channels&amp;portal=%7b%22name%22%3a%20%22Enter%20DNA%20TV%22%2c%20%22parental%22%3a%20%22true%22%2c%20%22url%22%3a%20%22http%3a%2f%2fmw1.iptv66.tv%22%2c%20%22mac%22%3a%20%2200%3a1A%3a78%3a24%3a24%3a24%22%2c%20%22serial%22%3a%20%7b%22custom%22%3a%20false%7d%2c%20%22password%22%3a%20%221234%22%7d&quot;,return)</favourite>
	<favourite name="WasteTime" thumb="http://www.pokerdiy.com/Portals/_default/Skins/Flatna2/img/icons/Time@2x.png">ActivateWindow(10025,&quot;plugin://plugin.program.super.favourites/?label=WasteTime&amp;mode=400&amp;path=special%3A%2F%2Fhome%2Faddons%2Fscript.supafav%2FSuper%20Favourites%5Cmore%5CWasteTime&amp;sf_options=fanart%3DNULL%26_options_sf&quot;)</favourite>
	<favourite name="Weather" thumb="http://googledrive.com/host/0B-bY5h-uWEgZQVJQZ0lzUTdBeFE/icons/apps/weather.png">ActivateWindow(weather)</favourite>
	<favourite name="YouTube" thumb="http://www.usacapitol.com/SiteAssets/stay-connected/youtube-logo.png">ActivateWindow(10025,&quot;plugin://plugin.video.youtube/&quot;,return)</favourite>
	<favourite name="" thumb="">ActivateWindow(10025,&quot;plugin://plugin.program.null/&amp;sf_options=&quot;,return)</favourite>
	<favourite name="Settings" thumb="http://googledrive.com/host/0B-bY5h-uWEgZQVJQZ0lzUTdBeFE/icons/settings.png">ActivateWindow(10025,&quot;plugin://plugin.program.super.favourites/?sf_options=&amp;mode=400&amp;path=special%3A%2F%2Fhome%2Faddons%2Fscript.supafav%2FSuper%20Favourites/More/Settings&amp;sf_options=&quot;,return)</favourite>
	<favourite name="" thumb="">ActivateWindow(10025,&quot;plugin://plugin.program.null/&quot;,return)</favourite>
	<favourite name="" thumb="">ActivateWindow(10025,&quot;plugin://plugin.program.null/&quot;,return)</favourite>
	<favourite name="" thumb="">ActivateWindow(10025,&quot;plugin://plugin.program.null/&quot;,return)</favourite>
	<favourite name="" thumb="">ActivateWindow(10025,&quot;plugin://plugin.program.null/&quot;,return)</favourite>
	<favourite name="Restricted Zone" thumb="http://www.dendy.com.au/images/ratings/R18.png">ActivateWindow(10025,&quot;plugin://plugin.program.super.favourites/?sf_options=&amp;mode=400&amp;path=special%3A%2F%2Fhome%2Faddons%2Fscript.supafav%2FSuper%20Favourites/More/xAdult&amp;sf_options=&quot;,return)</favourite>
</favourites>