<favourites>
<favourite name="The Pink Panther 2" thumb="http://i.adrise.tv/102777_1_1.png">PlayMedia(&quot;plugin://plugin.video.tubitv/?mode=GV&amp;name=The+Pink+Panther+2&amp;url=.%2Fvideo%3Fid%3D301814%26title%3DThe_Pink_Panther_2&amp;sf_options=winID%3D10025%26_options_sf&quot;)</favourite>
	<favourite name="Arctic Tale" thumb="http://i.adrise.tv/64645_1_1.png">PlayMedia(&quot;plugin://plugin.video.tubitv/?mode=GV&amp;name=Arctic+Tale&amp;url=.%2Fvideo%3Fid%3D268506%26title%3DArctic_Tale&amp;sf_options=winID%3D10025%26_options_sf&quot;)</favourite>
	<favourite name="Agent Cody Banks" thumb="http://i.adrise.tv/101392_1_1.png">PlayMedia(&quot;plugin://plugin.video.tubitv/?mode=GV&amp;name=Agent+Cody+Banks&amp;url=.%2Fvideo%3Fid%3D300444%26title%3DAgent_Cody_Banks&amp;sf_options=winID%3D10025%26_options_sf&quot;)</favourite>
	<favourite name="All Dogs Go To Heaven" thumb="http://i.adrise.tv/101393_1_1.png">PlayMedia(&quot;plugin://plugin.video.tubitv/?mode=GV&amp;name=All+Dogs+Go+To+Heaven&amp;url=.%2Fvideo%3Fid%3D300445%26title%3DAll_Dogs_Go_To_Heaven&amp;sf_options=winID%3D10025%26_options_sf&quot;)</favourite>
	<favourite name="Alpha And Omega 3: The Great Wolf Games" thumb="http://i.adrise.tv/100521_1_1.png">PlayMedia(&quot;plugin://plugin.video.tubitv/?mode=GV&amp;name=Alpha+And+Omega+3%3A+The+Great+Wolf+Games&amp;url=.%2Fvideo%3Fid%3D299576%26title%3DAlpha_And_Omega_3%3A_The_Great_Wolf_Games&amp;sf_options=winID%3D10025%26_options_sf&quot;)</favourite>
	<favourite name="Alpha And Omega 2: A Howl-Iday Adventure" thumb="http://i.adrise.tv/100520_1_1.png">PlayMedia(&quot;plugin://plugin.video.tubitv/?mode=GV&amp;name=Alpha+And+Omega+2%3A+A+Howl-Iday+Adventure&amp;url=.%2Fvideo%3Fid%3D299575%26title%3DAlpha_And_Omega_2%3A_A_Howl-Iday_Adventure&amp;sf_options=winID%3D10025%26_options_sf&quot;)</favourite>
	<favourite name="Care Bears: Big Wish Movie" thumb="http://i.adrise.tv/102262_1_1.png">PlayMedia(&quot;plugin://plugin.video.tubitv/?mode=GV&amp;name=Care+Bears%3A+Big+Wish+Movie&amp;url=.%2Fvideo%3Fid%3D301321&amp;sf_options=winID%3D10025%26_options_sf&quot;)</favourite>
	<favourite name="The Amazing Feats of Young Hercules" thumb="http://i.adrise.tv/11045_1_1.png">PlayMedia(&quot;plugin://plugin.video.tubitv/?mode=GV&amp;name=The+Amazing+Feats+of+Young+Hercules&amp;url=.%2Fvideo%3Fid%3D178070%26title%3DThe_Amazing_Feats_of_Young_Hercules&amp;sf_options=winID%3D10025%26_options_sf&quot;)</favourite>
	<favourite name="The Secret of Anastasia" thumb="http://i.adrise.tv/11053_1_1.png">PlayMedia(&quot;plugin://plugin.video.tubitv/?mode=GV&amp;name=The+Secret+of+Anastasia&amp;url=.%2Fvideo%3Fid%3D178076%26title%3DThe_Secret_of_Anastasia&amp;sf_options=winID%3D10025%26_options_sf&quot;)</favourite>
	
	<favourite name="Baby Geniuses and the Mystery of the Crown Jewels" thumb="http://i.adrise.tv/90992_1_1.png">PlayMedia(&quot;plugin://plugin.video.tubitv/?mode=GV&amp;name=Baby+Geniuses+and+the+Mystery+of+the+Crown+Jewels&amp;url=.%2Fvideo%3Fid%3D289783%26title%3DBaby_Geniuses_and_the_Mystery_of_the_Crown_Jewels&amp;sf_options=winID%3D10025%26_options_sf&quot;)</favourite>
	<favourite name="Angus, Thongs and Perfect Snogging" thumb="http://i.adrise.tv/73769_1_1.png">PlayMedia(&quot;plugin://plugin.video.tubitv/?mode=GV&amp;name=Angus%2C+Thongs+and+Perfect+Snogging&amp;url=.%2Fvideo%3Fid%3D273559%26title%3DAngus%2C_Thongs_and_Perfect_Snogging&amp;sf_options=winID%3D10025%26_options_sf&quot;)</favourite>
	<favourite name="Masters of the Universe" thumb="http://i.adrise.tv/64671_1_1.png">PlayMedia(&quot;plugin://plugin.video.tubitv/?mode=GV&amp;name=Masters+of+the+Universe&amp;url=.%2Fvideo%3Fid%3D268532%26title%3DMasters_of_the_Universe&amp;sf_options=winID%3D10025%26_options_sf&quot;)</favourite>
	<favourite name="Clockstoppers" thumb="http://i.adrise.tv/64653_1_1.png">PlayMedia(&quot;plugin://plugin.video.tubitv/?mode=GV&amp;name=Clockstoppers&amp;url=.%2Fvideo%3Fid%3D268514%26title%3DClockstoppers&amp;sf_options=winID%3D10025%26_options_sf&quot;)</favourite>
	<favourite name="Crocodile Dundee in Los Angeles" thumb="http://i.adrise.tv/64654_1_1.png">PlayMedia(&quot;plugin://plugin.video.tubitv/?mode=GV&amp;name=Crocodile+Dundee+in+Los+Angeles&amp;url=.%2Fvideo%3Fid%3D268515%26title%3DCrocodile_Dundee_in_Los_Angeles&amp;sf_options=winID%3D10025%26_options_sf&quot;)</favourite>
	<favourite name="Return Of The Pink Panther" thumb="http://i.adrise.tv/101411_1_1.png">PlayMedia(&quot;plugin://plugin.video.tubitv/?mode=GV&amp;name=Return+Of+The+Pink+Panther&amp;url=.%2Fvideo%3Fid%3D300463%26title%3DReturn_Of_The_Pink_Panther&amp;sf_options=winID%3D10025%26_options_sf&quot;)</favourite>
	<favourite name="Soccer Mom" thumb="http://i.adrise.tv/84076_1_1.png">PlayMedia(&quot;plugin://plugin.video.tubitv/?mode=GV&amp;name=Soccer+Mom&amp;url=.%2Fvideo%3Fid%3D283998%26title%3DSoccer_Mom&amp;sf_options=winID%3D10025%26_options_sf&quot;)</favourite>
	<favourite name="[COLOR blue]Inspector Gadget[/COLOR]" thumb="http://imghost.device.screenmedia.net/playlist_images/Inspector Gadget_214x306.jpg">ActivateWindow(10025,&quot;plugin://plugin.video.popcornflix/?mode=GM&amp;url=%2fseries%2f40754056-30ab-e98c-e9db-0b16c51b3b89&quot;,return)</favourite>
	<favourite name="[COLOR blue]Sonic the Hedgehog[/COLOR]" thumb="http://imghost.device.screenmedia.net/playlist_images/SonictheHedgehog_SeriesArt_214x306.jpg">ActivateWindow(10025,&quot;plugin://plugin.video.popcornflix/?mode=GM&amp;url=%2fseries%2f6991946c-4a14-6736-1a00-7da87ca29636&quot;,return)</favourite>
	<favourite name="[COLOR blue]Legend of Zelda[/COLOR]" thumb="http://imghost.device.screenmedia.net/playlist_images/Zelda_SeriesArt_214x306.jpg">ActivateWindow(10025,&quot;plugin://plugin.video.popcornflix/?mode=GM&amp;url=%2fseries%2ff3a2c41a-70bd-00be-d434-64443a9146f0&quot;,return)</favourite>
	<favourite name="[COLOR blue]Adventures of Sonic the Hedgehog[/COLOR]" thumb="http://imghost.device.screenmedia.net/playlist_images/AdventuresOfSonic_SeriesArt_214x306.jpg">ActivateWindow(10025,&quot;plugin://plugin.video.popcornflix/?mode=GM&amp;url=%2fseries%2f186689f2-fd78-4823-d403-6d408ea3747f&quot;,return)</favourite>
	<favourite name="Popeyes Greatest Tall Tales and Heroic Adventures" thumb="http://imghost.device.screenmedia.net/34097_Popeye-GreatestTallTales_214x306.jpg">PlayMedia(&quot;plugin://plugin.video.popcornflix/?url=ce21e53d-fa59-4483-a01f-9f5ac34f091b&amp;mode=GV&amp;sf_options=winID%3D10025%26_options_sf&quot;)</favourite>
	<favourite name="When Popeye Ruled the World" thumb="http://imghost.device.screenmedia.net/442aeb19-19f1-4241-bc96-d7c4bc38cbb1-1391713962.jpg">PlayMedia(&quot;plugin://plugin.video.popcornflix/?url=442aeb19-19f1-4241-bc96-d7c4bc38cbb1&amp;mode=GV&amp;sf_options=winID%3D10025%26_options_sf&quot;)</favourite>
	<favourite name="Kidz Bop Dance Moves" thumb="http://imghost.device.screenmedia.net/32902_KidzBop_214x306.jpg">PlayMedia(&quot;plugin://plugin.video.popcornflix/?url=7391e45d-b819-406e-ae60-fd79dad42dbd&amp;mode=GV&amp;sf_options=winID%3D10025%26_options_sf&quot;)</favourite>
	<favourite name="Mee-Shee the Water Giant" thumb="http://imghost.device.screenmedia.net/8dd3baad-831d-4fef-ac95-5b393151ac42-1391713902.jpg">PlayMedia(&quot;plugin://plugin.video.popcornflix/?url=8dd3baad-831d-4fef-ac95-5b393151ac42&amp;mode=GV&amp;sf_options=winID%3D10025%26_options_sf&quot;)</favourite>
	<favourite name="Jack and the Beanstalk" thumb="http://imghost.device.screenmedia.net/23322_JackandtheBeanstalk214x306.jpg">PlayMedia(&quot;plugin://plugin.video.popcornflix/?url=0233140b-fc8d-4081-98cf-856b74d23b30&amp;mode=GV&amp;sf_options=winID%3D10025%26_options_sf&quot;)</favourite>
	<favourite name="Cinderella" thumb="http://imghost.device.screenmedia.net/31907_Cindrella_214x306.jpg">PlayMedia(&quot;plugin://plugin.video.popcornflix/?url=dfccdac0-e208-44e5-8dc7-62a0ba18f379&amp;mode=GV&amp;sf_options=winID%3D10025%26_options_sf&quot;)</favourite>
	<favourite name="Fishtales" thumb="http://imghost.device.screenmedia.net/c81a93b8-553b-4a95-81d3-51b9fce231e1-1338569806.jpg">PlayMedia(&quot;plugin://plugin.video.popcornflix/?url=c81a93b8-553b-4a95-81d3-51b9fce231e1&amp;mode=GV&amp;sf_options=winID%3D10025%26_options_sf&quot;)</favourite>
	<favourite name="Storybook Classics -  Peter Pan" thumb="http://imghost.device.screenmedia.net/34101_PeterPan_214x306.jpg">PlayMedia(&quot;plugin://plugin.video.popcornflix/?url=cba8e528-b5da-48ce-beb4-c2a98b8de1f9&amp;mode=GV&amp;sf_options=winID%3D10025%26_options_sf&quot;)</favourite>
	<favourite name="Popeye -  Fists of Fury" thumb="http://imghost.device.screenmedia.net/34095_PopeyeFistsOfFury_214x306.jpg">PlayMedia(&quot;plugin://plugin.video.popcornflix/?url=aca87f46-010b-46e8-841f-d4aa8567f250&amp;mode=GV&amp;sf_options=winID%3D10025%26_options_sf&quot;)</favourite>
	<favourite name="Karate Dog" thumb="http://imghost.device.screenmedia.net/46508_KarateDog_214x306.jpg">PlayMedia(&quot;plugin://plugin.video.popcornflix/?url=cefae7d9-e7d0-4986-b4c2-71d3733008ac&amp;mode=GV&amp;sf_options=winID%3D10025%26_options_sf&quot;)</favourite>
	<favourite name="Angel Dog" thumb="http://imghost.device.screenmedia.net/28809_AngelDog_214x306.jpg">PlayMedia(&quot;plugin://plugin.video.popcornflix/?url=881361cd-860f-4380-85fc-7665a55d42c7&amp;mode=GV&amp;sf_options=winID%3D10025%26_options_sf&quot;)</favourite>
	<favourite name="Noah s Magic Ark" thumb="http://imghost.device.screenmedia.net/34103_NoahsMagicArk_214x306.jpg">PlayMedia(&quot;plugin://plugin.video.popcornflix/?url=f12b5c80-5ce8-4f9e-8bff-056666cb5797&amp;mode=GV&amp;sf_options=winID%3D10025%26_options_sf&quot;)</favourite>
	<favourite name="Aladdin" thumb="http://imghost.device.screenmedia.net/31886_Aladdin_214x306.jpg">PlayMedia(&quot;plugin://plugin.video.popcornflix/?url=107b271f-3691-44cd-a9c6-a72d726a0fe2&amp;mode=GV&amp;sf_options=winID%3D10025%26_options_sf&quot;)</favourite>
	<favourite name="Alice in Wonderland" thumb="http://imghost.device.screenmedia.net/32856_AliceinWonderland_214x306.jpg">PlayMedia(&quot;plugin://plugin.video.popcornflix/?url=439b2eaa-6aed-4c7e-9f39-611048212190&amp;mode=GV&amp;sf_options=winID%3D10025%26_options_sf&quot;)</favourite>
	<favourite name="The Little Mermaid" thumb="http://imghost.device.screenmedia.net/31948_LittleMermaid_214x306.jpg">PlayMedia(&quot;plugin://plugin.video.popcornflix/?url=feb0202a-a958-4581-8aa3-25136fbbdda0&amp;mode=GV&amp;sf_options=winID%3D10025%26_options_sf&quot;)</favourite>
	<favourite name="The Minis" thumb="https://snagfilms-a.akamaihd.net/e7/66/34adf11f4eb58be789f17f5c8a96/theminis-214x317.jpg">PlayMedia(&quot;plugin://plugin.video.snagfilms/?url=1c0846b0-d596-11e0-a4b0-1231391d338d&amp;mode=GV&amp;sf_options=winID%3D10025%26_options_sf&quot;)</favourite>
	<favourite name="Benji" thumb="https://snagfilms-a.akamaihd.net/84/f0/2198176846b8b36945f29ef2c19b/benjioriginal-214x317.jpg">PlayMedia(&quot;plugin://plugin.video.snagfilms/?url=f2c334b0-d318-11e0-b463-1231391d338d&amp;mode=GV&amp;sf_options=winID%3D10025%26_options_sf&quot;)</favourite>
	<favourite name="The Nutcracker" thumb="https://snagfilms-a.akamaihd.net/8d/48/261f3f034368a979b6f7ea612f61/nutcracker-214x317.jpg">PlayMedia(&quot;plugin://plugin.video.snagfilms/?url=6ff5e160-d5a5-11e0-a4b0-1231391d338d&amp;mode=GV&amp;sf_options=winID%3D10025%26_options_sf&quot;)</favourite>
	<favourite name="Mandie and the Secret Tunnel" thumb="https://snagfilms-a.akamaihd.net/ba/cf/f6c528134d9794eaff549c9fb5de/mandieandthesecrettunnel-214x317.jpg">PlayMedia(&quot;plugin://plugin.video.snagfilms/?url=0000014a-e956-d934-abde-ed767d7e0000&amp;mode=GV&amp;sf_options=winID%3D10025%26_options_sf&quot;)</favourite>
	</favourites>