<favourites>
	<favourite name="Android apps" thumb="http://www.itscanfixthat.com/wp-content/uploads/2013/02/icon-android.png">ActivateWindow(10001,&quot;androidapp://sources/apps/&quot;,return)</favourite>
	<favourite name="Aptoide TV" thumb="androidapp://sources/apps/cm.aptoidetv.pt.png">StartAndroidActivity(&quot;cm.aptoidetv.pt&quot;)</favourite>
	<favourite name="TeamViewer" thumb="androidapp://sources/apps/com.teamviewer.quicksupport.market.png">StartAndroidActivity(&quot;com.teamviewer.quicksupport.market&quot;)</favourite>
	<favourite name="Browser" thumb="androidapp://sources/apps/com.android.browser.png">StartAndroidActivity(&quot;com.android.browser&quot;)</favourite>
	<favourite name="YouTube" thumb="androidapp://sources/apps/com.google.android.youtube.png">StartAndroidActivity(&quot;com.google.android.youtube&quot;)</favourite>
	<favourite name="YouTube" thumb="androidapp://sources/apps/com.google.android.youtube.tv.png">StartAndroidActivity(&quot;com.google.android.youtube.tv&quot;)</favourite>
	<favourite name="Google Now Launcher" thumb="androidapp://sources/apps/com.google.android.launcher.png">StartAndroidActivity(&quot;com.google.android.launcher&quot;)</favourite>
	<favourite name="Aptoide" thumb="androidapp://sources/apps/cm.aptoide.pt.png">StartAndroidActivity(&quot;cm.aptoide.pt&quot;)</favourite>
</favourites>