<favourites>
	<favourite name="My Subscriptions" thumb="special://home/addons\plugin.video.youtube\resources\media\new_uploads.png">ActivateWindow(10025,&quot;plugin://plugin.video.youtube/special/new_uploaded_videos_tv/?&quot;,return)</favourite>
	<favourite name="My Channel" thumb="special://home/addons\plugin.video.youtube\resources\media\channel.png">ActivateWindow(10025,&quot;plugin://plugin.video.youtube/channel/mine/?&quot;,return)</favourite>
	<favourite name="Subscriptions" thumb="special://home/addons\plugin.video.youtube\resources\media\channels.png">ActivateWindow(10025,&quot;plugin://plugin.video.youtube/subscriptions/list/?&quot;,return)</favourite>
	<favourite name="Playlists" thumb="special://home/addons\plugin.video.youtube\resources\media\playlist.png">ActivateWindow(10025,&quot;plugin://plugin.video.youtube/channel/mine/playlists/?&quot;,return)</favourite>
	<favourite name="Sign In" thumb="special://home/addons\plugin.video.youtube\resources\media\sign_in.png">ActivateWindow(10025,&quot;plugin://plugin.video.youtube/sign/in/?&quot;,return)</favourite>
	<favourite name="Sign Out" thumb="special://home/addons\plugin.video.youtube\resources\media\sign_out.png">ActivateWindow(10025,&quot;plugin://plugin.video.youtube/sign/out/?&quot;,return)</favourite>
</favourites>