<favourites>
	<favourite name="Italian" thumb="http://s15.postimg.org/awwe2xya3/Live_Italian_TV.jpg">ActivateWindow(10025,&quot;plugin://plugin.video.phstreams/?action=ndmode&amp;audio=0&amp;content=0&amp;fanart=http%3a%2f%2fs9.postimg.org%2fgbr27aken%2fcool4.jpg&amp;image=http%3a%2f%2fs15.postimg.org%2fawwe2xya3%2fLive_Italian_TV.jpg&amp;name=Live%20Italian%20Television&amp;playable=false&amp;tvshow=0&amp;url=http%3a%2f%2fgibraltar.watchkodi.com%2fForiegn%2fusatv.xml&amp;sf_options=fanart%3Dhttp%3A%2F%2Fs9.postimg.org%2Fgbr27aken%2Fcool4.jpg%26desc%3DDiscover+Great+Streaming+Playlists%21%26_options_sf&quot;,return)</favourite>
	<favourite name="UK Channels" thumb="http://granlundkompetanse.no/wp-content/uploads/united_kingdom.png">ActivateWindow(10025,&quot;plugin://plugin.video.israelive/?description&amp;displayname=Favourites&amp;iconimage=http%3a%2f%2fcdn3.tnwcdn.com%2ffiles%2f2010%2f07%2fbright_yellow_star.png&amp;mode=16&amp;name=%5bCOLOR%20green%5d%5bB%5d%5bFavourites%5d%5b%2fB%5d%5b%2fCOLOR%5d&amp;url=favorites&amp;sf_options=fanart%3Dhttp%3A%2F%2F3.bp.blogspot.com%2F-vVfHI8TbKA4%2FUBAbrrZay0I%2FAAAAAAAABRM%2FdPFgXAnF8Sg%2Fs1600%2Fretro-tv-icon.jpg%26_options_sf&quot;,return)</favourite>
	<favourite name="FilmON.TV" thumb="https://superrepo.org/static/images/icons/original/xplugin.video.filmon.png.pagespeed.ic.3J28DkfxkJ.png">ActivateWindow(10025,&quot;plugin://plugin.video.SportsDevil/?item=title%3dFilmOn.com%26url%3dcustoms%252Ffilmon.com.cfg%26definedIn%3dcustoms.cfg%26director%3dfilmon.com%26genre%3dLive%2bTV%26type%3drss%26icon%3dhttp%253A%252F%252Fwww.filmon.com%252Ftv%252Fthemes%252Ffilmontv%252Fimg%252Fnew-filmon-logo.png&amp;mode=1&amp;sf_options=fanart%3Dspecial%3A%2F%2Fhome%2Faddons%5Cplugin.video.SportsDevil%5Cfanart.jpg%26_options_sf&quot;,return)</favourite>
	<favourite name="International Channels" thumb="http://alaska.watchkodi.com/crusader88A.png">ActivateWindow(10025,&quot;plugin://plugin.video.phstreams/?action=dmode&amp;audio=0&amp;content=0&amp;fanart=C%3a%5ckodi%5cportable_data%5caddons%5cplugin.video.phstreams%5cfanart.jpg&amp;image=http%3a%2f%2falaska.watchkodi.com%2fcrusader88A.png&amp;name=International%20Channels&amp;playable=false&amp;tvshow=0&amp;url=http%3a%2f%2falaska.watchkodi.com%2fmaindir%2fmain2.xml&amp;sf_options=fanart%3Dspecial%3A%2F%2Fhome%2Faddons%5Cplugin.video.phstreams%5Cfanart.jpg%26desc%3DDiscover+Great+Streaming+Playlists%21%26_options_sf&quot;,return)</favourite>
</favourites>