<favourites>
	<favourite name="1Channel" thumb="https://firestixz.files.wordpress.com/2015/07/1channel-icon.jpg">ActivateWindow(10025,&quot;plugin://plugin.video.1channel/&quot;,return)</favourite>
	<favourite name="Exodus" thumb="http://noobsandnerds.com/addons/cache/Addons/plugin.video.exodus/icon.png">ActivateWindow(10025,&quot;plugin://plugin.video.exodus/&quot;,return)</favourite>
	<favourite name="Icefilms" thumb="http://kodim3u.com/wp-content/uploads/2015/10/icefilms-addon-kodi-1.5.png">ActivateWindow(10025,&quot;plugin://plugin.video.icefilms/&quot;,return)</favourite>
	<favourite name="ProjectFreeTV" thumb="http://ftp.acc.umu.se/mirror/addons.superrepo.org/v7/addons/plugin.video.projectfreetv/icon.png">ActivateWindow(10025,&quot;plugin://plugin.video.pftvso/&quot;,return)</favourite>
	<favourite name="Specto" thumb="https://kodi-portal.com/wp-content/uploads/2016/06/Specto-e1465213307131.png">ActivateWindow(10025,&quot;plugin://plugin.video.specto/?sf_options=fanart%3Dspecial%3A%2F%2Fhome%2Faddons%5Cplugin.video.specto%5Cfanart.jpg%26desc%3DMrknow+fork+of+...%2C+support+https%3A%2F%2Fgithub.com%2Fmrknow%2Ffilmkodi%2Fissues.%26_options_sf&quot;,return)</favourite>
	<favourite name="SALTS" thumb="https://getatvbox.com/secretsauce/wp-content/uploads/2015/12/icon-1.png">ActivateWindow(10025,&quot;plugin://plugin.video.salts/&quot;,return)</favourite>
	<favourite name="Zen" thumb="special://home/addons\plugin.video.zen\icon.png">ActivateWindow(10025,&quot;plugin://plugin.video.zen/&quot;,return)</favourite>
</favourites>