<favourites>
	<favourite name="ProjectCypherTV" thumb="special://home/addons\plugin.video.ProjectCypher\icon.png">ActivateWindow(10025,&quot;plugin://plugin.video.ProjectCypher/?sf_options=desc%3DGeneral+disclaimer%3A+Project+Cypher+takes+no+responsibility+for+the+content+or+reliability+of+the+feeds.+Project+Cypher+%5BB%5DDoes+Not%5B%2FB%5D+host+any+of+the+feeds+or+Streams.+%5BB%5DPLEXUS%5B%2FB%5D+addon+is+required+for+P2P+%28Torrent%29+sports+channels.+Make+sure+it+is+properly+configured+for+your+system.+Most+of+the+Code+from+this+addon+was+taken+from+many+other+addons+but+used+under+the+GNU+GENERAL+PUBLIC+LICENSE+Version+2%2C+June+1991%26_options_sf&quot;,return)</favourite>
	<favourite name="[COLOR azure]HDFreeTV[/COLOR]" thumb="special://home/addons\plugin.video.SportsDevil\resources\images\hdfree.png">ActivateWindow(10025,&quot;plugin://plugin.video.SportsDevil/?item=title%3dHDFree.tv%26url%3dtv%252Fhdfree.tv.cfg%26definedIn%3dtv.cfg%26director%3dHDFree.tv%26genre%3dTV%26type%3drss%26icon%3dC%253A%255CUsers%255CUser%255CAppData%255CRoaming%255CKodi%255Caddons%255Cplugin.video.SportsDevil%255Cresources%255Cimages%255Chdfree.png&amp;mode=1&amp;sf_options=fanart%3Dspecial%3A%2F%2Fhome%2Faddons%5Cplugin.video.SportsDevil%5Cfanart.jpg%26_options_sf&quot;,return)</favourite>
	<favourite name="[COLOR azure]MamaHD[/COLOR]" thumb="special://home/addons\plugin.video.SportsDevil\resources\images\mamahd.png">ActivateWindow(10025,&quot;plugin://plugin.video.SportsDevil/?item=title%3dMamaHD.com%26url%3dtv%252Fmamahd.com.cfg%26definedIn%3dtv.cfg%26director%3dmamahd.com%26genre%3dTV%26type%3drss%26icon%3dC%253A%255Ckodi15final1%255Cportable_data%255Caddons%255Cplugin.video.SportsDevil%255Cresources%255Cimages%255Cmamahd.png&amp;mode=1&amp;sf_options=fanart%3Dspecial%3A%2F%2Fhome%2Faddons%5Cplugin.video.SportsDevil%5Cfanart.jpg%26_options_sf&quot;,return)</favourite>
	<favourite name="NJM-Soccer (Down)" thumb="special://home/addons\plugin.video.NJMSoccer\icon.png">ActivateWindow(10025,&quot;plugin://plugin.video.NJMSoccer?sf_options=fanart%3Dspecial%3A%2F%2Fhome%2Faddons%5Cplugin.video.NJMSoccer%5Cfanart.jpg%26desc%3DSpecial+Thank+you+to+Hakamac+for+his+code%2C+%0A%09and+to+Shadow+Crew+and+Mettle+Kettle+for+their+support.%26_options_sf&quot;,return)</favourite>
	<favourite name="I4ATV Sports" thumb="DefaultVideo.png">ActivateWindow(10025,&quot;plugin://plugin.video.i4atv/?genre_id=6&amp;genre_name=Sports&amp;mode=channels&amp;portal=%7b%22name%22%3a%20%22%5bCOLOR%20red%5dLive%20I4ATV%5b%2fCOLOR%5d%22%2c%20%22parental%22%3a%20%22false%22%2c%20%22url%22%3a%20%22http%3a%2f%2fmw1.iptv66.tv%22%2c%20%22mac%22%3a%20%2200%3a1A%3a78%3a12%3a34%3a79%22%2c%20%22serial%22%3a%20%7b%22custom%22%3a%20false%7d%2c%20%22password%22%3a%20%22inside4android%22%7d&quot;,return)</favourite>
</favourites>