<favourites>
	<favourite name="Winter Sport" thumb="special://home/addons\plugin.video.castaway\resources/media/icons/skiing.png">ActivateWindow(10025,&quot;plugin://plugin.video.castaway/?mode=open_sport_cat&amp;site=vipbox&amp;url=http%3a%2f%2fwww.vipleague.me%2fsports%2fwinter-sports.html&quot;,return)</favourite>
	<favourite name="Winter Sport" thumb="special://home/addons\plugin.video.castaway\resources/media/icons/skiing.png">ActivateWindow(10025,&quot;plugin://plugin.video.castaway/?mode=open_sport_cat&amp;site=livetv&amp;url=http%3a%2f%2fxliveru.sx%2fen%2fallupcomingsports%2f18%2f&quot;,return)</favourite>
	<favourite name="Water Sport" thumb="special://home/addons\plugin.video.castaway\resources/media/icons/waterpolo.png">ActivateWindow(10025,&quot;plugin://plugin.video.castaway/?mode=open_sport_cat&amp;site=vipbox&amp;url=http%3a%2f%2fwww.vipleague.me%2fsports%2fwater-sports.html&quot;,return)</favourite>
	<favourite name="Equestrianism (2)" thumb="special://home/addons\plugin.video.castaway\resources/media/icons/equestrianism.png">ActivateWindow(10025,&quot;plugin://plugin.video.castaway/?mode=open_sport_cat&amp;site=livetv&amp;url=http%3a%2f%2fxliveru.sx%2fen%2fallupcomingsports%2f72%2f&quot;,return)</favourite>
	<favourite name="Table Tennis (2)" thumb="special://home/addons\plugin.video.castaway\resources/media/icons/table_tennis.png">ActivateWindow(10025,&quot;plugin://plugin.video.castaway/?mode=open_sport_cat&amp;site=livetv&amp;url=http%3a%2f%2fxliveru.sx%2fen%2fallupcomingsports%2f39%2f&quot;,return)</favourite>
	<favourite name="Table Tennis" thumb="special://home/addons\plugin.video.castaway\resources/media/icons/table_tennis.png">ActivateWindow(10025,&quot;plugin://plugin.video.castaway/?mode=open_sport_cat&amp;site=vipbox&amp;url=http%3a%2f%2fwww.vipleague.me%2fsports%2ftable-tennis.html&quot;,return)</favourite>
	<favourite name="Handball" thumb="special://home/addons\plugin.video.castaway\resources/media/icons/handball.png">ActivateWindow(10025,&quot;plugin://plugin.video.castaway/?mode=open_sport_cat&amp;site=vipbox&amp;url=http%3a%2f%2fwww.vipleague.me%2fsports%2fhandball.html&quot;,return)</favourite>
	<favourite name="Badminton" thumb="special://home/addons\plugin.video.castaway\resources/media/icons/badminton.png">ActivateWindow(10025,&quot;plugin://plugin.video.castaway/?mode=open_sport_cat&amp;site=vipbox&amp;url=http%3a%2f%2fwww.vipleague.me%2fsports%2fbadminton.html&quot;,return)</favourite>
	<favourite name="Darts" thumb="special://home/addons\plugin.video.castaway\resources/media/icons/darts.png">ActivateWindow(10025,&quot;plugin://plugin.video.castaway/?mode=open_sport_cat&amp;site=stream2watch&amp;url=http%3a%2f%2fwww.stream2watch.co%2fsports%2fdarts&quot;,return)</favourite>
	<favourite name="Darts" thumb="special://home/addons\plugin.video.castaway\resources/media/icons/darts.png">ActivateWindow(10025,&quot;plugin://plugin.video.castaway/?mode=open_sport_cat&amp;site=vipbox&amp;url=http%3a%2f%2fwww.vipleague.me%2fsports%2fdarts.html&quot;,return)</favourite>
	<favourite name="Snooker" thumb="special://home/addons\plugin.video.castaway\resources/media/icons/snooker.png">ActivateWindow(10025,&quot;plugin://plugin.video.castaway/?mode=open_sport_cat&amp;site=vipbox&amp;url=http%3a%2f%2fwww.vipleague.me%2fsports%2fsnooker.html&quot;,return)</favourite>
	<favourite name="AFL" thumb="special://home/addons\plugin.video.castaway\resources/media/icons/rugby.png">ActivateWindow(10025,&quot;plugin://plugin.video.castaway/?mode=open_sport_cat&amp;site=vipbox&amp;url=http%3a%2f%2fwww.vipleague.me%2fsports%2faussie-rules.html&quot;,return)</favourite>
	<favourite name="Gaelic" thumb="special://home/addons\plugin.video.castaway\resources/media/icons/rugby.png">ActivateWindow(10025,&quot;plugin://plugin.video.castaway/?mode=open_sport_cat&amp;site=vipbox&amp;url=http%3a%2f%2fwww.vipleague.me%2fsports%2frugby.html&quot;,return)</favourite>
	<favourite name="Others" thumb="special://home/addons\plugin.video.castaway\resources/media/icons/others.png">ActivateWindow(10025,&quot;plugin://plugin.video.castaway/?mode=open_sport_cat&amp;site=vipbox&amp;url=http%3a%2f%2fwww.vipleague.me%2fsports%2fothers.html&quot;,return)</favourite>
	<favourite name="TV Channels" thumb="special://home/addons\plugin.video.castaway\resources/media/icons/tv_box.png">ActivateWindow(10025,&quot;plugin://plugin.video.castaway/?mode=open_sport_cat&amp;site=vipbox&amp;url=http%3a%2f%2fwww.vipleague.me%2fsports%2ftv-box.html&quot;,return)</favourite>
	<favourite name="TV Shows" thumb="special://home/addons\plugin.video.castaway\resources/media/icons/tv_shows.png">ActivateWindow(10025,&quot;plugin://plugin.video.castaway/?mode=open_sport_cat&amp;site=vipbox&amp;url=http%3a%2f%2fwww.vipleague.me%2fsports%2ftv-shows.html&quot;,return)</favourite>
</favourites>