<favourites>
	<favourite name="PornHardX" thumb="special://home/addons\plugin.video.adult.3xz\icon.png">ActivateWindow(10025,&quot;plugin://plugin.video.adult.3xz/?backdrop_url=C%3a%5ckodi%5cportable_data%5caddons%5cplugin.video.adult.3xz%5cfanart.jpg&amp;content&amp;context=3&amp;context_replace=False&amp;contextmenu_items=%5b%5d&amp;count=0&amp;cover_url=C%3a%5ckodi%5cportable_data%5caddons%5cplugin.video.adult.3xz%5cicon.png&amp;date=30.09.2015&amp;imgs_prepacked=false&amp;mode=main&amp;multi-part=False&amp;parts=%5b%5d&amp;site=sensualhd&amp;size=0&amp;src_quality=sd&amp;src_title&amp;sub_site&amp;title=PornHardX&amp;type=3&amp;url&amp;sf_options=fanart%3Dspecial%3A%2F%2Fhome%2Faddons%5Cplugin.video.adult.3xz%5Cfanart.jpg%26_options_sf&quot;,return)</favourite>
	<favourite name="Watch XXX HD" thumb="special://home/addons\plugin.video.adult.3xz\icon.png">ActivateWindow(10025,&quot;plugin://plugin.video.adult.3xz/?backdrop_url=C%3a%5ckodi%5cportable_data%5caddons%5cplugin.video.adult.3xz%5cfanart.jpg&amp;content&amp;context=3&amp;context_replace=False&amp;contextmenu_items=%5b%5d&amp;count=0&amp;cover_url=C%3a%5ckodi%5cportable_data%5caddons%5cplugin.video.adult.3xz%5cicon.png&amp;date=30.09.2015&amp;imgs_prepacked=false&amp;mode=main&amp;multi-part=False&amp;parts=%5b%5d&amp;site=watchxxxhd&amp;size=0&amp;src_quality=sd&amp;src_title&amp;sub_site&amp;title=Watch%20XXX%20HD&amp;type=3&amp;url&amp;sf_options=fanart%3Dspecial%3A%2F%2Fhome%2Faddons%5Cplugin.video.adult.3xz%5Cfanart.jpg%26_options_sf&quot;,return)</favourite>
	<favourite name="Xtheatre" thumb="special://home/addons\plugin.video.adult.3xz\icon.png">ActivateWindow(10025,&quot;plugin://plugin.video.adult.3xz/?backdrop_url=C%3a%5ckodi%5cportable_data%5caddons%5cplugin.video.adult.3xz%5cfanart.jpg&amp;content&amp;context=3&amp;context_replace=False&amp;contextmenu_items=%5b%5d&amp;count=0&amp;cover_url=C%3a%5ckodi%5cportable_data%5caddons%5cplugin.video.adult.3xz%5cicon.png&amp;date=30.09.2015&amp;imgs_prepacked=false&amp;mode=main&amp;multi-part=False&amp;parts=%5b%5d&amp;site=xtheatre&amp;size=0&amp;src_quality=sd&amp;src_title&amp;sub_site&amp;title=Xtheatre&amp;type=3&amp;url&amp;sf_options=fanart%3Dspecial%3A%2F%2Fhome%2Faddons%5Cplugin.video.adult.3xz%5Cfanart.jpg%26_options_sf&quot;,return)</favourite>
	<favourite name="freeomovie" thumb="special://home/addons\plugin.video.adult.3xz\icon.png">ActivateWindow(10025,&quot;plugin://plugin.video.adult.3xz/?backdrop_url=C%3a%5ckodi%5cportable_data%5caddons%5cplugin.video.adult.3xz%5cfanart.jpg&amp;content&amp;context=3&amp;context_replace=False&amp;contextmenu_items=%5b%5d&amp;count=0&amp;cover_url=C%3a%5ckodi%5cportable_data%5caddons%5cplugin.video.adult.3xz%5cicon.png&amp;date=30.09.2015&amp;imgs_prepacked=false&amp;mode=main&amp;multi-part=False&amp;parts=%5b%5d&amp;site=freeomovie&amp;size=0&amp;src_quality=sd&amp;src_title&amp;sub_site&amp;title=freeomovie&amp;type=3&amp;url&amp;sf_options=fanart%3Dspecial%3A%2F%2Fhome%2Faddons%5Cplugin.video.adult.3xz%5Cfanart.jpg%26_options_sf&quot;,return)</favourite>
	<favourite name="StreamGloud" thumb="special://home/addons\plugin.video.adult.3xz\icon.png">ActivateWindow(10025,&quot;plugin://plugin.video.adult.3xz/?backdrop_url=C%3a%5ckodi%5cportable_data%5caddons%5cplugin.video.adult.3xz%5cfanart.jpg&amp;content&amp;context=3&amp;context_replace=False&amp;contextmenu_items=%5b%5d&amp;count=0&amp;cover_url=C%3a%5ckodi%5cportable_data%5caddons%5cplugin.video.adult.3xz%5cicon.png&amp;date=30.09.2015&amp;imgs_prepacked=false&amp;mode=main&amp;multi-part=False&amp;parts=%5b%5d&amp;site=streamgloud&amp;size=0&amp;src_quality=sd&amp;src_title&amp;sub_site&amp;title=StreamGloud&amp;type=3&amp;url&amp;sf_options=fanart%3Dspecial%3A%2F%2Fhome%2Faddons%5Cplugin.video.adult.3xz%5Cfanart.jpg%26_options_sf&quot;,return)</favourite>
	<favourite name="PlayPorn" thumb="special://home/addons\plugin.video.adult.3xz\icon.png">ActivateWindow(10025,&quot;plugin://plugin.video.adult.3xz/?backdrop_url=C%3a%5ckodi%5cportable_data%5caddons%5cplugin.video.adult.3xz%5cfanart.jpg&amp;content&amp;context=3&amp;context_replace=False&amp;contextmenu_items=%5b%5d&amp;count=0&amp;cover_url=C%3a%5ckodi%5cportable_data%5caddons%5cplugin.video.adult.3xz%5cicon.png&amp;date=30.09.2015&amp;imgs_prepacked=false&amp;mode=main&amp;multi-part=False&amp;parts=%5b%5d&amp;site=playporn&amp;size=0&amp;src_quality=sd&amp;src_title&amp;sub_site&amp;title=PlayPorn&amp;type=3&amp;url&amp;sf_options=fanart%3Dspecial%3A%2F%2Fhome%2Faddons%5Cplugin.video.adult.3xz%5Cfanart.jpg%26_options_sf&quot;,return)</favourite>
	<favourite name="XVX" thumb="special://home/addons\plugin.video.adult.3xz\icon.png">ActivateWindow(10025,&quot;plugin://plugin.video.adult.3xz/?backdrop_url=C%3a%5ckodi%5cportable_data%5caddons%5cplugin.video.adult.3xz%5cfanart.jpg&amp;content&amp;context=3&amp;context_replace=False&amp;contextmenu_items=%5b%5d&amp;count=0&amp;cover_url=C%3a%5ckodi%5cportable_data%5caddons%5cplugin.video.adult.3xz%5cicon.png&amp;date=30.09.2015&amp;imgs_prepacked=false&amp;mode=main&amp;multi-part=False&amp;parts=%5b%5d&amp;site=xvx&amp;size=0&amp;src_quality=sd&amp;src_title&amp;sub_site&amp;title=XVX&amp;type=3&amp;url&amp;sf_options=fanart%3Dspecial%3A%2F%2Fhome%2Faddons%5Cplugin.video.adult.3xz%5Cfanart.jpg%26_options_sf&quot;,return)</favourite>
	<favourite name="[COLOR yellow]WatchXXXFree[/COLOR]" thumb="special://home/addons\plugin.video.uwc\resources\images\wxf.png">ActivateWindow(10025,&quot;plugin://plugin.video.uwc/?mode=10&amp;name=%5bCOLOR%20yellow%5dWatchXXXFree%5b%2fCOLOR%5d&amp;page&amp;url=http%3a%2f%2fwww.watchxxxfree.com%2fpage%2f1%2f&quot;,return)</favourite>
	<favourite name="[COLOR yellow]PornTrex[/COLOR]" thumb="special://home/addons\plugin.video.uwc\resources\images\pt.png">ActivateWindow(10025,&quot;plugin://plugin.video.uwc/?mode=50&amp;name=%5bCOLOR%20yellow%5dPornTrex%5b%2fCOLOR%5d&amp;page&amp;url=http%3a%2f%2fwww.porntrex.com%2fvideos%3fo%3dmr%26page%3d1&quot;,return)</favourite>
	<favourite name="[COLOR yellow]PornAQ[/COLOR]" thumb="special://home/addons\plugin.video.uwc\resources\images\paq.png">ActivateWindow(10025,&quot;plugin://plugin.video.uwc/?mode=60&amp;name=%5bCOLOR%20yellow%5dPornAQ%5b%2fCOLOR%5d&amp;page&amp;url=http%3a%2f%2fwww.pornaq.com%2fpage%2f1%2f&quot;,return)</favourite>
	<favourite name="[COLOR yellow]Porn00[/COLOR]" thumb="special://home/addons\plugin.video.uwc\resources\images\p00.png">ActivateWindow(10025,&quot;plugin://plugin.video.uwc/?mode=64&amp;name=%5bCOLOR%20yellow%5dPorn00%5b%2fCOLOR%5d&amp;page&amp;url=http%3a%2f%2fwww.porn00.com%2fpage%2f1%2f&quot;,return)</favourite>
	<favourite name="[COLOR yellow]Beeg[/COLOR]" thumb="special://home/addons\plugin.video.uwc\resources\images\bg.png">ActivateWindow(10025,&quot;plugin://plugin.video.uwc/?mode=80&amp;name=%5bCOLOR%20yellow%5dBeeg%5b%2fCOLOR%5d&amp;page&amp;url=http%3a%2f%2fbeeg.com%2fpage-1&quot;,return)</favourite>
	<favourite name="[COLOR yellow]Xtheatre[/COLOR]" thumb="special://home/addons\plugin.video.uwc\resources\images\xt.png">ActivateWindow(10025,&quot;plugin://plugin.video.uwc/?mode=20&amp;name=%5bCOLOR%20yellow%5dXtheatre%5b%2fCOLOR%5d&amp;page&amp;url=http%3a%2f%2fxtheatre.net%2fpage%2f1%2f&quot;,return)</favourite>
	<favourite name="[COLOR yellow]Nudeflix[/COLOR]" thumb="special://home/addons\plugin.video.uwc\resources\images\nf.png">ActivateWindow(10025,&quot;plugin://plugin.video.uwc/?mode=40&amp;name=%5bCOLOR%20yellow%5dNudeflix%5b%2fCOLOR%5d&amp;page&amp;url=http%3a%2f%2fwww.nudeflix.com%2fbrowse%3forder%3dreleased%26page%3d1&quot;,return)</favourite>
	<favourite name="[COLOR yellow]PornHive[/COLOR]" thumb="special://home/addons\plugin.video.uwc\resources\images\ph.png">ActivateWindow(10025,&quot;plugin://plugin.video.uwc/?mode=70&amp;name=%5bCOLOR%20yellow%5dPornHive%5b%2fCOLOR%5d&amp;page&amp;url=http%3a%2f%2fwww.pornhive.tv%2fen%2fmovies%2fall&quot;,return)</favourite>
	<favourite name="[COLOR yellow]TodayPorn[/COLOR]" thumb="special://home/addons\plugin.video.uwc\resources\images\tp.png">ActivateWindow(10025,&quot;plugin://plugin.video.uwc/?mode=90&amp;name=%5bCOLOR%20yellow%5dTodayPorn%5b%2fCOLOR%5d&amp;page&amp;url=http%3a%2f%2fwww.todayporn.com%2fpage1.html&quot;,return)</favourite>
	<favourite name="[COLOR yellow]Poldertube.nl[/COLOR] [COLOR orange](Dutch)[/COLOR]" thumb="special://home/addons\plugin.video.uwc\resources\images\poldertube.png">ActivateWindow(10025,&quot;plugin://plugin.video.uwc/?mode=100&amp;name=%5bCOLOR%20yellow%5dPoldertube.nl%5b%2fCOLOR%5d%20%5bCOLOR%20orange%5d(Dutch)%5b%2fCOLOR%5d&amp;page=0&amp;url=http%3a%2f%2fwww.poldertube.nl%2fpornofilms%2fnieuw&quot;,return)</favourite>
	<favourite name="[COLOR yellow]Milf.nl[/COLOR] [COLOR orange](Dutch)[/COLOR]" thumb="special://home/addons\plugin.video.uwc\resources\images\milfnl.png">ActivateWindow(10025,&quot;plugin://plugin.video.uwc/?mode=100&amp;name=%5bCOLOR%20yellow%5dMilf.nl%5b%2fCOLOR%5d%20%5bCOLOR%20orange%5d(Dutch)%5b%2fCOLOR%5d&amp;page=1&amp;url=http%3a%2f%2fwww.milf.nl%2fvideos%2fnieuw&quot;,return)</favourite>
	<favourite name="[COLOR yellow]Sextube.nl[/COLOR] [COLOR orange](Dutch)[/COLOR]" thumb="special://home/addons\plugin.video.uwc\resources\images\sextube.png">ActivateWindow(10025,&quot;plugin://plugin.video.uwc/?mode=100&amp;name=%5bCOLOR%20yellow%5dSextube.nl%5b%2fCOLOR%5d%20%5bCOLOR%20orange%5d(Dutch)%5b%2fCOLOR%5d&amp;page=2&amp;url=http%3a%2f%2fwww.sextube.nl%2fvideos%2fnieuw&quot;,return)</favourite>
	<favourite name="Ah-Me" thumb="special://home/addons\plugin.video.videodevil\resources\images\ahme.png">ActivateWindow(10025,&quot;plugin://plugin.video.videodevil/?url=title%3aAh-Me%26director%3aVideoDevil%26genre%3aAh-Me%26type%3arss%26icon%3aC%3a%5ckodi%5cportable_data%5caddons%5cplugin.video.videodevil%5cresources%5cimages%5cahme.png%26url%3aahme.com.cfg&quot;,return)</favourite>
	<favourite name="Empflix" thumb="special://home/addons\plugin.video.videodevil\resources\images\empflix.jpg">ActivateWindow(10025,&quot;plugin://plugin.video.videodevil/?url=title%3aEmpflix%26director%3aVideoDevil%26genre%3aempflix%26type%3arss%26icon%3aC%3a%5ckodi%5cportable_data%5caddons%5cplugin.video.videodevil%5cresources%5cimages%5cempflix.jpg%26url%3aempflix.com.cfg&quot;,return)</favourite>
</favourites>