<favourites>
	<favourite name="By Network" thumb="http://www.clipartlord.com/wp-content/uploads/2013/05/satellite-dish1.png">ActivateWindow(10025,&quot;plugin://plugin.program.super.favourites/?sf_options=&amp;mode=400&amp;path=special%3A%2F%2Fhome%2Faddons%2Fscript.supafav%2FSuper%20Favourites/TV Shows/Networks&amp;sf_options=&quot;,return)</favourite>
	<favourite name="New TV Shows" thumb="DefaultTVShows.png">ActivateWindow(10025,&quot;plugin://plugin.video.origin2/?action=tvshows&amp;url=premiere&quot;,return)</favourite>
	<favourite name="Being Watched Now" thumb="https://googledrive.com/host/0B-bY5h-uWEgZQVJQZ0lzUTdBeFE/icons/eye.png">ActivateWindow(10025,&quot;plugin://plugin.video.origin2/?action=tvshows&amp;url=trending&amp;sf_options=&quot;,return)</favourite>
	<favourite name="By Genre" thumb="http://googledrive.com/host/0B-bY5h-uWEgZQVJQZ0lzUTdBeFE/icons/genres.png">ActivateWindow(10025,&quot;plugin://plugin.video.origin2/?action=tvGenres&amp;sf_options=&quot;,return)</favourite>
	<favourite name="By Year" thumb="http://googledrive.com/host/0B-bY5h-uWEgZQVJQZ0lzUTdBeFE/icons/year.png">ActivateWindow(10025,&quot;plugin://plugin.video.origin2/?action=tvYears&amp;sf_options=fanart%3Dspecial%3A%2F%2Fhome%2Faddons%5Cplugin.video.origin2%5Cresources%5Cmedia%5Cgone%5Cfanart.jpg%26_options_sf&quot;,return)</favourite>
	<favourite name="Most Popular" thumb="https://googledrive.com/host/0B-bY5h-uWEgZQVJQZ0lzUTdBeFE/icons/chart.png">ActivateWindow(10025,&quot;plugin://plugin.video.origin2/?action=tvshows&amp;url=popular&amp;sf_options=&quot;,return)</favourite>
	<favourite name="Critics Choice" thumb="https://googledrive.com/host/0B-bY5h-uWEgZQVJQZ0lzUTdBeFE/icons/voted.png">ActivateWindow(10025,&quot;plugin://plugin.video.origin2/?action=tvshows&amp;url=rating&amp;sf_options=&quot;,return)</favourite>
	<favourite name="" thumb="">ActivateWindow(10025,&quot;plugin://plugin.video.null &amp;sf_options=&quot;,return)</favourite>
	<favourite name="A-Z" thumb="http://findicons.com/files/icons/977/rrze/720/all_per_page.png">ActivateWindow(10025,&quot;plugin://plugin.video.pftvso/?foldername=shows&amp;mode=all_tv&amp;sf_options=fanart%3Dspecial%3A%2F%2Fhome%2Faddons%5Cplugin.video.pftvso%2Fart%2Fthemes%2FBlue%2Ffanart.jpg%26_options_sf&quot;,return)</favourite>
	<favourite name="A-Z in HD" thumb="special://home/addons\plugin.video.mdwatchtvseries\icon.png">ActivateWindow(10025,&quot;plugin://plugin.video.mdwatchtvseries?sf_options=fanart%3Dspecial%3A%2F%2Fhome%2Faddons%5Cplugin.video.mdwatchtvseries%5Cfanart.jpg%26desc%3DStream+Content+From+The+tvwatchtvseries.com+WebSite%26_options_sf&quot;,return)</favourite>
</favourites>