<favourites>
	<favourite name="BT Sport 2 - mamahd" thumb="">ActivateWindow(10025,&quot;plugin://plugin.video.SportsDevil/?item=title.tmp%3dBT%2bSport%2b2%26catcher%3dstreams%26title%3dBT%2bSport%2b2%26url%3dhttp%253A%252F%252Fmamahd.com%252Fbt-sport-2-live-stream-1.html%26videoTitle%3dBT%2bSport%2b2%26director%3dmamahd.com%26genre%3dTV%26referer%3dhttp%253A%252F%252Fmamahd.com%252F%26definedIn%3dtv%252Fmamahd.com.cfg%26icon.tmp%3dhttp%253A%252F%252Fmamahd.com%252Fimages%252Fchannels%252Fbt.png%26type%3drss%26icon%3d&amp;mode=1&quot;,return)</favourite>
	<favourite name="BT Sport 2 - hdfree" thumb="">ActivateWindow(10025,&quot;plugin://plugin.video.SportsDevil/?item=catcher%3dstreams%26title%3dBT%2bSport%2b2%26url%3dhttp%253A%252F%252Ffreehdsport.com%252Fbt2.html%26videoTitle%3dBT%2bSport%2b2%26director%3dHDFree.tv%26genre%3dTV%26referer%3dhttp%253A%252F%252Ffreehdsport.com%252Fhttp%253A%252F%252Ffreehdsport.com%252F%26definedIn%3dtv%252Ffreesport.cfg%26type%3drss%26icon%3d&amp;mode=1&quot;,return)</favourite>
	<favourite name="BT Sport 2 - crichd" thumb="">ActivateWindow(10025,&quot;plugin://plugin.video.SportsDevil/?item=catcher%3dstreams%26title%3dBT%2bSport%2b2%26url%3dhttp%253A%252F%252Fwww.crichd.sc%252Fbt-sport-2-live-stream%26videoTitle%3dBT%2bSport%2b2%26director%3dcrichd.tv%26genre%3dTV%26referer%3dhttp%253A%252F%252Fwww.crichd.sc%26_url%3dhttp%253A%252F%252Fwww.crichd.sc%252Fbt-sport-2-live-stream%26definedIn%3dtv%252Fcrichd.tv.cfg%26type%3drss%26icon%3d&amp;mode=1&quot;,return)</favourite>
	<--! favourite name="BT Sport 2 - cricfree" thumb="">ActivateWindow(10025,&quot;plugin://plugin.video.SportsDevil/?item=catcher%3dstreams%26title%3dBT%2bSport%2b2%26url%3dhttp%253A%252F%252Fcricfree.sc%252Fbt-sport-2-live-stream-2%26videoTitle%3dBT%2bSport%2b2%26director%3dcricfree.tv%26genre%3dTV%26referer%3dhttp%253A%252F%252Fcricfree.sc%252F%26definedIn%3dtv%252Fcricfree.tv.cfg%26type%3drss%26icon%3d&amp;mode=1&quot;,return)</favourite>
	<favourite name="BT Sport 2 - tvone1" thumb="C:\kodi\portable_data\addons\plugin.video.SportsDevil\resources\images\folder.png">ActivateWindow(10025,&quot;plugin://plugin.video.SportsDevil/?item=catcher%3dstreams%26title%3dBT%2bSPORT%2b2%26url%3dmpd%253A%252F%252Fa0baff4a9870ad57efd54f32cf8be880.m3u8%26cfg%3dtvone1.tv.cfg%2540Streams%2540Sports%26videoTitle%3dBT%2bSPORT%2b2%26director%3dtvone1.tv%26genre%3dLive%2bTV%26referer%3dmpd%253A%252F%252Fa0baff4a9870ad57efd54f32cf8be880.m3u8%26definedIn%3dtvone1.tv.cfg%26type%3drss&amp;mode=1&quot;,return)</favourite>
    <favourite name="BT Sport 2 - swiftstreamz" thumb="http://swiftstreamz.com/SwiftStream/images/thumbs/76380_bt2.jpg|User-Agent=Dalvik/2.1.0 (Linux; U; Android 6.0; thor Build/MRA58K)&amp;Host=swiftstreamz.com&amp;Accept-Encoding=gzip&amp;Connection=Keep-Alive">PlayMedia(&quot;plugin://plugin.video.gobble/?url=http%3A%2F%2F51.15.57.108%3A8081%2Fcdn20%2Fbt2%2Fplaylist.m3u8&amp;mode=2&amp;name=BT+Sports+2&amp;iconimage=http%3A%2F%2Fswiftstreamz.com%2FSwiftStream%2Fimages%2Fthumbs%2F76380_bt2.jpg%7CUser-Agent%3DDalvik%2F2.1.0+%28Linux%3B+U%3B+Android+6.0%3B+thor+Build%2FMRA58K%29%26Host%3Dswiftstreamz.com%26Accept-Encoding%3Dgzip%26Connection%3DKeep-Alive&quot;)</favourite>
	<favourite name="BT Sport 2 - UKTurk" thumb="http://metalkettle.co/logos/logos1/BT%20Sport%202.png">PlayMedia(&quot;plugin://plugin.video.ukturk/?url=http%3A%2F%2Fukturk.offshorepastebin.com%2FUKTurk%2FSportsList.txt&amp;mode=3&amp;name=BT+Sport+2&amp;description=&amp;iconimage=http%3A%2F%2Fmetalkettle.co%2Flogos%2Flogos1%2FBT%2520Sport%25202.png&quot;)</favourite>
	<favourite name="" thumb="">ActivateWindow(10025,&quot;plugin://plugin.video.&amp;quot)</favourite>
	<favourite name="[COLOR blue]UFC[/COLOR] Live [COLOR black]- mamahd[/COLOR]" thumb="">ActivateWindow(10025,&quot;plugin://plugin.video.ufc-finest/?description&amp;fanart=http%3a%2f%2fdkrepo.netai.net%2fUltimateUfc%2fUFC%2520Art%2fOther%2fMamahd.jpg&amp;mode=11&amp;name=%5bCOLOR%20white%5dM%5b%2fCOLOR%5d%5bCOLOR%20red%5dA%5b%2fCOLOR%5d%5bCOLOR%20white%5dM%5b%2fCOLOR%5d%5bCOLOR%20red%5dA%5b%2fCOLOR%5d%5bCOLOR%20white%5dH%5b%2fCOLOR%5d%5bCOLOR%20red%5dD%5b%2fCOLOR%5d%20%5bCOLOR%20white%5dUFC%5b%2fCOLOR%5d%20%5bCOLOR%20red%5dLinks%5b%2fCOLOR%5d&amp;url=http%3a%2f%2fmamahd.com%2fboxing-wwe-ufc-live-streaming.html&quot;,return)</favourite>
	<favourite name="[COLOR blue]UFC[/COLOR] Live [COLOR black]- prosports[/COLOR]" thumb="">ActivateWindow(10025,&quot;plugin://plugin.video.prosport/?mode=topics&amp;next_url&amp;url=mmastreams&quot;,return)</favourite>
	<--! favourite name="[COLOR blue]UFC[/COLOR] Live [COLOR black]- cricfree[/COLOR]" thumb="http://cricfree.tv/images/cricfree.png">ActivateWindow(10025,&quot;plugin://plugin.video.SportsDevil/?item=title%3d%252ASchedule%252A%26url%3dhttp%3A%2F%2Fcricfree.sc%2Fufc-live-streaming%26cfg%3dcricfree.tv.cfg%2540Schedule%26definedIn%3dtv%252Fcricfree.tv.cfg%26director%3dcricfree.tv%26genre%3dTV%26type%3donce%26icon%3dhttp%253A%252F%252Fcricfree.tv%252Fimages%252Fcricfree.png&amp;mode=1&quot;,return)</favourite>
	<favourite name="[COLOR blue]UFC[/COLOR] Live [COLOR black]- streamhunter[/COLOR]" thumb="">ActivateWindow(10025,&quot;plugin://plugin.video.SportsDevil/?item=title%3dOther%26url%3dhttp%253A%252F%252Fwww.batmanstream.com%252Fother-live-streaming-video-1.html%26cfg%3dlshunter-new.cfg%2540Events%26definedIn%3dlivesports%252Flshunter-new.cfg%26director%3dLSHunter.tv%26genre%3dLive%2bSports%26type%3drss%26icon%3d&amp;mode=1&quot;,return)</favourite>
	<favourite name="[COLOR blue]UFC[/COLOR] Live [COLOR black]- b-Streams[/COLOR]" thumb="">ActivateWindow(10025,&quot;plugin://plugin.video.SportsDevil/?item=title%3dBundesliga-Streams.net%26url%3dlivesports%252Fbundesliga-streams.net.cfg%26definedIn%3dlivesports.cfg%26director%3dbundesliga-streams.net%26genre%3dLive%2bSports%26type%3drss%26icon%3d&amp;mode=1&quot;,return)</favourite>
	<favourite name="[COLOR blue]UFC[/COLOR] Live [COLOR black]- UFC Finest[/COLOR]" thumb="">ActivateWindow(10025,&quot;plugin://plugin.video.ufc-finest/?description&amp;fanart=http%3a%2f%2fdkrepo.netai.net%2fUltimateUfc%2fUFC%2520Art%2fUFCtv%2fUFCtv.jpg&amp;mode=1&amp;name=%5bCOLOR%20white%5d%5bB%5dUFC%5b%2fB%5d%5b%2fCOLOR%5d%20%5bCOLOR%20red%5d%5bB%5dLive%5b%2fB%5d%5b%2fCOLOR%5d&amp;url=http%3a%2f%2fdkrepo.netai.net%2fUltimateUfc%2fUFCTv.xml&amp;sf_options=fanart%3Dhttp%3A%2F%2Fdkrepo.netai.net%2FUltimateUfc%2FUFC%2520Art%2FUFCtv%2FUFCtv.jpg%26_options_sf&quot;,return)</favourite>
	<favourite name="[COLOR blue]UFC[/COLOR] Live [COLOR black]- dimsports[/COLOR]" thumb="">ActivateWindow(10025,&quot;plugin://plugin.video.SportsDevil/?item=title%3dBoxing%2b%252F%2bWWE%2b%252F%2bUFC%26url%3dhttp%253A%252F%252Fwww.idimsports.eu%252Fboxing-wwe-ufc.html%26cfg%3ddimsports.eu.links.cfg%26definedIn%3dlivesports%252Fdimsports.eu.cfg%26director%3ddimsports.eu%26genre%3dLive%2bSports%26type%3drss%26icon%3d&amp;mode=1&quot;,return)</favourite>
	<favourite name="[COLOR blue]SpikeTV[/COLOR] - Bellator" thumb="">PlayMedia(&quot;plugin://plugin.video.f4mTester/?streamtype=HDS;name=BELLATOR+PRELIMS&amp;url=http://spikelive-f.akamaihd.net/z/spikebellator_live1@62376/manifest.f4m?g=JERGJBZFDMWR&amp;hdcore;=3.1.0&amp;sf_options=winID%3D10025%26_options_sf&quot;)</favourite> 
</favourites>