<favourites>
	<favourite name="USTVNow" thumb="https://github.com/jurialmunkey/skin.eminence.2/raw/master/extras/icons/ustvnow.png">ActivateWindow(10025,&quot;plugin://plugin.video.ustvnow.tva/?mode=live&quot;,return)</favourite>

	<favourite name="PlaylistPlayer - CableTV" thumb="https://github.com/jurialmunkey/skin.eminence.2/raw/master/extras/icons/tvguide.png">ActivateWindow(10025,&quot;plugin://plugin.program.super.favourites/?mode=3300&amp;path=http://tiny.cc/pklub&quot;,return)</favourite>

	
	<favourite name="Playlist Loader - CableTV">ActivateWindow(10025,&quot;plugin://plugin.video.playlistLoader/?iconimage&amp;index=0&amp;logos&amp;mode=2&amp;move=0&amp;name=PlayersKlub&amp;url=http%3A%2F%2Ftiny.cc%2Fpklub&quot;,return)</favourite>
	<favourite name="Phstrams - CableTV">ActivateWindow(10025,&quot;plugin://plugin.video.phstreams/?action=directory&amp;url=http%3A%2F%2Ftiny.cc%2Fpklub&quot;,return)</favourite>
	

	<--! favourite name="Mobdro [COLOR black](TV)[/COLOR]" thumb="http://rawapk.com/wp-content/uploads/2016/05/Mobdro-Icon.png">PlayMedia(&quot;plugin://plugin.video.water/?url=https://archive.org/download/hVdF2pUz/mobdro&amp;mode=12&amp;name=Mobdro&amp;description=com.mobdro.android&amp;sf_options=winID%3D10001%26_options_sf&quot;)</favourite>
	<favourite name="Mobdro [COLOR black](TV)[/COLOR]" thumb="http://rawapk.com/wp-content/uploads/2016/05/Mobdro-Icon.png">PlayMedia(&quot;plugin://plugin.video.water/?url=http%3A%2F%2Fwww.aptoidedl.tk%2Findex.php%3Fid%3DbUV&amp;mode=12&amp;name=Mobdro&amp;description=com.mobdro.android&amp;sf_options=winID%3D10001%26_options_sf&quot;)</favourite>
	
	<favourite name="UKLiveTV [COLOR black](TV)[/COLOR]" thumb="https://cdn6.aptoide.com/imgs/9/4/7/947c9686a9f69007b7d8dd66cdcd74b3.png">PlayMedia(&quot;plugin://plugin.video.water/?url=http://uktvnow.net/download/UKTVNowFirestick7.7.apk&amp;mode=12&amp;name=UKLiveTV&amp;description=com.livetv.android.apps.uktvnow.firestick&amp;sf_options=winID%3D10025%26_options_sf&quot;)</favourite>
</favourites>