<favourites>
	<favourite name="iHeartRadio" thumb="https://lh3.googleusercontent.com/YARR2HEM0sHh8RO8NygmV5CqIZxxDthWTFIG1B3NVJvksfPX0lr8yWr4m9Xekj28zQ=w175">ActivateWindow(10025,&quot;plugin://plugin.audio.iheart/&quot;,return)</favourite>
	<favourite name="New Albums" thumb="http://www.lehwego.com/wp-content/uploads/2016/05/20160322_131745_35_m2.jpg">ActivateWindow(10025,&quot;plugin://plugin.audio.mp3streams/list=new%20albums%3c%3ehttp%3a%2f%2fmusicmp3.ru%2fnew_albums.html&amp;mode=12&amp;name=&amp;type&amp;url=http%3a%2f%2fmusicmp3.ru%2fnew_albums.html&quot;,return)</favourite>
	<favourite name="Top Albums" thumb="http://jeanviet.info/blogimg/top-albums.jpg">ActivateWindow(10025,&quot;plugin://plugin.audio.mp3streams/?list=top%20albums%3c%3ehttp%3a%2f%2fmusicmp3.ru%2fgenres.html&amp;mode=12&amp;name=&amp;type&amp;url=http%3a%2f%2fmusicmp3.ru%2fgenres.html&quot;,return)</favourite>
	<favourite name="Artists" thumb="http://icons.iconarchive.com/icons/icons-land/vista-people/128/Occupations-Guitarist-Male-Light-icon.png">ActivateWindow(10025,&quot;plugin://plugin.audio.mp3streams/?list=artists%3c%3ehttp%3a%2f%2fmusicmp3.ru%2fartists.html%3c%3eC%3a%5ckodi%5cportable_data%5caddons%5cplugin.audio.mp3streams%5cart%2fartists.jpg&amp;mode=21&amp;name=Artists&amp;type&amp;url=http%3a%2f%2fmusicmp3.ru%2fartists.html&quot;,return)</favourite>
	<favourite name="Google Music" thumb="http://icons.iconarchive.com/icons/alecive/flatwoken/512/Apps-Google-Music-icon.png">ActivateWindow(10025,&quot;plugin://plugin.audio.googlemusic.exp&quot;,return)</favourite>
	<favourite name="[COLOR black]Audio[/COLOR]" thumb="">ActivateWindow(10025,&quot;plugin://plugin.program.super.favourites/?sf_options=&amp;mode=400&amp;path=special%3A%2F%2Fhome%2Faddons%2Fscript.supafav%2FSuper%20Favourites/More%2FMusic%5CAudio&amp;sf_options=fanart%3DNULL%26_options_sf&amp;sf_options=&quot;)</favourite>
	 <favourite name="Karaoke" thumb="http://a1.mzstatic.com/eu/r30/Purple4/v4/29/30/6e/29306ea6-5531-35a4-2316-9de8a69852d6/icon175x175.png">ActivateWindow(10025,&quot;plugin://plugin.video.MikeysKaraoke/?content_type=video&quot;,return)</favourite>
</favourites>