<favourites>
	<favourite name="FS Sport" thumb="special://home/addons\plugin.video.FSSport\icon.png">ActivateWindow(10025,&quot;plugin://plugin.video.FSSport/&quot;,return)</favourite>
	<favourite name="EliteSports" thumb="special://home/addons\plugin.video.EliteSports\icon.png">ActivateWindow(10025,&quot;plugin://plugin.video.EliteSports/&quot;,return)</favourite>
	<favourite name="SportCenterHD" thumb="special://home/addons\plugin.video.sportcenterhd\icon.png">ActivateWindow(10025,&quot;plugin://plugin.video.sportcenterhd/&quot;,return)</favourite>
	<favourite name="ZonaSports" thumb="">ActivateWindow(10025,&quot;plugin://plugin.video.ZemTV-shani/?mode=68&amp;name=Mona&amp;url=sss&quot;,return)</favourite>
	<favourite name="SportsMix" thumb="">ActivateWindow(10025,&quot;plugin://plugin.video.sportsmix/&quot;,return)</favourite>
</favourites>