<favourites>
	<favourite name="Broadcastify" thumb="http://googledrive.com/host/0B-bY5h-uWEgZQVJQZ0lzUTdBeFE/icons/apps/broadcastify.jpg">ActivateWindow(10501,&quot;plugin://plugin.audio.radioreference/?action=states&amp;extra&amp;page&amp;plot&amp;thumbnail=C%3a%5cGOBOX%5cportable_data%5caddons%5cplugin.audio.radioreference%5cresources%5cflags%5c1.png&amp;title=United%20States&amp;url=http%3a%2f%2fwww.broadcastify.com%2flisten%2fcoid%2f1&amp;sf_options=&quot;)</favourite>
	<favourite name="iTunes Podcasts" thumb="http://googledrive.com/host/0B-bY5h-uWEgZQVJQZ0lzUTdBeFE/icons/apps/podcast.png">ActivateWindow(10501,&quot;plugin://plugin.video.itunes_podcasts/?content_type=audio&amp;sf_options=&quot;)</favourite>
	<favourite name="Books Should Be Free" thumb="http://googledrive.com/host/0B-bY5h-uWEgZQVJQZ0lzUTdBeFE/icons/apps/bookshouldbfree.png">ActivateWindow(10501,&quot;plugin://plugin.audio.booksshouldbefree/&amp;sf_options=&quot;)</favourite>
	<favourite name="asbook.ru" thumb="http://googledrive.com/host/0B-bY5h-uWEgZQVJQZ0lzUTdBeFE/icons/apps/asbook.jpg">ActivateWindow(10501,&quot;plugin://plugin.audio.asbook.ru/&amp;sf_options=&quot;)</favourite>
	<favourite name="Radio" thumb="https://lh5.ggpht.com/T2CRrdn38OemfMd5TZWwjI21oPms5epKfjenrK6jvZ4gCFw7YeipKbMwo5XbK7HhWA">ActivateWindow(10025,&quot;plugin://plugin.audio.jango/?iconimage=C%3a%5ckodi%5cportable_data%5caddons%5cplugin.audio.jango%5cart%2ficon_browse_music.jpg&amp;id&amp;list=%3ctype%20%27list%27%3e&amp;mode=2&amp;name=Browse%20Music&amp;type&amp;url=http%3a%2f%2fwww.jango.com%2fbrowse_music&quot;,return)</favourite>
</favourites>