<favourites>
	<favourite name="2 Movies Evolved" thumb="https://superrepo.org/static/images/icons/original/xplugin.video.twomovies.png.pagespeed.ic.1t193NtJce.jpg">ActivateWindow(10025,&quot;plugin://plugin.video.twomovies?sf_options=fanart%3Dspecial%3A%2F%2Fhome%2Faddons%5Cplugin.video.twomovies%5Cfanart.jpg%26desc%3D-+GFX+by+%3AMarquerite++A+deep+database+of+Movies+%2C+TV+Shows.+Downloading+to+your+library+has+never+been+easier.%26_options_sf&quot;,return)</favourite>
	<favourite name="The Royal We" thumb="http://addons.tvaddons.ag/cache/images/fbc27244f313440eed96f25d61f6dd_icon.png">ActivateWindow(10025,&quot;plugin://plugin.video.theroyalwe?sf_options=fanart%3Dspecial%3A%2F%2Fhome%2Faddons%5Cplugin.video.theroyalwe%5Cfanart.jpg%26desc%3DThe+Royal+We+is+getting+better+then+ever.+It%27s+all+about+simplicity+and+lots+of+sources.+No+settings.+No+configuration+%28except+for+a+Trakt.tv+account+if+you+have+one%29.%26_options_sf&quot;,return)</favourite>
	<favourite name="MD Sports Extra" thumb="special://home/addons\plugin.video.mdsportsextra\icon.png">ActivateWindow(10025,&quot;plugin://plugin.video.mdsportsextra/&quot;,return)</favourite>
	<favourite name="Movies3s" thumb="special://home/addons\plugin.video.movies3sER\icon.png">ActivateWindow(10025,&quot;plugin://plugin.video.movies3sER/&quot;,return)</favourite>
	<favourite name="Prime Links" thumb="special://home/addons\plugin.video.myvideolinks\icon.png">ActivateWindow(10025,&quot;plugin://plugin.video.myvideolinks/&quot;,return)</favourite>
	<favourite name="Cartoons8" thumb="special://home/addons\plugin.video.cartoons8\icon.png">ActivateWindow(10025,&quot;plugin://plugin.video.cartoons8?sf_options=fanart%3Dspecial%3A%2F%2Fhome%2Faddons%5Cplugin.video.cartoons8%5Cfanart.jpg%26_options_sf&quot;,return)</favourite>
	<favourite name="KidsFlix" thumb="special://home/addons\plugin.video.kidsflix\icon.png">ActivateWindow(10025,&quot;plugin://plugin.video.kidsflix/&quot;,return)</favourite>
	<favourite name="Cartoon HD" thumb="special://home/addons\plugin.video.cartoonhd\icon.png">ActivateWindow(10025,&quot;plugin://plugin.video.cartoonhd/&quot;,return)</favourite>
	<favourite name="Starkiller" thumb="special://home/addons\plugin.video.starkiller\icon.png">ActivateWindow(10025,&quot;plugin://plugin.video.starkiller/&quot;,return)</favourite>
	<favourite name="## On Demand 4K ##" thumb="special://home/addons/plugin.video.dnatv/icon.png">ActivateWindow(10025,&quot;plugin://plugin.video.dnatv/?genre_id=65&amp;genre_name=%23%23%20On%20Demand%204K%20%23%23&amp;mode=channels&amp;portal=%7b%22name%22%3a%20%22Enter%20DNA%20TV%22%2c%20%22parental%22%3a%20%22true%22%2c%20%22url%22%3a%20%22http%3a%2f%2fmw1.iptv66.tv%22%2c%20%22mac%22%3a%20%2200%3a1A%3a78%3a24%3a24%3a24%22%2c%20%22serial%22%3a%20%7b%22custom%22%3a%20false%7d%2c%20%22password%22%3a%20%221234%22%7d&quot;,return)</favourite>
	<favourite name="Movies On Demand" thumb="special://home/addons/plugin.video.dnatv/icon.png">ActivateWindow(10025,&quot;plugin://plugin.video.dnatv/?genre_id=48&amp;genre_name=Movies%20On%20Demand&amp;mode=channels&amp;portal=%7b%22name%22%3a%20%22Enter%20DNA%20TV%22%2c%20%22parental%22%3a%20%22true%22%2c%20%22url%22%3a%20%22http%3a%2f%2fmw1.iptv66.tv%22%2c%20%22mac%22%3a%20%2200%3a1A%3a78%3a24%3a24%3a24%22%2c%20%22serial%22%3a%20%7b%22custom%22%3a%20false%7d%2c%20%22password%22%3a%20%221234%22%7d&quot;,return)</favourite>
	<favourite name="[COLOR black]DIJ Entertainments[/COLOR]" thumb="https://pbs.twimg.com/profile_images/644210735644549121/kPJqpEQt.jpg">ActivateWindow(10025,&quot;plugin://plugin.video.dijentertainments?sf_options=fanart%3Dspecial%3A%2F%2Fhome%2Faddons%5Cplugin.video.dijentertainments%5Cfanart.jpg%26_options_sf&quot;,return)</favourite>
	<favourite name="Origin Entertainment" thumb="special://home/addons\plugin.video.originentertainment\icon.png">ActivateWindow(10025,&quot;plugin://plugin.video.originentertainment?sf_options=fanart%3Dspecial%3A%2F%2Fhome%2Faddons%5Cplugin.video.originentertainment%5Cfanart.jpg%26desc%3DAn+addon+by+origin+for+all-round+Entertainment%26_options_sf&quot;,return)</favourite>
</favourites>