<favourites>
	<favourite name="Recently Added" thumb="http://icons.iconarchive.com/icons/custom-icon-design/pretty-office-11/512/new-icon.png">ActivateWindow(10025,&quot;plugin://plugin.program.super.favourites/?mode=400&amp;path=special%3A%2F%2Fhome%2Faddons%2Fscript.supafav%2FSuper%20Favourites/Movies/New&amp;sf_options=&quot;)</favourite>
	<favourite name="Being Watched" thumb="https://googledrive.com/host/0B-bY5h-uWEgZQVJQZ0lzUTdBeFE/icons/eye.png">ActivateWindow(10025,&quot;plugin://plugin.video.origin2/?action=movies&amp;url=trending&amp;sf_options=&quot;,return)</favourite>
	<favourite name="[COLOR aliceblue]Browse Movies[/COLOR]" thumb="http://thumbs.dreamstime.com/t/film-genre-squared-app-icon-set-flat-style-vector-illustrations-long-shadows-49654570.jpg">ActivateWindow(10025,&quot;plugin://plugin.program.super.favourites/?sf_options=&amp;mode=400&amp;path=special%3A%2F%2Fhome%2Faddons%2Fscript.supafav%2FSuper%20Favourites/Movies/Browse&amp;sf_options=&quot;,return)</favourite>
	<favourite name="SKY Movies" thumb="http://a4.mzstatic.com/eu/r30/Purple69/v4/0c/5e/ce/0c5ecedd-0610-c751-9a04-2d44be098c45/icon175x175.jpeg">ActivateWindow(10025,&quot;plugin://plugin.video.origin2/?action=channels&amp;sf_options=&quot;,return)</favourite>
	<favourite name="Movies OnDemand" thumb="http://www.userlogos.org/files/logos/Hiromacu/MoviesOnDemand.png">ActivateWindow(10025,&quot;plugin://plugin.video.ccloudtv/?iconimage=C%3a%5ckodi%5cportable_data%5caddons%5cplugin.video.ccloudtv%5cresources%2ficons%2f%2fondemandmovies.png&amp;mode=59&amp;name=%5bCOLOR%20royalblue%5d%5bB%5dOn%20Demand%20Movies%5b%2fB%5d%5b%2fCOLOR%5d&amp;url=ondemandmovies&amp;sf_options=fanart%3Dspecial%3A%2F%2Fhome%2Faddons%5Cplugin.video.ccloudtv%5Cfanart.jpg%26_options_sf&quot;,return)</favourite>
	<favourite name="Websites" thumb="http://www.communityinformaticsprojects.org/prairienet2/images/Internet-Explorer-Icon.png">ActivateWindow(10025,&quot;plugin://plugin.program.super.favourites/?sf_options=&amp;mode=400&amp;path=special%3A%2F%2Fhome%2Faddons%2Fscript.supafav%2FSuper%20Favourites/Movies/Websites&amp;sf_options=&quot;,return)</favourite>
	<favourite name="Search" thumb="http://googledrive.com/host/0B-bY5h-uWEgZQVJQZ0lzUTdBeFE/icons/search-movies.png">ActivateWindow(10025,&quot;plugin://plugin.program.super.favourites/?label=Search&amp;mode=400&amp;sf_options=&amp;mode=400&amp;path=special%3A%2F%2Fhome%2Faddons%2Fscript.supafav%2FSuper%20Favourites/Movies%5CSearch&amp;sf_options=fanart%3DNULL%26_options_sf&quot;,return)</favourite>
</favourites>