<favourites>
	<favourite name="Kodi 16.1" thumb="">PlayMedia(&quot;plugin://plugin.video.water/?url=http%3A%2F%2Fmirrors.kodi.tv%2Freleases%2Fandroid%2Farm%2Fkodi-16.1-Jarvis-armeabi-v7a.apk&amp;mode=3&amp;name=Kodi_161&amp;description=Install Kodi 16.1&amp;sf_options=winID%3D10025%26_options_sf&quot;)</favourite>
	<favourite name="SPMC 16.3" thumb="">PlayMedia(&quot;plugin://plugin.video.water/?url=https%3A%2F%2Fgithub.com%2Fkoying%2FSPMC%2Freleases%2Fdownload%2F16.3.0-spmc%2FSPMC-armeabi-v7a_16.3.0.apk&amp;mode=3&amp;name=SPMC_163&amp;description=Install SPMC 16.3&amp;sf_options=winID%3D10025%26_options_sf&quot;)</favourite>
	<favourite name="RetroArch" thumb="">PlayMedia(&quot;plugin://plugin.video.water/?url=http%3A%2F%2Fbuildbot.libretro.com%2Fstable%2F1.3.4%2Fandroid%2FRetroArch.apk&amp;mode=3&amp;name=RetroArch&amp;description=Install RetroArch&amp;sf_options=winID%3D10025%26_options_sf&quot;)</favourite>
	<favourite name="Mobdro" thumb="">PlayMedia(&quot;plugin://plugin.video.water/?url=https%3A%2F%2Fupdates.mobdro.com%2Fdownloads%2Fmobdro.apk&amp;mode=3&amp;name=Mobdro&amp;description=Install Mobdro&amp;sf_options=winID%3D10025%26_options_sf&quot;)</favourite>
	<favourite name="TeamViewerQS" thumb="">PlayMedia(&quot;plugin://plugin.video.water/?url=http%3A%2F%2Fdownload.teamviewer.com%2Fdownload%2FTeamViewerQS.apk&amp;mode=3&amp;name=TeamViewerQS&amp;description=Install TeamViewerQS&amp;sf_options=winID%3D10025%26_options_sf&quot;)</favourite>
	<favourite name="NovaLauncher 4.3" thumb="">PlayMedia(&quot;plugin://plugin.video.water/?url=http%3A%2F%2Fnovalauncher.com%2Fapk%2FNovaLauncher_4.3.apk&amp;mode=3&amp;name=NovaLauncher4.3&amp;description=Install Nova Launcher&amp;sf_options=winID%3D10025%26_options_sf&quot;)</favourite>
	<favourite name="Total Commander" thumb="">PlayMedia(&quot;plugin://plugin.video.water/?url=http%3A%2F%2Fghisler.com%2Ftcandroid2.apk&amp;mode=3&amp;name=TotalCommander&amp;description=Total Commander&amp;sf_options=winID%3D10025%26_options_sf&quot;)</favourite>
	<favourite name="XBMCLauncher" thumb="">PlayMedia(&quot;plugin://plugin.video.water/?url=http%3A%2F%2Fdl3.apk-dl.com%2Froot%2Fapk%2F2016%2F3%2F22%2Fse.blunden.xbmclauncher_16.apk%3Ff%3DXBMC%2520Launcher_2.5_apk-dl.com.apk&amp;mode=3&amp;name=XBMCLauncher&amp;description=XBMCLauncher&amp;sf_options=winID%3D10025%26_options_sf&quot;)</favourite>
	<favourite name="SideLoad Launcher (nVidia Shield Only)" thumb="">PlayMedia(&quot;plugin://plugin.video.water/?url=http%3A%2F%2Fforum.xda-developers.com%2Fattachment.php%3Fattachmentid%3D3204194%26d%3D1426022897&amp;mode=3&amp;name=SideLoadLauncher&amp;description=Install SideLoad Launcer (nVidia Shield Only)&amp;sf_options=winID%3D10025%26_options_sf&quot;)</favourite>
	<favourite name="FireStopper (FTV ONLY)" thumb="">PlayMedia(&quot;plugin://plugin.video.water/?url=http%3A%2F%2Fforum.xda-developers.com%2Fattachment.php%3Fattachmentid%3D3709025%26d%3D1459908921&amp;mode=3&amp;name=FireStopper&amp;description=Install FireStopper&amp;sf_options=winID%3D10025%26_options_sf&quot;)</favourite>
	<favourite name="HappyChickTV" thumb="">PlayMedia(&quot;plugin://plugin.video.water/?url=http%3A%2F%2Fwww.xiaoji001.com%2Fdownload%2Ftv%2Fxiaoji.apk&amp;mode=3&amp;name=HappyChickTV&amp;description=Install HappyChickTV&amp;sf_options=winID%3D10025%26_options_sf&quot;)</favourite>
	<favourite name="Happychick" thumb="">PlayMedia(&quot;plugin://plugin.video.water/?url=http%3A%2F%2Fwww.xiaoji001.com%2Fdownload%2Fhappychick.apk&amp;mode=3&amp;name=Happychick&amp;description=Happychick&amp;sf_options=winID%3D10025%26_options_sf&quot;)</favourite>
</favourites>