<favourites>
	<favourite name="DVR" thumb="http://googledrive.com/host/0B-bY5h-uWEgZQVJQZ0lzUTdBeFE/icons/tivo2.png">ActivateWindow(10025,&quot;plugin://plugin.video.origin2/?action=calendar&amp;url=mycalendar&amp;sf_options=&quot;,return)</favourite>
	<favourite name="Watchlist" thumb="http://googledrive.com/host/0B-bY5h-uWEgZQVJQZ0lzUTdBeFE/icons/eye.png">ActivateWindow(10025,&quot;plugin://plugin.video.origin2/?action=tvshows&amp;url=traktwatchlist&amp;sf_options=&quot;,return)</favourite>
	<favourite name="Collection" thumb="http://googledrive.com/host/0B-bY5h-uWEgZQVJQZ0lzUTdBeFE/icons/mytv.png">ActivateWindow(10025,&quot;plugin://plugin.video.origin2/?action=tvshows&amp;url=traktcollection&amp;sf_options=&quot;,return)</favourite>
	<favourite name="Lists" thumb="http://googledrive.com/host/0B-bY5h-uWEgZQVJQZ0lzUTdBeFE/icons/list.png">ActivateWindow(10025,&quot;plugin://plugin.video.origin2/?action=tvUserlists&amp;sf_options=&quot;,return)</favourite>
	<favourite name="History" thumb="http://googledrive.com/host/0B-bY5h-uWEgZQVJQZ0lzUTdBeFE/icons/apps/history_p.png">ActivateWindow(10025,&quot;plugin://plugin.video.origin2/?action=calendar&amp;url=progress&amp;sf_options=&quot;,return)</favourite>
	<favourite name="[B]TRAKT[/B] : TV Featured" thumb="special://home/addons\plugin.video.genesis\resources\media\gone\tvshows.jpg">ActivateWindow(10025,&quot;plugin://plugin.video.origin2/?action=tvshows&amp;url=traktfeatured&amp;sf_options=&quot;,return)</favourite>
	<favourite name="[B]TRAKT[/B] : TV Ratings" thumb="special://home/addons\plugin.video.genesis\resources\media\gone\tvshows.jpg">ActivateWindow(10025,&quot;plugin://plugin.video.origin2/?action=tvshows&amp;url=traktratings&amp;sf_options=&quot;,return)</favourite>
</favourites>