<favourites>
	<favourite name="[COLOR chartreuse]Pro Sport[/COLOR]" thumb="special://home/addons\plugin.video.prosport\icon.png">ActivateWindow(10025,&quot;plugin://plugin.video.prosport/&quot;,return)</favourite>
	<favourite name="[COLOR chartreuse]Castaway[/COLOR]" thumb="https://offshoregit.com/natko1412/zips/plugin.video.castaway/icon.png">ActivateWindow(10025,&quot;plugin://plugin.video.castaway?sf_options=fanart%3Dspecial%3A%2F%2Fhome%2Faddons%5Cplugin.video.castaway%5Cfanart.jpg%26desc%3DProvides+access+to+live+content+from+many+sites.%26_options_sf&quot;,return)</favourite>
	<favourite name="[COLOR chartreuse]SportsDevil[/COLOR]" thumb="http://icons.iconarchive.com/icons/pixelpirate/futurama/128/Robot-Devil-icon.png">ActivateWindow(10025,&quot;plugin://plugin.video.SportsDevil&quot;)</favourite>
	<favourite name="MoneySports" thumb="special://home/addons\plugin.video.MoneySports\icon.png">ActivateWindow(10025,&quot;plugin://plugin.video.MoneySports/&quot;,return)</favourite>
	<favourite name="NJM-Soccer" thumb="special://home/addons\plugin.video.NJMSoccer\icon.png">ActivateWindow(10025,&quot;plugin://plugin.video.NJMSoccer/&quot;,return)</favourite>
	<favourite name="Phoenix Sports" thumb="http://phoenixtv.offshorepastebin.com/art/main/DRAGONsports.jpg">ActivateWindow(10025,&quot;plugin://plugin.video.phstreams/?action=directory&amp;url=http%3a%2f%2fphoenixtv.offshorepastebin.com%2ftv%2fevents.xml&quot;,return)</favourite>
	<favourite name="Sport365.live" thumb="http://img.phone.baidu.com/public/uploads/store_10/8/7/2/e145061a53cfc8d643199aaeb87c74b3_130x130.png">ActivateWindow(10025,&quot;plugin://plugin.video.ZemTV-shani/?mode=56&amp;name=Sport365.live&amp;url=sss&quot;,return)</favourite>
	<favourite name="VT Sports *" thumb="">ActivateWindow(10025,&quot;plugin://plugin.video.VidTime/?icon=http%3a%2f%2fs5.postimg.org%2f4vavhx43r%2fOnline_Sports_isn_t_it_Fun.jpg&amp;mode=VT%20SPORTS&quot;,return)</favourite>
</favourites>