<favourites>
	<favourite name="[COLOR azure]Add-On Browser[/COLOR]" thumb="http://myersinfosys.com/wp-content/uploads/2015/06/icon-addons.png">ActivateWindow(10040,&quot;addons://install/&amp;sf_options=&quot;,return)</favourite>
	<favourite name="[COLOR azure]FileManager[/COLOR]" thumb="http://files.softicons.com/download/system-icons/crystal-project-icons-by-everaldo-coelho/png/256x256/apps/file-manager.png">ActivateWindow(FileManager)</favourite>
	<favourite name="[COLOR azure]System Info[/COLOR]" thumb="http://findicons.com/files/icons/1261/sticker_system/256/get_info.png">ActivateWindow(systeminfo)</favourite>
	<favourite name="System Settings" thumb="https://lh4.ggpht.com/lQ3HQcoNO7KAuMSiTD_FmU6CsKFTBn7P_qaY5WXJfnjvVQg7AF_hx9g3JkW-vWfE9DQ=w300">ActivateWindow(Settings)</favourite>
</favourites>