<favourites>
	<favourite name="BT Sport 2" thumb="">PlayMedia(&quot;http://80.243.189.26:8889/sprtXStpp/bt2/index.m3u8?sf_options=winID%3D10025%26_options_sf&quot;)</favourite>
	<favourite name="BT Sport 2" thumb="">PlayMedia(&quot;plugin://plugin.video.ZemTV-shani/?url=dWt0dm5vdzo2MA%3D%3D&amp;mode=11&amp;name=%5BCOLOR+FF11b500%5DBt+sports+2+uktv%5B%2FCOLOR%5D&amp;sf_options=winID%3D10025%26_options_sf&quot;)</favourite>
	<favourite name="BT Sport 2" thumb="">PlayMedia(&quot;plugin://plugin.video.ZemTV-shani/?url=http%3A%2F%2Fcricfree.sx%2Fbt-sport-2-live-stream-2&amp;mode=42&amp;name=Bt2&amp;sf_options=winID%3D10025%26_options_sf&quot;)</favourite>
	<favourite name="BT Sport 2" thumb="">PlayMedia(&quot;http://iptv-supplier.com:8000/live/moumen/moumen/281.ts|User-Agent=VLC/2.2.1 LibVLC/2.2.17&amp;Icy-MetaData=1?sf_options=winID%3D10025%26_options_sf&quot;)</favourite>
	<favourite name="BT Sport 2" thumb="">ActivateWindow(10025,&quot;plugin://plugin.video.SportsDevil/?item=title.tmp%3dBT%2bSport%2b2%26catcher%3dstreams%26title%3dBT%2bSport%2b2%26url%3dhttp%253A%252F%252Fmamahd.com%252Fwatch-bt-sport-2-live-stream-1.html%26videoTitle%3dBT%2bSport%2b2%26director%3dmamahd.com%26genre%3dTV%26referer%3dhttp%253A%252F%252Fmamahd.com%26definedIn%3dtv%252Fmamahd.com.cfg%26icon.tmp%3dhttp%253A%252F%252Fmamahd.com%252Fimages%252Fchannels%252Fbt.png%26type%3drss%26icon%3dC%253A%255Ckodi%255Cportable_data%255Caddons%255Cplugin.video.SportsDevil%255Cresources%255Cimages%255Cchannels%252Fbt_sport_2.png&amp;mode=1&quot;,return)</favourite>
	<favourite name="Atdhenet.tv *" thumb="special://home/addons\plugin.video.castaway\resources/media/atdhe.jpg">ActivateWindow(10025,&quot;plugin://plugin.video.castaway/?mode=open_live_sport&amp;site=atdhe&amp;sf_options=fanart%3Dspecial%3A%2F%2Fhome%2Faddons%5Cplugin.video.castaway%2Ffanart.jpg%26_options_sf&quot;,return)</favourite>
	<favourite name="Wiz1.net *" thumb="special://home/addons\plugin.video.castaway\resources/media/wiz1.png">ActivateWindow(10025,&quot;plugin://plugin.video.castaway/?mode=open_live_sport&amp;site=wiz1&amp;sf_options=fanart%3Dspecial%3A%2F%2Fhome%2Faddons%5Cplugin.video.castaway%2Ffanart.jpg%26_options_sf&quot;,return)</favourite>
	<favourite name="Zunox.hk *" thumb="special://home/addons\plugin.video.castaway\resources/media/zunox.jpg">ActivateWindow(10025,&quot;plugin://plugin.video.castaway/?mode=open_live_sport&amp;site=zunox&amp;sf_options=fanart%3Dspecial%3A%2F%2Fhome%2Faddons%5Cplugin.video.castaway%2Ffanart.jpg%26_options_sf&quot;,return)</favourite>
	<favourite name="UFC - Dimsports" thumb="special://home/addons\plugin.video.castaway\resources/media/icons/fighting.png">ActivateWindow(10025,&quot;plugin://plugin.video.castaway/?mode=open_sport_cat&amp;site=dimsport&amp;url=http%3a%2f%2fidimsports.eu%2fboxing-wwe-ufc.html&quot;,return)</favourite>
	<favourite name="UFC - VIPbox.tv" thumb="special://home/addons\plugin.video.SportsDevil\resources\images\sports/Boxing.png">ActivateWindow(10025,&quot;plugin://plugin.video.SportsDevil/?item=title%3dBoxing%2b%252F%2bWWE%2b%252F%2bUFC%26url%3dhttp%253A%252F%252Fwww.vipleague.is%252Fsports%252Fboxing-wwe-ufc.html%26cfg%3dvipbox.tv.events.cfg%26definedIn%3dlivesports%252Fvipbox.tv.cfg%26director%3dVipBox.tv%26genre%3dLive%2bSports%26type%3drss%26icon%3dC%253A%255Ckodi%255Cportable_data%255Caddons%255Cplugin.video.SportsDevil%255Cresources%255Cimages%255Csports%252FBoxing.png&amp;mode=1&quot;,return)</favourite>
	<favourite name="UFC - VipLeauge" thumb="special://home/addons\plugin.video.castaway\resources/media/icons/fighting.png">ActivateWindow(10025,&quot;plugin://plugin.video.castaway/?mode=open_sport_cat&amp;site=vipbox&amp;url=http%3a%2f%2fwww.vipleague.me%2fsports%2fufc.html&quot;,return)</favourite>
	<favourite name="UFC - LiveRU" thumb="special://home/addons\plugin.video.castaway\resources/media/icons/fighting.png">ActivateWindow(10025,&quot;plugin://plugin.video.castaway/?mode=open_sport_cat&amp;site=livetv&amp;url=http%3a%2f%2fxliveru.sx%2fen%2fallupcomingsports%2f75%2f&quot;,return)</favourite>
	<favourite name="UFC - NJM" thumb="">ActivateWindow(10025,&quot;plugin://plugin.video.NJMSoccer/?fanart&amp;mode=1&amp;name=%5bB%5d---%3d%3d%3d%5bCOLOR%20red%5dFIGHT%5b%2fCOLOR%5d%5bCOLOR%20blue%5d%20NIGHT%5b%2fCOLOR%5d%3d%3d%3d---%5b%2fB%5d&amp;url=http%3a%2f%2fnjmsoccer.kodistream.info%2frh_boxing.xml&quot;,return)</favourite>
	<favourite name="UFC - MoneySports" thumb="">ActivateWindow(10025,&quot;plugin://plugin.video.MoneySports/&amp;sf_options=?fanart=http%3a%2f%2ffcbusiness.co.uk%2fblog%2ffolderofcontent%2fuploads%2f2013%2f04%2ftwitterfield.jpg&amp;mode=1&amp;name=%5bCOLOR%20lawngreen%5dMATCHDAY%5b%2fCOLOR%5d%20TWITTER%20STREAMS%20(%20MAINLY%20%5bCOLOR%20lawngreen%5dHD%5b%2fCOLOR%5d%20)%20(%20%5bCOLOR%20red%5dALSO%20PPVS%5b%2fCOLOR%5d%20)&amp;url=http%3a%2f%2fwww.4legends.co.uk%2fMoneySports%2fppvlive.XML&quot;,return)</favourite>
	<favourite name="Rojadirecta.me" thumb="special://home/addons\plugin.video.castaway\resources/media/roja.jpg">ActivateWindow(10025,&quot;plugin://plugin.video.castaway/?mode=open_live_sport&amp;site=rojadirecta&quot;,return)</favourite>
	<favourite name="[COLOR black]BETA[/COLOR]" thumb="C:\kodi\addons\plugin.program.super.favourites\icon.png">ActivateWindow(10025,&quot;plugin://plugin.program.super.favourites/?label=BETA&amp;mode=400&amp;folder=Sports%2FUFC%2FLive%20Events%2FBETA&amp;sf_options=fanart%3DNULL%26_options_sf&quot;)</favourite>
</favourites>