<favourites>
	<favourite name="TVGuide: All" thumb="special://home/addons\script.watertv\icon.png">RunScript(&quot;script.watertvguide/&quot;)</favourite>
	<favourite name="TVGuide: Sports" thumb="special://home/addons\script.watertvguide.sports\icon.png">RunScript(&quot;script.watertvguide.sports/?sf_options=desc%3Dwatertv+Guide+allows+you+to+combine+some+of+your+favourite+live+TV+plugins+for+use+with+a+fully+working+EPG%26_options_sf&quot;)</favourite>
	<favourite name="TVGuide: News" thumb="special://home/addons\script.watertvguide.news\icon.png">RunScript(&quot;script.watertvguide.news/?sf_options=desc%3Dwatertv+Guide+allows+you+to+combine+some+of+your+favourite+live+TV+plugins+for+use+with+a+fully+working+EPG%26_options_sf&quot;)</favourite>
	<favourite name="TVGuide: Kids" thumb="special://home/addons\script.watertvguide.kids\icon.png">RunScript(&quot;script.watertvguide.kids/?sf_options=desc%3Dwatertv+Guide+allows+you+to+combine+some+of+your+favourite+live+TV+plugins+for+use+with+a+fully+working+EPG%26_options_sf&quot;)</favourite>
	<favourite name="TVGuide: PPV" thumb="special://home/addons\script.watertvguide.ppv\icon.png">RunScript(&quot;script.watertvguide.ppv/?sf_options=desc%3Dwatertv+Guide+allows+you+to+combine+some+of+your+favourite+live+TV+plugins+for+use+with+a+fully+working+EPG%26_options_sf&quot;)</favourite>
	<favourite name="TVGuide: Free" thumb="special://home/addons\script.ftvguide\icon.png">RunScript(&quot;script.ftvguide?sf_options=fanart%3Dspecial%3A%2F%2Fhome%2Faddons%5Cscript.ftvguide%5Cfanart.jpg%26desc%3DTFTV+Guide+allows+you+to+combine+some+of+your+favourite+live+TV+plugins+for+use+with+a+fully+working+EPG%26_options_sf&quot;)</favourite>
	<favourite name="[COLOR black][B]English[/B][/COLOR]" thumb="special://home/addons\plugin.video.ccloudtv\resources/icons//english.png">ActivateWindow(10025,&quot;plugin://plugin.video.ccloudtv/?iconimage=C%3a%5ckodi%5cportable_data%5caddons%5cplugin.video.ccloudtv%5cresources%2ficons%2f%2fenglish.png&amp;mode=62&amp;name=%5bCOLOR%20royalblue%5d%5bB%5dEnglish%5b%2fB%5d%5b%2fCOLOR%5d&amp;url=english&amp;sf_options=fanart%3Dspecial%3A%2F%2Fhome%2Faddons%5Cplugin.video.ccloudtv%5Cfanart.jpg%26_options_sf&quot;,return)</favourite>
	<favourite name="[COLOR black]Streamlive.to[/COLOR]" thumb="special://home/addons\plugin.video.castaway\resources/media/streamlive.png">ActivateWindow(10025,&quot;plugin://plugin.video.castaway/?mode=open_live_tv&amp;site=streamlive&amp;sf_options=fanart%3Dspecial%3A%2F%2Fhome%2Faddons%5Cplugin.video.castaway%2Ffanart.jpg%26_options_sf&quot;,return)</favourite>
</favourites>