<favourites>
	<favourite name="24 /7 Shows" thumb="special://home/addons\plugin.video.ccloudtv\resources/icons//twentyfourseven.png">ActivateWindow(10025,&quot;plugin://plugin.video.ccloudtv/?iconimage=twentyfourseven.png&amp;mode=60&amp;name=%5bCOLOR%20royalblue%5d%5bB%5d24%2f7%20Channels%5b%2fB%5d%5b%2fCOLOR%5d&amp;url=24&amp;sf_options=fanart%3Dspecial%3A%2F%2Fhome%2Faddons%5Cplugin.video.ccloudtv%5Cfanart.jpg%26_options_sf&quot;,return)</favourite>
	<favourite name="[COLOR blue]Shows - vTV[/COLOR]" thumb="https://googledrive.com/host/0B-bY5h-uWEgZQVJQZ0lzUTdBeFE/icons/apps/veetle.jpg">ActivateWindow(10025,&quot;plugin://plugin.video.veetle/?category=20&quot;)</favourite>
	<favourite name="VaughnLive - Misc" thumb="special://home/addons\plugin.stream.vaughnlive.tv\art\misc.jpg">ActivateWindow(10025,&quot;plugin://plugin.stream.vaughnlive.tv/?cat=misc&amp;mode=BrowseCat3&amp;site&amp;type=php&amp;sf_options=fanart%3Dspecial%3A%2F%2Fhome%2Faddons%5Cplugin.stream.vaughnlive.tv%5Cfanart.jpg%26_options_sf&quot;,return)</favourite>
	<favourite name="[COLOR blue]Shows - TGUN[/COLOR]" thumb="special://home/addons\plugin.video.tgun/icons/newtv.png">ActivateWindow(10025,&quot;plugin://plugin.video.tgun/?mode=tvchannels&amp;page_num=1&amp;url=http%3a%2f%2fwww.tgun.tv%2fmenus%2fshows%2fchmenu.php&quot;,return)</favourite>
	<favourite name="Bones" thumb="https://apparitionskateboards.com/wp-content/uploads/2015/04/Bones-Logo.jpg">PlayMedia(&quot;http://iptvnation.com/bones.mp4?sf_options=winID%3D10025%26_options_sf&quot;)</favourite>
	<favourite name="CSI Miami" thumb="https://fanart.tv/api/download.php?type=download&amp;image=31066&amp;section=1">PlayMedia(&quot;http://iptvnation.com/csimiami.mp4?sf_options=winID%3D10025%26_options_sf&quot;)</favourite>
	<favourite name="Criminal Minds" thumb="http://sounds.lyrics.songonlyrics.net/wp-content/uploads/2013/09/criminalminds-s9.jpeg">PlayMedia(&quot;plugin://plugin.video.ccloudtv/?url=http%3A%2F%2Fiptvnation.com%2Fcriminal.mp4&amp;mode=1&amp;name=Criminal+Minds+%28RandomAirTime+24%2F7%29+%28US%29+%28English%29&amp;iconimage=http%3A%2F%2Fsounds.lyrics.songonlyrics.net%2Fwp-content%2Fuploads%2F2013%2F09%2Fcriminalminds-s9.jpeg&amp;sf_options=winID%3D10025%26_options_sf&quot;)</favourite>
	<favourite name="Arrow" thumb="http://www.josepvinaixa.com/blog/wp-content/uploads/2014/07/Arrow-Season-3-logo1.png">PlayMedia(&quot;http://iptvnation.com/arrow.mp4?sf_options=winID%3D10025%26_options_sf&quot;)</favourite>
	<favourite name="Bobs Burgers" thumb="http://vignette3.wikia.nocookie.net/voiceacting/images/8/8e/Bob">PlayMedia(&quot;http://iptvnation.com/bobs.mp4?sf_options=winID%3D10025%26_options_sf&quot;)</favourite>
	<favourite name="Family Guy" thumb="https://upload.wikimedia.org/wikipedia/en/thumb/a/aa/Family_Guy_Logo.svg/335px-Family_Guy_Logo.svg.png">PlayMedia(&quot;http://iptvnation.com/familyguy.mp4?sf_options=winID%3D10025%26_options_sf&quot;)</favourite>
	<favourite name="How I Met Your Mother" thumb="http://wgnamerica.com/~/media/Images/WGNAmerica/Series/How-I-Met-Your-Mother/Hero-Area/HIMYM-logo.ashx?w=413&amp;h=300">PlayMedia(&quot;http://iptvnation.com/how.mp4quot;)?sf_options=winID%3D10025%26_options_sf&quot;)</favourite>
	<favourite name="South Park" thumb="http://tvtvtv.ru/icons/logo_4527.png">PlayMedia(&quot;http://iptvnation.com/southpark.mp4?sf_options=winID%3D10025%26_options_sf&quot;)</favourite>
	<favourite name="The Big Bang Theory" thumb="http://ia.media-imdb.com/images/M/MV5BMjI1Mzc4MDUwNl5BMl5BanBnXkFtZTgwMDAzOTIxMjE%40._V1_SY317_CR20%2C0%2C214%2C317_AL_.jpg">PlayMedia(&quot;http://iptvnation.com/big.mp4quot;)?sf_options=winID%3D10025%26_options_sf&quot;)</favourite>
	<favourite name="The Grimm" thumb="http://aidyreviewsnet.c.presscdn.com/wp-content/uploads/2012/05/Grimm-Season-1-SUPERFAN.png">PlayMedia(&quot;http://iptvnation.com/grimm.mp4?sf_options=winID%3D10025%26_options_sf&quot;)</favourite>
	<favourite name="The Mentalist" thumb="http://tvfiles.alphacoders.com/248/clearart-248.png">PlayMedia(&quot;http://iptvnation.com/mentalist.mp4?sf_options=winID%3D10025%26_options_sf&quot;)</favourite>
	<favourite name="Two and a Half Men" thumb="http://i2.ytimg.com/vi/qFKN_weKWug/mqdefault.jpg">PlayMedia(&quot;http://iptvnation.com/two.mp4?sf_options=winID%3D10025%26_options_sf&quot;)</favourite>
	<favourite name="Christmas Cartoon Marathon" thumb="http://www.thecartoonlogo.com/cartoon-logo-images/cartoon-character-logo-18.gif">PlayMedia(&quot;http://veetle.com/index.php/hls/streamMbrFast/52115f38c3e89_/stream.m3u8?sf_options=winID%3D10025%26_options_sf&quot;)</favourite>
	<favourite name="Futurama" thumb="http://www.silverkgallery.com.au/Futurama/futurama_title_screen.gif">PlayMedia(&quot;http://veetle.com/index.php/hls/streamMbrFast/55f2fc8090f16_/stream.m3u8?sf_options=winID%3D10025%26_options_sf&quot;)</favourite>
	<favourite name="Simpsons" thumb="http://seeklogo.com/images/H/homero-simpsons-front-logo-2B497EF5DB-seeklogo.com.gif">PlayMedia(&quot;plugin://plugin.video.ccloudtv/?url=http%3A%2F%2Fveetle.com%2Findex.php%2Fhls%2FstreamMbrfast%2F52dada61bdf13_%2Fstream.m3u8&amp;mode=1&amp;name=Simpsons+24%2F7+%28RandomAirTime+24%2F7%29+%28US%29+%28English%29&amp;iconimage=http%3A%2F%2Fseeklogo.com%2Fimages%2FH%2Fhomero-simpsons-front-logo-2B497EF5DB-seeklogo.com.gif&amp;sf_options=winID%3D10025%26_options_sf&quot;)</favourite>
	<favourite name="South Park" thumb="http://tvtvtv.ru/icons/logo_4527.png">PlayMedia(&quot;http://veetle.com/index.php/hls/streamMbrFast/541c316fe8423_/stream.m3u8?sf_options=winID%3D10025%26_options_sf&quot;)</favourite>
	<favourite name="Game of Thrones" thumb="http://cdn.europosters.eu/image/750/posters/game-of-thrones-logo-i21034.jpg">PlayMedia(&quot;http://veetle.com/index.php/hls/streamMbrFast/55ef84119738b_/stream.m3u8?sf_options=winID%3D10025%26_options_sf&quot;)</favourite>
	<favourite name="StarGate SG1" thumb="http://ednys.free.fr/fig/Stargate_SG1_arm_patch.jpg">PlayMedia(&quot;http://veetle.com/index.php/hls/streamMbrFast/53f4d3cfbfad1_/stream.m3u8?sf_options=winID%3D10025%26_options_sf&quot;)</favourite>
	<favourite name="StarTrek TNG" thumb="https://img0.etsystatic.com/000/0/5909386/il_570xN.255522404.jpg">PlayMedia(&quot;http://veetle.com/index.php/hls/streamMbrFast/51e482fa02883_/stream.m3u8?sf_options=winID%3D10025%26_options_sf&quot;)</favourite>
	<favourite name="Impractical Jokers" thumb="http://cdn.vaughnsoft.com/vaughnsoft/vaughn/img_profiles/lmshows_ij_320.jpg">PlayMedia(&quot;plugin://plugin.stream.vaughnlive.tv/?sourcetype=auto&amp;title=vaughn&amp;url=http%3A%2F%2Fvaughnlive.tv%2Flmshows_ij&amp;section=&amp;site=&amp;mode=PlayLiveStream&amp;channel=lmshows_ij&amp;sf_options=winID%3D10025%26_options_sf&quot;)</favourite>
	<favourite name="Home Improvment" thumb="http://cdn.vaughnsoft.com/vaughnsoft/vaughn/img_profiles/lmshows_hi_320.jpg">PlayMedia(&quot;plugin://plugin.stream.vaughnlive.tv/?sourcetype=auto&amp;title=vaughn&amp;url=http%3A%2F%2Fvaughnlive.tv%2Flmshows_hi&amp;section=&amp;site=&amp;mode=PlayLiveStream&amp;channel=lmshows_hi&amp;sf_options=winID%3D10025%26_options_sf&quot;)</favourite>
	<favourite name="Duck Dynasty" thumb="http://cdn.vaughnsoft.com/vaughnsoft/vaughn/img_profiles/lmshows_dd_320.jpg">PlayMedia(&quot;plugin://plugin.stream.vaughnlive.tv/?sourcetype=auto&amp;title=vaughn&amp;url=http%3A%2F%2Fvaughnlive.tv%2Flmshows_dd&amp;section=&amp;site=&amp;mode=PlayLiveStream&amp;channel=lmshows_dd&amp;sf_options=winID%3D10025%26_options_sf&quot;)</favourite>
	<favourite name="Married With Children" thumb="http://cdn.vaughnsoft.com/vaughnsoft/vaughn/img_profiles/lmshows_mwc_320.jpg">PlayMedia(&quot;plugin://plugin.stream.vaughnlive.tv/?sourcetype=auto&amp;title=vaughn&amp;url=http%3A%2F%2Fvaughnlive.tv%2Flmshows_mwc&amp;section=&amp;site=&amp;mode=PlayLiveStream&amp;channel=lmshows_mwc&amp;sf_options=winID%3D10025%26_options_sf&quot;)</favourite>
	<favourite name="NATGEO" thumb="http://cdn.vaughnsoft.com/vaughnsoft/vaughn/img_profiles/lmshows_ngbbc_320.jpg">PlayMedia(&quot;plugin://plugin.stream.vaughnlive.tv/?sourcetype=auto&amp;title=vaughn&amp;url=http%3A%2F%2Fvaughnlive.tv%2Flmshows_ngbbc&amp;section=&amp;site=&amp;mode=PlayLiveStream&amp;channel=lmshows_ngbbc&amp;sf_options=winID%3D10025%26_options_sf&quot;)</favourite>
</favourites>