<favourites>
	<favourite name="Pak India Live (Indian - Pak - Arabic)" thumb="http://2.bp.blogspot.com/-ho4UCYKGiRU/VcXV4j75mUI/AAAAAAAAN1s/DgM6Ymd35G0/s1600/Pak%2BIndia%2BLive%2BAdd-ons%2BFor%2BKodi%2BXBMC%2B4.png">ActivateWindow(10025,&quot;plugin://plugin.video.pakindia/?sf_options=desc%3DWatch+All+Your+Favourite+Live+Tv+From+India+Plus+Uk+Sports%26_options_sf&quot;,return)</favourite>
	<favourite name="ZemTV.com (India - Pak)" thumb="special://home/addons\plugin.video.ZemTV-shani\icon.png">ActivateWindow(10025,&quot;plugin://plugin.video.ZemTV-shani/?sf_options=desc%3DWatch+ZemTV.com+on+your+XBMC.+This+plugin+fetches+the+video+sources+from+ZemTV.com+and+play+on+XBMC+compatible+plateforms%26_options_sf&quot;,return)</favourite>
	<favourite name="Pak Dramas" thumb="special://home/addons\plugin.video.dramasonline\icon.png">ActivateWindow(10025,&quot;plugin://plugin.video.dramasonline/?sf_options=desc%3DWatch+dramasonline.com+on+your+XBMC.+This+plugin+fetches+the+video+sources+from+dramasonline.com+and+play+on+XBMC+compatible+plateforms%26_options_sf&quot;,return)</favourite>
	<favourite name="w3nse" thumb="special://home/addons\plugin.video.w3nse\icon.png">ActivateWindow(10025,&quot;plugin://plugin.video.w3nse?sf_options=fanart%3Dspecial%3A%2F%2Fhome%2Faddons%5Cplugin.video.w3nse%5Cfanart.jpg%26desc%3Dw3nse+movies+great+for+hollywood+bollywood+and+Tamil+movies+in+720p+1080p+%28add-on+still+in+beta%29+For+more+info+go+to+www.entertainmentrepo.com%26_options_sf&quot;,return)</favourite>
</favourites>