<?xml version="1.0" encoding="UTF-8" standalone="yes"?>
<addon id="plugin.video.VirtualSchool" name="[B][COLOR deepskyblue]VIRTUAL[/COLOR][COLOR yellow] SHCOOL[/COLOR][/B]" version="0.0.1" provider-name="OPEN MEDIA SOURCE">
  <requires>
    <import addon="xbmc.python" version="2.1.0"/>
	<import addon="script.module.urlresolver"  version="3.0.0"/>
	<import addon="script.module.addon.common" />
  </requires>
  <extension point="xbmc.python.pluginsource" library="default.py">
		<provides>video</provides>
  </extension>
  <extension point="xbmc.addon.metadata">
	<summary lang="en">[B][COLOR deepskyblue]FREE  ONLINE  TUTORIALS[/COLOR][/B]</summary>
	<description lang="en">[B][COLOR yellow]THE BEST OPEN SOURCE ALL TIMES[/COLOR][/B]</description>
	<disclaimer lang="en"></disclaimer>
	<platform>all</platform>
  </extension>
</addon>
