<favourites>
	<favourite name="[COLOR darkkhaki]Relax[/COLOR]" thumb="http://a1.mzstatic.com/us/r30/Purple/v4/6f/c1/41/6fc141b5-b7e6-361d-8273-ad78b7daf48c/icon128-2x.png">ActivateWindow(10025,&quot;plugin://plugin.program.super.favourites/?folder=More/Relax&quot;,return)</favourite>
	<favourite name="YouTube" thumb="http://www.usacapitol.com/SiteAssets/stay-connected/youtube-logo.png">ActivateWindow(10025,&quot;plugin://plugin.video.youtube/&quot;,return)</favourite>
	<favourite name="trakt" thumb="http://www.userlogos.org/files/logos/jumpordie/trakt_02.png">ActivateWindow(10025,&quot;plugin://plugin.program.super.favourites/?folder=more/trakt&quot;,return)</favourite>
	<favourite name="Settings" thumb="http://googledrive.com/host/0B-bY5h-uWEgZQVJQZ0lzUTdBeFE/icons/settings.png">ActivateWindow(10025,&quot;plugin://plugin.program.super.favourites/?folder=More/Settings&quot;,return)</favourite>
	<favourite name="" thumb="">PlayMedia(&quot;plugin://plugin.video.none?sf_options=winID%3D10025%26_options_sf&quot;)</favourite>
	<favourite name="" thumb="">PlayMedia(&quot;plugin://plugin.video.none?sf_options=winID%3D10025%26_options_sf&quot;)</favourite>
	<favourite name="" thumb="">PlayMedia(&quot;plugin://plugin.video.none?sf_options=winID%3D10025%26_options_sf&quot;)</favourite>
	<favourite name="" thumb="">PlayMedia(&quot;plugin://plugin.video.none?sf_options=winID%3D10025%26_options_sf&quot;)</favourite>
	<favourite name="Restricted Zone" thumb="http://www.dendy.com.au/images/ratings/R18.png">ActivateWindow(10025,&quot;plugin://plugin.program.super.favourites/?folder=More/xAdult&quot;,return)</favourite>
</favourites>