<favourites>
	<favourite name="[COLOR aqua]Download Android Apps[/COLOR]" thumb="http://genietv.co.uk/redo/GenieArt/APK.png">ActivateWindow(10025,&quot;plugin://plugin.program.super.favourites/?label=Download Apps&amp;mode=400&amp;folder=More%2FSettings%2FMaintenance%2FMore%20Tools%2FDownload%20Apps&amp;sf_options=fanart%3DC%3A%5Ckodi%5Caddons%5Cplugin.program.super.favourites%5Cfanart.jpg%26_options_sf&quot;)</favourite>
	<favourite name="Android Apps Menu" thumb="http://www.itscanfixthat.com/wp-content/uploads/2013/02/icon-android.png">ActivateWindow(10001,&quot;androidapp://sources/apps/&quot;,return)</favourite>
	<favourite name="Aptoide TV" thumb="androidapp://sources/apps/cm.aptoidetv.pt.png">StartAndroidActivity(&quot;cm.aptoidetv.pt&quot;)</favourite>
	<favourite name="TeamViewer" thumb="androidapp://sources/apps/com.teamviewer.quicksupport.market.png">StartAndroidActivity(&quot;com.teamviewer.quicksupport.market&quot;)</favourite>
	<favourite name="Browser" thumb="androidapp://sources/apps/com.android.browser.png">StartAndroidActivity(&quot;com.android.browser&quot;)</favourite>
	<favourite name="YouTube" thumb="androidapp://sources/apps/com.google.android.youtube.png">StartAndroidActivity(&quot;com.google.android.youtube&quot;)</favourite>
	<favourite name="YouTube" thumb="androidapp://sources/apps/com.google.android.youtube.tv.png">StartAndroidActivity(&quot;com.google.android.youtube.tv&quot;)</favourite>
	<favourite name="Google Now Launcher" thumb="androidapp://sources/apps/com.google.android.launcher.png">StartAndroidActivity(&quot;com.google.android.launcher&quot;)</favourite>
	<favourite name="Aptoide" thumb="androidapp://sources/apps/cm.aptoide.pt.png">StartAndroidActivity(&quot;cm.aptoide.pt&quot;)</favourite>
</favourites>