<favourites>
	<favourite name="B-Streams" thumb="special://home/addons\plugin.video.SportsDevil\resources\images\bundesligastream.png">ActivateWindow(10025,&quot;plugin://plugin.video.SportsDevil/?item=title%3dBundesliga-Streams.net%26url%3dlivesports%252Fbundesliga-streams.net.cfg%26definedIn%3dlivesports.cfg%26director%3dbundesliga-streams.net%26genre%3dLive%2bSports%26type%3drss%26icon%3dC%253A%255Ckodi%255Cportable_data%255Caddons%255Cplugin.video.SportsDevil%255Cresources%255Cimages%255Cbundesligastream.png&amp;mode=1&quot;,return)</favourite>
	<favourite name="ProSports" thumb="DefaultFolder.png">ActivateWindow(10025,&quot;plugin://plugin.video.prosport/?mode=topics&amp;next_url&amp;url=mmastreams&quot;,return)</favourite>
	<favourite name="Bellator" thumb="">PlayMedia(&quot;plugin://plugin.video.f4mTester/?streamtype=HDS;name=BELLATOR+PRELIMS&amp;url=http://spikelive-f.akamaihd.net/z/spikebellator_live1@62376/manifest.f4m?g=JERGJBZFDMWR&amp;hdcore;=3.1.0&amp;sf_options=winID%3D10025%26_options_sf&quot;)</favourite>
	<favourite name="[COLOR white][B]UFC[/B][/COLOR] [COLOR red][B]Live[/B][/COLOR]" thumb="http://dkrepo.netai.net/UltimateUfc/UFC%20Art/UFCtv/tvicon.png">ActivateWindow(10025,&quot;plugin://plugin.video.ufc-finest/?description&amp;fanart=http%3a%2f%2fdkrepo.netai.net%2fUltimateUfc%2fUFC%2520Art%2fUFCtv%2fUFCtv.jpg&amp;mode=1&amp;name=%5bCOLOR%20white%5d%5bB%5dUFC%5b%2fB%5d%5b%2fCOLOR%5d%20%5bCOLOR%20red%5d%5bB%5dLive%5b%2fB%5d%5b%2fCOLOR%5d&amp;url=http%3a%2f%2fdkrepo.netai.net%2fUltimateUfc%2fUFCTv.xml&amp;sf_options=fanart%3Dhttp%3A%2F%2Fdkrepo.netai.net%2FUltimateUfc%2FUFC%2520Art%2FUFCtv%2FUFCtv.jpg%26_options_sf&quot;,return)</favourite>
</favourites>