<favourites>
	<favourite name="waterTV PRO" thumb="https://lh6.ggpht.com/dL9--GgOGLaQxycrYCgvyyxU-dn6L9_eHf73Exwm_D8_1aciSfGEFCxcMs6jRc-hmf4c=w300">ActivateWindow(10001,&quot;plugin://plugin.pro.water/?content_type=executable&quot;,return)</favourite>
	<favourite name="Currently downloading add-ons" thumb="DefaultNetwork.png">ActivateWindow(10040,&quot;addons://downloading/&quot;,return)</favourite>
	<favourite name="Install from zip file" thumb="DefaultHardDisk.png">ActivateWindow(10040,c:\)</favourite>
	<favourite name="Kodi Settings" thumb="https://lh4.ggpht.com/lQ3HQcoNO7KAuMSiTD_FmU6CsKFTBn7P_qaY5WXJfnjvVQg7AF_hx9g3JkW-vWfE9DQ=w300">ActivateWindow(Settings)</favourite>
	<favourite name="[COLOR chartreuse]Clear[/COLOR] Artwork" thumb="http://i.imgur.com/W79z4b2.png">PlayMedia(&quot;plugin://plugin.program.totalinstaller/?url=none&amp;mode=remove_textures&amp;name=Clear+My+Cached+Artwork&amp;fanart=C%3A%5Ckodi15%5Cportable_data%5Caddons%5Cplugin.program.totalinstaller%5Cfanart.jpg&amp;video=&amp;description=&amp;sf_options=fanart%3Dspecial%3A%2F%2Fhome%2Faddons%5Cplugin.program.totalinstaller%5Cfanart.jpg%26winID%3D10025%26_options_sf&quot;,return)</favourite>
	<favourite name="Clear TEMP files" thumb="https://en.opensuse.org/images/thumb/6/6a/Icon-cleanup.png/120px-Icon-cleanup.png">PlayMedia(&quot;plugin://plugin.video.water/?url=http%3A%2F%2Ftiny.cc.com&amp;mode=7&amp;name=Clear+TEMP+files&amp;iconimage=https%3A%2F%2Fen.opensuse.org%2Fimages%2Fthumb%2F6%2F6a%2FIcon-cleanup.png%2F120px-Icon-cleanup.png&amp;fanart=C%3A%5Ckodi%5Cportable_data%5Caddons%5Cplugin.video.water%5Cfanart.jpg&amp;description=&amp;sf_options=winID%3D10025%26_options_sf&quot;)</favourite>
	<favourite name="Check For Updates" thumb="">PlayMedia(&quot;plugin://plugin.video.water/?url=http%3A%2F%2Ftiny.cc.com&amp;mode=10&amp;name=Check+For+Updates&amp;iconimage=&amp;fanart=C%3A%5Ckodi%5Cportable_data%5Caddons%5Cplugin.video.water%5Cfanart.jpg&amp;description=&amp;sf_options=winID%3D10025%26_options_sf&quot;)</favourite>
	<favourite name="Web browser" thumb="http://icons.iconarchive.com/icons/cornmanthe3rd/plex/128/Internet-chrome-icon.png">RunScript(special://home/addons/script.supafav/more/openbrowser.py)</favourite>
</favourites>