<favourites>
	<favourite name="Toplists" thumb="">ActivateWindow(10501,&quot;plugin://plugin.video.spotitube/?limit&amp;mode=listSpotifyPlaylists&amp;type&amp;url=http%3a%2f%2fapi.tunigo.com%2fv3%2fspace%2ftoplists%3fregion%3dus%26page%3d0%26per_page%3d50%26platform%3dweb&quot;,return)</favourite>
	<favourite name="iTunes" thumb="http://www.geonames.org/flags/x/us.gif">ActivateWindow(10501,&quot;plugin://plugin.audio.musicbox/?country=us&amp;fanart&amp;iconimage=http%3a%2f%2fwww.geonames.org%2fflags%2fx%2fus.gif&amp;mode=16&amp;name=United%20States&amp;url=1&quot;,return)</favourite>
	<favourite name="Charts" thumb="special://home/addons\plugin.audio.musicbox/resources/img/charts.png">ActivateWindow(10501,&quot;plugin://plugin.audio.musicbox/?fanart&amp;iconimage=C%3a%5ckodi24%5cportable_data%5caddons%5cplugin.audio.musicbox%2fresources%2fimg%2fcharts.png&amp;mode=11&amp;name=Charts&amp;url=1&quot;)</favourite>
	<favourite name="iTunes Charts" thumb="">ActivateWindow(10501,&quot;plugin://plugin.video.spotitube/?limit&amp;mode=itunesMain&amp;type&amp;url&quot;)</favourite>
	<favourite name="Billboard Charts" thumb="">ActivateWindow(10501,&quot;plugin://plugin.video.spotitube/?limit&amp;mode=billboardMain&amp;type&amp;url&quot;)</favourite>
	<favourite name="[COLOR tomato]Billboard Charts[/COLOR]" thumb="http://kinkin-xbmc-repository.googlecode.com/svn/trunk/zips/plugin.audio.mp3streams/art/billboardcharts.jpg">ActivateWindow(10501,&quot;plugin://plugin.audio.mp3streams/?iconimage=http%3a%2f%2fkinkin-xbmc-repository.googlecode.com%2fsvn%2ftrunk%2fzips%2fplugin.audio.mp3streams%2fart%2fbillboardcharts.jpg&amp;list=billboard%20charts%3c%3eurl%3c%3ehttp%3a%2f%2fkinkin-xbmc-repository.googlecode.com%2fsvn%2ftrunk%2fzips%2fplugin.audio.mp3streams%2fart%2fbillboardcharts.jpg&amp;mode=101&amp;name=Billboard%20Charts&amp;type&amp;url=url&amp;sf_options=fanart%3Dspecial%3A%2F%2Fhome%2Faddons%5Cplugin.audio.mp3streams%5Cfanart.jpg%26_options_sf&quot;,return)</favourite>
	<favourite name="Charts" thumb="http://kinkin-xbmc-repository.googlecode.com/svn/trunk/zips/plugin.audio.binaural/art/billboardcharts.jpg">ActivateWindow(10501,&quot;plugin://plugin.audio.binaural/?artist&amp;iconimage=http%3a%2f%2fkinkin-xbmc-repository.googlecode.com%2fsvn%2ftrunk%2fzips%2fplugin.audio.binaural%2fart%2fbillboardcharts.jpg&amp;mode=101&amp;name=Charts&amp;url=url&amp;sf_options=fanart%3Dspecial%3A%2F%2Fhome%2Faddons%5Cplugin.audio.binaural%5Cfanart.jpg%26_options_sf&quot;,return)</favourite>
	<favourite name="[COLOR tomato]Best Selling Albums[/COLOR]" thumb="http://kinkin-xbmc-repository.googlecode.com/svn/trunk/zips/plugin.audio.binaural/art/best_selling_albums.png">ActivateWindow(10501,&quot;plugin://plugin.audio.binaural/?artist&amp;iconimage=http%3a%2f%2fkinkin-xbmc-repository.googlecode.com%2fsvn%2ftrunk%2fzips%2fplugin.audio.binaural%2fart%2fbest_selling_albums.png&amp;mode=1070&amp;name=Best%20Selling%20Albums&amp;url=http%3a%2f%2fwww.itemvn.com%2fbestsellers%2f&amp;sf_options=fanart%3Dspecial%3A%2F%2Fhome%2Faddons%5Cplugin.audio.binaural%5Cfanart.jpg%26_options_sf&quot;,return)</favourite>
	<favourite name="[COLOR tomato]Billboard Hot Singles[/COLOR]" thumb="http://kinkin-xbmc-repository.googlecode.com/svn/trunk/zips/plugin.audio.binaural/art/billboard_hot_singles.png">ActivateWindow(10501,&quot;plugin://plugin.audio.binaural/?artist&amp;iconimage=http%3a%2f%2fkinkin-xbmc-repository.googlecode.com%2fsvn%2ftrunk%2fzips%2fplugin.audio.binaural%2fart%2fbillboard_hot_singles.png&amp;mode=1070&amp;name=Billboard%20Hot%20Singles&amp;url=http%3a%2f%2fwww.itemvn.com%2fhot100%2f&amp;sf_options=fanart%3Dspecial%3A%2F%2Fhome%2Faddons%5Cplugin.audio.binaural%5Cfanart.jpg%26_options_sf&quot;,return)</favourite>
	<favourite name="[COLOR tomato]Hot Artists[/COLOR]" thumb="http://kinkin-xbmc-repository.googlecode.com/svn/trunk/zips/plugin.audio.binaural/art/hot_artists.png">ActivateWindow(10501,&quot;plugin://plugin.audio.binaural/?artist&amp;iconimage=http%3a%2f%2fkinkin-xbmc-repository.googlecode.com%2fsvn%2ftrunk%2fzips%2fplugin.audio.binaural%2fart%2fhot_artists.png&amp;mode=1070&amp;name=Hot%20Artists&amp;url=http%3a%2f%2fwww.itemvn.com%2ftopartists%2f&amp;sf_options=fanart%3Dspecial%3A%2F%2Fhome%2Faddons%5Cplugin.audio.binaural%5Cfanart.jpg%26_options_sf&quot;,return)</favourite>
	<favourite name="Billboard Charts" thumb="http://kinkin-xbmc-repository.googlecode.com/svn/trunk/zips/plugin.audio.mp3streams/art/billboardcharts.jpg">ActivateWindow(10501,&quot;plugin://plugin.audio.mp3streams/?iconimage=http%3a%2f%2fkinkin-xbmc-repository.googlecode.com%2fsvn%2ftrunk%2fzips%2fplugin.audio.mp3streams%2fart%2fbillboardcharts.jpg&amp;list=billboard%20charts%3c%3eurl%3c%3ehttp%3a%2f%2fkinkin-xbmc-repository.googlecode.com%2fsvn%2ftrunk%2fzips%2fplugin.audio.mp3streams%2fart%2fbillboardcharts.jpg&amp;mode=101&amp;name=Billboard%20Charts&amp;type&amp;url=url&amp;sf_options=fanart%3Dspecial%3A%2F%2Fhome%2Faddons%5Cplugin.audio.mp3streams%5Cfanart.jpg%26_options_sf&quot;,return)</favourite>
	<favourite name="Billboard Hot Singles" thumb="http://kinkin-xbmc-repository.googlecode.com/svn/trunk/zips/plugin.audio.binaural/art/billboard_hot_singles.png">ActivateWindow(10501,&quot;plugin://plugin.audio.binaural/?artist&amp;iconimage=http%3a%2f%2fkinkin-xbmc-repository.googlecode.com%2fsvn%2ftrunk%2fzips%2fplugin.audio.binaural%2fart%2fbillboard_hot_singles.png&amp;mode=1070&amp;name=Billboard%20Hot%20Singles&amp;url=http%3a%2f%2fwww.itemvn.com%2fhot100%2f&amp;sf_options=fanart%3Dspecial%3A%2F%2Fhome%2Faddons%5Cplugin.audio.binaural%5Cfanart.jpg%26_options_sf&quot;,return)</favourite>
	<favourite name="Best Selling Albums" thumb="http://kinkin-xbmc-repository.googlecode.com/svn/trunk/zips/plugin.audio.binaural/art/best_selling_albums.png">ActivateWindow(10501,&quot;plugin://plugin.audio.binaural/?artist&amp;iconimage=http%3a%2f%2fkinkin-xbmc-repository.googlecode.com%2fsvn%2ftrunk%2fzips%2fplugin.audio.binaural%2fart%2fbest_selling_albums.png&amp;mode=1070&amp;name=Best%20Selling%20Albums&amp;url=http%3a%2f%2fwww.itemvn.com%2fbestsellers%2f&amp;sf_options=fanart%3Dspecial%3A%2F%2Fhome%2Faddons%5Cplugin.audio.binaural%5Cfanart.jpg%26_options_sf&quot;,return)</favourite>
	<favourite name="Charts" thumb="http://kinkin-xbmc-repository.googlecode.com/svn/trunk/zips/plugin.audio.binaural/art/billboardcharts.jpg">ActivateWindow(10501,&quot;plugin://plugin.audio.binaural/?artist&amp;iconimage=http%3a%2f%2fkinkin-xbmc-repository.googlecode.com%2fsvn%2ftrunk%2fzips%2fplugin.audio.binaural%2fart%2fbillboardcharts.jpg&amp;mode=101&amp;name=Charts&amp;url=url&amp;sf_options=fanart%3Dspecial%3A%2F%2Fhome%2Faddons%5Cplugin.audio.binaural%5Cfanart.jpg%26_options_sf&quot;,return)</favourite>
	<favourite name="Hot Artists" thumb="http://kinkin-xbmc-repository.googlecode.com/svn/trunk/zips/plugin.audio.binaural/art/hot_artists.png">ActivateWindow(10501,&quot;plugin://plugin.audio.binaural/?artist&amp;iconimage=http%3a%2f%2fkinkin-xbmc-repository.googlecode.com%2fsvn%2ftrunk%2fzips%2fplugin.audio.binaural%2fart%2fhot_artists.png&amp;mode=1070&amp;name=Hot%20Artists&amp;url=http%3a%2f%2fwww.itemvn.com%2ftopartists%2f&amp;sf_options=fanart%3Dspecial%3A%2F%2Fhome%2Faddons%5Cplugin.audio.binaural%5Cfanart.jpg%26_options_sf&quot;,return)</favourite>
</favourites>