<favourites>
	<favourite name="[COLOR aliceblue]Feature Films[/COLOR]" thumb="http://media.reeoo.com/MovieQuest-icon.png!icon180">ActivateWindow(10025,&quot;plugin://plugin.video.origin2/?action=movies&amp;url=featured&quot;,return)</favourite>
	<favourite name="By Genre" thumb="http://thumbs.dreamstime.com/t/film-genre-squared-app-icon-set-flat-style-vector-illustrations-long-shadows-49654570.jpg">ActivateWindow(10025,&quot;plugin://plugin.video.pftvso/?foldername=movies&amp;mode=movies_genre&amp;sf_options=fanart%3Dspecial%3A%2F%2Fhome%2Faddons%5Cplugin.video.pftvso%2Fart%2Fthemes%2FBlue%2Ffanart.jpg%26_options_sf&quot;,return)</favourite>
	<favourite name="By Year" thumb="http://googledrive.com/host/0B-bY5h-uWEgZQVJQZ0lzUTdBeFE/icons/year.png">ActivateWindow(10025,&quot;plugin://plugin.video.origin2/?action=movieYears&quot;,return)</favourite>
	<favourite name="By Actor" thumb="http://googledrive.com/host/0B-bY5h-uWEgZQVJQZ0lzUTdBeFE/icons/test/actors.png">ActivateWindow(10025,&quot;plugin://plugin.video.origin2/?action=moviePersons&amp;sf_options=fanart%3Dspecial%3A%2F%2Fhome%2Faddons%5Cplugin.video.genesis%5Cresources%5Cmedia%5Cgone%5Cfanart.jpg%26_options_sf&quot;,return)</favourite>
	<favourite name="In Theaters" thumb="http://www.iconeasy.com/icon/png/Movie%20%26%20TV/Curtains/TheatreSpotlights.png">ActivateWindow(10025,&quot;plugin://plugin.video.origin2/?action=movies&amp;url=theaters&quot;,return)</favourite>
	<favourite name="BoxSets" thumb="http://media.christianproductsdirect.com.au/media/catalog/product/cache/1/image/310x/9df78eab33525d08d6e5fb8d27136e95/c/a/cache_92_167_3_fle-12-fle-collection.png">ActivateWindow(10025,&quot;plugin://plugin.video.phstreams/?action=ndmode&amp;audio=0&amp;content=0&amp;fanart=http%3a%2f%2fs6.postimg.org%2f4ph8mo5q9%2fBackdrop.png&amp;image=http%3a%2f%2fs6.postimg.org%2fvls13i9s1%2fBoxsets.png&amp;name=%5bCOLOR%20orangered%5dB%5b%2fCOLOR%5d%5bCOLOR%20white%5dOXSETS%5b%2fCOLOR%5d&amp;playable=false&amp;tvshow=0&amp;url=http%3a%2f%2fzenica.watchkodi.com%2fDirectories%2fMovies%2520Directories%2fBoxsets%2520Directory.xml&amp;sf_options=fanart%3Dhttp%3A%2F%2Fs6.postimg.org%2F4ph8mo5q9%2FBackdrop.png%26desc%3DDiscover+Great+Streaming+Playlists%21%26_options_sf&quot;,return)</favourite>
	<favourite name="Browse IMBD" thumb="special://home/addons\script.extendedinfo\icon.png">RunScript(&quot;script.extendedinfo&quot;)</favourite>
</favourites>