<favourites>
	<favourite name="Most Popular Disney Movies" thumb="http://s18.postimg.org/f2tt25vh5/moviesicon.png">ActivateWindow(10025,&quot;plugin://plugin.video.kidsflix/?fanart&amp;mode=1&amp;name=Movies&amp;url=http%3a%2f%2fpastebin.com%2fraw.php%3fi%3dzjjeTJM3&quot;,return)</favourite>
	<favourite name="Disney HD" thumb="http://s5.postimg.org/wy37mjih3/Kids_HD.jpg">ActivateWindow(10025,&quot;plugin://plugin.video.phstreams/?action=ndmode&amp;audio=0&amp;content=0&amp;fanart=http%3a%2f%2fs5.postimg.org%2fn5fv921c7%2fFan_art.png&amp;image=http%3a%2f%2fs5.postimg.org%2fwy37mjih3%2fKids_HD.jpg&amp;name=%5bCOLOR%20yellow%5dKids%20HD%5b%2fCOLOR%5d&amp;playable=false&amp;tvshow=0&amp;url=http%3a%2f%2fyork.watchkodi.com%2fAfdah%2fKids.xml&quot;,return)</favourite>
	<favourite name="Disney" thumb="http://thegreatgeekmanual.com/images/geekhistory/june/new-disney-pictures-logo.jpg">ActivateWindow(10025,&quot;plugin://plugin.video.onlinemovies/?description&amp;mode=1&amp;name=Disney&amp;url=http%3a%2f%2fonlinemovies.pro%2fcategory%2fdisneys%2f&amp;sf_options=fanart%3Dspecial%3A%2F%2Fhome%2Faddons%5Cplugin.video.onlinemovies%5Cfanart.jpg%26_options_sf&quot;,return)</favourite>
	<favourite name="Family" thumb="special://home/addons\plugin.video.viewmovies\icon.png">ActivateWindow(10025,&quot;plugin://plugin.video.viewmovies/?description&amp;mode=1&amp;name=Family&amp;url=http%3a%2f%2fwww.viewmovies.is%2fcategory%2fmovies%2ffamily%2f&amp;sf_options=fanart%3Dspecial%3A%2F%2Fhome%2Faddons%5Cplugin.video.viewmovies%5Cfanart.jpg%26_options_sf&quot;,return)</favourite>
	<favourite name="Movies 4 Everyone" thumb="http://s6.postimg.org/p5j2df18h/Kidzone.png">ActivateWindow(10025,&quot;plugin://plugin.video.phstreams/?action=ndmode&amp;audio=0&amp;content=0&amp;fanart=http%3a%2f%2fs6.postimg.org%2f4ph8mo5q9%2fBackdrop.png&amp;image=http%3a%2f%2fs6.postimg.org%2fp5j2df18h%2fKidzone.png&amp;name=%5bCOLOR%20orangered%5dK%5b%2fCOLOR%5d%5bCOLOR%20white%5dIDZONE%5b%2fCOLOR%5d&amp;playable=false&amp;tvshow=0&amp;url=http%3a%2f%2fzenica.watchkodi.com%2fKids%2fkidszone.xml&amp;sf_options=fanart%3Dhttp%3A%2F%2Fs6.postimg.org%2F4ph8mo5q9%2FBackdrop.png%26desc%3DDiscover+Great+Streaming+Playlists%21%26_options_sf&quot;,return)</favourite>
	<favourite name="[COLOR darksalmon]Even More Famly Movies...[/COLOR]" thumb="special://home/addons\plugin.video.moviexk\icon.png">ActivateWindow(10025,&quot;plugin://plugin.video.moviexk/?description&amp;mode=1&amp;name=Family&amp;url=http%3a%2f%2fwww.moviexk.net%2ffamily&amp;sf_options=fanart%3Dspecial%3A%2F%2Fhome%2Faddons%5Cplugin.video.moviexk%5Cfanart.jpg%26_options_sf&quot;,return)</favourite>
	<favourite name="Latest Family Movies" thumb="special://home/addons\plugin.video.genesis\resources\media\gone\movieGenres.jpg">ActivateWindow(10025,&quot;plugin://plugin.video.origin2/?action=movies&amp;url=http%3a%2f%2fapi.themoviedb.org%2f3%2fdiscover%2fmovie%3fapi_key%3d%25s%26with_genres%3d10751%26primary_release_date.gte%3d2014-09-22%26%26page%3d1&amp;sf_options=fanart%3Dspecial%3A%2F%2Fhome%2Faddons%5Cplugin.video.genesis%5Cresources%5Cmedia%5Cgone%5Cfanart.jpg%26_options_sf&quot;,return)</favourite>
</favourites>