﻿<?xml version="1.0" encoding="UTF-8" standalone="yes"?>
<addon id="plugin.video.origin2" version="0.6.0.1" name="Origin3" provider-name="water">
	<requires>
		<import addon="script.module.urlresolver" version="2.10.11"/>
		<import addon="script.module.metahandler" version="1.0.0" />
		<import addon="repository.exudos" version="1.0.0" />
		<import addon="plugin.video.youtube" optional="true" />
	</requires>
	<extension point="xbmc.python.pluginsource" library="default.py">
		<provides>video</provides>
	</extension>
	<extension point="xbmc.addon.metadata">
		<summary lang="en"></summary>
		<description lang="en"></description>
		<disclaimer lang="en"></disclaimer>
		<platform>all</platform>
	</extension>
</addon>