<favourites>
	<favourite name="NES" thumb="https://upload.wikimedia.org/wikipedia/commons/f/f9/Mix_Nintendo_icon.png">ActivateWindow(10003,&quot;http://youknowhim.com/Roms/NINTENDO-COMPLETE%20COLLECTION_1000%20ROMS/NES_1,090%20ROMS/&quot;,return)</favourite>
	<favourite name="SNES" thumb="http://icons.iconarchive.com/icons/sykonist/console/256/Snes-icon.png">ActivateWindow(10003,&quot;http://youknowhim.com/Roms/SUPER%20NINTENDO-COMPLETE%20COLLECTION_700%20ROMS/SNES_763%20ROMS/&quot;,return)</favourite>
	<favourite name="GENESIS" thumb="http://icons.iconarchive.com/icons/sykonist/console/256/Sega-Genesis-gray-icon.png">ActivateWindow(10003,&quot;http://youknowhim.com/Roms/GENESIS-COMPLETE%20COLLECTION_700%20ROMS/GEN_723%20ROMS/&quot;,return)</favourite>
	<favourite name="N64" thumb="http://icons.iconarchive.com/icons/sykonist/console/256/Nintendo-64-silver-icon.png">ActivateWindow(10003,&quot;http://www.easy-rom.com/roms/N64/&quot;,return)</favourite>
	<favourite name="PS1" thumb="http://jscustom.theoldcomputer.com/images/manufacturers_systems/Adult-Games-XXX/Sony-PSX/912675sony-ps1-v2.system.png">ActivateWindow(10003,&quot;http://www.easy-rom.com/roms/PS1/&quot;,return)</favourite>
	<favourite name="GBC" thumb="http://www.kotzendes-einhorn.de/blog/wp-content/uploads/2012/05/gameboy.png">ActivateWindow(10003,&quot;http://www.easy-rom.com/roms/GBC/&quot;,return)</favourite>
	<favourite name="GBA" thumb="http://emulators.theoldcomputer.com/images/manufacturers_systems/Nintendo/Gameboy-Advance/485678nintendo-game-boy-advance.system.png">ActivateWindow(10003,&quot;http://www.easy-rom.com/roms/GBA/&quot;,return)</favourite>
	<favourite name="NDS" thumb="http://icons.iconarchive.com/icons/draseart/dumper/128/Nintendo-DS-icon.png">ActivateWindow(10003,&quot;http://www.easy-rom.com/roms/NDS/&quot;,return)</favourite>
</favourites>