<favourites>
	<favourite name="Beetlejuice (94 videos)" thumb="http://www.toon.is/uploads/thumbs/bfd4d7b45-1.jpg">ActivateWindow(10025,&quot;plugin://plugin.video.funniermoments/?image=C%3a%5ckodi15f%5cportable_data%5caddons%5cplugin.video.funniermoments%5cicon.png&amp;mode=500&amp;page=1&amp;title=Beetlejuice%20(94%20videos)&amp;url=http%3a%2f%2fwww.funniermoments.com%2fbrowse-beetlejuice-videos-1-date.html&quot;,return)</favourite>
	<favourite name="Dennis The Menace (1986)" thumb="http://images.rapgenius.com/dsqdbacw57b2u9drtybqcctyc.333x250x1.jpg">ActivateWindow(10025,&quot;plugin://plugin.video.funniermoments/?image=C%3a%5ckodi15f%5cportable_data%5caddons%5cplugin.video.funniermoments%5cicon.png&amp;mode=500&amp;page=1&amp;title=Dennis%20The%20Menace%20(1986)%20(65%20videos)&amp;url=http%3a%2f%2fwww.funniermoments.com%2fbrowse-dennis-videos-1-date.html&quot;,return)</favourite>
	<favourite name="Where on Earth Is Carmen Sandiego?" thumb="http://www.funniermoments.com/uploads/tm_category_img/98_category_img_th.jpg">ActivateWindow(10025,&quot;plugin://plugin.video.funniermoments/?image=C%3a%5ckodi%5cportable_data%5caddons%5cplugin.video.funniermoments%5cicon.png&amp;mode=500&amp;page=1&amp;title=Where%20on%20Earth%20Is%20Carmen%20Sandiego%3f%20(40%20videos)&amp;url=http%3a%2f%2fwww.toon.is%2fbrowse-carmensandiego-videos-1-date.html&amp;sf_options=fanart%3Dspecial%3A%2F%2Fhome%2Faddons%5Cplugin.video.funniermoments%5Cfanart.jpg%26_options_sf&quot;,return)</favourite>
	<favourite name="Super Mario World" thumb="http://vignette4.wikia.nocookie.net/mario/images/1/12/SMWCartoon.jpg">ActivateWindow(10025,&quot;plugin://plugin.video.funniermoments/?image=C%3a%5ckodi15f%5cportable_data%5caddons%5cplugin.video.funniermoments%5cicon.png&amp;mode=500&amp;page=1&amp;title=Super%20Mario%20World%20(13%20videos)&amp;url=http%3a%2f%2fwww.funniermoments.com%2fbrowse-smw-videos-1-date.html&quot;,return)</favourite>
	<favourite name="Goof Troop" thumb="http://www.funniermoments.com/uploads/tm_category_img/172_category_img_th.jpg">ActivateWindow(10025,&quot;plugin://plugin.video.funniermoments/?image=C%3a%5ckodi15f%5cportable_data%5caddons%5cplugin.video.funniermoments%5cicon.png&amp;mode=500&amp;page=1&amp;title=Goof%20Troop%20(81%20videos)&amp;url=http%3a%2f%2fwww.funniermoments.com%2fbrowse-gooftroop-videos-1-date.html&quot;,return)</favourite>
	<favourite name="Dumb and Dumber" thumb="http://www.funniermoments.com/uploads/tm_category_img/185_category_img_th.jpg">ActivateWindow(10025,&quot;plugin://plugin.video.funniermoments/?image=C%3a%5ckodi15f%5cportable_data%5caddons%5cplugin.video.funniermoments%5cicon.png&amp;mode=500&amp;page=1&amp;title=Dumb%20and%20Dumber%20(13%20videos)&amp;url=http%3a%2f%2fwww.funniermoments.com%2fbrowse-dumbanddumber-videos-1-date.html&quot;,return)</favourite>
	<favourite name="Beethoven The Animated Series (1994)" thumb="http://www.toon.is/uploads/thumbs/4587cf51d-1.jpg">ActivateWindow(10025,&quot;plugin://plugin.video.funniermoments/?image=C%3a%5ckodi15f%5cportable_data%5caddons%5cplugin.video.funniermoments%5cicon.png&amp;mode=500&amp;page=1&amp;title=Beethoven%20The%20Animated%20Series%20(1994)%20(24%20videos)&amp;url=http%3a%2f%2fwww.funniermoments.com%2fbrowse-beethoven-videos-1-date.html&quot;,return)</favourite>
	<favourite name="Braceface" thumb="http://www.funniermoments.com/uploads/tm_category_img/187_category_img_th.jpg">ActivateWindow(10025,&quot;plugin://plugin.video.funniermoments/?image=C%3a%5ckodi15f%5cportable_data%5caddons%5cplugin.video.funniermoments%5cicon.png&amp;mode=500&amp;page=1&amp;title=Braceface%20(78%20videos)&amp;url=http%3a%2f%2fwww.funniermoments.com%2fbrowse-braceface-videos-1-date.html&quot;,return)</favourite>
	<favourite name="The Karate Kid" thumb="http://www.funniermoments.com/uploads/tm_category_img/188_category_img_th.jpg">ActivateWindow(10025,&quot;plugin://plugin.video.funniermoments/?image=C%3a%5ckodi151%5cportable_data%5caddons%5cplugin.video.funniermoments%5cicon.png&amp;mode=500&amp;page=1&amp;title=The%20Karate%20Kid%20(13%20videos)&amp;url=http%3a%2f%2fwww.funniermoments.com%2fbrowse-karatekid-videos-1-date.html&quot;,return)</favourite>
</favourites>