<favourites>
	<favourite name="Recently Added" thumb="http://icons.iconarchive.com/icons/custom-icon-design/pretty-office-11/512/new-icon.png">ActivateWindow(10025,&quot;plugin://plugin.program.super.favourites/?sf_options=&amp;mode=400&amp;path=special%3A%2F%2Fhome%2Faddons%2Fscript.supafav%2FSuper%20Favourites/TV Shows/Recently Added&amp;sf_options=&quot;,return)</favourite>
	<favourite name="HD TV *" thumb="http://www.iconsdb.com/icons/preview/white/hdtv-xxl.png">ActivateWindow(10025,&quot;plugin://plugin.video.mdwatchtvseries?sf_options=fanart%3Dspecial%3A%2F%2Fhome%2Faddons%5Cplugin.video.mdwatchtvseries%5Cfanart.jpg%26desc%3DStream+Content+From+The+tvwatchtvseries.com+WebSite%26_options_sf&quot;,return)</favourite>
	<favourite name="[COLOR azure]Documentaries[/COLOR] *" thumb="https://solutionsmedia.cbcrc.ca/Pictures/chaineslogos/CBC_documentary_blanc_15.png">ActivateWindow(10025,&quot;plugin://plugin.program.super.favourites/?label=[COLOR azure]Documentaries[/COLOR]&amp;mode=400&amp;path=special%3A%2F%2Fhome%2Faddons%2Fscript.supafav%2FSuper%20Favourites%5Cmore%5CDocumentaries&amp;sf_options=fanart%3DNULL%26_options_sf&quot;)</favourite>
	<favourite name="Late Night *" thumb="http://www.rw-designer.com/icon-image/10006-256x256x32.png">ActivateWindow(10025,&quot;plugin://plugin.program.super.favourites/?label=[COLOR darkorange]Late Night[/COLOR]&amp;mode=400&amp;sf_options=&amp;mode=400&amp;path=special%3A%2F%2Fhome%2Faddons%2Fscript.supafav%2FSuper%20Favourites/TV%20Shows%5CLate%20Night&amp;sf_options=fanart%3DC%3A%5Ckodi2%5Cportable_data%5Caddons%5Cplugin.video.ustvvod%5Cfanart.jpg%26_options_sf&quot;,return)</favourite>
	<favourite name="Browse TV" thumb="http://thumbs.dreamstime.com/t/film-genre-squared-app-icon-set-flat-style-vector-illustrations-long-shadows-49654570.jpg">ActivateWindow(10025,&quot;plugin://plugin.program.super.favourites/?sf_options=&amp;mode=400&amp;path=special%3A%2F%2Fhome%2Faddons%2Fscript.supafav%2FSuper%20Favourites/TV Shows/Popular&amp;sf_options=&quot;,return)</favourite>
	<favourite name="Search" thumb="http://googledrive.com/host/0B-bY5h-uWEgZQVJQZ0lzUTdBeFE/icons/searchtv.png">ActivateWindow(10025,&quot;plugin://plugin.program.super.favourites/?label=Search&amp;mode=400&amp;sf_options=&amp;mode=400&amp;path=special%3A%2F%2Fhome%2Faddons%2Fscript.supafav%2FSuper%20Favourites/TV%20Shows%5CSearch&amp;sf_options=fanart%3DNULL%26_options_sf&quot;,return)</favourite>
</favourites>