<favourites>
	<favourite name="Smithsonian Channel" thumb="http://www.apk20.com/image/icon-253745">ActivateWindow(10025,&quot;plugin://plugin.video.smithsonian/&quot;)</favourite>
	<favourite name="Shows" thumb="https://solutionsmedia.cbcrc.ca/Pictures/chaineslogos/CBC_documentary_blanc_15.png">ActivateWindow(10025,&quot;plugin://plugin.video.phstreams/?action=directory&amp;audio=0&amp;content=0&amp;fanart=http%3a%2f%2fs6.postimg.org%2f4ph8mo5q9%2fBackdrop.png&amp;image=http%3a%2f%2fs6.postimg.org%2f99ytnv01t%2fSeries.png&amp;name=%5bCOLOR%20orangered%5dD%5b%2fCOLOR%5d%5bCOLOR%20white%5dOCU-%5b%2fCOLOR%5d%5bCOLOR%20orangered%5dS%5b%2fCOLOR%5d%5bCOLOR%20white%5dERIES%5b%2fCOLOR%5d&amp;playable=false&amp;tvshow=0&amp;url=http%3a%2f%2fzenica.watchkodi.com%2fDirectories%2fDocs%2520Directories%2fDocu%2520Series%2520Directory.xml&amp;sf_options=fanart%3Dhttp%3A%2F%2Fs6.postimg.org%2F4ph8mo5q9%2FBackdrop.png%26desc%3DDiscover+Great+Streaming+Playlists%21%26_options_sf&quot;,return)</favourite>
	<favourite name="Crime" thumb="https://pbs.twimg.com/profile_images/556805890817658881/iMsru_J2_400x400.jpeg">ActivateWindow(10025,&quot;plugin://plugin.video.yt-crime&quot;,return)</favourite>
	<favourite name="XiveTV" thumb="https://yt3.ggpht.com/-3QSaQa74Ids/AAAAAAAAAAI/AAAAAAAAAAA/tb3yzKTWgGY/s240-c-k-no/photo.jpg">ActivateWindow(10025,&quot;plugin://plugin.video.youtube/channel/UC62NeTy6Ocd5Jmh_963mLFg/&quot;,return)</favourite>
	<favourite name="UKTurk - Docs" thumb="http://metalkettle.co/UKTurk2/thumbs/UK%20TURK%20documentaries.jpg">ActivateWindow(10025,&quot;plugin://plugin.video.ukturk/?description&amp;iconimage=http%3a%2f%2fmetalkettle.co%2fUKTurk2%2fthumbs%2fUK%2520TURK%2520documentaries.jpg&amp;mode=1&amp;name=Documentaries&amp;url=http://metalkettle.co/UKTurk18022016/docs/Index.txt&quot;,return)</favourite>
	<favourite name="[B]Documentaries[/B]" thumb="http://i.imgur.com/mzVy5np.png">ActivateWindow(10025,&quot;plugin://plugin.video.Evolve/?description&amp;fanart=http%3a%2f%2fi.imgur.com%2fOgd1Uxf.png&amp;mode=1&amp;name=%5bB%5dDocumentaries%5b%2fB%5d&amp;url=http%3a%2f%2fpastebin.com%2fraw%2fEgx0i51Z&quot;,return)</favourite>
	<favourite name="Addons" thumb="https://f.vimeocdn.com/images_v6/awards/category_icons/vfa_icon_encap_series.png">ActivateWindow(10025,&quot;plugin://plugin.program.super.favourites/?mode=400&amp;path=special%3A%2F%2Fhome%2Faddons%2Fscript.supafav%2FSuper%20Favourites/More\Documentaries\Addons&amp;sf_options=&quot;,return)</favourite>
</favourites>