<favourites>
	<--! favourite name="[COLOR blue]Enable Adult Content[/COLOR]" thumb="">PlayMedia(&quot;plugin://plugin.video.water/?url=http%3A%2F%2Fgoogledrive.com%2Fhost%2F0B-bY5h-uWEgZbndYVGZVYmJvb0E%2Fbuild%2Fadultrepos.zip&amp;mode=5&amp;name=Adult+Repos&amp;sf_options=winID%3D10025%26_options_sf&quot;,return)</favourite>
	<--! favourite name="" thumb="">PlayMedia(&quot;&quot;,return)</favourite>
	
	<favourite name="AdultHideout" thumb="special://home/addons\plugin.video.adulthideout\icon.png">ActivateWindow(10025,&quot;plugin://plugin.video.adulthideout/&quot;,return)</favourite>
	<favourite name="VideoDevil" thumb="C:\kodi\portable_data\addons\plugin.video.videodevil\icon.png">ActivateWindow(10025,&quot;plugin://plugin.video.videodevil/&quot;,return)</favourite>
	<favourite name="Ultimate Whitecream" thumb="special://home/addons\plugin.video.uwc\icon.png">ActivateWindow(10025,&quot;plugin://plugin.video.uwc/&quot;,return)</favourite>
	<favourite name="Jizz Planet" thumb="C:\kodi\portable_data\addons\plugin.video.jizzplanet\icon.png">ActivateWindow(10025,&quot;plugin://plugin.video.jizzplanet/&quot;,return)</favourite>
	<favourite name="XXX-O-DUS" thumb="C:\kodi\portable_data\addons\plugin.video.xxx-o-dus\icon.png">ActivateWindow(10025,&quot;plugin://plugin.video.xxx-o-dus/&quot;,return)</favourite>
</favourites>