<favourites>
	
	
	<favourite name="Download RETRO Games" thumb="https://cdn3.iconfinder.com/data/icons/supermario/PNG/retro-mushroom-super-2.png">ActivateWindow(10025,&quot;plugin://plugin.program.retrogames/?mode=OnlRoot&quot;,return)</favourite>
	<favourite name="" thumb="">PlayMedia(&quot;plugin://plugin?sf_options=winID%3D10025%26_options_sf&quot;)</favourite>
	<favourite name="HappyChick4Phone[COLOR black]*Requires TouchScreen or Mouse[/COLOR]" thumb="">PlayMedia(&quot;plugin://plugin.video.water/?url=http%3A%2F%2Fwww.xiaoji001.com%2Fdownload%2Fhappychick.apk&amp;mode=12&amp;name=Happychick&amp;description=com.xiaoji.emulator&quot;)</favourite>
	
		<favourite name="PLAY! SNES" thumb="https://lh3.ggpht.com/myH_2mHzOUqr0UVHUvsAMANT2a-XFvxxiuob8g49KjdVHU87lU8xujwg1BgTTKId-w=w200">PlayMedia(&quot;plugin://plugin.video.water/?url=http://aidymatic.co.uk/apps/PLaY/PLaY-SNES.apk&amp;mode=12&amp;name=Play!SNES&amp;description=com.dunno&quot;)</favourite>
	<favourite name="PLAY! NES" thumb="https://lh3.ggpht.com/myH_2mHzOUqr0UVHUvsAMANT2a-XFvxxiuob8g49KjdVHU87lU8xujwg1BgTTKId-w=w200">PlayMedia(&quot;plugin://plugin.video.water/?url=http://aidymatic.co.uk/apps/PLaY/PLaY-NES.apk&amp;mode=12&amp;name=Play!NES&amp;description=com.dunno&quot;)</favourite>
	<favourite name="PLAY! GENESIS" thumb="https://lh3.ggpht.com/myH_2mHzOUqr0UVHUvsAMANT2a-XFvxxiuob8g49KjdVHU87lU8xujwg1BgTTKId-w=w200">PlayMedia(&quot;plugin://plugin.video.water/?url=http://aidymatic.co.uk/apps/PLaY/PLaY-GENESIS.apk&amp;mode=12&amp;name=Play!NES&amp;description=com.dunno&quot;)</favourite>
	<favourite name="" thumb="">RunScript(&quot;special://&quot;)</favourite>
	
	
	<favourite name="IA ROM Launcher - REQUIRES MANUAL SETUP" thumb="special://home/addons\plugin.program.iarl\icon.png">ActivateWindow(10025,&quot;plugin://plugin.program.iarl/&quot;)</favourite>
	
	<favourite name="IAROM WIZARD  - NOT WORKING YET" thumb="special://home/addons\plugin.program.iarl\icon.png">RunScript(&quot;special://home/addons/plugin.program.iarl/resources/lib/run_iarl_wizard.py&quot;)</favourite>
	<favourite name="RetroArch 1.3.6  - REQUIRES MANUAL SETUP" thumb="http://vignette2.wikia.nocookie.net/vsrecommendedgames/images/6/60/Retroarch_Android_icon.png/revision/latest?cb=20140110025517">PlayMedia(&quot;plugin://plugin.video.water/?url=http://buildbot.libretro.com/stable/1.3.6/android/RetroArch.apk&amp;mode=12&amp;name=RetroArch&amp;description=com.retroarch&amp;sf_options=winID%3D10025%26_options_sf&quot;)</favourite>
	
	
</favourites>