<favourites>
	<favourite name="ABC News" thumb="special://home/addons\plugin.video.ustvvod\resources\images\abcnews.png">ActivateWindow(10025,&quot;plugin://plugin.video.ustvvod/?fanart=%22C%3a%5ckodi%5cportable_data%5caddons%5cplugin.video.ustvvod%5cfanart.jpg%22&amp;mode=%22abcnews%22&amp;name=%22ABC%20News%22&amp;sitemode=%22rootlist%22&amp;thumb=%22C%3a%5ckodi%5cportable_data%5caddons%5cplugin.video.ustvvod%5cresources%5cimages%5cabcnews.png%22&amp;url=%22%22&amp;sf_options=fanart%3Dspecial%3A%2F%2Fhome%2Faddons%5Cplugin.video.ustvvod%5Cfanart.jpg%26desc%3DABC+News+is+responsible+for+all+of+the+ABC+Television+Network%27s+news+programming+on+a+variety+of+platforms%3A+TV%2C+radio+and+the+Internet.%26_options_sf&quot;,return)</favourite>
	<favourite name="NBC Nightly News" thumb="http://googledrive.com/host/0B-bY5h-uWEgZQVJQZ0lzUTdBeFE/icons/news/nbcnnightlyews.jpeg">ActivateWindow(10025,&quot;plugin://plugin.video.ustvvod/?fanart=%22C%3a%5ckodi2%5cportable_data%5caddons%5cplugin.video.ustvvod%5cfanart.jpg%22&amp;mode=%22nbc%22&amp;name=%22Full%20Episodes%22&amp;sitemode=%22episodes%22&amp;thumb=%22C%3a%5ckodi2%5cportable_data%5caddons%5cplugin.video.ustvvod%5cresources%5cimages%5cnbc.png%22&amp;url=%22http%3a%2f%2fwww.nbc.com%2fdata%2fnode%2f208991%2fvideo_carousel%22&amp;sf_options=fanart%3Dspecial%3A%2F%2Fhome%2Faddons%5Cplugin.video.ustvvod%5Cfanart.jpg%26_options_sf&amp;sf_options=&quot;)</favourite>
	<favourite name="PBS News Hour" thumb="http://image.pbs.org/contentchannels/43/wsqwf9aYt4VWIPcECpVGw.jpg">ActivateWindow(10025,&quot;plugin://plugin.video.thinktv/?mode=GE&amp;name=Episodes%20(43)&amp;url=newshour%7cepisodes%7c1&amp;sf_options=fanart%3Dhttp%3A%2F%2Fimage.pbs.org%2Fcontentchannels%2F43%2Fwsqwf9aYt4VWIPcECpVGw.jpg%26_options_sf&quot;,return)</favourite>
	<favourite name="Vice News" thumb="http://googledrive.com/host/0B-bY5h-uWEgZQVJQZ0lzUTdBeFE/icons/apps/vicenews.jpg">ActivateWindow(10025,&quot;plugin://plugin.video.youtube/user/vicenews/&amp;sf_options=&quot;,return)</favourite>
	<favourite name="MSNBC" thumb="special://home/addons\plugin.video.ustvvod\resources\images\msnbc.png">ActivateWindow(10025,&quot;plugin://plugin.video.ustvvod/?fanart=%22C%3a%5ckodi%5cportable_data%5caddons%5cplugin.video.ustvvod%5cfanart.jpg%22&amp;mode=%22msnbc%22&amp;name=%22MSNBC%22&amp;sitemode=%22rootlist%22&amp;thumb=%22C%3a%5ckodi%5cportable_data%5caddons%5cplugin.video.ustvvod%5cresources%5cimages%5cmsnbc.png%22&amp;url=%22%22&amp;sf_options=fanart%3Dspecial%3A%2F%2Fhome%2Faddons%5Cplugin.video.ustvvod%5Cfanart.jpg%26desc%3DMSNBC+is+an+American+basic+cable+and+satellite+news+television+channel+that+is+owned+by+the+NBCUniversal+News+Group%2C+a+unit+of+the+NBCUniversal+Television+Group+division+of+NBCUniversal.+The+channel+features+news%2C+information%2C+and+political+opinion+programming.+Its+name+was+derived+from+the+most+common+abbreviations+for+Microsoft+and+the+National+Broadcasting+Company.+MSNBC+and+msnbc.com+were+founded+in+1996+as+partnerships+of+Microsoft+and+General+Electric%27s+NBC+unit%2C+which+is+now+NBCUniversal.+The+online+partnership+of+msnbc.com+ended+on+July+16%2C+2012+and+the+site+was+rebranded+as+NBCNews.com.+MSNBC+shares+the+NBC+logo+of+a+rainbow+peacock+with+its+sister+channels+NBC%2C+CNBC%2C+and+NBC+Sports+Network.+Beginning+in+the+mid-2000s%2C+MSNBC+assumed+an+increasingly+liberal+stance+in+its+opinion+programming.+In+October+2010%2C+it+publicly+acknowledged+this+with+a+marketing+campaign+it+called+%22Lean+Forward%22.+Further%2C+in+September+of+2013%2C+MSNBC+launched+its+revamped+official+website+under+the+tagline%2C+%22What+Progressives+Have+Been+Waiting+For.%22+As+of+August+2013%2C+approximately+94%2C519%2C000+American+households+%2882.77%25+of+households+with+television%29+receive+MSNBC%26_options_sf&quot;,return)</favourite>
	<favourite name="Democracy Now!" thumb="https://lh6.ggpht.com/vXEuZkQFDSNZgY2G478AQ-XyXxMI1l98PDSIZUkD1wY-HBGSb6vMAap7wKr2pCfaUg=w300">ActivateWindow(10025,&quot;plugin://plugin.video.democracynow?sf_options=fanart%3Dspecial%3A%2F%2Fhome%2Faddons%5Cplugin.video.democracynow%5Cfanart.jpg%26desc%3DDemocracy+Now%21+is+a+syndicated+program+of+news%2C+analysis%2C+and+opinion+aired+by+more+than+700+radio+and+television%2C+satellite+and+cable+TV+networks+in+North+America.+Democracy+Now%21+serves+as+the+flagship+program+for+the+Pacifica+Radio+network.%26_options_sf&quot;,return)</favourite>
</favourites>