<favourites>
	<favourite name="MSNBC" thumb="http://1.bp.blogspot.com/-fy7j--ZE8K4/Uh4cd91UwpI/AAAAAAAABSM/_ZjWWEzQGA4/s1600/b5dbe762edb52ced8189c1ec33f3662d.jpeg">PlayMedia(&quot;rtmp://b.cdn.newschat.tv/edge playpath=msnbc_live swfUrl=http://newschat.tv/player.swf live=1  pageUrl=http://www.livenewschat.eu/twoons/ ?sf_options=winID%3D10025%26_options_sf&quot;)</favourite>
	<favourite name="HLN" thumb="http://googledrive.com/host/0B-bY5h-uWEgZQVJQZ0lzUTdBeFE/icons/networks/news/hln.png">PlayMedia(&quot;rtmp://b.cdn.newschat.tv/edge playpath=hln_live swfUrl=http://newschat.tv/player.swf live=1  pageUrl=http://www.livenewschat.eu/twoons/ ?sf_options=winID%3D10025%26_options_sf&quot;)</favourite>
	<favourite name="CNBC" thumb="http://googledrive.com/host/0B-bY5h-uWEgZQVJQZ0lzUTdBeFE/icons/news/cnbc.png">PlayMedia(&quot;http://origin2.live.web.tv.streamprovider.net/streams/3bc166ba3776c04e987eb242710e75c0/index.m3u8?sf_options=winID%3D10025%26_options_sf&quot;)</favourite>
	<favourite name="ABC News" thumb="http://stepdadding.com/wp-content/uploads/2012/08/abc-image2.jpg">PlayMedia(&quot;http://abclive.abcnews.com/i/abc_live4@136330/index_1200_av-b.m3u8?sd=10&amp;b=1200&amp;rebase=on&amp;sf_options=winID%3D10025%26_options_sf&quot;)</favourite>
	<favourite name="Bloomberg" thumb="http://cdn.marketplaceimages.windowsphone.com/v8/images/b72e664a-887b-4373-9a8c-8261a7ddece8?imageType=ws_icon_large">PlayMedia(&quot;http://cdn3.videos.bloomberg.com/btv/us/master.m3u8?sf_options=winID%3D10025%26_options_sf&quot;)</favourite>
	<favourite name="Al Jazera" thumb="http://mirror.umd.edu/xbmc/addons/gotham/plugin.video.aljazeera/icon.png">PlayMedia(&quot;rtmp://aljazeeraflashlivefs.fplive.net:1935/aljazeeraflashlive-live?videoId=883816736001&amp;lineUpId=&amp;pubId=665003303001&amp;playerId=751182905001&amp;affiliateId=/aljazeera_eng_high?videoId=883816736001&amp;lineUpId=&amp;pubId=665003303001&amp;playerId=751182905001&amp;affiliateId=.flv live=1 &amp;sf_options=winID%3D10025%26_options_sf&quot;)</favourite>
	<favourite name="BBC World News" thumb="http://googledrive.com/host/0B-bY5h-uWEgZQVJQZ0lzUTdBeFE/icons/networks/news/bbcworld.png">PlayMedia(&quot;rtmp://b.cdn.newschat.tv/edge playpath=bbcwn_live swfUrl=http://newschat.tv/player.swf live=1  pageUrl=http://www.livenewschat.eu/twoons?sf_options=winID%3D10025%26_options_sf&quot;)</favourite>
	<favourite name="CBC" thumb="https://pbs.twimg.com/profile_images/466664981673410560/886Az0vu.jpeg">PlayMedia(&quot;rtmp://b.cdn.newschat.tv/edge playpath=cbc_live swfUrl=http://newschat.tv/player.swf live=1  pageUrl=http://www.livenewschat.eu/twoons/ ?sf_options=winID%3D10025%26_options_sf&quot;)</favourite>
	<favourite name="EuroNews" thumb="http://googledrive.com/host/0B-bY5h-uWEgZQVJQZ0lzUTdBeFE/icons/networks/news/euronews.png">PlayMedia(&quot;rtmp://b.cdn.newschat.tv/edge playpath=euronews_live swfUrl=http://newschat.tv/player.swf live=1  pageUrl=http://www.livenewschat.eu/twoons/ ?sf_options=winID%3D10025%26_options_sf&quot;)</favourite>
	<favourite name="France24" thumb="http://googledrive.com/host/0B-bY5h-uWEgZQVJQZ0lzUTdBeFE/icons/networks/news/france24.png">PlayMedia(&quot;http://static.france24.com/live/F24_EN_LO_HLS/live_web.m3u8?sf_options=winID%3D10025%26_options_sf&quot;)</favourite>
	<favourite name="i24" thumb="https://static-s.aa-cdn.net/img/ios/671837118/d705b4b2e3ae27c811a2561eb5d054a2?v=1">PlayMedia(&quot;http://bcoveliveios-i.akamaihd.net/hls/live/215102/master_english/398/master.m3u8?sf_options=winID%3D10025%26_options_sf&quot;)</favourite>
	<favourite name="RT" thumb="http://googledrive.com/host/0B-bY5h-uWEgZQVJQZ0lzUTdBeFE/icons/networks/news/rt.png">PlayMedia(&quot;http://rt-a.akamaihd.net/ch_04@325608/master.m3u8?sf_options=winID%3D10025%26_options_sf&quot;)</favourite>
	<favourite name="Sky News Live" thumb="http://googledrive.com/host/0B-bY5h-uWEgZQVJQZ0lzUTdBeFE/icons/news/skynews.png">PlayMedia(&quot;plugin://plugin.video.youtube/play/?video_id=y60wDzZt8yg&amp;sf_options=winID%3D10025%26_options_sf&quot;)</favourite>
	<favourite name="Arirang TV World" thumb="http://googledrive.com/host/0B-bY5h-uWEgZQVJQZ0lzUTdBeFE/icons/news/airrang.png">PlayMedia(&quot;plugin://plugin.video.world.news.live/?use_rtmp=1&amp;Title=Arirang+TV+World&amp;remote_url=None&amp;action=play_stream&amp;Icon=C%3A%5Ckodi142%5Cportable_data%5Caddons%5Cplugin.video.world.news.live%5Cresources%5Cimages%5Cchannels%5Carirang_world.png&amp;channel=arirang_world&amp;Thumb=C%3A%5Ckodi142%5Cportable_data%5Caddons%5Cplugin.video.world.news.live%5Cresources%5Cimages%5Cchannels%5Carirang_world.png&amp;sf_options=winID%3D10025%26_options_sf&quot;)</favourite>
	<favourite name="CCTV News" thumb="https://lsng-user-service-avatars.s3-eu-west-1.amazonaws.com/uploads/avatar/image/66/large_cctv-news.png">PlayMedia(&quot;plugin://plugin.video.world.news.live/?use_rtmp=1&amp;Title=CCTV+News&amp;remote_url=None&amp;action=play_stream&amp;Icon=C%3A%5Ckodi142%5Cportable_data%5Caddons%5Cplugin.video.world.news.live%5Cresources%5Cimages%5Cchannels%5Ccctv_news_english.png&amp;channel=cctv_news_english&amp;Thumb=C%3A%5Ckodi142%5Cportable_data%5Caddons%5Cplugin.video.world.news.live%5Cresources%5Cimages%5Cchannels%5Ccctv_news_english.png&amp;sf_options=winID%3D10025%26_options_sf&quot;)</favourite>
	<favourite name="Press TV" thumb="http://googledrive.com/host/0B-bY5h-uWEgZQVJQZ0lzUTdBeFE/icons/networks/news/presstv.png">PlayMedia(&quot;plugin://plugin.video.phstreams/?name=Press+TV+HD&amp;url=http%3A%2F%2Fptv-hls.streaming.overon.es%2Fch03%2Flivehigh.m3u8&amp;audio=0&amp;image=http%3A%2F%2Fprevious.presstv.ir%2Fphoto%2F20121018%2Frabbani20121018084422000.jpg&amp;fanart=http%3A%2F%2Fs20.postimg.org%2Fw4r6o7t3x%2FPhoenix_Fanart.png&amp;playable=false&amp;content=0&amp;mode=resolver&amp;sf_options=fanart%3Dhttp%3A%2F%2Fs20.postimg.org%2Fw4r6o7t3x%2FPhoenix_Fanart.png%26winID%3D10025%26desc%3DDiscover+Great+Streaming+Playlists%21%26_options_sf&quot;)</favourite>
	<favourite name="Newsmax" thumb="https://lh6.ggpht.com/P0WK2c5_ZE6aA2IvDkEA5oOyaqbuOoqHNK3tQ2YWCWhW-IP3zeuoSDeZuO9FFmqjuA=w300">PlayMedia(&quot;plugin://plugin.video.youtube/play/?video_id=6bqvoUMVmCs&amp;sf_options=winID%3D10025%26_options_sf&quot;)</favourite>
	<favourite name="Special Events" thumb="http://www.thehealingchurchri.com/assets/images/eventsicon.png">PlayMedia(&quot;rtmp://b.cdn.newschat.tv/edge playpath=special_live swfUrl=http://newschat.tv/player.swf live=1  pageUrl=http://www.livenewschat.eu/twoons/ ?sf_options=winID%3D10025%26_options_sf&quot;)</favourite>
	<favourite name="World News Live" thumb="special://home/addons\plugin.video.world.news.live\icon.png">ActivateWindow(10025,&quot;plugin://plugin.video.world.news.live/&quot;)</favourite>
</favourites>