<favourites>
		<favourite name="Digster: Suitable for" thumb="">ActivateWindow(10501,&quot;plugin://plugin.audio.musicbox/?fanart&amp;iconimage&amp;mode=4&amp;name=Suitable%20for&amp;url=suitable&quot;,return)</favourite>
	<favourite name="Digster: Genre" thumb="">ActivateWindow(10501,&quot;plugin://plugin.audio.musicbox/?fanart&amp;iconimage&amp;mode=4&amp;name=Genre&amp;url=genre&quot;,return)</favourite>
	<favourite name="Digster: Sections" thumb="">ActivateWindow(10501,&quot;plugin://plugin.audio.musicbox/?fanart&amp;iconimage&amp;mode=3&amp;name=Sections&amp;url&quot;,return)</favourite>
	<favourite name="Digster: Mood" thumb="">ActivateWindow(10501,&quot;plugin://plugin.audio.musicbox/?fanart&amp;iconimage&amp;mode=4&amp;name=Mood&amp;url=mood&quot;,return)</favourite>
	
</favourites>