<favourites>
	<favourite name="PBS ThinkTV" thumb="https://superrepo.org/static/images/icons/original/xplugin.video.thinktv.png.pagespeed.ic.SmysxYmAM7.jpg">ActivateWindow(10025,&quot;plugin://plugin.video.thinktv/?sf_options=desc%3DPBS+ThinkTV+is+the+most+widely+used+non-profit+informational+resource+in+our+community.%26_options_sf&quot;,return)</favourite>
	<favourite name="FrontLine" thumb="http://www.houstonisd.org/cms/lib2/TX01001591/Centricity/Domain/34394/apollo20frontline.jpg">ActivateWindow(10025,&quot;plugin://plugin.video.thinktv/?mode=GC&amp;name=FRONTLINE&amp;url=%2fprogram%2ffrontline%2f%2fepisodes%2f&quot;)</favourite>
	<favourite name="History Detectives" thumb="http://image.pbs.org/merlin/s3.amazonaws.com/pbs.merlin.cdn.prod/program_pages/hide-titlecard.380x212.jpg.fit.480x270.jpg">ActivateWindow(10025,&quot;plugin://plugin.video.thinktv/?desc=America%27s%20top%20gumshoes%20are%20on%20the%20case!%20Exploring%20our%20biggest%20historical%20mysteries%2c%20History%20Detectives%20Special%20Investigations%20crisscrosses%20the%20country%20in%20search%20of%20answers%20to%20some%20of%20our%20most%20probing%20questions%3a%20What%20was%20behind%20the%20tragic%20sinking%20of%20the%20SS%20Sultana%20at%20the%20end%20of%20the%20American%20Civil%20War%2c%20one%20of%20the%20worst%20maritime%20disasters%20in%20U.S.%20history%3f%20Can%20they%20crack%20the%20case%20of%20one%20of%20the%20country%27s%20first%20recorded%20serial%20killings%2c%20the%20Texas%20Servant%20Girl%20Murders%20of%20the%201880s%3f%20Who%20really%20killed%20Jimmy%20Hoffa%20and%20why%3f%20And%20what%20led%20to%20the%20mysterious%20vanishing%20of%20big%20band%20leader%20Glenn%20Miller%20during%20World%20War%20II%3f%20Watch%20and%20find%20out!&amp;imageicon=http%3a%2f%2fimage.pbs.org%2fmerlin%2fs3.amazonaws.com%2fpbs.merlin.cdn.prod%2fprogram_pages%2fhide-titlecard.380x212.jpg.fit.480x270.jpg&amp;mode=GV&amp;name=History%20Detectives&amp;url=%2fprogram%2fhistory-detectives%2f&amp;sf_options=fanart%3Dspecial%3A%2F%2Fhome%2Faddons%5Cplugin.video.thinktv%5Cfanart.jpg%26desc%3DAmerica%27s+top+gumshoes+are+on+the+case%21+Exploring+our+biggest+historical+mysteries%2C+History+Detectives+Special+Investigations+crisscrosses+the+country+in+search+of+answers+to+some+of+our+most+probing+questions%3A+What+was+behind+the+tragic+sinking+of+the+SS+Sultana+at+the+end+of+the+American+Civil+War%2C+one+of+the+worst+maritime+disasters+in+U.S.+history%3F+Can+they+crack+the+case+of+one+of+the+country%27s+first+recorded+serial+killings%2C+the+Texas+Servant+Girl+Murders+of+the+1880s%3F+Who+really+killed+Jimmy+Hoffa+and+why%3F+And+what+led+to+the+mysterious+vanishing+of+big+band+leader+Glenn+Miller+during+World+War+II%3F+Watch+and+find+out%21%26_options_sf&quot;,return)</favourite>
	<favourite name="NOVA" thumb="http://image.pbs.org/merlin/s3.amazonaws.com/pbs.merlin.cdn.prod/program_pages/nova-stack-card.380x212.jpeg.fit.480x270.jpg">ActivateWindow(10025,&quot;plugin://plugin.video.thinktv/?desc=NOVA%20explores%20innovations%20and%20discoveries%20from%20the%20world%20of%20science%20and%20technology%20while%20highlighting%20the%20human%20side%20of%20science.&amp;fanart=http%3a%2f%2fs3.amazonaws.com%2fpbs.merlin.cdn.prod%2fprogram_pages%2fnova-background.950x356.jpeg&amp;imageicon=http%3a%2f%2fimage.pbs.org%2fmerlin%2fs3.amazonaws.com%2fpbs.merlin.cdn.prod%2fprogram_pages%2fnova-stack-card.380x212.jpeg.fit.480x270.jpg&amp;mode=GV&amp;name=NOVA&amp;url=%2fprogram%2fnova%2f&amp;sf_options=fanart%3Dhttp%3A%2F%2Fs3.amazonaws.com%2Fpbs.merlin.cdn.prod%2Fprogram_pages%2Fnova-background.950x356.jpeg%26desc%3DNOVA+explores+innovations+and+discoveries+from+the+world+of+science+and+technology+while+highlighting+the+human+side+of+science.%26_options_sf&quot;,return)</favourite>
	<favourite name="NOVA scienceNOW" thumb="http://image.pbs.org/merlin/s3.amazonaws.com/pbs.merlin.cdn.prod/program_pages/NovaScienceNowCard2.380x212.jpg.fit.480x270.jpg">ActivateWindow(10025,&quot;plugin://plugin.video.thinktv/?desc=From%20the%20award-winning%20producers%20of%20NOVA%2c%20NOVA%20scienceNOW%20is%20a%20fast-paced%20and%20provocative%20science%20magazine%20show%20that%20highlights%20four%20timely%20science%20and%20technology%20stories%20per%20episode.%20Launched%20in%202005%2c%20the%20show%20is%20hosted%20by%20renowned%20astrophysicist%20Neil%20deGrasse%20Tyson.%0d%0a%3ca%20href%3d%22http%3a%2f%2fwww.shoppbs.org%2fsearch%2findex.jsp%3fkwCatId%3d%26kw%3dnova%2520sciencenow%26origkw%3dnova%2520sciencenow%26sr%3d1%22%20target%3d%22_blank%22%3eBuy%20NOVA%20DVDs%3c%2fa%3e&amp;imageicon=http%3a%2f%2fimage.pbs.org%2fmerlin%2fs3.amazonaws.com%2fpbs.merlin.cdn.prod%2fprogram_pages%2fNovaScienceNowCard2.380x212.jpg.fit.480x270.jpg&amp;mode=GV&amp;name=NOVA%20scienceNOW&amp;url=%2fprogram%2fnova-science-now%2f&amp;sf_options=fanart%3Dspecial%3A%2F%2Fhome%2Faddons%5Cplugin.video.thinktv%5Cfanart.jpg%26desc%3DFrom+the+award-winning+producers+of+NOVA%2C+NOVA+scienceNOW+is+a+fast-paced+and+provocative+science+magazine+show+that+highlights+four+timely+science+and+technology+stories+per+episode.+Launched+in+2005%2C+the+show+is+hosted+by+renowned+astrophysicist+Neil+deGrasse+Tyson.%0D%0A%3Ca+href%3D%22http%3A%2F%2Fwww.shoppbs.org%2Fsearch%2Findex.jsp%3FkwCatId%3D%26kw%3Dnova%2520sciencenow%26origkw%3Dnova%2520sciencenow%26sr%3D1%22+target%3D%22_blank%22%3EBuy+NOVA+DVDs%3C%2Fa%3E%26_options_sf&quot;,return)</favourite>
	<favourite name="Nature" thumb="http://image.pbs.org/merlin/s3.amazonaws.com/pbs.merlin.cdn.prod/program_pages/nature.COVE.2000x1125.380x212.jpg.fit.480x270.jpg">ActivateWindow(10025,&quot;plugin://plugin.video.thinktv/?desc=Nature%20brings%20the%20beauty%20and%20wonder%20of%20the%20natural%20world%20into%20your%20home%2c%20becoming%20in%20the%20process%20the%20benchmark%20of%20natural%20history%20programs.%20&amp;fanart=http%3a%2f%2fs3.amazonaws.com%2fpbs.merlin.cdn.prod%2fprogram_pages%2fnature-cove-background_5.950x356.jpg&amp;imageicon=http%3a%2f%2fimage.pbs.org%2fmerlin%2fs3.amazonaws.com%2fpbs.merlin.cdn.prod%2fprogram_pages%2fnature.COVE.2000x1125.380x212.jpg.fit.480x270.jpg&amp;mode=GV&amp;name=Nature&amp;url=%2fprogram%2fnature%2f&amp;sf_options=fanart%3Dhttp%3A%2F%2Fs3.amazonaws.com%2Fpbs.merlin.cdn.prod%2Fprogram_pages%2Fnature-cove-background_5.950x356.jpg%26desc%3DNature+brings+the+beauty+and+wonder+of+the+natural+world+into+your+home%2C+becoming+in+the+process+the+benchmark+of+natural+history+programs.+%26_options_sf&quot;,return)</favourite>
	<favourite name="Inside Nature&apos;s Giants" thumb="http://image.pbs.org/merlin/s3.amazonaws.com/pbs.merlin.cdn.prod/program_pages/INSIDE_NATURES_GIANTS_STACKCARD-2.380x212.jpg.fit.480x270.jpg">ActivateWindow(10025,&quot;plugin://plugin.video.thinktv/?desc=Veterinary%20specialists%20and%20biologists%20perform%20an%20autopsy%20on%20a%20large%20wild%20animal%20to%20uncover%20the%20secrets%20of%20its%20anatomy.%20The%20series%20features%20veterinary%20scientist%20Mark%20Evans%2c%20comparative%20anatomist%20Joy%20Reidenberg%20and%20evolutionary%20biologists%20Richard%20Dawkins%20and%20Simon%20Watt.&amp;imageicon=http%3a%2f%2fimage.pbs.org%2fmerlin%2fs3.amazonaws.com%2fpbs.merlin.cdn.prod%2fprogram_pages%2fINSIDE_NATURES_GIANTS_STACKCARD-2.380x212.jpg.fit.480x270.jpg&amp;mode=GV&amp;name=Inside%20Nature%27s%20Giants&amp;url=%2fprogram%2finside-natures-giants%2f&amp;sf_options=fanart%3Dspecial%3A%2F%2Fhome%2Faddons%5Cplugin.video.thinktv%5Cfanart.jpg%26desc%3DVeterinary+specialists+and+biologists+perform+an+autopsy+on+a+large+wild+animal+to+uncover+the+secrets+of+its+anatomy.+The+series+features+veterinary+scientist+Mark+Evans%2C+comparative+anatomist+Joy+Reidenberg+and+evolutionary+biologists+Richard+Dawkins+and+Simon+Watt.%26_options_sf&quot;,return)</favourite>
	<favourite name="Secrets of the Dead" thumb="http://image.pbs.org/merlin/s3.amazonaws.com/pbs.merlin.cdn.prod/program_pages/SOTD.COVE.2000x1125.380x212.jpg.fit.480x270.jpg">ActivateWindow(10025,&quot;plugin://plugin.video.thinktv/?desc=Secrets%20of%20the%20Dead%20is%20part%20detective%20story%2c%20part%20true-life%20drama%20that%20unearths%20evidence%20from%20around%20the%20world%2c%20challenging%20prevailing%20ideas%20and%20throwing%20fresh%20light%20on%20unexplained%20events.&amp;imageicon=http%3a%2f%2fimage.pbs.org%2fmerlin%2fs3.amazonaws.com%2fpbs.merlin.cdn.prod%2fprogram_pages%2fSOTD.COVE.2000x1125.380x212.jpg.fit.480x270.jpg&amp;mode=GV&amp;name=Secrets%20of%20the%20Dead&amp;url=%2fprogram%2fsecrets-of-the-dead%2f&amp;sf_options=fanart%3Dspecial%3A%2F%2Fhome%2Faddons%5Cplugin.video.thinktv%5Cfanart.jpg%26desc%3DSecrets+of+the+Dead+is+part+detective+story%2C+part+true-life+drama+that+unearths+evidence+from+around+the+world%2C+challenging+prevailing+ideas+and+throwing+fresh+light+on+unexplained+events.%26_options_sf&quot;,return)</favourite>
	<favourite name="Nazi Mega Weapons" thumb="http://image.pbs.org/merlin/s3.amazonaws.com/pbs.merlin.cdn.prod/program_pages/NAZI_MEGA_WEAPONS_stackcard.380x212.png.fit.480x270.png">ActivateWindow(10025,&quot;plugin://plugin.video.thinktv/?desc=The%20six-part%20series%20Nazi%20Mega%20Weapons%20recounts%20Germany%e2%80%99s%20engagement%20in%20World%20War%20II%20from%20a%20unique%20perspective%2c%20uncovering%20the%20engineering%20secrets%20of%20iconic%20megastructures%2c%20telling%20the%20stories%20of%20the%20engineers%20who%20designed%20them%20and%20revealing%20how%20these%20structures%20sparked%20a%20technological%20revolution%20that%20changed%20warfare%20forever.&amp;imageicon=http%3a%2f%2fimage.pbs.org%2fmerlin%2fs3.amazonaws.com%2fpbs.merlin.cdn.prod%2fprogram_pages%2fNAZI_MEGA_WEAPONS_stackcard.380x212.png.fit.480x270.png&amp;mode=GV&amp;name=Nazi%20Mega%20Weapons&amp;url=%2fprogram%2fnazi-mega-weapons%2f&amp;sf_options=fanart%3Dspecial%3A%2F%2Fhome%2Faddons%5Cplugin.video.thinktv%5Cfanart.jpg%26desc%3DThe+six-part+series+Nazi+Mega+Weapons+recounts+Germany%E2%80%99s+engagement+in+World+War+II+from+a+unique+perspective%2C+uncovering+the+engineering+secrets+of+iconic+megastructures%2C+telling+the+stories+of+the+engineers+who+designed+them+and+revealing+how+these+structures+sparked+a+technological+revolution+that+changed+warfare+forever.%26_options_sf&quot;,return)</favourite>
	<favourite name="The Brain with David Eagleman" thumb="http://image.pbs.org/merlin/s3.amazonaws.com/pbs.merlin.cdn.prod/program_pages/stack_card1.380x212.png.fit.480x270.png">ActivateWindow(10025,&quot;plugin://plugin.video.thinktv/?desc=Neuroscientist%20David%20Eagleman%20explores%20the%20human%20brain%20in%20an%20epic%20series%20that%20reveals%20the%20ultimate%20story%20of%20us%2c%20why%20we%20feel%20and%20think%20the%20things%20we%20do.%20This%20ambitious%20project%20blends%20science%20with%20innovative%20visual%20effects%20and%20compelling%20personal%20stories%2c%20and%20addresses%20some%20big%20questions.%20By%20understanding%20the%20human%20brain%2c%20we%20can%20come%20close%20to%20understanding%20humanity.%20Airs%20Wednesdays%2c%20October%2014-November%2018%2c%2010-11pm%20ET.&amp;fanart=C%3a%5ckodi%5cportable_data%5caddons%5cplugin.video.thinktv%5cfanart.jpg&amp;imageicon=http%3a%2f%2fimage.pbs.org%2fmerlin%2fs3.amazonaws.com%2fpbs.merlin.cdn.prod%2fprogram_pages%2fstack_card1.380x212.png.fit.480x270.png&amp;mode=GV&amp;name=The%20Brain%20with%20David%20Eagleman&amp;url=%2fprogram%2fbrain-david-eagleman%2f&amp;sf_options=fanart%3Dspecial%3A%2F%2Fhome%2Faddons%5Cplugin.video.thinktv%5Cfanart.jpg%26desc%3DNeuroscientist+David+Eagleman+explores+the+human+brain+in+an+epic+series+that+reveals+the+ultimate+story+of+us%2C+why+we+feel+and+think+the+things+we+do.+This+ambitious+project+blends+science+with+innovative+visual+effects+and+compelling+personal+stories%2C+and+addresses+some+big+questions.+By+understanding+the+human+brain%2C+we+can+come+close+to+understanding+humanity.+Airs+Wednesdays%2C+October+14-November+18%2C+10-11pm+ET.%26_options_sf&quot;,return)</favourite>
	<favourite name="FutureStates" thumb="http://image.pbs.org/merlin/s3.amazonaws.com/pbs.merlin.cdn.prod/program_pages/futurestates-454x255-COVE-logo.380x212.png.fit.480x270.png">ActivateWindow(10025,&quot;plugin://plugin.video.thinktv/?mode=GC&amp;name=FutureStates&amp;url=%2fprogram%2ffuture-states%2f%2fepisodes%2f&amp;sf_options=fanart%3Dspecial%3A%2F%2Fhome%2Faddons%5Cplugin.video.thinktv%5Cfanart.jpg%26_options_sf&quot;,return)</favourite>
	<favourite name="Antiques Roadshow" thumb="http://image.pbs.org/merlin/s3.amazonaws.com/pbs.merlin.cdn.prod/program_pages/anro-pbs-cove-brand-stack.380x212.jpg.fit.480x270.jpg">ActivateWindow(10025,&quot;plugin://plugin.video.thinktv/?desc=Part%20adventure%2c%20part%20history%20lesson%2c%20and%20part%20treasure%20hunt%2c%2013-time%20Emmy%c2%ae%20Award-nominated%20ANTIQUES%20ROADSHOW%20marks%20its%2019th%20season%20on%20PBS%20in%202015.%0d%0a&amp;fanart=http%3a%2f%2fs3.amazonaws.com%2fpbs.merlin.cdn.prod%2fprogram_pages%2froadshow_background_5.950x356.jpg&amp;imageicon=http%3a%2f%2fimage.pbs.org%2fmerlin%2fs3.amazonaws.com%2fpbs.merlin.cdn.prod%2fprogram_pages%2fanro-pbs-cove-brand-stack.380x212.jpg.fit.480x270.jpg&amp;mode=GV&amp;name=Antiques%20Roadshow&amp;url=%2fprogram%2fantiques-roadshow%2f&amp;sf_options=fanart%3Dhttp%3A%2F%2Fs3.amazonaws.com%2Fpbs.merlin.cdn.prod%2Fprogram_pages%2Froadshow_background_5.950x356.jpg%26desc%3DPart+adventure%2C+part+history+lesson%2C+and+part+treasure+hunt%2C+13-time+Emmy%C2%AE+Award-nominated+ANTIQUES+ROADSHOW+marks+its+19th+season+on+PBS+in+2015.%0D%0A%26_options_sf&quot;,return)</favourite>
	<favourite name="American Experince" thumb="http://image.pbs.org/merlin/s3.amazonaws.com/pbs.merlin.cdn.prod/program_pages/AMEX_DotOrg_StackCard_080513.380x212.jpeg.fit.480x270.jpg">ActivateWindow(10025,&quot;plugin://plugin.video.thinktv/?mode=GC&amp;name=American%20Experience&amp;url=%2fprogram%2famerican-experience%2f%2fepisodes%2f&amp;sf_options=fanart%3Dhttp%3A%2F%2Fs3.amazonaws.com%2Fpbs.merlin.cdn.prod%2Fprogram_pages%2FAMEX_background_______5.950x356.jpg%26_options_sf&quot;,return)</favourite>
	<favourite name="America Reframed" thumb="http://image.pbs.org/merlin/s3.amazonaws.com/pbs.merlin.cdn.prod/program_pages/amrf_color_640x360.380x212.jpg.fit.480x270.jpg">ActivateWindow(10025,&quot;plugin://plugin.video.thinktv/?mode=GC&amp;name=America%20Reframed&amp;url=%2fprogram%2famerica-reframed%2f%2fepisodes%2f&amp;sf_options=fanart%3Dspecial%3A%2F%2Fhome%2Faddons%5Cplugin.video.thinktv%5Cfanart.jpg%26_options_sf&quot;,return)</favourite>
</favourites>