<favourites>
	
	<--! favourite name="Random Documenatry" thumb="http://www.filmsite.org/images/documentary-genre.jpg">PlayMedia(&quot;plugin://plugin.video.ccloudtv.helper/?url=http%3A%2F%2F94.23.35.42%2FcCloudTv%2Fparser.php%3Fsurl%3Dhttps%3A%2F%2Fwww.arconaitv.me%2Fdocs%2F%7CUser-Agent%3DMozilla%252F5.0%2520%28Windows%2520NT%25206.1%253B%2520WOW64%29%2520AppleWebKit%252F537.36%2520%28KHTML%252C%2520like%2520Gecko%29%2520Chrome%252F57.0.2987.133%2520Safari%252F537.36&amp;mode=1&amp;name=Docs+Channel&amp;sf_options=&quot;)</favourite>
	

	
	<favourite name="Shows" thumb="https://lh6.ggpht.com/UkyGbUDjC4R0xnfSGiJIu1SblNw4oJTP7gGZ3TS0tWGcRDK6ThO8lhV_xxhK0ruxOQ=w300">ActivateWindow(10025,&quot;plugin://plugin.video.origin2/?action=tvshows&amp;url=http%3A%2F%2Fwww.imdb.com%2Fsearch%2Ftitle%3Ftitle_type%3Dtv_series,mini_series%26languages%3Den%26genres%3DDocumentary%26sort%3Dmoviemeter,asc&quot;,return)</favourite>	
	<favourite name="Discovery" thumb="https://raw.githubusercontent.com/MetalChris/repository.metalchris/master/plugin.video.discovery-channels/icon.png">ActivateWindow(10025,&quot;plugin://plugin.video.discovery-channels/&quot;,return)</favourite>
	<favourite name="Smithsonian" thumb="http://a1.mzstatic.com/eu/r30/Purple62/v4/ce/60/70/ce6070cf-6bb4-c0c8-3aa3-0b49800ff29a/icon175x175.png">ActivateWindow(10025,&quot;plugin://plugin.video.smithsonian/&quot;)</favourite>
	<favourite name="XiveTV" thumb="https://yt3.ggpht.com/-3QSaQa74Ids/AAAAAAAAAAI/AAAAAAAAAAA/tb3yzKTWgGY/s240-c-k-no/photo.jpg">ActivateWindow(10025,&quot;plugin://plugin.video.youtube/channel/UC62NeTy6Ocd5Jmh_963mLFg/&quot;,return)</favourite>	
	<favourite name="ViceLand" thumb="https://yt3.ggpht.com/-eHn3-vaOb3Y/AAAAAAAAAAI/AAAAAAAAAAA/2y3py4kCs5A/s900-c-k-no-mo-rj-c0xffffff/photo.jpg">ActivateWindow(10025,&quot;plugin://plugin.program.super.favourites/?mode=400&amp;folder=More%2FDocumentaries%5CVice%20Network&amp;sf_options=&quot;,return)</favourite>
	<favourite name="PBS" thumb="https://pbs.twimg.com/profile_images/378800000834540595/ea9671c2f361faeee53e5c780c225191.jpeg">ActivateWindow(10025,&quot;plugin://plugin.program.super.favourites/?label=PBS&amp;mode=400&amp;path=special%3A%2F%2Fhome%2Faddons%2Fscript.supafav%2FSuper%20Favourites%5CMore%2FDocumentaries%5CPBS&amp;sf_options=&quot;,return)</favourite>	
	<favourite name="History" thumb="http://a3.mzstatic.com/us/r30/Purple7/v4/2c/26/4d/2c264df5-bd10-e0f4-bd07-a6f4772f0a4f/icon175x175.png">ActivateWindow(10025,&quot;plugin://plugin.program.super.favourites/?label=History&amp;mode=400&amp;path=special%3A%2F%2Fhome%2Faddons%2Fscript.supafav%2FSuper%20Favourites%5CMore%2FDocumentaries%5CHistory&amp;sf_options=fanart%3Dspecial%3A%2F%2Fhome%2Faddons%5Cplugin.program.super.favourites%5Cfanart.jpg%26_options_sf&quot;,return)</favourite>
	<favourite name="NatGeo" thumb="http://cdn.marketplaceimages.windowsphone.com/v8/images/b26930f2-1af6-4cac-8caf-26c49bd47420?imageType=ws_icon_small">ActivateWindow(10025,&quot;plugin://plugin.program.super.favourites/?label=NatGeo&amp;mode=400&amp;path=special%3A%2F%2Fhome%2Faddons%2Fscript.supafav%2FSuper%20Favourites%5CMore%2FDocumentaries%5CNatGeo&amp;sf_options=fanart%3Dspecial%3A%2F%2Fhome%2Faddons%5Cplugin.program.super.favourites%5Cfanart.jpg%26_options_sf&quot;,return)</favourite>
	<--! favourite name="Discovery Channel" thumb="http://www.skyscraperlive.com/img/logos-network/dsc-logo.png">ActivateWindow(10025,&quot;plugin://plugin.video.discovery-channels/?iconimage=special%3a%2f%2fhome%2faddons%2fplugin.video.discovery-channels%2fresources%2fmedia%2fdiscovery.png&amp;mode=525&amp;name=Discovery%20Channel&amp;url=https%3a%2f%2fwww.discoverygo.com&quot;,return)</favourite>
	<--! favourite name="Discovery Science" thumb="https://ulango.tv/uploads/channels/3781069/logo_discovery%20science.png">ActivateWindow(10025,&quot;plugin://plugin.video.discovery-channels/?iconimage=special%3a%2f%2fhome%2faddons%2fplugin.video.discovery-channels%2fresources%2fmedia%2fsciencechannel.png&amp;mode=525&amp;name=Discovery%20Science&amp;url=https%3a%2f%2fwww.sciencechannelgo.com&quot;,return)</favourite>
    <--! favourite name="Investigation Discovery" thumb="http://www.bellmedia.ca/wp-content/uploads/2014/02/id_300-white.png">ActivateWindow(10025,&quot;plugin://plugin.video.discovery-channels/?iconimage=&amp;mode=525&amp;name=Investigation%20Discovery&amp;url=https%3a%2f%2fwww.investigationdiscoverygo.com&quot;,return)</favourite>	
	<--! favourite name="Discovery Life" thumb="https://upload.wikimedia.org/wikipedia/commons/9/99/Discovery_life_logo.png">ActivateWindow(10025,&quot;plugin://plugin.video.discovery-channels/?iconimage=special%3a%2f%2fhome%2faddons%2fplugin.video.discovery-channels%2fresources%2fmedia%2fdiscoverylife.jpg&amp;mode=525&amp;name=Discovery%20Life&amp;url=https%3a%2f%2fwww.discoverylifego.com&quot;,return)</favourite>
	
	<favourite name="Crime" thumb="https://pbs.twimg.com/profile_images/556805890817658881/iMsru_J2_400x400.jpeg">ActivateWindow(10025,&quot;plugin://plugin.program.super.favourites/?label=Crime&amp;mode=400&amp;path=special%3A%2F%2Fhome%2Faddons%2Fscript.supafav%2FSuper%20Favourites%5CMore%2FDocumentaries%5CCrime&amp;sf_options=fanart%3Dspecial%3A%2F%2Fhome%2Faddons%5Cplugin.program.super.favourites%5Cfanart.jpg%26_options_sf&quot;,return)</favourite>
	
	
	
	

   
   
   
   
  
	<--! favourite name="Animal Planet" thumb="http://www.logoeps.com/wp-content/uploads/2011/06/animal-planet-eps-vector-logo.png">ActivateWindow(10025,&quot;plugin://plugin.video.discovery-channels/?iconimage=special%3a%2f%2fhome%2faddons%2fplugin.video.discovery-channels%2fresources%2fmedia%2fanimalplanet.jpg&amp;mode=525&amp;name=Animal%20Planet&amp;url=https%3a%2f%2fwww.animalplanetgo.com&quot;,return)</favourite>
	<--! favourite name="Velocity" thumb="http://raw.github.com/MetalChris/repository.metalchris/master/plugin.video.discovery-channels/resources/media/velocity.png">ActivateWindow(10025,&quot;plugin://plugin.video.discovery-channels/?iconimage=special%3a%2f%2fhome%2faddons%2fplugin.video.discovery-channels%2fresources%2fmedia%2fvelocity.png&amp;mode=525&amp;name=Velocity&amp;url=https%3a%2f%2fwww.velocitychannelgo.com&quot;,return)</favourite>    
    <--! favourite name="American Heroes" thumb="http://raw.github.com/MetalChris/repository.metalchris/master/plugin.video.discovery-channels/resources/media/ahctv.jpg">ActivateWindow(10025,&quot;plugin://plugin.video.discovery-channels/?iconimage=special%3a%2f%2fhome%2faddons%2fplugin.video.discovery-channels%2fresources%2fmedia%2fahctv.jpg&amp;mode=525&amp;name=American%20Heroes&amp;url=https%3a%2f%2fwww.ahctvgo.com%2f&quot;,return)</favourite>
    <--! favourite name="Destination America" thumb="http://raw.github.com/MetalChris/repository.metalchris/master/plugin.video.discovery-channels/resources/media/destinationamerica.jpg">ActivateWindow(10025,&quot;plugin://plugin.video.discovery-channels/?iconimage=special%3a%2f%2fhome%2faddons%2fplugin.video.discovery-channels%2fresources%2fmedia%2fdestinationamerica.jpg&amp;mode=525&amp;name=Destination%20America&amp;url=https%3a%2f%2fwww.destinationamericago.com%2f&quot;,return)</favourite>
    <--! favourite name="TLC" thumb="http://raw.github.com/MetalChris/repository.metalchris/master/plugin.video.discovery-channels/resources/media/tlc.jpg">ActivateWindow(10025,&quot;plugin://plugin.video.discovery-channels/?iconimage=special%3a%2f%2fhome%2faddons%2fplugin.video.discovery-channels%2fresources%2fmedia%2ftlc.jpg&amp;mode=525&amp;name=TLC&amp;url=https%3a%2f%2fwww.discoverygo.com%2ftlc%2f&quot;,return)</favourite>

		<favourite name="Addons" thumb="">ActivateWindow(10025,&quot;plugin://plugin.program.super.favourites/?mode=400&amp;path=special://home/addons/script.supafav.test/docs&amp;sf_options=&quot;,return)</favourite>
</favourites>