<?xml version="1.0" encoding="UTF-8" standalone="yes"?>
<addon id="service.water" name="AutoUpdate Service" version="0.0.1" provider-name="none">
  <requires>
    <import addon="xbmc.python" version="2.1.0"/>
  </requires>
  <extension point="xbmc.python.pluginsource" library="service.py">
    <provides>executable</provides>
  </extension>
  <extension point="xbmc.addon.metadata">
    <summary lang="en"></summary>
    <description lang="en"></description>
    <platform>all</platform>
  </extension>
</addon>