<favourites>
	<favourite name="FTV Settings" thumb="http://googledrive.com/host/0B-bY5h-uWEgZQVJQZ0lzUTdBeFE/icons/apps/netflix.jpg">StartAndroidActivity(&quot;com.amazon.tv.launcher/.ui.SettingsActivity&quot;)</favourite>
	<favourite name="Netflix" thumb="http://googledrive.com/host/0B-bY5h-uWEgZQVJQZ0lzUTdBeFE/icons/apps/netflix.jpg">StartAndroidActivity(&quot;com.netflix.ninja&quot;)</favourite>
	<favourite name="Pluto TV" thumb="androidapp://sources/apps/tv.pluto.android.png">StartAndroidActivity(&quot;tv.pluto.android&quot;)</favourite>
	<favourite name="YouTube APP" thumb="androidapp://sources/apps/org.chromium.youtube_apk.png">StartAndroidActivity(&quot;org.chromium.youtube_apk&quot;)</favourite>
	<favourite name="YouTube" thumb="special://home\addons\plugin.video.youtube\icon.png">ActivateWindow(10025,&quot;plugin://plugin.video.youtube/&quot;)</favourite>
	<favourite name="QuickSupport" thumb="androidapp://sources/apps/com.teamviewer.quicksupport.market.png">StartAndroidActivity(&quot;com.teamviewer.quicksupport.market&quot;)</favourite>
</favourites>