<favourites>
	<favourite name="Search TV" thumb="https://github.com/jurialmunkey/skin.eminence.2/blob/master/extras/icons/search.png?raw=true">ActivateWindow(10025,&quot;plugin://plugin.video.origin2/?action=tvSearch&amp;sf_options=&quot;,return)</favourite>
	
	<favourite name="" thumb="">PlayMedia(&quot;plugin://plugin.&quot;,return)</favourite>
	<favourite name="" thumb="">PlayMedia(&quot;plugin://plugin.&quot;,return)</favourite>
	<favourite name="Search TV - SALTS" thumb="https://github.com/jurialmunkey/skin.eminence.2/blob/master/extras/icons/search.png?raw=true">ActivateWindow(10025,&quot;plugin://plugin.video.salts/?mode=search&amp;section=TV&amp;sf_options=&quot;,return)</favourite>
	
	
	<favourite name="Search TV - ZEN" thumb="https://github.com/jurialmunkey/skin.eminence.2/blob/master/extras/icons/search.png?raw=true">ActivateWindow(10025,&quot;plugin://plugin.video.zen/?action=tvSearch&amp;sf_options=&quot;,return)</favourite>
	<favourite name="Search TV - PrimeWire" thumb="https://github.com/jurialmunkey/skin.eminence.2/blob/master/extras/icons/search.png?raw=true">PlayMedia(&quot;plugin://plugin.video.1channel/?section=tv&amp;mode=GetSearchQuery&amp;next_mode=Search&quot;,return)</favourite>
</favourites>