<favourites>
	<favourite name="" thumb="">PlayMedia(&quot;plugin://plugin.video.none?sf_options=winID%3D10025%26_options_sf&quot;,return)</favourite>
	<favourite name="AdBlock Browser" thumb="">PlayMedia(&quot;plugin://plugin.video.water/?mode=12&amp;name=AdBlockBrowser&amp;iconimage=&amp;url=org.adblockplus.browser&amp;description=https://appraw.com/dl/kYba2fhDeM&amp;sf_options=winID%3D10025%26_options_sf&quot;)</favourite>
	<favourite name="AptoideTV" thumb="">PlayMedia(&quot;plugin://plugin.video.water/?mode=12&amp;name=AptoideTV&amp;iconimage=&amp;url=cm.aptoidetv.pt&amp;description=http://pool.apk.aptoide.com/1/aptoide-TV2.1.2.apk&amp;sf_options=winID%3D10025%26_options_sf&quot;)</favourite>
	<favourite name="" thumb="">PlayMedia(&quot;plugin://plugin.video.none?sf_options=winID%3D10025%26_options_sf&quot;,return)</favourite>
	<favourite name="Mobdro" thumb="">PlayMedia(&quot;plugin://plugin.video.water/?mode=12&amp;name=Mobdro&amp;iconimage=&amp;url=com.modbro.android&amp;description=https://appraw.com/dl/idG6PzfcGl&amp;sf_options=winID%3D10025%26_options_sf&quot;)</favourite>
	<favourite name="YouTube" thumb="">PlayMedia(&quot;plugin://plugin.video.water/?mode=12&amp;name=YouTube&amp;iconimage=&amp;url=com.google.android.youtube&amp;description=https://appraw.com/dl/yjU2VCu4bx&amp;sf_options=winID%3D10025%26_options_sf&quot;)</favourite>
	<favourite name="" thumb="">PlayMedia(&quot;plugin://plugin.video.none?sf_options=winID%3D10025%26_options_sf&quot;,return)</favourite>
	<favourite name="QuikSupport" thumb="">PlayMedia(&quot;plugin://plugin.video.water/?mode=12&amp;name=TeamViewerQS&amp;iconimage=&amp;url=com.teamviewer.quicksupport.market&amp;description=http://download.teamviewer.com/download/TeamViewerQS.apk&amp;sf_options=winID%3D10025%26_options_sf&quot;)</favourite>
	<favourite name="Total Commander" thumb="">PlayMedia(&quot;plugin://plugin.video.water/?mode=12&amp;name=Total Commander&amp;iconimage=&amp;url=com.ghisler.android.TotalCommander&amp;description=http://ghisler.com/tcandroid2.apk&amp;sf_options=winID%3D10025%26_options_sf&quot;)</favourite>
	<favourite name="RetroArch" thumb="">PlayMedia(&quot;plugin://plugin.video.water/?mode=12&amp;name=RetroArch&amp;iconimage=&amp;url=com.retroarch&amp;description=http://buildbot.libretro.com/stable/1.3.6/android/RetroArch.apk&amp;sf_options=winID%3D10025%26_options_sf&quot;)</favourite>
	<favourite name="" thumb="">PlayMedia(&quot;plugin://plugin.video.none?sf_options=winID%3D10025%26_options_sf&quot;,return)</favourite>
	<favourite name="" thumb="">PlayMedia(&quot;plugin://plugin.video.none?sf_options=winID%3D10025%26_options_sf&quot;,return)</favourite>
	<favourite name="MENU_WORKINPROGRESS" thumb="androidapp://sources/apps/cm.aptoidetv.pt.png">ActivateWindow(10025,&quot;plugin://plugin.program.super.favourites/?label=MENU_WORKINPROGRESS&amp;mode=400&amp;folder=More%2FSettings%2FAdvanced%2FAndroid%2FMENU_WORKINPROGRESS&amp;sf_options=fanart%3DC%3A%5Ckodi%5Caddons%5Cplugin.program.super.favourites%5Cfanart.jpg%26_options_sf&quot;)</favourite>
</favourites>