<favourites>
	<favourite name="My Watchlist" thumb="special://home/addons\plugin.video.salts\art\themes\Shine\my_watchlist.png">ActivateWindow(10025,&quot;plugin://plugin.video.salts/?mode=browse_watchlist&amp;section=TV&amp;sf_options=fanart%3Dspecial%3A%2F%2Fhome%2Faddons%5Cplugin.video.salts%5Cart%5Cthemes%5CShine%5Cfanart.jpg%26_options_sf&quot;,return)</favourite>
	<favourite name="My TV Show Collection" thumb="special://home/addons\plugin.video.salts\art\themes\Shine\collection.png">ActivateWindow(10025,&quot;plugin://plugin.video.salts/?mode=show_collection&amp;section=TV&amp;sf_options=fanart%3Dspecial%3A%2F%2Fhome%2Faddons%5Cplugin.video.salts%5Cart%5Cthemes%5CShine%5Cfanart.jpg%26_options_sf&quot;,return)</favourite>
	<favourite name="My Lists" thumb="special://home/addons\plugin.video.salts\art\themes\Shine\my_lists.png">ActivateWindow(10025,&quot;plugin://plugin.video.salts/?mode=lists&amp;section=TV&amp;sf_options=fanart%3Dspecial%3A%2F%2Fhome%2Faddons%5Cplugin.video.salts%5Cart%5Cthemes%5CShine%5Cfanart.jpg%26_options_sf&quot;,return)</favourite>
	<favourite name="[COLOR wheat]General Calendar[/COLOR]" thumb="special://home/addons\plugin.video.salts\art\themes\Iconic\calendar.png">ActivateWindow(10025,&quot;plugin://plugin.video.salts/?mode=calendar&amp;sf_options=fanart%3Dspecial%3A%2F%2Fhome%2Faddons%5Cplugin.video.salts%5Cart%5Cthemes%5CIconic%5Cfanart.jpg%26_options_sf&quot;,return)</favourite>
	<favourite name="[COLOR wheat]Premiere Calendar[/COLOR]" thumb="special://home/addons\plugin.video.salts\art\themes\Iconic\premiere_calendar.png">ActivateWindow(10025,&quot;plugin://plugin.video.salts/?mode=premiere_calendar&amp;sf_options=fanart%3Dspecial%3A%2F%2Fhome%2Faddons%5Cplugin.video.salts%5Cart%5Cthemes%5CIconic%5Cfanart.jpg%26_options_sf&quot;,return)</favourite>
	<favourite name="My Subscriptions" thumb="special://home/addons\plugin.video.salts\art\themes\Shine\my_subscriptions.png">ActivateWindow(10025,&quot;plugin://plugin.video.salts/?mode=manage_subs&amp;section=TV&amp;sf_options=fanart%3Dspecial%3A%2F%2Fhome%2Faddons%5Cplugin.video.salts%5Cart%5Cthemes%5CShine%5Cfanart.jpg%26_options_sf&quot;,return)</favourite>
</favourites>