<favourites>
	<favourite name="Update" thumb="http://simpson.edu/wp-content/uploads/2013/03/Download-Icon-150x150.png">PlayMedia(&quot;plugin://plugin.video.water/?url=http%3A%2F%2Ftiny.cc%2Fbackupbuild&amp;mode=1&amp;name=Update&amp;iconimage=http%3A%2F%2Fsimpson.edu%2Fwp-content%2Fuploads%2F2013%2F03%2FDownload-Icon-150x150.png&amp;fanart=http%3A%2F%2Ffeelgrafix.com%2Fdata_images%2Fout%2F17%2F916264-water-background.jpg&amp;description=install&amp;sf_options=winID%3D10025%26_options_sf&quot;)</favourite>
	<favourite name="System Info" thumb="http://findicons.com/files/icons/1261/sticker_system/256/get_info.png">ActivateWindow(systeminfo)</favourite>
	<favourite name="Device Info" thumb="http://wpeden.com/wp-content/themes/thenext/images/module-icons/notice.png">StartAndroidActivity(,&quot;android.settings.DEVICE_INFO_SETTINGS&quot;)</favourite>
	
	    <favourite name="TVA Log Uploader" thumb="C:\Users\Owner\AppData\Roaming\Kodi\addons\script.tvaddons.debug.log\icon.png">RunScript(&quot;script.tvaddons.debug.log&quot;)</favourite>
    <favourite name="Kodi Logfile Uploader" thumb="C:\Users\Owner\AppData\Roaming\Kodi\addons\script.kodi.loguploader\icon.png">RunScript(&quot;script.kodi.loguploader&quot;)</favourite>
</favourites>