<favourites>
	<favourite name="3D" thumb="http://s6.postimg.org/s8jsgsg75/3_D.png">ActivateWindow(10025,&quot;plugin://plugin.video.phstreams/?action=ndmode&amp;audio=0&amp;content=0&amp;fanart=http%3a%2f%2fs6.postimg.org%2f4ph8mo5q9%2fBackdrop.png&amp;image=http%3a%2f%2fs6.postimg.org%2fs8jsgsg75%2f3_D.png&amp;name=%5bCOLOR%20orangered%5d3%5b%2fCOLOR%5d%5bCOLOR%20white%5dD%5b%2fCOLOR%5d&amp;playable=false&amp;tvshow=0&amp;url=http%3a%2f%2fzenica.watchkodi.com%2fMovies%2f3D%2520Movies.xml&amp;sf_options=fanart%3Dhttp%3A%2F%2Fs6.postimg.org%2F4ph8mo5q9%2FBackdrop.png%26desc%3DDiscover+Great+Streaming+Playlists%21%26_options_sf&quot;,return)</favourite>
	<favourite name="3D MOVIES" thumb="http://i1295.photobucket.com/albums/b636/beatbox8501/3D_zpscmqjmtij.png">ActivateWindow(10025,&quot;plugin://plugin.video.streamengine/?date&amp;description&amp;iconimage=http%3a%2f%2fi1295.photobucket.com%2falbums%2fb636%2fbeatbox8501%2f3D_zpscmqjmtij.png&amp;mode=1&amp;name=3D%20MOVIES&amp;page&amp;play&amp;url=https%3a%2f%2fpastebin.com%2fraw.php%3fi%3dzqVbad0D&amp;sf_options=fanart%3Dhttp%3A%2F%2Fi1295.photobucket.com%2Falbums%2Fb636%2Fbeatbox8501%2Fwallpaper_zpsopwvguho.jpg%26_options_sf&quot;,return)</favourite>
	<favourite name="[COLOR white]3D Movies[/COLOR]" thumb="DefaultFolder.png">ActivateWindow(10025,&quot;plugin://plugin.video.morepower/?description&amp;iconimage&amp;mode=1&amp;name=%5bCOLOR%20white%5d3D%20Movies%5b%2fCOLOR%5d&amp;url=http%3a%2f%2fwww.navixtreme.com%2fplaylist%2f153361%2f3d_movies.plx&amp;sf_options=fanart%3Dspecial%3A%2F%2Fhome%2Faddons%5Cplugin.video.morepower%5Cfanart.jpg%26_options_sf&quot;,return)</favourite>
	<favourite name="(HD) [B]3D Movies[/B] (links) &gt;&gt;" thumb="special://home/addons\plugin.video.allinone/icons/links1.png">&gt;&quot; thumb=&quot;special://home/addons\plugin.video.allinone/icons/links1.png&quot;&gt;&gt;&quot; thumb=&quot;special://home/addons\plugin.video.allinone/icons/links1.png&quot;&gt;&gt;&quot; thumb=&quot;special://home/addons\plugin.video.allinone/icons/links1.png&quot;&gt;&gt;&quot; thumb=&quot;special://home/addons\plugin.video.allinone/icons/links1.png&quot;&gt;&gt;&quot; thumb=&quot;special://home/addons\plugin.video.allinone/icons/links1.png&quot;&gt;&gt;&quot; thumb=&quot;special://home/addons\plugin.video.allinone/icons/links1.png&quot;&gt;&gt;&quot; thumb=&quot;special://home/addons\plugin.video.allinone/icons/links1.png&quot;&gt;&gt;&quot; thumb=&quot;special://home/addons\plugin.video.allinone/icons/links1.png&quot;&gt;&gt;&quot; thumb=&quot;special://home/addons\plugin.video.allinone/icons/links1.png&quot;&gt;&gt;&quot; thumb=&quot;special://home/addons\plugin.video.allinone/icons/links1.png&quot;&gt;&gt;&quot; thumb=&quot;special://home/addons\plugin.video.allinone/icons/links1.png&quot;&gt;&gt;&quot; thumb=&quot;special://home/addons\plugin.video.allinone/icons/links1.png&quot;&gt;&gt;&quot; thumb=&quot;special://home/addons\plugin.video.allinone/icons/links1.png&quot;&gt;&gt;&quot; thumb=&quot;special://home/addons\plugin.video.allinone/icons/links1.png&quot;&gt;&gt;&quot; thumb=&quot;special://home/addons\plugin.video.allinone/icons/links1.png&quot;&gt;&gt;&quot; thumb=&quot;special://home/addons\plugin.video.allinone/icons/links1.png&quot;&gt;&gt;&quot; thumb=&quot;special://home/addons\plugin.video.allinone/icons/links1.png&quot;&gt;&gt;&quot; thumb=&quot;special://home/addons\plugin.video.allinone/icons/links1.png&quot;&gt;ActivateWindow(10025,&quot;plugin://plugin.video.allinone/?mode=GetTitles10&amp;numOfPages=1&amp;section=ALL&amp;startPage=1&amp;url=http%3a%2f%2fmovies.myvideolinks.xyz%2f%2fcategory%2fallmovies%2f3dmovies%2f&amp;sf_options=fanart%3Dspecial%3A%2F%2Fhome%2Faddons%5Cplugin.video.allinone%2Ficons%2Ffanart.png%26_options_sf&quot;,return)</favourite>
	<favourite name="(HD) [B]3D Movies[/B] (300mb movies4u)  &gt;&gt;" thumb="special://home/addons\plugin.video.allinone/icons/m4u1.png">&gt;&quot; thumb=&quot;special://home/addons\plugin.video.allinone/icons/m4u1.png&quot;&gt;&gt;&quot; thumb=&quot;special://home/addons\plugin.video.allinone/icons/m4u1.png&quot;&gt;&gt;&quot; thumb=&quot;special://home/addons\plugin.video.allinone/icons/m4u1.png&quot;&gt;&gt;&quot; thumb=&quot;special://home/addons\plugin.video.allinone/icons/m4u1.png&quot;&gt;&gt;&quot; thumb=&quot;special://home/addons\plugin.video.allinone/icons/m4u1.png&quot;&gt;&gt;&quot; thumb=&quot;special://home/addons\plugin.video.allinone/icons/m4u1.png&quot;&gt;&gt;&quot; thumb=&quot;special://home/addons\plugin.video.allinone/icons/m4u1.png&quot;&gt;&gt;&quot; thumb=&quot;special://home/addons\plugin.video.allinone/icons/m4u1.png&quot;&gt;&gt;&quot; thumb=&quot;special://home/addons\plugin.video.allinone/icons/m4u1.png&quot;&gt;&gt;&quot; thumb=&quot;special://home/addons\plugin.video.allinone/icons/m4u1.png&quot;&gt;&gt;&quot; thumb=&quot;special://home/addons\plugin.video.allinone/icons/m4u1.png&quot;&gt;&gt;&quot; thumb=&quot;special://home/addons\plugin.video.allinone/icons/m4u1.png&quot;&gt;&gt;&quot; thumb=&quot;special://home/addons\plugin.video.allinone/icons/m4u1.png&quot;&gt;&gt;&quot; thumb=&quot;special://home/addons\plugin.video.allinone/icons/m4u1.png&quot;&gt;&gt;&quot; thumb=&quot;special://home/addons\plugin.video.allinone/icons/m4u1.png&quot;&gt;&gt;&quot; thumb=&quot;special://home/addons\plugin.video.allinone/icons/m4u1.png&quot;&gt;&gt;&quot; thumb=&quot;special://home/addons\plugin.video.allinone/icons/m4u1.png&quot;&gt;ActivateWindow(10025,&quot;plugin://plugin.video.allinone/?mode=GetTitles23&amp;numOfPages=1&amp;section=ALL&amp;startPage=1&amp;url=http%3a%2f%2f300mbmovies4u.com%2f%2fcategory%2fhollywood-movie%2fenglish-3d-movie%2f&amp;sf_options=fanart%3Dspecial%3A%2F%2Fhome%2Faddons%5Cplugin.video.allinone%2Ficons%2Ffanart.png%26_options_sf&quot;,return)</favourite>
</favourites>