<?xml version="1.0" encoding="UTF-8" standalone="yes"?>

<addon id="repo.water" name="waterREPO" version="0.0.9a" provider-name="water">
	<extension point="xbmc.addon.repository" name="waterREPO">
		<info compressed="false">https://googledrive.com/host/0B-bY5h-uWEgZTTYzcms4MTQ5NHc/addons.xml</info>
		<checksum>https://googledrive.com/host/0B-bY5h-uWEgZTTYzcms4MTQ5NHc/addons.xml.md5</checksum>
		<datadir zip="true">https://googledrive.com/host/0B-bY5h-uWEgZTTYzcms4MTQ5NHc/</datadir>
	</extension>
	<extension point="xbmc.addon.metadata">
		<summary></summary>
		<description></description>
		<platform></platform>
	</extension>
</addon>
