<favourites>
	<favourite name="Extreme Sports" thumb="special://home/addons\plugin.video.extreme.com\icon.png">ActivateWindow(10025,&quot;plugin://plugin.video.extreme.com/?sf_options=fanart%3Dspecial%3A%2F%2Fhome%2Faddons%5Cplugin.video.extreme.com%5Cfanart.jpg%26_options_sf&quot;,return)</favourite>
	<favourite name="GoPro" thumb="special://home/addons\plugin.video.GoProCamera\icon.png">ActivateWindow(10025,&quot;plugin://plugin.video.GoProCamera?sf_options=fanart%3Dspecial%3A%2F%2Fhome%2Faddons%5Cplugin.video.GoProCamera%5Cfanart.jpg%26desc%3DThe+world%27s+most+versatile+camera%26_options_sf&quot;,return)</favourite>
	<favourite name="InfinityList.com" thumb="special://home/addons\plugin.video.infinitylist_com\icon.png">ActivateWindow(10025,&quot;plugin://plugin.video.infinitylist_com/?sf_options=desc%3DThe+Cinematic+Action+Sports+Experience%26_options_sf&quot;,return)</favourite>
	<favourite name="Streetleague.com Ondemand" thumb="special://home/addons\plugin.video.streetleague-0.3.1\icon.png">ActivateWindow(10025,&quot;plugin://plugin.video.streetleague/&quot;)</favourite>
	<favourite name="Nascar.com" thumb="special://home/addons\plugin.video.nascar\icon.png">ActivateWindow(10025,&quot;plugin://plugin.video.nascar/?sf_options=fanart%3Dspecial%3A%2F%2Fhome%2Faddons%5Cplugin.video.nascar%5Cfanart.jpg%26_options_sf&quot;)</favourite>
	<favourite name="Speedway" thumb="special://home/addons\plugin.video.speedway\icon.png">ActivateWindow(10025,&quot;plugin://plugin.video.speedway?sf_options=fanart%3Dspecial%3A%2F%2Fhome%2Faddons%5Cplugin.video.speedway%5Cfanart.jpg%26desc%3DSPEEDWAY+KODI+is+an+add-on+full+of+various+videos+relating+to+all+things+Speedway+from+around+the+world.++It+has+been+put++together+by+the+fans%2C+for+the+fans.++At+no+point+has%2C+nor+will+there+be+any+fee+required+to++access+this+add-+on.++In+the+spirit+of+the+KODI+community+it+will+remain+free+of+charge.%26_options_sf&quot;,return)</favourite>
	<favourite name="Golf" thumb="http://statics.net2.tv/pepto/channels/Golf/golf.png">ActivateWindow(10025,&quot;plugin://plugin.video.portico.tv/?fanart=C%3a%5ckodi14%5cportable_data%5caddons%5cplugin.video.portico.tv%5cfanart.jpg&amp;mode=GS&amp;name=Golf&amp;poster=http%3a%2f%2fstatics.net2.tv%2fpepto%2fchannels%2fGolf%2fgolf.png&amp;url=Time%2fGolf&amp;sf_options=fanart%3Dspecial%3A%2F%2Fhome%2Faddons%5Cplugin.video.portico.tv%5Cfanart.jpg%26desc%3DEnjoy+news%2C+top+level+instruction%2C+travel+and+equipment+coverage+for+fans+and+players+alike.%26_options_sf&quot;,return)</favourite>
	<favourite name="Field &amp; Stream" thumb="http://statics.net2.tv/pepto/channels/Field_n_Stream/field_n_stream.png">ActivateWindow(10025,&quot;plugin://plugin.video.portico.tv/?fanart=C%3a%5ckodi14%5cportable_data%5caddons%5cplugin.video.portico.tv%5cfanart.jpg&amp;mode=GS&amp;name=Field%20%26%20Stream&amp;poster=http%3a%2f%2fstatics.net2.tv%2fpepto%2fchannels%2fField_n_Stream%2ffield_n_stream.png&amp;url=Bonnier%2fField_Stream&amp;sf_options=fanart%3Dspecial%3A%2F%2Fhome%2Faddons%5Cplugin.video.portico.tv%5Cfanart.jpg%26desc%3DThe+ultimate+channel+for+the+outdoorsman.+The+leading+source+for+hunting%2C+fishing%2C+survival%2C+guns+%26+gear.%26_options_sf&quot;,return)</favourite>
	<favourite name="Cycle World" thumb="http://statics.net2.tv/pepto/channels/Cycle_World/cycle_world.png">ActivateWindow(10025,&quot;plugin://plugin.video.portico.tv/?fanart=C%3a%5ckodi14%5cportable_data%5caddons%5cplugin.video.portico.tv%5cfanart.jpg&amp;mode=GS&amp;name=Cycle%20World&amp;poster=http%3a%2f%2fstatics.net2.tv%2fpepto%2fchannels%2fCycle_World%2fcycle_world.png&amp;url=Bonnier%2fCycle%20World&amp;sf_options=fanart%3Dspecial%3A%2F%2Fhome%2Faddons%5Cplugin.video.portico.tv%5Cfanart.jpg%26desc%3DTouring%2C+tips+and+test+rides%3B+Cycle+World+is+the+authority+for+everything+on+two+wheels.%26_options_sf&quot;,return)</favourite>
	<favourite name="WSOP" thumb="special://home/addons\plugin.video.thaakillah\icon.png">ActivateWindow(10025,&quot;plugin://plugin.video.thaakillah?sf_options=fanart%3Dspecial%3A%2F%2Fhome%2Faddons%5Cplugin.video.thaakillah%5Cfanart.jpg%26desc%3DWorld+Series+of+Poker%26_options_sf&quot;,return)</favourite>
	<favourite name="TV Poker Pro" thumb="special://home/addons\plugin.video.tvpokerpro\icon.png">ActivateWindow(10025,&quot;plugin://plugin.video.tvpokerpro?sf_options=fanart%3Dspecial%3A%2F%2Fhome%2Faddons%5Cplugin.video.tvpokerpro%5Cfanart.jpg%26desc%3DO+plugin+TV+Poker+Pro+busca+os+videos+do+canal+TV+Poker+Pro+no+YouTube.%26_options_sf&quot;,return)</favourite>
	<favourite name="Saddo Boxing" thumb="special://home/addons\plugin.video.saddoboxing\icon.png">ActivateWindow(10025,&quot;plugin://plugin.video.saddoboxing/?sf_options=desc%3DSaddo+Boxing%26_options_sf&quot;,return)</favourite>
</favourites>