<favourites>
	<favourite name="123Movies" thumb="special://home/addons\plugin.video.md123movies\icon.png">ActivateWindow(10025,&quot;plugin://plugin.video.md123movies/?description&amp;iconimage=C%3a%5ckodi%5cportable_data%5caddons%5cplugin.video.md123movies%5cicon.png&amp;mode=1&amp;name=%5bB%5d%5bCOLOR%20white%5dLatest%5b%2fCOLOR%5d%5b%2fB%5d&amp;url=http%3a%2f%2f123movies.to%2f%2fmovie%2ffilter%2fall%2flatest%2fall%2fall%2fall&amp;sf_options=fanart%3Dspecial%3A%2F%2Fhome%2Faddons%5Cplugin.video.md123movies%5Cfanart.jpg%26_options_sf&quot;,return)</favourite>
	<favourite name="XMovies8" thumb="special://home/addons\plugin.video.xmovies8\icon.png">ActivateWindow(10025,&quot;plugin://plugin.video.xmovies8/?description&amp;iconimage=C%3a%5ckodi%5cportable_data%5caddons%5cplugin.video.xmovies8%5cicon.png&amp;mode=1&amp;name=New%20Movies&amp;url=http%3a%2f%2fxmovies8.tv%2fnew%2fpage%2f1&amp;sf_options=fanart%3Dspecial%3A%2F%2Fhome%2Faddons%5Cplugin.video.xmovies8%5Cfanart.jpg%26_options_sf&quot;,return)</favourite>
	<favourite name="9Movies" thumb="special://home/addons\plugin.video.md9movies\icon.png">ActivateWindow(10025,&quot;plugin://plugin.video.md9movies/?description&amp;iconimage=C%3a%5ckodi%5cportable_data%5caddons%5cplugin.video.md9movies%5cicon.png&amp;mode=1&amp;name=%5bB%5d%5bCOLOR%20white%5dLatest%5b%2fCOLOR%5d%5b%2fB%5d&amp;url=http%3a%2f%2f9movies.to%2f%2ffilter%3fsort%3dpost_date%26type%255B%255D%3dmovie&amp;sf_options=fanart%3Dspecial%3A%2F%2Fhome%2Faddons%5Cplugin.video.md9movies%5Cfanart.jpg%26_options_sf&quot;,return)</favourite>
	<favourite name="[COLOR blue]PubFilm[/COLOR]" thumb="special://home/addons\plugin.video.mdpubfilm\icon.png">ActivateWindow(10025,&quot;plugin://plugin.video.mdpubfilm/?description&amp;iconimage=C%3a%5ckodi%5cportable_data%5caddons%5cplugin.video.mdpubfilm%5cicon.png&amp;mode=1&amp;name=%5bB%5d%5bCOLOR%20white%5dMovies%5b%2fCOLOR%5d%5b%2fB%5d&amp;url=http%3a%2f%2fpubfilm.com%2ftag%2fmovies&amp;sf_options=fanart%3Dspecial%3A%2F%2Fhome%2Faddons%5Cplugin.video.mdpubfilm%5Cfanart.jpg%26_options_sf&quot;,return)</favourite>
	<favourite name="" thumb="">10025_:_10025_:_10025_:_10025_:_10025_:_10025_:_10025_:_PlayMedia(&quot;plugin://plugin.video.none?sf_options=winID%3D10025%26_options_sf&quot;,return)</favourite>
	<favourite name="[COLOR blue]FilmDictator[/COLOR]" thumb="special://home/addons\plugin.video.filmdictator\icon.png">10025_:_10025_:_10025_:_10025_:_10025_:_10025_:_10025_:_ActivateWindow(10025,&quot;plugin://plugin.video.filmdictator/?description&amp;mode=1&amp;name=Recently%20Added&amp;url=http%3a%2f%2ffilmdictator.com%2f%3ffiltre%3ddate%26cat%3d0&amp;sf_options=fanart%3Dspecial%3A%2F%2Fhome%2Faddons%5Cplugin.video.filmdictator%5Cfanart.jpg%26_options_sf&quot;,return)</favourite>
	<favourite name="[COLOR blue]Movie Night[/COLOR]" thumb="special://home/addons\plugin.video.movienight\icon.png">10025_:_10025_:_10025_:_10025_:_10025_:_10025_:_10025_:_ActivateWindow(10025,&quot;plugin://plugin.video.movienight/?description&amp;mode=1&amp;name=New%20Releases&amp;url=http%3a%2f%2fmovienight.ws%2f&amp;sf_options=fanart%3Dspecial%3A%2F%2Fhome%2Faddons%5Cplugin.video.movienight%5Cfanart.jpg%26_options_sf&quot;,return)</favourite>
	<favourite name="[COLOR blue]ViewMovies[/COLOR]" thumb="special://home/addons\plugin.video.viewmovies\icon.png">10025_:_10025_:_10025_:_10025_:_10025_:_10025_:_10025_:_ActivateWindow(10025,&quot;plugin://plugin.video.viewmovies/?description&amp;mode=1&amp;name=Recently%20Added%20Movies&amp;url=http%3a%2f%2fwww.viewmovies.is%2fcategory%2fmovies%2f%3ffiltre%3ddate&amp;sf_options=fanart%3Dspecial%3A%2F%2Fhome%2Faddons%5Cplugin.video.viewmovies%5Cfanart.jpg%26_options_sf&quot;,return)</favourite>
	<favourite name="[COLOR blue]HuluBox[/COLOR]" thumb="special://home/addons\plugin.video.hulubox\icon.png">10025_:_10025_:_10025_:_10025_:_10025_:_10025_:_10025_:_ActivateWindow(10025,&quot;plugin://plugin.video.hulubox/?description&amp;iconimage=C%3a%5ckodi%5cportable_data%5caddons%5cplugin.video.hulubox%5cicon.png&amp;mode=1&amp;name=Recently%20Added&amp;url=http%3a%2f%2fwww.hulubox.com%2fcategory%2fall%2f&amp;sf_options=fanart%3Dspecial%3A%2F%2Fhome%2Faddons%5Cplugin.video.hulubox%5Cfanart.jpg%26_options_sf&quot;,return)</favourite>
	<favourite name="" thumb="">10025_:_10025_:_10025_:_10025_:_10025_:_10025_:_10025_:_PlayMedia(&quot;plugin://plugin.video.none?sf_options=winID%3D10025%26_options_sf&quot;,return)</favourite>
	<favourite name="PrimeWire" thumb="art\themes\Classic\featured.jpg">10025_:_10025_:_10025_:_10025_:_10025_:_10025_:_10025_:_ActivateWindow(10025,&quot;plugin://plugin.video.1channel/?mode=GetFilteredResults&amp;section=movie&amp;sort=featured&quot;,return)</favourite>
	<favourite name="LatestDude" thumb="special://home/addons\plugin.video.lmER/icons/lm.png">10025_:_10025_:_10025_:_10025_:_10025_:_10025_:_10025_:_ActivateWindow(10025,&quot;plugin://plugin.video.lmER/?mode=GetTitles&amp;numOfPages=1&amp;section=ALL&amp;startPage=1&amp;url=http%3a%2f%2flatestdude.com%2f%2fcategory%2fenglish%2f&amp;sf_options=fanart%3Dhttp%3A%2F%2Fwww.htbackdrops.org%2Fv2%2Falbums%2Fuserpics%2F10097%2Forig_oefg_kino_im_kesselhaus.jpg%26_options_sf&quot;,return)</favourite>
	<favourite name="Genesis" thumb="special://home/addons\plugin.video.origin2\resources\media\gone\moviesAdded.jpg">ActivateWindow(10025,&quot;plugin://plugin.video.origin2/?action=movieWidget&amp;sf_options=fanart%3Dspecial%3A%2F%2Fhome%2Faddons%5Cplugin.video.origin2%5Cresources%5Cmedia%5Cgone%5Cfanart.jpg%26_options_sf&quot;,return)</favourite>
</favourites>