<favourites>
	<favourite name="ESPN" thumb="http://www.allaccess.com/assets/img/editorial/raw/es/espnlogo.jpg">PlayMedia(&quot;http://80.80.160.168/live/6/live.m3u8?sf_options=winID%3D10025%26_options_sf&quot;)</favourite>
	<favourite name="FOX Sports 1" thumb="http://img.bites.tv/faec7a89-f6c8-44d1-be9f-420e90fa5973.jpg">PlayMedia(&quot;http://ooyalahd2-f.akamaihd.net/i/eslax17_delivery@349499/master.m3u8?sf_options=winID%3D10025%26_options_sf&quot;)</favourite>
	<favourite name="NBC Sports" thumb="http://static.wixstatic.com/media/fefd1f_da8842f45aae6ab60b81b8ada2b414e0.jpg">PlayMedia(&quot;http://54.177.79.231/server/play/nbcsnxctg/master.m3u8?sf_options=winID%3D10025%26_options_sf&quot;)</favourite>
	<favourite name="RedBullTV" thumb="https://superrepo.org/static/images/icons/original/xplugin.video.redbull_tv.png.pagespeed.ic.qet5GdYRQ4.png">ActivateWindow(10025,&quot;plugin://plugin.program.super.favourites/?label=RedBullTV&amp;mode=400&amp;folder=Sports%2FChannels%2FRedBullTV&amp;sf_options=fanart%3DNULL%26_options_sf&quot;)</favourite>
	<favourite name="Golf Channel" thumb="http://images.bwwstatic.com/columnpic7/216010CE4-98D9-AF3E-251224A0ED270B54.jpg">PlayMedia(&quot;http://tvegolf-i.Akamaihd.net/hls/live/218225/golfx/4296k/prog.m3u8?sf_options=winID%3D10025%26_options_sf&quot;)</favourite>
	<favourite name="PAC12" thumb="http://x.pac-12.com/profiles/pac12/modules/features/pac12_standings/images/pac12.png">ActivateWindow(10025,&quot;plugin://plugin.program.super.favourites/?label=[COLOR azure]College Sports[/COLOR]&amp;mode=400&amp;path=special%3A%2F%2Fhome%2Faddons%2Fscript.supafav%2FSuper%20Favourites%5CSports%5CCollege%20Sports&amp;sf_options=fanart%3DNULL%26_options_sf&quot;)</favourite>
	<favourite name="Channels" thumb="http://cdn8.staztic.com/app/a/6448/6448482/sports-tv-ptv-sports-live-1-l-140x140.png">ActivateWindow(10025,&quot;plugin://plugin.program.super.favourites/?label=Channels&amp;mode=400&amp;folder=Sports%2FChannels&amp;sf_options=fanart%3DC%3A%5Ckodi%5Caddons%5Cplugin.program.super.favourites%5Cfanart.jpg%26_options_sf&quot;)</favourite>
	<favourite name="SportsMix" thumb="http://www.yourkodi.com/wp-content/uploads/2016/03/sportsmix.png">ActivateWindow(10025,&quot;plugin://plugin.video.sportsmix/&quot;,return)</favourite>
</favourites>