<favourites>
	<favourite name="TVGuide: All" thumb="special://home/addons\script.watertv\icon.png">RunScript(&quot;script.watertvguide/&quot;)</favourite>
	<favourite name="TVGuide: UK" thumb="special://home/addons\script.ftvguide\icon.png">RunScript(&quot;script.ftvguide?sf_options=fanart%3Dspecial%3A%2F%2Fhome%2Faddons%5Cscript.ftvguide%5Cfanart.jpg%26desc%3DTFTV+Guide+allows+you+to+combine+some+of+your+favourite+live+TV+plugins+for+use+with+a+fully+working+EPG%26_options_sf&quot;)</favourite>
	<favourite name="iLive" thumb="special://home/addons\plugin.video.castaway\resources/media/streamlive.png">ActivateWindow(10025,&quot;plugin://plugin.video.castaway/?mode=open_live_tv&amp;site=streamlive&quot;,return)</favourite>
	<favourite name="UKTVNow" thumb="DefaultFolder.png">ActivateWindow(10025,&quot;plugin://plugin.video.ZemTV-shani/?mode=57&amp;name=UKTVNow&amp;url=Live&quot;,return)</favourite>
	<favourite name="USA Channels" thumb="special://home/addons\plugin.video.castaway\resources/media/shadownet.png">ActivateWindow(10025,&quot;plugin://plugin.video.castaway/?mode=open_tv_cat&amp;site=shadownet&amp;url=http%3a%2f%2fwww.shadownet.me%2fcategories%2fUSA-Channels%2f&quot;,return)</favourite>
	<favourite name="United States" thumb="http://www.stream2watch.co/images/countries/us.png|Referer=http://www.stream2watch.co/&amp;User-Agent=Mozilla/5.0 (Windows NT 6.3) AppleWebKit/537.36 (KHTML, like Gecko) Chrome/48.0.2564.97 Safari/537.36">ActivateWindow(10025,&quot;plugin://plugin.video.SportsDevil/?item=title%3dUnited%2bStates%26url%3dhttp%253A%252F%252Fwww.stream2watch.co%252Flive-tv%252Fus%26cfg%3ds2.cfg%2540Channels%26definedIn%3dcustoms%252Fs2.cfg%26director%3dS2%26genre%3dLive%2bTV%26type%3drss%26_icon%3dhttp%253A%252F%252Fwww.stream2watch.co%252Fimages%252Fcountries%252Fus.png%26icon%3dhttp%253A%252F%252Fwww.stream2watch.co%252Fimages%252Fcountries%252Fus.png%257CReferer%253Dhttp%253A%252F%252Fwww.stream2watch.co%252F%2526User-Agent%253DMozilla%252F5.0%2b%2528Windows%2bNT%2b6.3%2529%2bAppleWebKit%252F537.36%2b%2528KHTML%252C%2blike%2bGecko%2529%2bChrome%252F48.0.2564.97%2bSafari%252F537.36&amp;mode=1&amp;sf_options=fanart%3Dspecial%3A%2F%2Fhome%2Faddons%5Cplugin.video.SportsDevil%5Cfanart.jpg%26_options_sf&quot;,return)</favourite>
</favourites>