<favourites>
	<favourite name="[COLOR azure]College Sports[/COLOR]" thumb="http://www.ncaa.org/sites/all/themes/victory/logo.png">ActivateWindow(10025,&quot;plugin://plugin.program.super.favourites/?label=[COLOR azure]College Sports[/COLOR]&amp;mode=400&amp;folder=Sports%5CCollege%20Sports&amp;sf_options=fanart%3DNULL%26_options_sf&quot;,return)</favourite>
	<favourite name="Cricket" thumb="http://theclipartwizard.com/images/Cricket.png">ActivateWindow(10025,&quot;plugin://plugin.video.SportsDevil/?item=title%3dCricket%26url%3dtv%252Fcricket.cfg%26definedIn%3dtv.cfg%26director%3dCricket%26genre%3dTV%26type%3drss%26icon%3dhttp%253A%252F%252Ftheclipartwizard.com%252Fimages%252FCricket.png&amp;mode=1&amp;sf_options=fanart%3Dspecial%3A%2F%2Fhome%2Faddons%5Cplugin.video.SportsDevil%5Cfanart.jpg%26_options_sf&quot;,)</favourite>
	<favourite name="Fox Sports 1" thumb="http://bbts-repo.weebly.com/files/theme/Logos/SPORTS/BBTS_fox_sports.png">PlayMedia(&quot;http://ooyalahd2-f.akamaihd.net/i/eslax17_delivery@349499/master.m3u8?sf_options=winID%3D10025%26_options_sf&quot;)</favourite>
	<favourite name="NBCSN" thumb="http://channelpear.com/images/media/1731.jpg">PlayMedia(&quot;http://54.177.79.231/server/play/nbcsnxctg/master.m3u8&quot;)</favourite>
	<favourite name="Golf Channel" thumb="http://i.imgur.com/WuYJhkg.jpg">PlayMedia(&quot;http://tvegolf-i.Akamaihd.net/hls/live/218225/golfx/4296k/prog.m3u8&quot;)</favourite>
	<favourite name="Red Bull TV" thumb="http://bbts-repo.weebly.com/files/theme/Logos/SPORTS/BBTS_rbtv.png">PlayMedia(&quot;http://sacapunta.eltelon.com/channels/redbulltv/playlist.m3u8&quot;)</favourite>
	<favourite name="Sports Channels" thumb="special://home/addons\plugin.video.MoneySports\icon.png">ActivateWindow(10025,&quot;plugin://plugin.program.super.favourites/?label=Sports Channels&amp;mode=400&amp;folder=Sports%5CSports%20Channels&amp;sf_options=fanart%3DNULL%26_options_sf&quot;,return)</favourite>
</favourites>