<favourites>
	<favourite name="CNN" thumb="http://www.logospike.com/wp-content/uploads/2014/11/Cnn_logo-3.jpg">ActivateWindow(10025,&quot;plugin://plugin.video.youtube/kodion/search/query/?event_type=live&amp;q=cnn%20live&amp;search_type=video&quot;)</favourite>
	<favourite name="CNN Backup [COLOR black][/COLOR]" thumb="http://www.logospike.com/wp-content/uploads/2014/11/Cnn_logo-3.jpg">PlayMedia(&quot;rtmp://argos.cdn.newschat.tv/edge playpath=cnn_live flashver=WIN/25,0,0,127 swfUrl=http://newschat.tv/player.swf live=1  pageUrl=http://www.livenewschat.eu/twoons?sf_options=winID%3D10025%26_options_sf&quot;)</favourite>
	<--! favourite name="CNN" thumb="http://www.logospike.com/wp-content/uploads/2014/11/Cnn_logo-3.jpg">ActivateWindow(10025,&quot;plugin://plugin.video.SportsDevil/?item=catcher%3dstreams%26title%3dCNN%2bUSA%26url%3dhttp%253A%252F%252Fwww.shadow-net.org%252Fchannels%252FCNN-USA.html%26cfg%3dshadownet.ro.cfg%2540Channels%26videoTitle%3dCNN%2bUSA%26director%3dShadowNet.ro%26genre%3dLive%2bTV%26referer%3dhttp%253A%252F%252Fwww.shadow-net.org%252Fchannels%252FCNN-USA.html%26definedIn%3dshadownet.ro.cfg%26icon.tmp%3dhttp%253A%252F%252Fwww.shadow-net.org%252Fproduct_images%252Fp%252F470%252Fcnn_usa__34139_thumb.jpg%26type%3drss%26icon%3dhttp%253A%252F%252Fwww.shadow-net.org%252Fproduct_images%252Fp%252F470%252Fcnn_usa__34139_thumb.jpg%257CReferer%253Dhttp%253A%252F%252Fwww.shadow-net.org%252F%2526User-Agent%253DMozilla%252F5.0%2b%2528Windows%2bNT%2b6.3%2529%2bAppleWebKit%252F537.36%2b%2528KHTML%252C%2blike%2bGecko%2529%2bChrome%252F53.0.2785.143%2bSafari%252F537.36&amp;mode=1&quot;,return)</favourite>
	
	<--! favourite name="CNN HD" thumb="http://www.logospike.com/wp-content/uploads/2014/11/Cnn_logo-3.jpg">PlayMedia(&quot;http://theplayersklub.host:2095/live/simplycaz/simplycaz/668.ts&quot;,return)</favourite>
	
	
	
	<favourite name="CNN International" thumb="http://i1007.photobucket.com/albums/af196/XBMCAdd-onIcons/icon-3.png">PlayMedia(&quot;rtmp://argos.cdn.newschat.tv/edge playpath=cnni_live flashver=WIN/25,0,0,127 swfUrl=http://newschat.tv/player.swf live=1  pageUrl=http://www.livenewschat.eu/twoons?&quot;)</favourite>
	<--! favourite name="" thumb="">PlayMedia(&quot;&quot;)</favourite>
	

	
	
	<favourite name="" thumb="">PlayMedia(&quot;&quot;)</favourite>
	<favourite name="CNN On Demand" thumb="https://pbs.twimg.com/profile_images/557619058950938624/Ob28ih6k.png">PlayMedia(&quot;plugin://plugin.video.youtube/user/cnn/&quot;,isdir)&quot;)</favourite>
	
	
</favourites>