<favourites>
	<favourite name="Criminal Minds" thumb="http://sounds.lyrics.songonlyrics.net/wp-content/uploads/2013/09/criminalminds-s9.jpeg">PlayMedia(&quot;http://iptvnation.com/criminal.mp4&quot;)</favourite>
	<favourite name="CSI Miami" thumb="https://fanart.tv/api/download.php?type=download&amp;image=31066&amp;section=1">PlayMedia(&quot;http://iptvnation.com/csimiami.mp4?sf_options=winID%3D10025%26_options_sf&quot;)</favourite>
	<favourite name="COPS" thumb="http://cdn.vaughnsoft.com/vaughnsoft/vaughn/img_profiles/profe3196_320.jpg">PlayMedia(&quot;plugin://plugin.stream.vaughnlive.tv/?sourcetype=auto&amp;title=vaughn&amp;url=http%3A%2F%2Fvaughnlive.tv%2Fprofe3196&amp;section=&amp;site=&amp;mode=PlayLiveStream&amp;channel=profe3196winID%3D10025%26_options_sf&quot;)</favourite>
	<favourite name="Crime Shows 3" thumb="http://cdn.vaughnsoft.com/vaughnsoft/vaughn/img_profiles/profe3197_320.jpg">PlayMedia(&quot;plugin://plugin.stream.vaughnlive.tv/?sourcetype=auto&amp;title=vaughn&amp;url=http%3A%2F%2Fvaughnlive.tv%2Fprofe3197&amp;section=&amp;site=&amp;mode=PlayLiveStream&amp;channel=profe3197winID%3D10025%26_options_sf&quot;)</favourite>
	<favourite name="Crime Shows" thumb="http://cdn.vaughnsoft.com/vaughnsoft/vaughn/img_profiles/crimecentral_320.jpg">PlayMedia(&quot;plugin://plugin.stream.vaughnlive.tv/?sourcetype=auto&amp;title=vaughn&amp;url=http%3A%2F%2Fvaughnlive.tv%2Fcrimecentral&amp;section=&amp;site=&amp;mode=PlayLiveStream&amp;channel=crimecentralwinID%3D10025%26_options_sf&quot;)</favourite>
</favourites>