<favourites>
	
	<favourite name="Star Trek" thumb="http://cdn.vaughnsoft.com/vaughnsoft/vaughn/img_profiles/downlorrd_320.jpg">PlayMedia(&quot;plugin://plugin.stream.vaughnlive.tv/?sourcetype=auto&amp;title=vaughn&amp;url=http%3A%2F%2Fvaughnlive.tv%2Fdownlorrd&amp;section=&amp;site=&amp;mode=PlayLiveStream&amp;channel=downlorrd&amp;sf_options=winID%3D10025%26_options_sf&quot;)</favourite>
	<favourite name="Stargate SG1" thumb="http://cdn.vaughnsoft.com/vaughnsoft/vaughn/img_profiles/sg1gate_320.jpg">PlayMedia(&quot;plugin://plugin.stream.vaughnlive.tv/?sourcetype=auto&amp;title=vaughn&amp;url=http%3A%2F%2Fvaughnlive.tv%2Fsg1gate&amp;section=&amp;site=&amp;mode=PlayLiveStream&amp;channel=sg1gate&amp;sf_options=winID%3D10025%26_options_sf&quot;)</favourite>
	<favourite name="Ancient Aliens" thumb="http://cdn.vaughnsoft.com/vaughnsoft/vaughn/img_profiles/000aliens_and_ufos_320.jpg">PlayMedia(&quot;plugin://plugin.stream.vaughnlive.tv/?sourcetype=auto&amp;title=vaughn&amp;url=http%3A%2F%2Fvaughnlive.tv%2F000aliens_and_ufos&amp;section=&amp;site=&amp;mode=PlayLiveStream&amp;channel=000aliens_and_ufos&amp;sf_options=winID%3D10025%26_options_sf&quot;)</favourite>
	<favourite name="Alien&amp; UFO TV" thumb="http://cdn.vaughnsoft.com/vaughnsoft/vaughn/img_profiles/aliensandufos6_320.jpg">PlayMedia(&quot;plugin://plugin.stream.vaughnlive.tv/?sourcetype=auto&amp;title=vaughn&amp;url=http%3A%2F%2Fvaughnlive.tv%2Faliensandufos6&amp;section=&amp;site=&amp;mode=PlayLiveStream&amp;channel=aliensandufos6&amp;sf_options=winID%3D10025%26_options_sf&quot;)</favourite>
	<favourite name="Alien&amp; UFO TV 2" thumb="http://cdn.vaughnsoft.com/vaughnsoft/vaughn/img_profiles/aliensandufos7_320.jpg">PlayMedia(&quot;plugin://plugin.stream.vaughnlive.tv/?sourcetype=auto&amp;title=vaughn&amp;url=http%3A%2F%2Fvaughnlive.tv%2Faliensandufos7&amp;section=&amp;site=&amp;mode=PlayLiveStream&amp;channel=aliensandufos7&amp;sf_options=winID%3D10025%26_options_sf&quot;)</favourite>
	<favourite name="Alien&amp; UFO TV 3" thumb="http://cdn.vaughnsoft.com/vaughnsoft/vaughn/img_profiles/aliensandufos8_320.jpg">PlayMedia(&quot;plugin://plugin.stream.vaughnlive.tv/?sourcetype=auto&amp;title=vaughn&amp;url=http%3A%2F%2Fvaughnlive.tv%2Faliensandufos8&amp;section=&amp;site=&amp;mode=PlayLiveStream&amp;channel=aliensandufos8&amp;sf_options=winID%3D10025%26_options_sf&quot;)</favourite>
	<favourite name="Ghost Shows" thumb="http://cdn.vaughnsoft.com/vaughnsoft/vaughn/img_profiles/hauntedhouse_320.jpg">PlayMedia(&quot;plugin://plugin.stream.vaughnlive.tv/?sourcetype=auto&amp;title=vaughn&amp;url=http%3A%2F%2Fvaughnlive.tv%2Fhauntedhouse&amp;section=&amp;site=&amp;mode=PlayLiveStream&amp;channel=hauntedhouse&amp;sf_options=winID%3D10025%26_options_sf&quot;)</favourite>

</favourites>