<favourites>
	<favourite name="BIG EVENT REPLAYS" thumb="http://s14.postimg.org/os4vwebfl/replays.jpg">ActivateWindow(10025,&quot;plugin://plugin.video.MoneySports/?fanart=http%3a%2f%2fpeople.rit.edu%2f%7esxc7769%2f536%2fProject1%2fimages%2fpitch1.jpg&amp;mode=1&amp;name=BIG%20EVENT%20REPLAYS&amp;url=https%3a%2f%2fraw.githubusercontent.com%2fmoneysports%2fmsopnoeryts%2fmaster%2fEVENT%2520HIGHLIGHTS&amp;sf_options=fanart%3Dhttp%3A%2F%2Fpeople.rit.edu%2F%7Esxc7769%2F536%2FProject1%2Fimages%2Fpitch1.jpg%26desc%3DREPLAYS+OF+BIG+EVENTS+ALL+PPVS+OF+BOXING+WWE+AND+UFC+AND+ANY+REQUESTS%26_options_sf&quot;,return)</favourite>
	<favourite name="Free Fights" thumb="http://s6.postimg.org/wr0iji5k1/ufc.png">ActivateWindow(10025,&quot;plugin://plugin.video.zeus/?description&amp;iconimage=http%3a%2f%2fs6.postimg.org%2fwr0iji5k1%2fufc.png&amp;mode=59&amp;name=%5bCOLOR%20white%5dMORE%20UFC%5b%2fCOLOR%5d&amp;url=UFC%2bFREE%2bFIGHTS&amp;sf_options=fanart%3Dhttp%3A%2F%2Fs6.postimg.org%2Fwr0iji5k1%2Fufc.png%26_options_sf&quot;,return)</favourite>
	<favourite name="[COLOR white]MUAY THAI[/COLOR]" thumb="http://s6.postimg.org/aszgbz15t/thaiboxing.png">ActivateWindow(10025,&quot;plugin://plugin.video.zeus/?description&amp;iconimage=http%3a%2f%2fs6.postimg.org%2faszgbz15t%2fthaiboxing.png&amp;mode=59&amp;name=%5bCOLOR%20white%5dMUAY%20THAI%5b%2fCOLOR%5d&amp;url=muay%2bthai%2bfights&amp;sf_options=fanart%3Dhttp%3A%2F%2Fs6.postimg.org%2Faszgbz15t%2Fthaiboxing.png%26_options_sf&quot;,return)</favourite>
	<favourite name="UFC - Ultimate Fighting Championship" thumb="https://yt3.ggpht.com/-QeD1gcM_f7k/AAAAAAAAAAI/AAAAAAAAAAA/RrU6oF2FBU0/s240-c-k-no/photo.jpg">ActivateWindow(10025,&quot;plugin://plugin.video.youtube/channel/UCvgfXK4nTYKudb0rFR6noLA&quot;,return)</favourite>
	<favourite name="UFC ON FOX" thumb="https://yt3.ggpht.com/-lj8-zSzRk4E/AAAAAAAAAAI/AAAAAAAAAAA/7PEm8PTojB8/s240-c-k-no/photo.jpg">ActivateWindow(10025,&quot;plugin://plugin.video.youtube/channel/UCv_s-FKXBwsq1zy4GCR3Ycw&quot;,return)</favourite>
	<favourite name="UFC" thumb="http://s20.postimg.org/k9rewr5lp/UFC_Icon.png">ActivateWindow(10025,&quot;plugin://plugin.video.phstreams/?action=ndmode&amp;audio=0&amp;content=0&amp;fanart=http%3a%2f%2fs20.postimg.org%2fid8xgs00t%2fSports_Background.jpg&amp;image=http%3a%2f%2fs20.postimg.org%2fk9rewr5lp%2fUFC_Icon.png&amp;name=UFC&amp;playable=false&amp;tvshow=0&amp;url=http%3a%2f%2fshanghai.watchkodi.com%2fSections%2fSports%2fSports%2520Replays%2fUFC.xml&amp;sf_options=fanart%3Dhttp%3A%2F%2Fs20.postimg.org%2Fid8xgs00t%2FSports_Background.jpg%26desc%3DDiscover+Great+Streaming+Playlists%21%26_options_sf&quot;,return)</favourite>
	<favourite name="Fight Night" thumb="http://images.primewire.ag/thumbs/2765830_UFC_Fight_Night.jpg">ActivateWindow(10025,&quot;plugin://plugin.video.1channel/?imdbnum&amp;img=http%3a%2f%2fimages.primewire.ag%2fthumbs%2f2765830_UFC_Fight_Night.jpg&amp;mode=TVShowSeasonList&amp;title=UFC%20Fight%20Night&amp;url=%2fwatch-2765830-UFC-Fight-Night&amp;video_type=tvshow&amp;year=2005&amp;sf_options=fanart%3Dart%5Cthemes%5CClassic%5Cfanart.jpg%26_options_sf&quot;,return)</favourite>
	<favourite name="UFC PPV" thumb="http://images.primewire.is/thumbs/2757450_UFC_PPV_Events_1993.jpg">ActivateWindow(10025,&quot;plugin://plugin.video.1channel/?img=http%3A%2F%2Fimages.primewire.is%2Fthumbs%2F2757450_UFC_PPV_Events_1993.jpg&amp;title=UFC+PPV+Events&amp;url=%2Fwatch-2757450-UFC-PPV-Events&amp;imdbnum=&amp;video_type=tvshow&amp;mode=TVShowSeasonList&amp;year=1993&amp;dialog=False&quot;,return)</favourite>
</favourites>