<favourites>
	<favourite name="Woody Woodpecker" thumb="http://www.toon.is/uploads/thumbs/120fb00c4-1.jpg">ActivateWindow(10025,&quot;plugin://plugin.video.funniermoments/?image=C%3a%5ckodi15f%5cportable_data%5caddons%5cplugin.video.funniermoments%5cicon.png&amp;mode=500&amp;page=1&amp;title=Woody%20Woodpecker%20(90%20videos)&amp;url=http%3a%2f%2fwww.funniermoments.com%2fbrowse-woodywoodpecker-videos-1-date.html&quot;,return)</favourite>
	<favourite name="Danger Mouse" thumb="http://www.funniermoments.com/uploads/tm_category_img/94_category_img_th.jpg">ActivateWindow(10025,&quot;plugin://plugin.video.funniermoments/?image=C%3a%5ckodi15f%5cportable_data%5caddons%5cplugin.video.funniermoments%5cicon.png&amp;mode=500&amp;page=1&amp;title=Danger%20Mouse%20(89%20videos)&amp;url=http%3a%2f%2fwww.funniermoments.com%2fbrowse-dangermouse-videos-1-date.html&quot;,return)</favourite>
	<favourite name="Casper the Friendly Ghost" thumb="http://www.toon.is/uploads/thumbs/c49f1d59c-1.jpg">ActivateWindow(10025,&quot;plugin://plugin.video.funniermoments/?image=C%3a%5ckodi15f%5cportable_data%5caddons%5cplugin.video.funniermoments%5cicon.png&amp;mode=500&amp;page=1&amp;title=Casper%20the%20Friendly%20Ghost%20(57%20videos)&amp;url=http%3a%2f%2fwww.funniermoments.com%2fbrowse-casperthefriendlyghost-videos-1-date.html&quot;,return)</favourite>
	<favourite name="The New Casper Cartoon Show (26 videos)" thumb="  ">ActivateWindow(10025,&quot;plugin://plugin.video.funniermoments/?image=C%3a%5ckodi15f%5cportable_data%5caddons%5cplugin.video.funniermoments%5cicon.png&amp;mode=500&amp;page=1&amp;title=The%20New%20Casper%20Cartoon%20Show%20(26%20videos)&amp;url=http%3a%2f%2fwww.funniermoments.com%2fbrowse-thenewcaspercartoonshow-videos-1-date.html&quot;,return)</favourite>
	<favourite name="He-Man [Minisode Edition]" thumb="http://www.toon.is/uploads/thumbs/cd0bfc58b-1.jpg">ActivateWindow(10025,&quot;plugin://plugin.video.funniermoments/?image=C%3a%5ckodi15f%5cportable_data%5caddons%5cplugin.video.funniermoments%5cicon.png&amp;mode=500&amp;page=1&amp;title=He-Man%20%5bMinisode%20Edition%5d%20(30%20videos)&amp;url=http%3a%2f%2fwww.funniermoments.com%2fbrowse-heman-videos-1-date.html&quot;,return)</favourite>
</favourites>