<favourites>
	<favourite name="[COLOR blue]MLB Replay[/COLOR]" thumb="">ActivateWindow(10025,&quot;plugin://plugin.video.VidTime/?base=https%3a%2f%2fwww.dropbox.com%2fs%2fdvldj5bpwjs9fik%2fMLB.xml%3fraw%3dtrue&amp;mode=XML&amp;name=%5bCOLOR%20red%5dMLB%5b%2fCOLOR%5d&quot;,return)</favourite>
	<favourite name="Live Games - B-Streams" thumb="special://home/addons\plugin.video.SportsDevil\resources\images\bundesligastream.png">ActivateWindow(10025,&quot;plugin://plugin.video.SportsDevil/?item=title%3dBundesliga-Streams.net%26url%3dlivesports%252Fbundesliga-streams.net.cfg%26definedIn%3dlivesports.cfg%26director%3dbundesliga-streams.net%26genre%3dLive%2bSports%26type%3drss%26icon%3dC%253A%255Ckodi%255Cportable_data%255Caddons%255Cplugin.video.SportsDevil%255Cresources%255Cimages%255Cbundesligastream.png&amp;mode=1&quot;,return)</favourite>
	<favourite name="Live Games - DimSports" thumb="special://home/addons\plugin.video.SportsDevil\resources\images\sports/Baseball.png">ActivateWindow(10025,&quot;plugin://plugin.video.SportsDevil/?item=title%3dBaseball%26url%3dhttp%253A%252F%252Fwww.idimsports.eu%252Fbaseball.html%26cfg%3ddimsports.eu.links.cfg%26definedIn%3dlivesports%252Fdimsports.eu.cfg%26director%3ddimsports.eu%26genre%3dLive%2bSports%26type%3drss%26icon%3dC%253A%255Ckodi%255Cportable_data%255Caddons%255Cplugin.video.SportsDevil%255Cresources%255Cimages%255Csports%252FBaseball.png&amp;mode=1&quot;,return)</favourite>
	<favourite name="Live Games - VipBox" thumb="special://home/addons\plugin.video.SportsDevil\resources\images\sports/Baseball.png">ActivateWindow(10025,&quot;plugin://plugin.video.SportsDevil/?item=title%3dBaseball%26url%3dhttp%253A%252F%252Fwww.strikeout.co%252F%26cfg%3dvipbox.tv.events.cfg%26definedIn%3dlivesports%252Fvipbox.tv.cfg%26director%3dVipBox.tv%26genre%3dLive%2bSports%26type%3drss%26icon%3dC%253A%255Ckodi%255Cportable_data%255Caddons%255Cplugin.video.SportsDevil%255Cresources%255Cimages%255Csports%252FBaseball.png&amp;mode=1&quot;,return)</favourite>
	<favourite name="AtdheNet.tv" thumb="special://home/addons\plugin.video.SportsDevil\resources\images\livesports.png">ActivateWindow(10025,&quot;plugin://plugin.video.SportsDevil/?item=title%3dAtdheNet.tv%26url%3dlivesports%252Fatdee.net.cfg%26definedIn%3dlivesports.cfg%26director%3dAtdheNet.tv%26genre%3dLive%2bSports%26type%3drss%26icon%3dC%253A%255Ckodi%255Cportable_data%255Caddons%255Cplugin.video.SportsDevil%255Cresources%255Cimages%255Clivesports.png&amp;mode=1&quot;,return)</favourite>
	<favourite name="Zunox.hk" thumb="special://home/addons\plugin.video.SportsDevil\resources\images\zunoxlogo3.png">ActivateWindow(10025,&quot;plugin://plugin.video.SportsDevil/?item=title%3dZunox.hk%26url%3dlivesports%252Fslipstreamtv.co.cfg%26definedIn%3dlivesports.cfg%26director%3dzunox.hk%26genre%3dLive%2bSports%26type%3drss%26icon%3dC%253A%255Ckodi%255Cportable_data%255Caddons%255Cplugin.video.SportsDevil%255Cresources%255Cimages%255Czunoxlogo3.png&amp;mode=1&quot;,return)</favourite>
</favourites>