<favourites>

	<favourite name="UFC - Ultimate Fighting Championship" thumb="https://yt3.ggpht.com/-QeD1gcM_f7k/AAAAAAAAAAI/AAAAAAAAAAA/RrU6oF2FBU0/s240-c-k-no/photo.jpg">ActivateWindow(10025,&quot;plugin://plugin.video.youtube/channel/UCvgfXK4nTYKudb0rFR6noLA&quot;,return)</favourite>
	<favourite name="UFC ON FOX" thumb="https://yt3.ggpht.com/-lj8-zSzRk4E/AAAAAAAAAAI/AAAAAAAAAAA/7PEm8PTojB8/s240-c-k-no/photo.jpg">ActivateWindow(10025,&quot;plugin://plugin.video.youtube/channel/UCv_s-FKXBwsq1zy4GCR3Ycw&quot;,return)</favourite>
	<favourite name="UFC" thumb="http://s20.postimg.org/k9rewr5lp/UFC_Icon.png">ActivateWindow(10025,&quot;plugin://plugin.video.phstreams/?action=ndmode&amp;audio=0&amp;content=0&amp;fanart=http%3a%2f%2fs20.postimg.org%2fid8xgs00t%2fSports_Background.jpg&amp;image=http%3a%2f%2fs20.postimg.org%2fk9rewr5lp%2fUFC_Icon.png&amp;name=UFC&amp;playable=false&amp;tvshow=0&amp;url=http%3a%2f%2fshanghai.watchkodi.com%2fSections%2fSports%2fSports%2520Replays%2fUFC.xml&amp;sf_options=fanart%3Dhttp%3A%2F%2Fs20.postimg.org%2Fid8xgs00t%2FSports_Background.jpg%26desc%3DDiscover+Great+Streaming+Playlists%21%26_options_sf&quot;,return)</favourite>
	<favourite name="Fight Night" thumb="http://images.primewire.ag/thumbs/2765830_UFC_Fight_Night.jpg">ActivateWindow(10025,&quot;plugin://plugin.video.1channel/?imdbnum&amp;img=http%3a%2f%2fimages.primewire.ag%2fthumbs%2f2765830_UFC_Fight_Night.jpg&amp;mode=TVShowSeasonList&amp;title=UFC%20Fight%20Night&amp;url=%2fwatch-2765830-UFC-Fight-Night&amp;video_type=tvshow&amp;year=2005&amp;sf_options=fanart%3Dart%5Cthemes%5CClassic%5Cfanart.jpg%26_options_sf&quot;,return)</favourite>
	<favourite name="UFC PPV" thumb="http://images.primewire.is/thumbs/2757450_UFC_PPV_Events_1993.jpg">ActivateWindow(10025,&quot;plugin://plugin.video.1channel/?img=http%3A%2F%2Fimages.primewire.is%2Fthumbs%2F2757450_UFC_PPV_Events_1993.jpg&amp;title=UFC+PPV+Events&amp;url=%2Fwatch-2757450-UFC-PPV-Events&amp;imdbnum=&amp;video_type=tvshow&amp;mode=TVShowSeasonList&amp;year=1993&amp;dialog=False&quot;,return)</favourite>
</favourites>