<favourites>
	<favourite name="[COLOR brown]FRESH START[/COLOR]" thumb="http://www.beingryanbyrd.com/wp-content/uploads/2013/06/restart_icon.png?9b05b9">ActivateWindow(10025,&quot;plugin://plugin.video.waterwizard/?description&amp;mode=6&amp;name=FRESH%20START&amp;url=url&quot;,return)</favourite>
	<favourite name="[COLOR white]ISP Speed Test[/COLOR]" thumb="http://www.live-arena.ru/logos/unnagfgfmed.png">PlayMedia(&quot;plugin://plugin.program.totalinstaller/?url=https%3A%2F%2Ftotalrevolution.googlecode.com%2Fsvn%2Ftrunk%2Fdownload%2520files%2F32MB.txt&amp;mode=runtest&amp;name=Download+32MB+file+++-+%5BCOLOR%3Dlime%5DServer+1%5B%2FCOLOR%5D&amp;fanart=C%3A%5Ckodi15f%5Cportable_data%5Caddons%5Cplugin.program.totalinstaller%5Cfanart.jpg&amp;video=&amp;description=&amp;sf_options=fanart%3Dspecial%3A%2F%2Fhome%2Faddons%5Cplugin.program.totalinstaller%5Cfanart.jpg%26winID%3D10025%26_options_sf&quot;)</favourite>
	<favourite name="[COLOR aqua]Download Kodi v15.2[/COLOR]" thumb="http://a.dryicons.com/images/icon_sets/minimalistica_part_2_icons/png/128x128/cloud_download.png">ActivateWindow(10003,&quot;http://mirrors.kodi.tv/releases/android/arm/&quot;,return)</favourite>
	<favourite name="Kodi Settings" thumb="https://lh4.ggpht.com/lQ3HQcoNO7KAuMSiTD_FmU6CsKFTBn7P_qaY5WXJfnjvVQg7AF_hx9g3JkW-vWfE9DQ=w300">ActivateWindow(Settings)</favourite>
	<favourite name="Clean Up Menu" thumb="https://lh5.ggpht.com/itn5l8TL7g7YJLi-4GlD7Sg4hI-yCZv0NX85S9l5cq8BtDHPYv60S3h3ta75Pjaerg=w300">ActivateWindow(10025,&quot;plugin://plugin.program.super.favourites/?mode=3100&quot;)</favourite>
</favourites>