<favourites>
	<favourite name="adBlock[COLOR black]*Requires TouchScreen or Mouse[/COLOR]" thumb="https://lh3.googleusercontent.com/s5FxSJCtdwrqpz1JRLYX_zyyGMVbPHBz3QbYrqwFdZm_ngSH7UvsGW_OOPuDIjGjFxI=w200">PlayMedia(&quot;plugin://plugin.video.water/?url=https://appraw.com/dl/kYba2fhDeM&amp;mode=12&amp;name=adBlockBrowser&amp;description=org.adblockplus.browser&amp;sf_options=winID%3D10025%26_options_sf&quot;)</favourite>
	<favourite name="Puffin[COLOR black]*Requires TouchScreen or Mouse[/COLOR]" thumb="http://a1.mzstatic.com/eu/r30/Purple22/v4/12/20/c4/1220c451-d770-7bac-76aa-3ff9da752a00/icon175x175.png">PlayMedia(&quot;plugin://plugin.video.water/?url=http://webservices.aptoide.com/webservices/getApkInstall/19438273/mark8&amp;mode=12&amp;name=Puffin+Browser&amp;description=com.cloudmosa.puffin&amp;sf_options=winID%3D10025%26_options_sf&quot;)</favourite>
	<favourite name="Chrome [COLOR black]*Requires TouchScreen or Mouse[/COLOR]" thumb="https://cdn1.iconfinder.com/data/icons/logotypes/32/chrome-256.png">PlayMedia(&quot;plugin://plugin.video.water/?url=https://appraw.com/dl/8tzLFV8ky5&amp;mode=12&amp;name=chrome&amp;description=com.android.chrome&quot;)</favourite>
	
	<favourite name="NovaLauncher 4.3" thumb="">PlayMedia(&quot;plugin://plugin.video.water/?url=http%3A%2F%2Fteslacoilsw.com%2Ftesladirect%2Fdownload.pl%3FpackageName%3Dcom.teslacoilsw.launcher&amp;mode=12&amp;name=NovaLauncher4.3&amp;description=Install Nova Launcher&quot;)</favourite>
	


</favourites>