<favourites>
	<favourite name="TV Guide" thumb="http://rocketdock.com/images/screenshots/TV-Guide.png">RunScript(&quot;script.waterguide&quot;,return)</favourite>
	<favourite name="News" thumb="http://www.free-icons-download.net/images/news-icon-44475.png">ActivateWindow(10025,&quot;plugin://plugin.program.super.favourites/?label=nul&amp;sf_options=&amp;mode=400&amp;folder=News&amp;sf_options=&quot;,return)</favourite>
	<favourite name="Sports" thumb="http://static.wixstatic.com/media/1e6f36_bdd4b482e4e34d62a44d06c2722faa2d.png_256">ActivateWindow(10025,&quot;plugin://plugin.program.super.favourites/?label=nul&amp;sf_options=&amp;mode=400&amp;path=special%3A%2F%2Fhome%2Faddons%2Fscript.supafav%2FSuper%20Favourites/Sports&amp;sf_options=&quot;,return)</favourite>
	<favourite name="Shows" thumb="http://1.bp.blogspot.com/-a3_p2hxL8ys/VUPAu2ScZ-I/AAAAAAAABOs/y-VVLbob0lY/s1600/unnamed.png">ActivateWindow(10025,&quot;plugin://plugin.program.super.favourites/?label=nul&amp;sf_options=&amp;mode=400&amp;path=special%3A%2F%2Fhome%2Faddons%2Fscript.supafav%2FSuper%20Favourites/LiveTV/Shows&amp;sf_options=&quot;,return)</favourite>
	<favourite name="Movies" thumb="https://lh3.googleusercontent.com/-6L0P-m9LBu0/AAAAAAAAAAI/AAAAAAAAAAA/sv18rObM38s/photo.jpg">ActivateWindow(10025,&quot;plugin://plugin.program.super.favourites/?label=Random Movies&amp;mode=400&amp;folder=LiveTV%2FShows%2FRandom%20Movies&amp;sf_options=fanart%3DC%3A%5Ckodi%5Caddons%5Cplugin.program.super.favourites%5Cfanart.jpg%26_options_sf&quot;)</favourite>
	<favourite name="Foregin" thumb="https://norahcolvin.files.wordpress.com/2013/10/anonymous_globe_of_flags_1.png">ActivateWindow(10025,&quot;plugin://plugin.program.super.favourites/?sf_options=&amp;mode=400&amp;path=special%3A%2F%2Fhome%2Faddons%2Fscript.supafav%2FSuper%20Favourites/Livetv/Foregin&amp;sf_options=&quot;,return)</favourite>
	<favourite name="[COLOR clear]TESTING[/COLOR]" thumb="">ActivateWindow(10025,&quot;plugin://plugin.program.menu/?label=IPTV&amp;mode=400&amp;folder=Movies%2FMovie%20Addons%2FIPTV&amp;sf_options=&quot;)</favourite>
		
</favourites>