<favourites>
	<favourite name="Kodi 16.1" thumb="">PlayMedia(&quot;plugin://plugin.video.water/?url=http%3A%2F%2Fmirrors.kodi.tv%2Freleases%2Fandroid%2Farm%2Fkodi-16.1-Jarvis-armeabi-v7a.apk&amp;mode=3&amp;name=Kodi_161&amp;description=Install Kodi 16.1&amp;sf_options=winID%3D10025%26_options_sf&quot;)</favourite>
	<favourite name="TeamViewerQS" thumb="">PlayMedia(&quot;plugin://plugin.video.water/?url=http%3A%2F%2Fdownload.teamviewer.com%2Fdownload%2FTeamViewerQS.apk&amp;mode=3&amp;name=TeamViewerQS&amp;description=Install TeamViewerQS&amp;sf_options=winID%3D10025%26_options_sf&quot;)</favourite>
	<favourite name="Total Commander" thumb="">PlayMedia(&quot;plugin://plugin.video.water/?url=com.ghisler.android.TotalCommander&amp;mode=12&amp;name=TotalCommander&amp;description=http%3A%2F%2Fghisler.com%2Ftcandroid2.apk&amp;sf_options=winID%3D10025%26_options_sf&quot;)</favourite>
	<favourite name="OpenCloud VPN" thumb="">PlayMedia(&quot;plugin://plugin.video.water/?url=&amp;mode=12&amp;name=OpenCloud VPN&amp;description=https%3A%2F%2Fappraw.com%2Fdl%2FaEBSy1g4a&amp;sf_options=winID%3D10025%26_options_sf&quot;)</favourite>
</favourites>