<favourites>
	<favourite name="New on Youtbe" thumb="">ActivateWindow(10025,&quot;plugin://plugin.video.youtube/special/popular_right_now/&quot;,return)</favourite>
	<favourite name="New Episodes" thumb="https://firestixz.files.wordpress.com/2015/07/1channel-icon.jpg">ActivateWindow(10025,&quot;plugin://plugin.video.1channel/?mode=GetFilteredResults&amp;section=tv&amp;sort=date&quot;,return)</favourite>
	 <favourite name="">ActivateWindow(10025,&quot;plugin://plugin.&quot;,return)</favourite>
	
	<favourite name="New Episodes - filmemporium - thewatchseries.ru">ActivateWindow(10025,&quot;plugin://plugin.video.filmemporium_gw/?description&amp;iconimage=&amp;mode=5&amp;name=&amp;url=https%3a%2f%2fthewatchseries.ru%2fnew-release%3fpage%3d1&quot;,return)</favourite>
	<favourite name="New Episodes - daretv - thedarewatch.com" thumb="">ActivateWindow(10025,&quot;plugin://plugin.video.dare_tv/?description&amp;iconimage=&amp;mode=1&amp;name=&amp;url=http%3a%2f%2fwww.thedarewatch.com%2fnew-shows&quot;,return)</favourite>
	<favourite name="New Episodes - seriesaddicts - watchepisodeseries.com" thumb="">ActivateWindow(10025,&quot;plugin://plugin.video.seriesaddicts/?description&amp;iconimage=&amp;mode=7&amp;name=&amp;url=http%3a%2f%2fwww.watchepisodeseries.com%2f&quot;,return)</favourite>
	 <favourite name="">ActivateWindow(10025,&quot;plugin://plugin.&quot;,return)</favourite>
	<favourite name="New Episodes - 123movies - gomovies.to">ActivateWindow(10025,&quot;plugin://plugin.video.md123movies/?content=tvshows&amp;mode=2&amp;name=&amp;url=http%3a%2f%2fgomovies.to%2fmovie%2ffilter%2fseries%2flatest%2fall%2fall%2fall%2fall%2fall&quot;,return)</favourite>
	<favourite name="New Episodes - ymovies - yesmovies.to" thumb="C:\Kodi\portable_data\addons\plugin.video.mdyesmovies\icon.png">ActivateWindow(10025,&quot;plugin://plugin.video.mdyesmovies/?content=tvshows&amp;fan_art=%27%7d&amp;infolabels=%7b%7d&amp;mode=2&amp;name=&amp;url=https%3a%2f%2fyesmovies.to%2fmovie%2ffilter%2fseries%2flatest%2fall%2fall%2fall%2fall%2fall&quot;,return)</favourite>
	
	  <favourite name="">ActivateWindow(10025,&quot;plugin://plugin.&quot;,return)</favourite>
	 <favourite name="New Episodes - trakt" thumb="">ActivateWindow(10025,&quot;plugin://script.supafav/?url=null&amp;mode=78&quot;,return)</favourite>
	  <favourite name="New Episodes - tvmix - watchepisodeseries" thumb="">ActivateWindow(10025,&quot;plugin://plugin.video.tvmix/?description&amp;mode=1&amp;name=&amp;url=http%3a%2f%2fwww.watchepisodeseries.com%2f&quot;,return)</favourite>
	<favourite name="New Episodes - ukturk - watchseries-online.pl" thumb="">ActivateWindow(10025,&quot;plugin://plugin.video.ukturk/?description&amp;fanart=&amp;iconimage=&amp;mode=23&amp;name=New%20Episodes%20of%20TV%20Shows&amp;url=https%3a%2f%2fwatchseries-online.pl%2flast-350-episodes&quot;,return)</favourite>
	
	 <favourite name="">ActivateWindow(10025,&quot;plugin://plugin.&quot;,return)</favourite>
	 
	
	
	
	
	
	
	  <favourite name="">ActivateWindow(10025,&quot;plugin://plugin.&quot;,return)</favourite>

	   	 
    
	<favourite name="Latest Episodes - movieecho">ActivateWindow(10025,&quot;plugin://plugin.video.movieecho/?mode=7&amp;name=&amp;url=http%3a%2f%2fwww.movieecho.com%2f%3ftv%3d%26sort%3ddate&quot;,return)</favourite>
	<favourite name="Latest Episodes - MDwatchseries - mywatchseries.to" thumb="">ActivateWindow(10025,&quot;plugin://plugin.video.mdws/?content=episodes&amp;fan_art=&amp;infolabels=%7b%7d&amp;mode=1&amp;name=&amp;url=http%3a%2f%2fmywatchseries.to%2flatest&quot;,return)</favourite>

	<--! favourite name="New Episodes - watchepisodes4.com" thumb="http://i.imgur.com/gLWo9QO.png">ActivateWindow(10025,&quot;plugin://plugin.video.Evolve/?&amp;mode=29&amp;url=http%3a%2f%2fwww.watchepisodes4.com&quot;,return)</favourite>
	 <--! favourite name="New Episodes - newmyvideolink.xyz">ActivateWindow(10025,&quot;plugin://plugin.video.myvidlinks_gw/?description&amp;iconimage=&amp;mode=5&amp;name=&amp;url=http%3a%2f%2fnewmyvideolink.xyz%2fsites%2fcategory%2ftv-shows%2f&quot;,return)</favourite>
		<--! favourite name="New Episodes HD" thumb="">ActivateWindow(10025,&quot;plugin://plugin.video.ororotv/?action=shows_release&quot;,return)</favourite>
	<favourite name="" thumb="">PlayMedia(&quot;plugin://plugin.&quot;,isdir)</favourite>
	<favourite name="[COLOR black]New on YouTube[/COLOR]" thumb="special://home/addons\plugin.video.youtube\resources\media\popular.png">PlayMedia(&quot;plugin://plugin.video.youtube/special/popular_right_now/&quot;,isdir)</favourite>
	<favourite name="[COLOR black]New on YouTube[/COLOR]" thumb="special://home/addons\plugin.video.youtube\resources\media\popular.png">PlayMedia(&quot;plugin://plugin.video.youtube/play/?playlist_id=PLrEnWoR732-BHrPp_Pm8_VleD68f9s14-&amp;order=default&amp;play=1&amp;sf_options=winID%3D10025%26_options_sf&quot;)</favourite>

</favourites>