<favourites>
	<favourite name="Basketball" thumb="special://home/addons\plugin.video.SportsDevil\resources\images\sports/Basketball.png">ActivateWindow(10025,&quot;plugin://plugin.video.SportsDevil/?item=count.tmp%3d20%26title.tmp%3dBasketball%26ticon.tmp%3dhttp%253A%252F%252Fcdnx.xliveru.sx%252Fimg%252Fsport%252F3.gif%26url%3dhttp%253A%252F%252Fxliveru.sx%252Fen%252Fallupcomingsports%252F3%252F%26cfg%3dlivetv.ru.videos.cfg%2540CATEGORY%25403%26definedIn%3dlivesports%252Flivetv.ru.cfg%26director%3dLiveTV.ru%26id.tmp%3d3%26referer%3dhttp%253A%252F%252Fxliveru.sx%252Fen%252Fallupcoming%26genre%3dLive%2bSports%26title%3dBasketball%2b%252820%2529%26icon.tmp%3dC%253A%255Ckodi%255Cportable_data%255Caddons%255Cplugin.video.SportsDevil%255Cresources%255Cimages%255Csports%252FBasketball.png%26type%3drss%26icon%3dC%253A%255Ckodi%255Cportable_data%255Caddons%255Cplugin.video.SportsDevil%255Cresources%255Cimages%255Csports%252FBasketball.png&amp;mode=1&quot;,return)</favourite>
	<favourite name="Basketball" thumb="special://home/addons\plugin.video.SportsDevil\resources\images\sports/Basketball.png">ActivateWindow(10025,&quot;plugin://plugin.video.SportsDevil/?item=title%3dBasketball%26url%3dhttp%253A%252F%252Fwww.realstreamunited.com%252Fstatic%252Fsection36.html%26cfg%3dlshunter.tv.days.cfg%2540http%253A%252F%252Fwww.realstreamunited.com%252Fstatic%252Fsection36.html%26definedIn%3dlivesports%252Flshunter.tv.cfg%26director%3dLSHunter.tv%26genre%3dLive%2bSports%26type%3drss%26icon%3dC%253A%255Ckodi%255Cportable_data%255Caddons%255Cplugin.video.SportsDevil%255Cresources%255Cimages%255Csports%252FBasketball.png&amp;mode=1&quot;,return)</favourite>
	<favourite name="Basketball" thumb="special://home/addons\plugin.video.SportsDevil\resources\images\sports/Basketball.png">ActivateWindow(10025,&quot;plugin://plugin.video.SportsDevil/?item=title%3dBasketball%26url%3dhttp%253A%252F%252Fwww.vipleague.is%252Fsports%252Fbasketball.html%26cfg%3dvipbox.tv.events.cfg%26definedIn%3dlivesports%252Fvipbox.tv.cfg%26director%3dVipBox.tv%26genre%3dLive%2bSports%26type%3drss%26icon%3dC%253A%255Ckodi%255Cportable_data%255Caddons%255Cplugin.video.SportsDevil%255Cresources%255Cimages%255Csports%252FBasketball.png&amp;mode=1&quot;,return)</favourite>
	<favourite name="Basketball  - DimSports.eu" thumb="special://home/addons\plugin.video.SportsDevil\resources\images\sports/Basketball.png">ActivateWindow(10025,&quot;plugin://plugin.video.SportsDevil/?item=title%3dBasketball%26url%3dhttp%253A%252F%252Fwww.idimsports.eu%252Fbasketball.html%26cfg%3ddimsports.eu.links.cfg%26definedIn%3dlivesports%252Fdimsports.eu.cfg%26director%3ddimsports.eu%26genre%3dLive%2bSports%26type%3drss%26icon%3dC%253A%255Ckodi%255Cportable_data%255Caddons%255Cplugin.video.SportsDevil%255Cresources%255Cimages%255Csports%252FBasketball.png&amp;mode=1&quot;,return)</favourite>
	<favourite name="Basketball - FirstRowSports.eu" thumb="special://home/addons\plugin.video.SportsDevil\resources\images\sports/Basketball.png">ActivateWindow(10025,&quot;plugin://plugin.video.SportsDevil/?item=title%3dBasketball%26url%3dhttp%253A%252F%252Fwww.thefeed2all.eu%252Ftype%252Fbasketball.html%26cfg%3dfirstrowsports.eu.links.cfg%26definedIn%3dlivesports%252Ffirstrowsports.eu.cfg%26director%3dFirstRowSports.eu%26genre%3dLive%2bSports%26type%3drss%26icon%3dC%253A%255Ckodi%255Cportable_data%255Caddons%255Cplugin.video.SportsDevil%255Cresources%255Cimages%255Csports%252FBasketball.png&amp;mode=1&quot;,return)</favourite>
	<favourite name="Basketball - FirstRowSports.ge" thumb="special://home/addons\plugin.video.SportsDevil\resources\images\sports/Basketball.png">ActivateWindow(10025,&quot;plugin://plugin.video.SportsDevil/?item=title%3dBasketball%26url%3dhttp%253A%252F%252Ffirstrowsports.ge%252Findex.php%253Fgame%253Dbasketball%26cfg%3dfirstrowsports.ge.links.cfg%26definedIn%3dlivesports%252Ffirstrowsports.ge.cfg%26director%3dFirstRowSports.ge%26genre%3dLive%2bSports%26type%3drss%26icon%3dC%253A%255Ckodi%255Cportable_data%255Caddons%255Cplugin.video.SportsDevil%255Cresources%255Cimages%255Csports%252FBasketball.png&amp;mode=1&quot;,return)</favourite>
	<favourite name="NBA On-demand" thumb="special://home/addons\plugin.video.nbaondemand\icon.png">ActivateWindow(10025,&quot;plugin://plugin.video.nbaondemand?sf_options=fanart%3Dspecial%3A%2F%2Fhome%2Faddons%5Cplugin.video.nbaondemand%5Cfanart.jpg%26desc%3DVisit+TVADDONS.ag+for+support%26_options_sf&quot;,return)</favourite>
	<favourite name="NBA Full Games" thumb="special://home/addons\plugin.video.nbafullgames\icon.png">ActivateWindow(10025,&quot;plugin://plugin.video.nbafullgames?sf_options=fanart%3Dspecial%3A%2F%2Fhome%2Faddons%5Cplugin.video.nbafullgames%5Cfanart.jpg%26desc%3DWatch+full+NBA+games+available+in+720p%2C+watch+highlights+and+top+plays+from+nba.com+and+more.%26_options_sf&quot;,return)</favourite>
</favourites>