<favourites>
	
	<favourite name="JohnLocker" thumb="special://home/addons\plugin.video.johnlocker\icon.png">ActivateWindow(10025,&quot;plugin://plugin.video.johnlocker/?sf_options=desc%3DJohnLocker%2C+Anonymous+online+education+and+documentaries.%26_options_sf&quot;,return)</favourite>
	<favourite name="TheNewBoston" thumb="special://home/addons\plugin.video.thenewboston\icon.png">ActivateWindow(10025,&quot;plugin://plugin.video.thenewboston?sf_options=fanart%3Dspecial%3A%2F%2Fhome%2Faddons%5Cplugin.video.thenewboston%5Cfanart.jpg%26desc%3DFree+Educational+Video+Tutorials+on+Computer+Programming%2C+Adobe+Software%2C+Computer+Science+and+More%21%26_options_sf&quot;,return)</favourite>
	<favourite name="Khan Academy" thumb="special://home/addons\plugin.video.khanacademy\icon.png">ActivateWindow(10025,&quot;plugin://plugin.video.khanacademy/?sf_options=desc%3DFrom+http%3A%2F%2Fwww.khanacademy.org%2Fabout%3A+%22The+Khan+Academy+is+an+organization+on+a+mission.+We%27re+a+not-for-profit+with+the+goal+of+changing+education+for+the+better+by+providing+a+free+world-class+education+to+anyone+anywhere.%5BCR%5D%5BCR%5DAll+of+the+site%27s+resources+are+available+to+anyone.+It+doesn%27t+matter+if+you+are+a+student%2C+teacher%2C+home-schooler%2C+principal%2C+adult+returning+to+the+classroom+after+20+years%2C+or+a+friendly+alien+just+trying+to+get+a+leg+up+in+earthly+biology.+The+Khan+Academy%27s+materials+and+resources+are+available+to+you+completely+free+of+charge.%22%26_options_sf&quot;,return)</favourite>

	
	<favourite name="TED Talks" thumb="http://googledrive.com/host/0B-bY5h-uWEgZQVJQZ0lzUTdBeFE/icons/apps/ted.png">ActivateWindow(10025,&quot;plugin://plugin.video.ted.talks/&quot;)</favourite>
	
	</favourites>