<favourites>
	<favourite name="[COLOR darkorange]Playlist Loader[/COLOR]" thumb="special://home/addons\plugin.video.playlistLoader\icon.png">ActivateWindow(10025,&quot;plugin://plugin.video.playlistLoader/&quot;)</favourite>
	<favourite name="[COLOR darkgoldenrod]PVR[/COLOR] - Disabled" thumb="https://lh6.ggpht.com/Pwwj3ejMIuv5Fka-7uyGhviQh5M1oc43ZSm516oS-JNlMYx6fZv9tu4NWXN8yrJtrLs=w300">ActivateWindow(PVR)</favourite>
	<favourite name="[COLOR crimson]TV Guide[/COLOR] - All Channels" thumb="http://rocketdock.com/images/screenshots/TV-Guide.png">RunScript(&quot;script.tvguidetecbox&quot;,return)</favourite>
	<favourite name="[COLOR cornflowerblue]Stalker[/COLOR]" thumb="special://home/addons\plugin.video.stalker\icon.png">ActivateWindow(10025,&quot;plugin://plugin.video.stalker/?sf_options=desc%3DIPTV+Stalker+modified+for+NFPS%2C+Rocket+and+IPTV66%2C+AND+iVue%26_options_sf&quot;,return)</favourite>
	<favourite name="NFPS - [COLOR cornflowerblue]Stalker[/COLOR]" thumb="DefaultProgram.png">ActivateWindow(10025,&quot;plugin://plugin.video.stalker/?mode=genres&amp;portal=%7b%22name%22%3a%20%22NFPS%22%2c%20%22parental%22%3a%20%22true%22%2c%20%22url%22%3a%20%22http%3a%2f%2fportal.iptvprivateserver.tv%22%2c%20%22mac%22%3a%20%2200%3a1A%3a79%3a24%3a79%3a42%22%2c%20%22serial%22%3a%20%7b%22custom%22%3a%20false%7d%2c%20%22password%22%3a%20%22xxx%22%7d&quot;,return)</favourite>
	<favourite name="[COLOR green]UFO[/COLOR]" thumb="https://pbs.twimg.com/profile_images/1819814350/tv.png">ActivateWindow(10025,&quot;plugin://plugin.video.ufo?sf_options=fanart%3Dspecial%3A%2F%2Fhome%2Faddons%5Cplugin.video.ufo%5Cfanart.jpg%26desc%3DThis+is+my+first+attempt+at+an+iptv+stalker+clone....+cross+your+fingers+guys%26_options_sf&quot;,return)</favourite>
	<favourite name="NFPS - [COLOR green]UFO[/COLOR]" thumb="DefaultProgram.png">ActivateWindow(10025,&quot;plugin://plugin.video.ufo/?mode=genres&amp;portal=%7b%22name%22%3a%20%22NFPS%22%2c%20%22parental%22%3a%20%22false%22%2c%20%22url%22%3a%20%22http%3a%2f%2fportal.iptvprivateserver.tv%22%2c%20%22mac%22%3a%20%2200%3a1A%3a79%3a24%3a79%3a42%22%2c%20%22serial%22%3a%20%7b%22custom%22%3a%20false%7d%2c%20%22password%22%3a%20%220000%22%7d&quot;,return)</favourite>
	<favourite name="[COLOR crimson]I4ATV[/COLOR]" thumb="special://home/addons\plugin.video.i4atv\icon.png">ActivateWindow(10025,&quot;plugin://plugin.video.i4atv?sf_options=fanart%3Dspecial%3A%2F%2Fhome%2Faddons%5Cplugin.video.i4atv%5Cfanart.jpg%26desc%3DWelcome+to+I4ATV.+I4ATV+has+just+moved+forward+in+a+big+way+and+the+way+the+iptv+macs+are+verified+is+an+all+new+process+with+a+random+mac+each+time+you+load+a+channel+category.+Plus+if+a+i4atv+goes+down+for+a+short+period+there+is+a+backup+option+i4atv+extra+%3A%29+All+donations+no+matter+how+small+make+a+huge+difference+so+please+feel+free+to+make+a+small+donation+to+help+keep+I4ATV+alive.+Donations+can+be+made+%40+http%3A%2F%2Fpaypal.me%2Finside4ndroid+Enjoy%26_options_sf&quot;,return)</favourite>
	<favourite name="NFPS - [COLOR crimson]I4ATV[/COLOR]" thumb="DefaultProgram.png">ActivateWindow(10025,&quot;plugin://plugin.video.i4atv/?mode=genres&amp;portal=%7b%22name%22%3a%20%22%5bCOLOR%20red%5dLive%20I4ATV%5b%2fCOLOR%5d%22%2c%20%22parental%22%3a%20%22false%22%2c%20%22url%22%3a%20%22http%3a%2f%2fmw1.iptv66.tv%22%2c%20%22mac%22%3a%20%2200%3a1A%3a78%3a12%3a34%3a20%22%2c%20%22serial%22%3a%20%7b%22custom%22%3a%20false%7d%2c%20%22password%22%3a%20%22inside4android%22%7d&quot;,return)</favourite>
	<favourite name="XTRA - [COLOR crimson]I4ATV[/COLOR]" thumb="special://home/addons\plugin.video.i4atv\icon.png">ActivateWindow(10025,&quot;plugin://plugin.video.i4atv/?description=C%3a%5ckodi%5cportable_data%5caddons%5cplugin.video.i4atv%5cfanart.jpg&amp;mode=1&amp;name=%5bCOLOR%20red%5dLive%20I4ATV%20EXTRA%5b%2fCOLOR%5d&amp;url=0&amp;sf_options=desc%3DC%3A%5Ckodi%5Cportable_data%5Caddons%5Cplugin.video.i4atv%5Cfanart.jpg%26_options_sf&quot;,return)</favourite>
	<favourite name="UK TV Guide" thumb="http://cdn.tvguide.co.uk/_ui/images/tvguide_logo_102x74.png">RunScript(&quot;script.ftvguide?sf_options=fanart%3dspecial%3a%2f%2fhome%2faddons%5cscript.ftvguide%5cfanart.jpg%26desc%3dtftv+guide+allows+you+to+combine+some+of+your+favourite+live+tv+plugins+for+use+with+a+fully+working+epg%26_options_sf&quot;)</favourite>
</favourites>