<favourites>
	<favourite name="New Albums" thumb="http://googledrive.com/host/0B-bY5h-uWEgZQVJQZ0lzUTdBeFE/icons/new_music.gif">ActivateWindow(10501,&quot;plugin://plugin.audio.mp3streams/?iconimage=http%3a%2f%2fkinkin-xbmc-repository.googlecode.com%2fsvn%2ftrunk%2fzips%2fplugin.audio.mp3streams%2fart%2fnewalbums.jpg&amp;list=new%20albums%3c%3ehttp%3a%2f%2fmusicmp3.ru%2fnew_albums.html%3c%3ehttp%3a%2f%2fkinkin-xbmc-repository.googlecode.com%2fsvn%2ftrunk%2fzips%2fplugin.audio.mp3streams%2fart%2fnewalbums.jpg&amp;mode=12&amp;name=New%20Albums&amp;type&amp;url=http%3a%2f%2fmusicmp3.ru%2fnew_albums.html&amp;sf_options=fanart%3Dspecial%3A%2F%2Fhome%2Faddons%5Cplugin.audio.mp3streams%5Cfanart.jpg%26_options_sf&quot;,return)</favourite>
	<favourite name="Top Albums" thumb="http://googledrive.com/host/0B-bY5h-uWEgZQVJQZ0lzUTdBeFE/icons/charts.png">ActivateWindow(10501,&quot;plugin://plugin.audio.mp3streams/?iconimage=http%3a%2f%2fkinkin-xbmc-repository.googlecode.com%2fsvn%2ftrunk%2fzips%2fplugin.audio.mp3streams%2fart%2ftopalbums.jpg&amp;list=top%20albums%3c%3ehttp%3a%2f%2fmusicmp3.ru%2fgenres.html%3c%3ehttp%3a%2f%2fkinkin-xbmc-repository.googlecode.com%2fsvn%2ftrunk%2fzips%2fplugin.audio.mp3streams%2fart%2ftopalbums.jpg&amp;mode=12&amp;name=Top%20Albums&amp;type&amp;url=http%3a%2f%2fmusicmp3.ru%2fgenres.html&amp;sf_options=fanart%3Dspecial%3A%2F%2Fhome%2Faddons%5Cplugin.audio.mp3streams%5Cfanart.jpg%26_options_sf&quot;,return)</favourite>
	<favourite name="Browse Music Videos" thumb="special://home/addons\plugin.video.vevo\icon.png">ActivateWindow(10025,&quot;plugin://plugin.video.vevo/?mode=rootVideos&amp;page=1&amp;url=http%3a%2f%2fapi.vevo.com%2fmobile%2fv1%2fvideo%2flist.json&amp;sf_options=&quot;,return)</favourite>
	<favourite name="Browse Songs" thumb="http://kinkin-xbmc-repository.googlecode.com/svn/trunk/zips/plugin.audio.binaural/art/browse_songs.png">ActivateWindow(10501,&quot;plugin://plugin.audio.binaural/?artist&amp;iconimage=http%3a%2f%2fkinkin-xbmc-repository.googlecode.com%2fsvn%2ftrunk%2fzips%2fplugin.audio.binaural%2fart%2fbrowse_songs.png&amp;mode=1080&amp;name=Browse%20Songs&amp;url=url&amp;sf_options=fanart%3Dspecial%3A%2F%2Fhome%2Faddons%5Cplugin.audio.binaural%5Cfanart.jpg%26_options_sf&quot;,return)</favourite>
	<favourite name="Browse Video Artists" thumb="http://googledrive.com/host/0B-bY5h-uWEgZQVJQZ0lzUTdBeFE/icons/test2/artist.png">ActivateWindow(10025,&quot;plugin://plugin.video.vevo/?mode=rootArtists&amp;page=1&amp;url=http%3a%2f%2fapi.vevo.com%2fmobile%2fv1%2fartist%2flist.json&amp;sf_options=&quot;,return)</favourite>
	<favourite name="Artists" thumb="http://googledrive.com/host/0B-bY5h-uWEgZQVJQZ0lzUTdBeFE/icons/test2/artist.png">ActivateWindow(10501,&quot;plugin://plugin.audio.mp3streams/?iconimage=http%3a%2f%2fkinkin-xbmc-repository.googlecode.com%2fsvn%2ftrunk%2fzips%2fplugin.audio.mp3streams%2fart%2fartists.jpg&amp;list=artists%3c%3ehttp%3a%2f%2fmusicmp3.ru%2fartists.html%3c%3ehttp%3a%2f%2fkinkin-xbmc-repository.googlecode.com%2fsvn%2ftrunk%2fzips%2fplugin.audio.mp3streams%2fart%2fartists.jpg&amp;mode=21&amp;name=Artists&amp;type&amp;url=http%3a%2f%2fmusicmp3.ru%2fartists.html&amp;sf_options=fanart%3Dspecial%3A%2F%2Fhome%2Faddons%5Cplugin.audio.mp3streams%5Cfanart.jpg%26_options_sf&quot;,return)</favourite>
	<favourite name="Compilations" thumb="">ActivateWindow(10501,&quot;plugin://plugin.audio.mp3streams/?iconimage&amp;list=compilations%3c%3eurl%3c%3e&amp;mode=400&amp;name=Compilations&amp;type&amp;url=url&amp;sf_options=fanart%3Dspecial%3A%2F%2Fhome%2Faddons%5Cplugin.audio.mp3streams%5Cfanart.jpg%26_options_sf&quot;,return)</favourite>
	<favourite name="SoundTracks" thumb="special://home/addons\plugin.audio.musicbox/resources/img/atflick.png">ActivateWindow(10501,&quot;plugin://plugin.audio.musicbox/?fanart&amp;iconimage=C%3a%5ckodi24%5cportable_data%5caddons%5cplugin.audio.musicbox%2fresources%2fimg%2fatflick.png&amp;mode=7&amp;name=Atflick%20Soundtrack&amp;url=1&amp;sf_options=&quot;,return)</favourite>
</favourites>