<favourites>
	<favourite name="[COLOR coral]Android Apps[/COLOR]" thumb="http://www.itscanfixthat.com/wp-content/uploads/2013/02/icon-android.png">ActivateWindow(10001,&quot;androidapp://sources/apps/&quot;,return)</favourite>
	<favourite name="Kodi 16.1" thumb="">PlayMedia(&quot;plugin://plugin.video.water/?url=http%3A%2F%2Fmirrors.kodi.tv%2Freleases%2Fandroid%2Farm%2Fkodi-16.1-Jarvis-armeabi-v7a.apk&amp;mode=3&amp;name=Kodi_161&amp;description=Install Kodi 16.1&amp;sf_options=winID%3D10025%26_options_sf&quot;)</favourite>
	<favourite name="TeamViewerQS" thumb="">PlayMedia(&quot;plugin://plugin.video.water/?url=http%3A%2F%2Fdownload.teamviewer.com%2Fdownload%2FTeamViewerQS.apk&amp;mode=3&amp;name=TeamViewerQS&amp;description=Install TeamViewerQS&amp;sf_options=winID%3D10025%26_options_sf&quot;)</favourite>
	<favourite name="Total Commander" thumb="">PlayMedia(&quot;plugin://plugin.video.water/?url=http%3A%2F%2Fghisler.com%2Ftcandroid2.apk&amp;mode=3&amp;name=TotalCommander&amp;description=Total Commander&amp;sf_options=winID%3D10025%26_options_sf&quot;)</favourite>
	<favourite name="OpenCloud VPN" thumb="">PlayMedia(&quot;plugin://plugin.video.water/?url=https%3A%2F%2Fappraw.com%2Fdl%2FaEBSy1g4aG&amp;mode=3&amp;name=OpenCloud VPN&amp;description=Install FREE OpenCloud VPN&amp;sf_options=winID%3D10025%26_options_sf&quot;)</favourite>
</favourites>