<?xml version="1.0" encoding="UTF-8" standalone="yes"?>
<addon id="script.trakt" name="Trakt" version="0.0.0.1" provider-name="Trakt.tv, Razzeee">
	<requires>
        <import addon="xbmc.python" version="2.24.0"/>
	</requires>
	<extension point="xbmc.python.script" library="none.py">
		<provides>executable</provides>
	</extension>
	<extension point="xbmc.addon.metadata" name="trakt.metadata">
		<language></language>
		<platform>all</platform>
		<license>GNU GENERAL PUBLIC LICENSE. Version 2, June 1991</license>
		<forum>http://forum.kodi.tv/showthread.php?tid=220547</forum>
		<website>http://trakt.tv</website>
		<email></email>
		<source>https://github.com/trakt/script.trakt</source>
	</extension>
</addon>
