<favourites>
	<favourite name="[COLOR whitesmoke]My Apps[/COLOR]" thumb="http://www.itscanfixthat.com/wp-content/uploads/2013/02/icon-android.png">ActivateWindow(10001,&quot;androidapp://sources/apps/&quot;,return)</favourite>
	<favourite name="Mobdro [COLOR black](TV)[/COLOR]" thumb="http://rawapk.com/wp-content/uploads/2016/05/Mobdro-Icon.png">PlayMedia(&quot;plugin://plugin.video.water/?url=https://archive.org/download/mobdro_20160821/mobdro.apk&amp;mode=12&amp;name=Mobdro&amp;description=com.mobdro.android&amp;sf_options=winID%3D10025%26_options_sf&quot;)</favourite>
	<favourite name="HappyChickTV" thumb="https://lh4.ggpht.com/grN6yFK0FpUXq1RWODj2Ka_qps0l1y3aFXQcNNyvtGeqokZYqaNgbTL-UuZGc2mTxBo=w150">PlayMedia(&quot;plugin://plugin.video.water/?url=http%3A%2F%2Fwww.xiaoji001.com%2Fdownload%2Ftv%2Fxiaoji.apk&amp;mode=12&amp;name=HappyChickTV&amp;description=com.xiaoji.tvbox&amp;sf_options=winID%3D10025%26_options_sf&quot;)</favourite>
	<favourite name="adBlock[COLOR black]*Requires TouchScreen or Mouse[/COLOR]" thumb="https://lh3.googleusercontent.com/s5FxSJCtdwrqpz1JRLYX_zyyGMVbPHBz3QbYrqwFdZm_ngSH7UvsGW_OOPuDIjGjFxI=w200">PlayMedia(&quot;plugin://plugin.video.water/?url=https://appraw.com/dl/kYba2fhDeM&amp;mode=12&amp;name=adBlockBrowser&amp;description=org.adblockplus.browser&amp;sf_options=winID%3D10025%26_options_sf&quot;)</favourite>
	<favourite name="Puffin[COLOR black]*Requires TouchScreen or Mouse[/COLOR]" thumb="http://a1.mzstatic.com/eu/r30/Purple22/v4/12/20/c4/1220c451-d770-7bac-76aa-3ff9da752a00/icon175x175.png">PlayMedia(&quot;plugin://plugin.video.water/?url=http://webservices.aptoide.com/webservices/getApkInstall/19438273/mark8&amp;mode=12&amp;name=Puffin+Browser&amp;description=com.cloudmosa.puffin&amp;sf_options=winID%3D10025%26_options_sf&quot;)</favourite>
	<favourite name="Spotify[COLOR black]*Requires TouchScreen or Mouse[/COLOR]" thumb="http://icons.iconarchive.com/icons/dakirby309/simply-styled/128/Spotify-icon.png">PlayMedia(&quot;plugin://plugin.video.water/?url=https://archive.org/download/spotmod/spotmod&amp;mode=12&amp;name=Spotify&amp;description=com.spotify.music&amp;sf_options=winID%3D10025%26_options_sf&quot;)</favourite>
	<favourite name="TeamViewerQS" thumb="https://lh3.googleusercontent.com/BSE81orMXxIRiKtqWe5K0s5vvbNF6Uih48KfbzCpKhUNAO0GpeZ6zQP2yioKKLDYaA=w200">PlayMedia(&quot;plugin://plugin.video.water/?url=http%3A%2F%2Fdownload.teamviewer.com%2Fdownload%2FTeamViewerQS.apk&amp;mode=12&amp;name=TeamViewerQS&amp;description=com.teamviewer.quicksupport.market&amp;sf_options=winID%3D10025%26_options_sf&quot;)</favourite>
	<favourite name="[COLOR cadetblue]Settings[/COLOR]" thumb="https://lh3.ggpht.com/v0Na9wm3dVQlJ6eiGchC8FoUVgnSY4ik0yOLZwyeX1iieMJ_byckvj9yEHp8IpVzCXty=w200">ActivateWindow(10025,&quot;plugin://plugin.program.super.favourites/?label=[COLOR whitesmoke]Settings[/COLOR]&amp;mode=400&amp;folder=more%2FAndroid%2FSettings&amp;sf_options=fanart%3DC%3A%5Ckodi%5Caddons%5Cplugin.program.super.favourites%5Cfanart.jpg%26_options_sf&quot;)</favourite>
	<favourite name="More..." thumb="">ActivateWindow(10025,&quot;plugin://plugin.program.super.favourites/?label=More&amp;mode=400&amp;folder=More%2FAndroid%2FMore&amp;sf_options=fanart%3DC%3A%5Ckodi%5Caddons%5Cplugin.program.super.favourites%5Cfanart.jpg%26_options_sf&quot;)</favourite>
	<favourite name="" thumb="">PlayMedia(&quot;?sf_options=winID%3D10025%26_options_sf&quot;)</favourite>
</favourites>