<favourites>
	<favourite name="New Releases - BEST SERVER" thumb="http://icons.iconarchive.com/icons/designcontest/ecommerce-business/128/bar-chart-icon.png">ActivateWindow(10025,&quot;plugin://plugin.video.origin2/?action=movies&amp;url=trending&quot;,return)</favourite>
		<favourite name="New Releases - Server 1[COLOR black]- ph[/COLOR]" thumb="http://media.reeoo.com/MovieQuest-icon.png!icon180">ActivateWindow(10025,&quot;plugin://plugin.video.phstreams/?action=directory&amp;url=http%3a%2f%2fphoenixtv.offshorepastebin.com%2freleases%2fmain.xml&quot;,return)</favourite>
	<favourite name="New Releases - Server 2[COLOR black]- one[/COLOR]" thumb="https://i.imgsafe.org/b396b5d.jpg">ActivateWindow(10025,&quot;plugin://plugin.video.phstreams/?action=directory&amp;url=http%3a%2f%2fone242415.offshorepastebin.com%2fMovies%2fLatestRelease.xml&quot;,return)</favourite>
	<favourite name="New Releases - Server 3[COLOR black]- bob[/COLOR]" thumb="http://www.norestrictions.club/main/mainicons/NewReleases.jpg">ActivateWindow(10025,&quot;plugin://plugin.video.phstreams/?action=directory&amp;content=0&amp;url=http%3a%2f%2fnorestrictions.club%2fnorestrictions.club%2fmain%2fnewreleases.xml&quot;,return)</favourite>
	
	<favourite name="New Releases - Server 4[COLOR black]- valhalla[/COLOR]" thumb="http://i.imgur.com/8Mxn3jA.jpg">ActivateWindow(10025,&quot;plugin://plugin.video.phstreams/?action=directory&amp;content=0&amp;url=http%3a%2f%2fnorestrictions.club%2fnorestrictions.club%2fvalhalla%2fHot.xml&quot;,return)</favourite>



<favourite name="" thumb="">PlayMedia(&quot;plugin://plugin.video.none?sf_options=winID%3D10025%26_options_sf&quot;,return)</favourite>
	<--!favourite name="More..." thumb="">ActivateWindow(10025,&quot;plugin://plugin.program.super.favourites/?sf_options=&amp;mode=400&amp;path=special%3A%2F%2Fhome%2Faddons%2Fscript.supafav%2FSuper%20Favourites/Movies%2FNew%5CMore&amp;sf_options=&quot;,return)</favourite>
	
	<favourite name="New Releases  - Server 5[COLOR black]- salts[/COLOR]" thumb="special://home/addons\plugin.video.salts\art\themes\Shine\trending.png">ActivateWindow(10025,&quot;plugin://plugin.video.salts/?mode=trending&amp;section=Movies&amp;sf_options=fanart%3Dspecial%3A%2F%2Fhome%2Faddons%5Cplugin.video.salts%5Cfanart.jpg%26_options_sf&quot;,return)</favourite>
	<favourite name="New Releases  - Server 6[COLOR black]- primewire lowqualtiy[/COLOR]" thumb="https://firestixz.files.wordpress.com/2015/07/1channel-icon.jpg">ActivateWindow(10025,&quot;plugin://plugin.video.1channel/?mode=GetFilteredResults&amp;section=movie&amp;sort=featured&amp;sf_options=&quot;,return)</favourite><favourite name="New Releases  - Server 6[COLOR black]- primewire lowqualtiy[/COLOR]" thumb="https://firestixz.files.wordpress.com/2015/07/1channel-icon.jpg">ActivateWindow(10025,&quot;plugin://plugin.video.1channel/?mode=GetFilteredResults&amp;section=movie&amp;sort=featured&amp;sf_options=&quot;,return)</favourite>
	
	</favourites>