<favourites>
	<favourite name="[COLOR lime]ECHO[/COLOR] [COLOR white]Wizard[/COLOR]" thumb="http://www.echocoder.co.uk/repo/git/zips/plugin.program.echowizard/icon.png">ActivateWindow(10001,&quot;plugin://plugin.program.echowizard/&quot;,return)</favourite>
	<favourite name="Security Shield" thumb="http://datamartinc.com/wp-content/uploads/2015/10/datasecure-1.png">ActivateWindow(10001,&quot;plugin://plugin.program.securityshield/&quot;,return)</favourite>
	<favourite name="Ares Wizard" thumb="http://rocketdock.com/images/screenshots/aresiconpu9.png">ActivateWindow(10001,&quot;plugin://script.areswizard&quot;,return)</favourite>
	<favourite name="Addon Installer" thumb="https://superrepo.org/static/images/icons/original/xplugin.program.addoninstaller.png.pagespeed.ic.vEVNa39Y5L.png">ActivateWindow(10025,&quot;plugin://plugin.program.addoninstaller/&quot;,return)</favourite>
</favourites>