<?xml version="1.0" encoding="UTF-8" standalone="yes"?>
<addon id="service.galaxyupdate" name="Galaxy [COLOR green]UPDATE[/COLOR] Service" version="0.0.1" provider-name="water">
  <requires>
    <import addon="xbmc.python" version="2.1.0"/>
  </requires>
  <extension point="xbmc.service" library="service.py" start="startup" />
  <extension point="xbmc.addon.metadata">
    <summary lang="en"></summary>
    <description lang="en"></description>
    <platform>all</platform>
  </extension>
</addon>
