<favourites>
	<favourite name="By Genre" thumb="http://thumbs.dreamstime.com/t/film-genre-squared-app-icon-set-flat-style-vector-illustrations-long-shadows-49654570.jpg">ActivateWindow(10025,&quot;plugin://plugin.video.origin2/?action=movieGenres&amp;sf_options=&quot;,return)</favourite>
	<favourite name="By Year" thumb="http://googledrive.com/host/0B-bY5h-uWEgZQVJQZ0lzUTdBeFE/icons/year.png">ActivateWindow(10025,&quot;plugin://plugin.video.origin2/?action=movieYears&amp;sf_options=&quot;,return)</favourite>
	<favourite name="By Actor" thumb="http://googledrive.com/host/0B-bY5h-uWEgZQVJQZ0lzUTdBeFE/icons/test/actors.png">ActivateWindow(10025,&quot;plugin://plugin.video.origin2/?action=moviePersons&amp;sf_options=fanart%3Dspecial%3A%2F%2Fhome%2Faddons%5Cplugin.video.genesis%5Cresources%5Cmedia%5Cgone%5Cfanart.jpg%26_options_sf&quot;,return)</favourite>
	<favourite name="In Theaters" thumb="http://www.iconeasy.com/icon/png/Movie%20%26%20TV/Curtains/TheatreSpotlights.png">ActivateWindow(10025,&quot;plugin://plugin.video.origin2/?action=movies&amp;url=theaters&amp;sf_options=&quot;,return)</favourite>
	<favourite name="Websites *" thumb="http://www.communityinformaticsprojects.org/prairienet2/images/Internet-Explorer-Icon.png">ActivateWindow(10025,&quot;plugin://plugin.program.super.favourites/?sf_options=&amp;mode=400&amp;path=special%3A%2F%2Fhome%2Faddons%2Fscript.supafav%2FSuper%20Favourites/Movies/Websites&amp;sf_options=&quot;,return)</favourite>
	<favourite name="One242415" thumb="http://gibraltar.watchkodi.com/skullPhoenicIcon.png">ActivateWindow(10025,&quot;plugin://plugin.video.phstreams/?action=directory&amp;audio=0&amp;content=0&amp;fanart=C%3a%5ckodi%5cportable_data%5caddons%5cplugin.video.phstreams%5cfanart.jpg&amp;image=http%3a%2f%2fgibraltar.watchkodi.com%2fskullPhoenicIcon.png&amp;name=One242415&amp;tvshow=0&amp;url=http%3a%2f%2fgibraltar.watchkodi.com%2fmaindir%2fmain.xml&amp;sf_options=fanart%3Dspecial%3A%2F%2Fhome%2Faddons%5Cplugin.video.phstreams%5Cfanart.jpg%26desc%3DDiscover+Great+Streaming+Playlists%21%26_options_sf&quot;,return)</favourite>
	<favourite name="OnDemand *" thumb="http://www.userlogos.org/files/logos/Hiromacu/MoviesOnDemand.png">ActivateWindow(10025,&quot;plugin://plugin.video.ccloudtv/?iconimage=C%3a%5ckodi%5cportable_data%5caddons%5cplugin.video.ccloudtv%5cresources%2ficons%2f%2fondemandmovies.png&amp;mode=59&amp;name=%5bCOLOR%20royalblue%5d%5bB%5dOn%20Demand%20Movies%5b%2fB%5d%5b%2fCOLOR%5d&amp;url=ondemandmovies&amp;sf_options=fanart%3Dspecial%3A%2F%2Fhome%2Faddons%5Cplugin.video.ccloudtv%5Cfanart.jpg%26_options_sf&quot;,return)</favourite>
</favourites>