<favourites>
	<favourite name="Reddit" thumb="">ActivateWindow(10025,&quot;plugin://plugin.video.reddit_tv/?mode=autoPlay&amp;type=UNWATCHED_RANDOM&amp;url=http%3a%2f%2fwww.reddit.com%2fr%2ffullcartoonsonyoutube%2fsearch.json%3fq%3dnsfw%3ano%2bsite%253Ayoutu.be%2bOR%2bsite%253Ayoutube.com%2bOR%2bsite%253Avimeo.com%2bOR%2bsite%253Aliveleak.com%2bOR%2bsite%253Adailymotion.com%26sort%3dnew%26restrict_sr%3don%26limit%3d50&amp;sf_options=&quot;,return)</favourite>
	<favourite name="MoviesXK" thumb="special://home/addons\plugin.video.moviexk\icon.png">ActivateWindow(10025,&quot;plugin://plugin.video.moviexk/?description&amp;mode=1&amp;name=Family&amp;url=http%3a%2f%2fwww.moviexk.net%2ffamily&amp;sf_options=fanart%3Dspecial%3A%2F%2Fhome%2Faddons%5Cplugin.video.moviexk%5Cfanart.jpg%26_options_sf&quot;,return)</favourite>
	<favourite name="Funnier Moments" thumb="special://home/addons\plugin.video.funniermoments\icon.png">ActivateWindow(10025,&quot;plugin://plugin.video.funniermoments/?sf_options=desc%3DWatch+your+favourite+Hanna-Barbera+cartoons%2C+and+many+more%2C+courtesy+of+www.funniermoments.com%26_options_sf&quot;,return)</favourite>
	<favourite name="Toonjet" thumb="special://home/addons\plugin.video.toonjet\icon.png">ActivateWindow(10025,&quot;plugin://plugin.video.toonjet/&amp;sf_options=&quot;)</favourite>
	<favourite name="[COLOR red][COLOR white]KIDS STUFF[COLOR red] [COLOR lime][/COLOR][/COLOR]" thumb="http://i1295.photobucket.com/albums/b636/beatbox8501/KIDS_zpsgflhj2dv.png">ActivateWindow(10025,&quot;plugin://plugin.video.streamengine/?date&amp;description&amp;iconimage=http%3a%2f%2fi1295.photobucket.com%2falbums%2fb636%2fbeatbox8501%2fKIDS_zpsgflhj2dv.png&amp;mode=1&amp;name=%5bCOLOR%20red%5d%5bCOLOR%20white%5dKIDS%20STUFF%5bCOLOR%20red%5d%20%5bCOLOR%20lime%5d%5b%2fCOLOR%5d%5b%2fCOLOR%5d&amp;page&amp;play&amp;url=https%3a%2f%2fpastebin.com%2fraw.php%3fi%3d4guZC7WJ&amp;sf_options=fanart%3Dhttp%3A%2F%2Fi1295.photobucket.com%2Falbums%2Fb636%2Fbeatbox8501%2Fwallpaper_zpsopwvguho.jpg%26_options_sf&quot;,return)</favourite>
	<favourite name="FamilyFun Flix" thumb="special://home/addons\plugin.video.familyfunflix\icon.png">ActivateWindow(10025,&quot;plugin://plugin.video.familyfunflix/&amp;sf_options=&quot;,return)</favourite>
	<favourite name="ToonMania" thumb="special://home/addons\plugin.video.toonmania\icon.png">ActivateWindow(10025,&quot;plugin://plugin.video.toonmania?sf_options=fanart%3Dspecial%3A%2F%2Fhome%2Faddons%5Cplugin.video.toonmania%5Cfanart.jpg%26_options_sf&quot;,return)</favourite>
	<favourite name="SpongeBob" thumb="http://d3u3s1yur1h76d.cloudfront.net/production/session-thumbnails-desktop/50686cb1bbaa9/9e095de81b74bbd918fa37fc2605348f/50686cb1bbaa9_9e095de81b74bbd918fa37fc2605348f_20151229023158_5682611eac06b_128.jpg">PlayMedia(&quot;plugin://plugin.video.veetle/?channel=50686cb1bbaa9&amp;sf_options=winID%3D10025%26_options_sf&quot;,return)</favourite>
	<favourite name="Cartoon Crazy" thumb="special://home/addons\plugin.video.phstreams/resources/media/phtoons/CartoonCrazy-icon.png">ActivateWindow(10025,&quot;plugin://plugin.video.phstreams/?action=CartoonCrazy&amp;fanart=C%3a%5ckodi%5cportable_data%5caddons%5cplugin.video.phstreams%2fresources%2fmedia%2fphtoons%2fCartoonCrazy-fanart.jpg&amp;image=C%3a%5ckodi%5cportable_data%5caddons%5cplugin.video.phstreams%2fresources%2fmedia%2fphtoons%2fCartoonCrazy-icon.png&amp;url=0&amp;sf_options=fanart%3Dspecial%3A%2F%2Fhome%2Faddons%5Cplugin.video.phstreams%2Fresources%2Fmedia%2Fphtoons%2FCartoonCrazy-fanart.jpg%26_options_sf&quot;,return)</favourite>
	<favourite name="[COLOR white].TOP 10 DISNEY CLASSICS[/COLOR]" thumb="http://i1295.photobucket.com/albums/b636/beatbox8501/KIDS_zpsgflhj2dv.png">ActivateWindow(10025,&quot;plugin://plugin.video.streamengine/?date&amp;description&amp;iconimage=http%3a%2f%2fi1295.photobucket.com%2falbums%2fb636%2fbeatbox8501%2fKIDS_zpsgflhj2dv.png&amp;mode=1&amp;name=%5bCOLOR%20white%5d.TOP%2010%20DISNEY%20CLASSICS%5b%2fCOLOR%5d&amp;page&amp;play&amp;url=https%3a%2f%2fpastebin.com%2fraw.php%3fi%3dT56PX944&amp;sf_options=fanart%3Dhttp%3A%2F%2Fi1295.photobucket.com%2Falbums%2Fb636%2Fbeatbox8501%2Fwallpaper_zpsopwvguho.jpg%26_options_sf&quot;,return)</favourite>
	<favourite name="New Kids Tv" thumb="special://home/addons\plugin.video.newkidstv\icon.png">ActivateWindow(10025,&quot;plugin://plugin.video.newkidstv?sf_options=fanart%3Dspecial%3A%2F%2Fhome%2Faddons%5Cplugin.video.newkidstv%5Cfanart.jpg%26desc%3DPlenty+Of+Kids+TV+Shows+they+will+all+love%21+by+%40random_robbie%26_options_sf&quot;,return)</favourite>
	<favourite name="[I][COLOR green]Kids[/COLOR][/I]" thumb="http://dij.dijentertainments.co.uk/pics/kidsc.png">ActivateWindow(10025,&quot;plugin://plugin.video.dijentertainments/?fanart&amp;mode=1&amp;name=%5bI%5d%5bCOLOR%20green%5dKids%5b%2fCOLOR%5d%5b%2fI%5d&amp;url=http%3a%2f%2fdij.dijentertainments.co.uk%2flists%2fxml%2fkidsmovies%2fkidsmovies.xml&quot;,return)</favourite>
</favourites>