<favourites>
	<favourite name="New Episodes - tvMix" thumb="special://home/addons\plugin.video.tvmix\resources\art\latest.png">ActivateWindow(10025,&quot;plugin://plugin.video.tvmix/?mode=1&amp;name=New%20Latest%20Episodes&amp;url=http%3a%2f%2fwww.watchepisodes1.com%2f&quot;,return)</favourite>
	<favourite name="New Episodes - PrimeWire" thumb="http://www.waltinpa.com/wp-content/uploads/2015/08/8b9f927f763b78de890fdff3bf5041bda5210d4e_updatestamp.png">ActivateWindow(10025,&quot;plugin://plugin.video.1channel/?mode=GetFilteredResults&amp;section=tv&amp;sort=date&quot;,return)</favourite>
	<favourite name="New Episodes - AWDL" thumb="http://www.iconarchive.com/download/i85595/graphicloads/100-flat/new.ico">ActivateWindow(10025,&quot;plugin://plugin.video.allinone/?mode=GetTitles1&amp;numOfPages=2&amp;section=ALL&amp;startPage=1&amp;url=http%3a%2f%2fawesomedl.ru%2f%2f&amp;sf_options=&quot;,return)</favourite>
	<favourite name="" thumb="">PlayMedia(&quot;plugin://plugin.video.none?sf_options=winID%3D10025%26_options_sf&quot;,return)</favourite>
	<favourite name="[COLOR azure]More...[/COLOR]" thumb="http://www.mathpen.co.uk/images/add.png">ActivateWindow(10025,&quot;plugin://plugin.program.super.favourites/?sf_options=&amp;mode=400&amp;path=special%3A%2F%2Fhome%2Faddons%2Fscript.supafav%2FSuper%20Favourites/TV Shows/Recently Added/More&amp;sf_options=&quot;,return)</favourite>
</favourites>