<favourites>
	<favourite name="HD Films" thumb="special://home/addons\plugin.video.filmdictator\icon.png">ActivateWindow(10025,&quot;plugin://plugin.video.filmdictator/?description&amp;mode=1&amp;name=HD%20Films&amp;url=http%3a%2f%2ffilmdictator.com%2fcategory%2fhd-films%2f&amp;sf_options=fanart%3Dspecial%3A%2F%2Fhome%2Faddons%5Cplugin.video.filmdictator%5Cfanart.jpg%26_options_sf&quot;,return)</favourite>
	<favourite name="HD Movies" thumb="special://home/addons\plugin.video.onlinemovies\icon.png">ActivateWindow(10025,&quot;plugin://plugin.video.onlinemovies/?description&amp;mode=1&amp;name=HD%20Movies&amp;url=http%3a%2f%2fonlinemovies.pro%2fcategory%2fhd-movies%2f%3ffiltre%3drandom&amp;sf_options=fanart%3Dspecial%3A%2F%2Fhome%2Faddons%5Cplugin.video.onlinemovies%5Cfanart.jpg%26_options_sf&quot;,return)</favourite>
	<favourite name="Full HD Movies" thumb="special://home/addons\plugin.video.viewmovies\icon.png">ActivateWindow(10025,&quot;plugin://plugin.video.viewmovies/?description&amp;mode=1&amp;name=Full%20HD%20Movies&amp;url=http%3a%2f%2fwww.viewmovies.is%2fcategory%2ffull-hd-movies%2f&amp;sf_options=fanart%3Dspecial%3A%2F%2Fhome%2Faddons%5Cplugin.video.viewmovies%5Cfanart.jpg%26_options_sf&quot;,return)</favourite>
	<favourite name="HD Movies" thumb="special://home/addons\plugin.video.moviexk\icon.png">ActivateWindow(10025,&quot;plugin://plugin.video.moviexk/?description&amp;mode=1&amp;name=HD%20Movies&amp;url=http%3a%2f%2fwww.moviexk.net%2fmovies-hd%2f&amp;sf_options=fanart%3Dspecial%3A%2F%2Fhome%2Faddons%5Cplugin.video.moviexk%5Cfanart.jpg%26_options_sf&quot;,return)</favourite>
	<favourite name="Rockcrusher" thumb="http://york.watchkodi.com/myicon.jpg">ActivateWindow(10025,&quot;plugin://plugin.video.phstreams/?action=ndmode&amp;audio=0&amp;content=0&amp;fanart=C%3a%5ckodi%5cportable_data%5caddons%5cplugin.video.phstreams%5cfanart.jpg&amp;image=http%3a%2f%2fyork.watchkodi.com%2fmyicon.jpg&amp;name=Rockcrusher&amp;playable=false&amp;tvshow=0&amp;url=http%3a%2f%2fyork.watchkodi.com%2fMainDir%2fmain.xml&amp;sf_options=fanart%3Dspecial%3A%2F%2Fhome%2Faddons%5Cplugin.video.phstreams%5Cfanart.jpg%26desc%3DDiscover+Great+Streaming+Playlists%21%26_options_sf&quot;,return)</favourite>
	<favourite name="One242415" thumb="http://gibraltar.watchkodi.com/skullPhoenicIcon.png">ActivateWindow(10025,&quot;plugin://plugin.video.phstreams/?action=ndmode&amp;audio=0&amp;content=0&amp;fanart=C%3a%5ckodi%5cportable_data%5caddons%5cplugin.video.phstreams%5cfanart.jpg&amp;image=http%3a%2f%2fgibraltar.watchkodi.com%2fskullPhoenicIcon.png&amp;name=One242415&amp;playable=false&amp;tvshow=0&amp;url=http%3a%2f%2fgibraltar.watchkodi.com%2fmaindir%2fmain.xml&amp;sf_options=fanart%3Dspecial%3A%2F%2Fhome%2Faddons%5Cplugin.video.phstreams%5Cfanart.jpg%26desc%3DDiscover+Great+Streaming+Playlists%21%26_options_sf&quot;,return)</favourite>
	<favourite name="[COLOR yellow]New HD[/COLOR]" thumb="http://s5.postimg.org/p6r31q3pj/New_HD.jpg">ActivateWindow(10025,&quot;plugin://plugin.video.phstreams/?action=ndmode&amp;audio=0&amp;content=0&amp;fanart=http%3a%2f%2fs5.postimg.org%2fn5fv921c7%2fFan_art.png&amp;image=http%3a%2f%2fs5.postimg.org%2fp6r31q3pj%2fNew_HD.jpg&amp;name=%5bCOLOR%20yellow%5dNew%20HD%5b%2fCOLOR%5d&amp;playable=false&amp;tvshow=0&amp;url=http%3a%2f%2fyork.watchkodi.com%2fAfdah%2fRecent.xml&amp;sf_options=fanart%3Dhttp%3A%2F%2Fs5.postimg.org%2Fn5fv921c7%2FFan_art.png%26desc%3DDiscover+Great+Streaming+Playlists%21%26_options_sf&quot;,return)</favourite>
	<favourite name="LatestDude" thumb="special://home/addons\plugin.video.lmER\icon.png">ActivateWindow(10025,&quot;plugin://plugin.video.lmER?sf_options=fanart%3Dspecial%3A%2F%2Fhome%2Faddons%5Cplugin.video.lmER%5Cfanart.jpg%26desc%3Dstream+movies+from+LatestDude+great+for+1080p+720p+movies+with+the+best+hosts%26_options_sf&quot;,return)</favourite>
</favourites>