<?xml version="1.0" encoding="UTF-8" standalone="yes"?>

<addon id="repo.water.3rdparty" name="waterREPO 3rd party" version="0.0.9" provider-name="water">
	<extension point="xbmc.addon.repository" name="waterREPO 3rd party">
		<info compressed="false">https://googledrive.com/host/0B-bY5h-uWEgZYUN5VE5mVURYcFE/addons.xml</info>
		<checksum>https://googledrive.com/host/0B-bY5h-uWEgZYUN5VE5mVURYcFE/addons.xml.md5</checksum>
		<datadir zip="true">https://googledrive.com/host/0B-bY5h-uWEgZYUN5VE5mVURYcFE/</datadir>
	</extension>
	<extension point="xbmc.addon.metadata">
		<summary></summary>
		<description></description>
		<platform></platform>
	</extension>
</addon>

