<favourites>
	<favourite name="ESPN" thumb="http://www.allaccess.com/assets/img/editorial/raw/es/espnlogo.jpg">PlayMedia(&quot;http://80.80.160.168/live/6/live.m3u8?sf_options=winID%3D10025%26_options_sf&quot;)</favourite>
	<favourite name="FOX Sports 1" thumb="http://2.bp.blogspot.com/-eGdimZ-T92c/UhObgpLOcnI/AAAAAAAAPgY/_gyeOCi0Wvg/s400/fox.jpeg">PlayMedia(&quot;http://ooyalahd2-f.akamaihd.net/i/eslax17_delivery@349499/master.m3u8?sf_options=winID%3D10025%26_options_sf&quot;)</favourite>
	<favourite name="FOX Sports 2" thumb="https://app.uktvnow.net/images/channel_imgs/190116045256fox2.jpg|User-Agent=Dalvik/2.1.0 (Linux; U; Android 5.1.1; SM-G920F Build/LMY47X)">PlayMedia(&quot;plugin://plugin.video.wateriptv/?url=url&amp;mode=1002&amp;name=Fox+Sports+2&amp;sf_options=winID%3D10025%26_options_sf&quot;)</favourite>
	<favourite name="NBC Sports" thumb="http://static.wixstatic.com/media/fefd1f_da8842f45aae6ab60b81b8ada2b414e0.jpg">PlayMedia(&quot;http://54.177.79.231/server/play/nbcsnxctg/master.m3u8?sf_options=winID%3D10025%26_options_sf&quot;)</favourite>
	<favourite name="RedBullTV" thumb="https://superrepo.org/static/images/icons/original/xplugin.video.redbull_tv.png.pagespeed.ic.qet5GdYRQ4.png">ActivateWindow(10025,&quot;plugin://plugin.program.super.favourites/?label=RedBullTV&amp;mode=400&amp;folder=Sports%2FChannels%2FRedBullTV&amp;sf_options=fanart%3DNULL%26_options_sf&quot;)</favourite>
	<favourite name="Golf Channel" thumb="https://pbs.twimg.com/profile_images/618993110597525504/9tm6lfEv.jpg">PlayMedia(&quot;http://tvegolf-i.Akamaihd.net/hls/live/218225/golfx/4296k/prog.m3u8?sf_options=winID%3D10025%26_options_sf&quot;)</favourite>
	<favourite name="NHL Network" thumb="http://megaicons.net/static/img/icons_sizes/6/58/256/nhl-icon.png">PlayMedia(&quot;http://208.92.36.158/ipad/live/nba_ipad_1240.m3u8?sf_options=winID%3D10025%26_options_sf&quot;)</favourite>
	<favourite name="PAC12" thumb="http://x.pac-12.com/profiles/pac12/modules/features/pac12_standings/images/pac12.png">ActivateWindow(10025,&quot;plugin://plugin.program.super.favourites/?label=[COLOR azure]College Sports[/COLOR]&amp;mode=400&amp;path=special%3A%2F%2Fhome%2Faddons%2Fscript.supafav%2FSuper%20Favourites%5CSports%5CCollege%20Sports&amp;sf_options=fanart%3DNULL%26_options_sf&quot;)</favourite>
	<favourite name="ESPN" thumb="https://app.uktvnow.net/images/channel_imgs/160116015231espn.png|User-Agent=Dalvik/2.1.0 (Linux; U; Android 5.1.1; SM-G920F Build/LMY47X)">PlayMedia(&quot;plugin://plugin.video.wateriptv/?url=url&amp;mode=1002&amp;name=ESPN&amp;sf_options=winID%3D10025%26_options_sf&quot;)</favourite>
	<favourite name="ESPN HD" thumb="https://app.uktvnow.net/images/channel_imgs/190116044229espn.jpg|User-Agent=Dalvik/2.1.0 (Linux; U; Android 5.1.1; SM-G920F Build/LMY47X)">PlayMedia(&quot;plugin://plugin.video.wateriptv/?url=url&amp;mode=1002&amp;name=Espn+HD&amp;sf_options=winID%3D10025%26_options_sf&quot;)</favourite>
	<favourite name="ESPN 2" thumb="https://app.uktvnow.net/images/channel_imgs/190116044202espn2.png|User-Agent=Dalvik/2.1.0 (Linux; U; Android 5.1.1; SM-G920F Build/LMY47X)">PlayMedia(&quot;plugin://plugin.video.wateriptv/?url=url&amp;mode=1002&amp;name=ESPN+2&amp;sf_options=winID%3D10025%26_options_sf&quot;)</favourite>
	
	<favourite name="TSN1" thumb="https://lh4.googleusercontent.com/-9e0nuhCRNFA/AAAAAAAAAAI/AAAAAAAAFZI/SINuLlR6zTs/photo.jpg">PlayMedia(&quot;plugin://plugin.video.wateriptv/?url=url&amp;mode=1002&amp;name=TSN+1&amp;sf_options=winID%3D10025%26_options_sf&quot;)</favourite>
	<favourite name="TSN2" thumb="https://lh4.googleusercontent.com/-9e0nuhCRNFA/AAAAAAAAAAI/AAAAAAAAFZI/SINuLlR6zTs/photo.jpg">PlayMedia(&quot;plugin://plugin.video.wateriptv/?url=url&amp;mode=1002&amp;name=TSN+2&amp;sf_options=winID%3D10025%26_options_sf&quot;)</favourite>
	<favourite name="TSN3" thumb="https://lh4.googleusercontent.com/-9e0nuhCRNFA/AAAAAAAAAAI/AAAAAAAAFZI/SINuLlR6zTs/photo.jpg">PlayMedia(&quot;plugin://plugin.video.wateriptv/?url=url&amp;mode=1002&amp;name=TSN+3&amp;sf_options=winID%3D10025%26_options_sf&quot;)</favourite>
	<favourite name="BT Sport 1" thumb="http://footballontv.com/img/channels/square-300/BT-Sport-1.png">PlayMedia(&quot;plugin://plugin.video.wateriptv/?url=url&amp;mode=1002&amp;name=Bt+sports+1&amp;sf_options=winID%3D10025%26_options_sf&quot;)</favourite>
	<favourite name="BT Sport 2" thumb="http://footballontv.com/img/channels/square-300/BT-Sport-2.png">PlayMedia(&quot;plugin://plugin.video.wateriptv/?url=url&amp;mode=1002&amp;name=Bt+sports+2&amp;sf_options=winID%3D10025%26_options_sf&quot;)</favourite>
	<favourite name="BT Sport ESPN" thumb="https://app.uktvnow.net/images/channel_imgs/130216115545BT-Sport-ESPN.png|User-Agent=Dalvik/2.1.0 (Linux; U; Android 5.1.1; SM-G920F Build/LMY47X)">PlayMedia(&quot;plugin://plugin.video.wateriptv/?url=url&amp;mode=1002&amp;name=BT+Sport+ESPN&amp;sf_options=winID%3D10025%26_options_sf&quot;)</favourite>
	<favourite name="MLB Network" thumb="https://app.uktvnow.net/images/channel_imgs/200116013246mlb.png|User-Agent=Dalvik/2.1.0 (Linux; U; Android 5.1.1; SM-G920F Build/LMY47X)">PlayMedia(&quot;plugin://plugin.video.wateriptv/?url=url&amp;mode=1002&amp;name=MLB+Network&amp;sf_options=winID%3D10025%26_options_sf&quot;)</favourite>
	<favourite name="NBA TV" thumb="https://app.uktvnow.net/images/channel_imgs/200116020842nba.png|User-Agent=Dalvik/2.1.0 (Linux; U; Android 5.1.1; SM-G920F Build/LMY47X)">PlayMedia(&quot;plugin://plugin.video.wateriptv/?url=url&amp;mode=1002&amp;name=NBA+TV&amp;sf_options=winID%3D10025%26_options_sf&quot;)</favourite>
	<favourite name="NFL Network" thumb="https://app.uktvnow.net/images/channel_imgs/200116021039nfl.jpg|User-Agent=Dalvik/2.1.0 (Linux; U; Android 5.1.1; SM-G920F Build/LMY47X)">PlayMedia(&quot;plugin://plugin.video.wateriptv/?url=url&amp;mode=1002&amp;name=NFL+Network&amp;sf_options=winID%3D10025%26_options_sf&quot;)</favourite>
	<favourite name="WWE" thumb="https://app.uktvnow.net/images/channel_imgs/200116043641wwee.gif|User-Agent=Dalvik/2.1.0 (Linux; U; Android 5.1.1; SM-G920F Build/LMY47X)">PlayMedia(&quot;plugin://plugin.video.wateriptv/?url=url&amp;mode=1002&amp;name=wwe+HD&amp;sf_options=winID%3D10025%26_options_sf&quot;)</favourite>
	<favourite name="Premier Sports" thumb="https://app.uktvnow.net/images/channel_imgs/200116033917prem.png|User-Agent=Dalvik/2.1.0 (Linux; U; Android 5.1.1; SM-G920F Build/LMY47X)">PlayMedia(&quot;plugin://plugin.video.wateriptv/?url=url&amp;mode=1002&amp;name=Premier+Sports&amp;sf_options=winID%3D10025%26_options_sf&quot;)</favourite>
	<favourite name="Sky Sports 1" thumb="https://app.uktvnow.net/images/channel_imgs/200116041103skysprts1.png|User-Agent=Dalvik/2.1.0 (Linux; U; Android 5.1.1; SM-G920F Build/LMY47X)">PlayMedia(&quot;plugin://plugin.video.wateriptv/?url=url&amp;mode=1002&amp;name=Sky+Sports+1&amp;sf_options=winID%3D10025%26_options_sf&quot;)</favourite>
	<favourite name="Sky Sports 2" thumb="https://app.uktvnow.net/images/channel_imgs/200116041135skysports2.png|User-Agent=Dalvik/2.1.0 (Linux; U; Android 5.1.1; SM-G920F Build/LMY47X)">PlayMedia(&quot;plugin://plugin.video.wateriptv/?url=url&amp;mode=1002&amp;name=Sky+Sports+2&amp;sf_options=winID%3D10025%26_options_sf&quot;)</favourite>
	<favourite name="Sky Sports 3" thumb="https://app.uktvnow.net/images/channel_imgs/200116041201sk3.png|User-Agent=Dalvik/2.1.0 (Linux; U; Android 5.1.1; SM-G920F Build/LMY47X)">PlayMedia(&quot;plugin://plugin.video.wateriptv/?url=url&amp;mode=1002&amp;name=Sky+Sports+3&amp;sf_options=winID%3D10025%26_options_sf&quot;)</favourite>
	<favourite name="Sky Sports 4" thumb="https://app.uktvnow.net/images/channel_imgs/200116041251sk4.jpg|User-Agent=Dalvik/2.1.0 (Linux; U; Android 5.1.1; SM-G920F Build/LMY47X)">PlayMedia(&quot;plugin://plugin.video.wateriptv/?url=url&amp;mode=1002&amp;name=Sky+Sports+4&amp;sf_options=winID%3D10025%26_options_sf&quot;)</favourite>
	<favourite name="Sky Sports 5" thumb="https://app.uktvnow.net/images/channel_imgs/200116041316sk5.png|User-Agent=Dalvik/2.1.0 (Linux; U; Android 5.1.1; SM-G920F Build/LMY47X)">PlayMedia(&quot;plugin://plugin.video.wateriptv/?url=url&amp;mode=1002&amp;name=Sky+Sports+5&amp;sf_options=winID%3D10025%26_options_sf&quot;)</favourite>
	<favourite name="SkySports F1" thumb="https://app.uktvnow.net/images/channel_imgs/200116041518f1.png|User-Agent=Dalvik/2.1.0 (Linux; U; Android 5.1.1; SM-G920F Build/LMY47X)">PlayMedia(&quot;plugin://plugin.video.wateriptv/?url=url&amp;mode=1002&amp;name=SkySports+F1&amp;sf_options=winID%3D10025%26_options_sf&quot;)</favourite>
	<favourite name="SkySports News" thumb="https://app.uktvnow.net/images/channel_imgs/200116041858news.png|User-Agent=Dalvik/2.1.0 (Linux; U; Android 5.1.1; SM-G920F Build/LMY47X)">PlayMedia(&quot;plugin://plugin.video.wateriptv/?url=url&amp;mode=1002&amp;name=SkySports+News&amp;sf_options=winID%3D10025%26_options_sf&quot;)</favourite>
	<favourite name="More Sports Channels..." thumb="http://cdn8.staztic.com/app/a/6448/6448482/sports-tv-ptv-sports-live-1-l-140x140.png">ActivateWindow(10025,&quot;plugin://plugin.video.wateriptv/?description&amp;mode=2105&amp;name=%5bCOLOR%20whitee%5dSport%20Channels%5b%2fCOLOR%5d&amp;url=0&quot;,return)</favourite>
</favourites>