<favourites>
	<favourite name="Munchies" thumb="https://yt3.ggpht.com/-VXDa5ce1Zr0/AAAAAAAAAAI/AAAAAAAAAAA/yLyEVhQzQIw/s240-c-k-no/photo.jpg">ActivateWindow(10025,&quot;plugin://plugin.video.youtube/channel/UCaLfMkkHhSA_LaCta0BzyhQ/&quot;,return)</favourite>
	<favourite name="Cooking Light" thumb="http://statics.net2.tv/pepto/channels/Cooking_Light/cooking_light.png">ActivateWindow(10025,&quot;plugin://plugin.video.portico.tv/?fanart=C%3a%5ckodi2%5cportable_data%5caddons%5cplugin.video.portico.tv%5cfanart.jpg&amp;mode=GS&amp;name=Cooking%20Light&amp;poster=http%3a%2f%2fstatics.net2.tv%2fpepto%2fchannels%2fCooking_Light%2fcooking_light.png&amp;url=Time%2fCooking%20Light&quot;)</favourite>
	<favourite name="Saveur" thumb="http://statics.net2.tv/pepto/channels/Saveur/saveur.png">ActivateWindow(10025,&quot;plugin://plugin.video.portico.tv/?fanart=C%3a%5ckodi2%5cportable_data%5caddons%5cplugin.video.portico.tv%5cfanart.jpg&amp;mode=GS&amp;name=Saveur&amp;poster=http%3a%2f%2fstatics.net2.tv%2fpepto%2fchannels%2fSaveur%2fsaveur.png&amp;url=Bonnier%2fSaveur&quot;)</favourite>
	<favourite name="World Eats" thumb="http://statics.net2.tv/pepto/channels/World_Eats/world_eats.png">ActivateWindow(10025,&quot;plugin://plugin.video.portico.tv/?fanart=C%3a%5ckodi2%5cportable_data%5caddons%5cplugin.video.portico.tv%5cfanart.jpg&amp;mode=GS&amp;name=World%20Eats&amp;poster=http%3a%2f%2fstatics.net2.tv%2fpepto%2fchannels%2fWorld_Eats%2fworld_eats.png&amp;url=iFood%2fWorld%20Eats&quot;)</favourite>
	<favourite name="Epic Meal Time" thumb="special://home/addons\plugin.video.epicmealtime\icon.png">ActivateWindow(10025,&quot;plugin://plugin.video.epicmealtime/&quot;)</favourite>
	<favourite name="Underground Wellness" thumb="special://home/addons\plugin.video.UndergroundWellness\icon.png">ActivateWindow(10025,&quot;plugin://plugin.video.UndergroundWellness/&quot;)</favourite>
	<favourite name="5 Ingredient Fix" thumb="http://cdn.ulive.com/ac/12/2cb171664767815ec56d2dd83152/resizes/500/5-ingredient-fix.jpg">ActivateWindow(10025,&quot;plugin://plugin.video.ulive_com/?mode=listVideosMain&amp;thumb=http%3a%2f%2fcdn.ulive.com%2fac%2f12%2f2cb171664767815ec56d2dd83152%2fresizes%2f500%2f5-ingredient-fix.jpg&amp;url=http%3a%2f%2fwww.ulive.com%2f5-ingredient-fix&quot;)</favourite>
	<favourite name="30 Minute Meals" thumb="http://cdn.ulive.com/show_logo/63/a3/d70be8fc4ddba7a9cb21115c96c3/30-minute-meals-320.jpg">ActivateWindow(10025,&quot;plugin://plugin.video.ulive_com/?mode=listVideosMain&amp;thumb=http%3a%2f%2fcdn.ulive.com%2fshow_logo%2f63%2fa3%2fd70be8fc4ddba7a9cb21115c96c3%2f30-minute-meals-320.jpg&amp;url=http%3a%2f%2fwww.ulive.com%2f30-minute-meals&quot;)</favourite>
	<favourite name="Not My Mama&apos;s Meals" thumb="http://cdn.ulive.com/show_logo/65/13/7890180b4e69a6debdd83c5d5d81/not-my-mamas-meals-320.jpg">ActivateWindow(10025,&quot;plugin://plugin.video.ulive_com/?mode=listVideosMain&amp;thumb=http%3a%2f%2fcdn.ulive.com%2fshow_logo%2f65%2f13%2f7890180b4e69a6debdd83c5d5d81%2fnot-my-mamas-meals-320.jpg&amp;url=http%3a%2f%2fwww.ulive.com%2fnot-my-mamas-meals&quot;)</favourite>
	<favourite name="Barefoot Contessa" thumb="http://cdn.ulive.com/0b/f4/c996cc8a4ff2ba88335f4ae32909/resizes/500/barefoot-contessa-show-logo.jpg">ActivateWindow(10025,&quot;plugin://plugin.video.ulive_com/?mode=listVideosMain&amp;thumb=http%3a%2f%2fcdn.ulive.com%2f0b%2ff4%2fc996cc8a4ff2ba88335f4ae32909%2fresizes%2f500%2fbarefoot-contessa-show-logo.jpg&amp;url=http%3a%2f%2fwww.ulive.com%2fbarefoot-contessa&quot;)</favourite>
	<favourite name="Barefoot Contessa: Back to Basics" thumb="http://cdn.ulive.com/4f/dd/97b556a7451d8d3b7285106d62cd/resizes/500/barefoot-contessa-back-to-basics-show-logo.jpg">ActivateWindow(10025,&quot;plugin://plugin.video.ulive_com/?mode=listVideosMain&amp;thumb=http%3a%2f%2fcdn.ulive.com%2f4f%2fdd%2f97b556a7451d8d3b7285106d62cd%2fresizes%2f500%2fbarefoot-contessa-back-to-basics-show-logo.jpg&amp;url=http%3a%2f%2fwww.ulive.com%2fbarefoot-contessa-back-to-basics&quot;)</favourite>
	<favourite name="Giada At Home" thumb="http://cdn.ulive.com/fa/de/a1c8c2e54485800c87c4ce6e215a/resizes/500/giada-at-home.jpg">ActivateWindow(10025,&quot;plugin://plugin.video.ulive_com/?mode=listVideosMain&amp;thumb=http%3a%2f%2fcdn.ulive.com%2ffa%2fde%2fa1c8c2e54485800c87c4ce6e215a%2fresizes%2f500%2fgiada-at-home.jpg&amp;url=http%3a%2f%2fwww.ulive.com%2fgiada-at-home&quot;)</favourite>
	<favourite name="Kelseys Essentials" thumb="http://cdn.ulive.com/a7/4d/299140e9466dae2a660b7945d636/kelseys-essentials.jpg">ActivateWindow(10025,&quot;plugin://plugin.video.ulive_com/?mode=listVideosMain&amp;thumb=http%3a%2f%2fcdn.ulive.com%2fa7%2f4d%2f299140e9466dae2a660b7945d636%2fkelseys-essentials.jpg&amp;url=http%3a%2f%2fwww.ulive.com%2fkelseys-essentials&quot;)</favourite>
	<favourite name="Brunch At Bobbys" thumb="http://cdn.ulive.com/5b/5e/6fdf060b401a8104f8275b0d93b9/resizes/500/brunch-at-bobbys.jpg">ActivateWindow(10025,&quot;plugin://plugin.video.ulive_com/?mode=listVideosMain&amp;thumb=http%3a%2f%2fcdn.ulive.com%2f5b%2f5e%2f6fdf060b401a8104f8275b0d93b9%2fresizes%2f500%2fbrunch-at-bobbys.jpg&amp;url=http%3a%2f%2fwww.ulive.com%2fbrunch-bobbys&quot;)</favourite>
	<favourite name="Extra Virgin" thumb="http://cdn.ulive.com/87/ff/d8ea5abc445dbac7a19317dbd402/resizes/500/extra-virgin.jpg">ActivateWindow(10025,&quot;plugin://plugin.video.ulive_com/?mode=listVideosMain&amp;thumb=http%3a%2f%2fcdn.ulive.com%2f87%2fff%2fd8ea5abc445dbac7a19317dbd402%2fresizes%2f500%2fextra-virgin.jpg&amp;url=http%3a%2f%2fwww.ulive.com%2fextra-virgin&quot;)</favourite>
	<favourite name="Good Eats" thumb="http://cdn.ulive.com/9a/b4/f504c32f4b40b62ba99b6bf231c2/resizes/500/good-eats.jpg">ActivateWindow(10025,&quot;plugin://plugin.video.ulive_com/?mode=listVideosMain&amp;thumb=http%3a%2f%2fcdn.ulive.com%2f9a%2fb4%2ff504c32f4b40b62ba99b6bf231c2%2fresizes%2f500%2fgood-eats.jpg&amp;url=http%3a%2f%2fwww.ulive.com%2fgood-eats&quot;)</favourite>
	<favourite name="Ask Aida" thumb="http://cdn.ulive.com/show_logo/b3/2f/465766be4267a9d4b13c25109bf4/ask-aida-320.jpg">ActivateWindow(10025,&quot;plugin://plugin.video.ulive_com/?mode=listVideosMain&amp;thumb=http%3a%2f%2fcdn.ulive.com%2fshow_logo%2fb3%2f2f%2f465766be4267a9d4b13c25109bf4%2fask-aida-320.jpg&amp;url=http%3a%2f%2fwww.ulive.com%2fask-aida&quot;)</favourite>
	<favourite name="Aarti Party" thumb="http://cdn.ulive.com/show_logo/1a/c3/347c33a9419b980fcdebba911269/aarti-party-320.jpg">ActivateWindow(10025,&quot;plugin://plugin.video.ulive_com/?mode=listVideosMain&amp;thumb=http%3a%2f%2fcdn.ulive.com%2fshow_logo%2f1a%2fc3%2f347c33a9419b980fcdebba911269%2faarti-party-320.jpg&amp;url=http%3a%2f%2fwww.ulive.com%2faarti-party&quot;)</favourite>
	<favourite name="Easy Entertaining With Michael Chiarello" thumb="http://cdn.ulive.com/show_logo/23/3d/9563e44a4d31a54cbf9fea40e6da/easy-entertaining-with-michael-chiarello-320.jpg">ActivateWindow(10025,&quot;plugin://plugin.video.ulive_com/?mode=listVideosMain&amp;thumb=http%3a%2f%2fcdn.ulive.com%2fshow_logo%2f23%2f3d%2f9563e44a4d31a54cbf9fea40e6da%2feasy-entertaining-with-michael-chiarello-320.jpg&amp;url=http%3a%2f%2fwww.ulive.com%2feasy-entertaining-with-michael-chiarello&quot;)</favourite>
	<favourite name="Food 911" thumb="http://cdn.ulive.com/af/ff/9d22878547248cd6084cc0057537/food-911.jpg">ActivateWindow(10025,&quot;plugin://plugin.video.ulive_com/?mode=listVideosMain&amp;thumb=http%3a%2f%2fcdn.ulive.com%2faf%2fff%2f9d22878547248cd6084cc0057537%2ffood-911.jpg&amp;url=http%3a%2f%2fwww.ulive.com%2ffood-911&quot;)</favourite>
	<favourite name="[COLOR snow]The Kitchen[/COLOR]" thumb="http://images.scrippsnetworks.com/up/tp/Scripps_-_Food_Category_Prod/929/722/0217561_231x130.jpg">ActivateWindow(10025,&quot;plugin://plugin.video.foodnetwork/?fanart=C%3a%5ckodi2%5cportable_data%5caddons%5cplugin.video.foodnetwork%5cfanart.jpg&amp;mode=GC&amp;name=The%20Kitchen%20Full%20Episodes&amp;url=%2fvideos%2fplayers%2ffood-network-full-episodes.eb27cfd6-7587-49df-a3f7-70c26ee14c69.0217561.html&quot;)</favourite>
	<favourite name="The Pioneer Woman" thumb="http://cdn.ulive.com/17/93/9e9efaac4bcf9d6f8da942e1a413/resizes/500/the-pioneer-woman.jpg">ActivateWindow(10025,&quot;plugin://plugin.video.ulive_com/?mode=listVideosMain&amp;thumb=http%3a%2f%2fcdn.ulive.com%2f17%2f93%2f9e9efaac4bcf9d6f8da942e1a413%2fresizes%2f500%2fthe-pioneer-woman.jpg&amp;url=http%3a%2f%2fwww.ulive.com%2fthe-pioneer-woman&quot;)</favourite>
	<favourite name="Guys Big Bite" thumb="http://cdn.ulive.com/35/96/d6c81d884e0f9f201127bba1a8b5/resizes/500/guys-big-bite.jpg">ActivateWindow(10025,&quot;plugin://plugin.video.ulive_com/?mode=listVideosMain&amp;thumb=http%3a%2f%2fcdn.ulive.com%2f35%2f96%2fd6c81d884e0f9f201127bba1a8b5%2fresizes%2f500%2fguys-big-bite.jpg&amp;url=http%3a%2f%2fwww.ulive.com%2fguys-big-bite&quot;)</favourite>
	<favourite name="Hungry Girl" thumb="http://cdn.ulive.com/bb/52/432a5be4439bb60e28e2da9f39b1/resizes/500/hungry-girl.jpg">ActivateWindow(10025,&quot;plugin://plugin.video.ulive_com/?mode=listVideosMain&amp;thumb=http%3a%2f%2fcdn.ulive.com%2fbb%2f52%2f432a5be4439bb60e28e2da9f39b1%2fresizes%2f500%2fhungry-girl.jpg&amp;url=http%3a%2f%2fwww.ulive.com%2fhungry-girl&quot;)</favourite>
	<favourite name="Healthy Appetite Ellie Krieger" thumb="http://cdn.ulive.com/show_logo/03/f9/0c119312468c88b73d834005fe17/healthy-appetite-ellie-krieger-320.jpg">ActivateWindow(10025,&quot;plugin://plugin.video.ulive_com/?mode=listVideosMain&amp;thumb=http%3a%2f%2fcdn.ulive.com%2fshow_logo%2f03%2ff9%2f0c119312468c88b73d834005fe17%2fhealthy-appetite-ellie-krieger-320.jpg&amp;url=http%3a%2f%2fwww.ulive.com%2fhealthy-appetite-with-ellie-krieger&quot;)</favourite>
	<favourite name="Everyday Italian" thumb="http://cdn.ulive.com/b2/b6/2d28abac49bc9668f6c9c32347cd/resizes/500/everyday-italian.jpg">ActivateWindow(10025,&quot;plugin://plugin.video.ulive_com/?mode=listVideosMain&amp;thumb=http%3a%2f%2fcdn.ulive.com%2fb2%2fb6%2f2d28abac49bc9668f6c9c32347cd%2fresizes%2f500%2feveryday-italian.jpg&amp;url=http%3a%2f%2fwww.ulive.com%2feveryday-italian&quot;)</favourite>
	<favourite name="Mexican Made Easy" thumb="http://cdn.ulive.com/bc/e7/d5590a0d4e55a7de7cdaa8f56633/resizes/500/mexican-made-easy.jpg">ActivateWindow(10025,&quot;plugin://plugin.video.ulive_com/?mode=listVideosMain&amp;thumb=http%3a%2f%2fcdn.ulive.com%2fbc%2fe7%2fd5590a0d4e55a7de7cdaa8f56633%2fresizes%2f500%2fmexican-made-easy.jpg&amp;url=http%3a%2f%2fwww.ulive.com%2fmexican-made-easy&quot;)</favourite>
	<favourite name="Trisha&apos;s Southern Kitchen Show Logo" thumb="http://cdn.ulive.com/52/72/4d55269e4b8d93b2fe93ca681933/resizes/500/trishas-southern-kitchen-show-logo.jpg">ActivateWindow(10025,&quot;plugin://plugin.video.ulive_com/?mode=listVideosMain&amp;thumb=http%3a%2f%2fcdn.ulive.com%2f52%2f72%2f4d55269e4b8d93b2fe93ca681933%2fresizes%2f500%2ftrishas-southern-kitchen-show-logo.jpg&amp;url=http%3a%2f%2fwww.ulive.com%2ftrishas-southern-kitchen&quot;)</favourite>
	<favourite name="[COLOR snow]Southern at Heart[/COLOR]" thumb="http://images.scrippsnetworks.com/up/tp/Scripps_-_Food_Category_Prod/916/534/0218346_231x130.jpg">ActivateWindow(10025,&quot;plugin://plugin.video.foodnetwork/?fanart=C%3a%5ckodi2%5cportable_data%5caddons%5cplugin.video.foodnetwork%5cfanart.jpg&amp;mode=GC&amp;name=Southern%20at%20Heart%20-%20Full%20Episodes&amp;url=%2fvideos%2fplayers%2ffood-network-full-episodes.2e721aea-e8ea-467a-a126-cbbdea923d7b.0218346.html&quot;)</favourite>
	<favourite name="Unique Sweets Show Logo" thumb="http://cdn.ulive.com/7b/17/f739b1e44ec6b431936198c3d3e1/resizes/500/unique-sweets-show-logo.jpg">ActivateWindow(10025,&quot;plugin://plugin.video.ulive_com/?mode=listVideosMain&amp;thumb=http%3a%2f%2fcdn.ulive.com%2f7b%2f17%2ff739b1e44ec6b431936198c3d3e1%2fresizes%2f500%2funique-sweets-show-logo.jpg&amp;url=http%3a%2f%2fwww.ulive.com%2funique-sweets&quot;)</favourite>
	<favourite name="[COLOR tomato]Americas Test Kitchen[/COLOR]" thumb="special://home/addons\plugin.video.atk\icon.png">ActivateWindow(10025,&quot;plugin://plugin.video.atk/&quot;)</favourite>
	<favourite name="BarbecueWeb" thumb="https://lh6.googleusercontent.com/-w5MgnW1qxCw/AAAAAAAAAAI/AAAAAAAAAAA/ywS4ukZBIaM/photo.jpg">ActivateWindow(10025,&quot;plugin://plugin.video.youtube/channel/UCjrL1ugI6xGqQ7VEyV6aRAg/&quot;)</favourite>
	<favourite name="Betty&apos;s Kitchen (Southern)" thumb="https://lh3.googleusercontent.com/-XE7K9JuKMUI/AAAAAAAAAAI/AAAAAAAAAAA/6Ba3h5JBpUQ/photo.jpg">ActivateWindow(10025,&quot;plugin://plugin.video.youtube/channel/UCu41XMEGBUSr7k_d5oDZ84w/&quot;)</favourite>
	<favourite name="Laura in the Kitchen (Italian)" thumb="https://lh6.googleusercontent.com/-kTsKONJu72w/AAAAAAAAAAI/AAAAAAAAAAA/U2wrC4qn3Kw/photo.jpg">ActivateWindow(10025,&quot;plugin://plugin.video.youtube/channel/UCNbngWUqL2eqRw12yAwcICg/&quot;)</favourite>
	<favourite name="One Pot Chef Show" thumb="https://lh3.googleusercontent.com/-MiUEGcrYzCo/AAAAAAAAAAI/AAAAAAAAAAA/MlzK3lGqXg8/photo.jpg">ActivateWindow(10025,&quot;plugin://plugin.video.youtube/channel/UCYvqEiyy1pr5Sel8OtEuoeQ/&quot;)</favourite>
	<favourite name="Welcome to Betty&apos;s Kitchen" thumb="special://home/addons\plugin.video.bettyskitchen\icon.png">ActivateWindow(10025,&quot;plugin://plugin.video.youtube/user/bettyskitchen/&quot;,return)</favourite>
	<favourite name="Rachael Ray" thumb="special://home/addons\plugin.video.wral\icon.png">ActivateWindow(10025,&quot;plugin://plugin.video.wral/?mode=GL&amp;name=Rachael%20Ray&amp;url=http%3a%2f%2fcan.cbs.com%2fthunder%2fplayer%2fiframe%2frecentVideos.php%3fnumOfColumns%3d2%26account%3dTV%20Distribution%26series%3dThe%2520Rachael%2520Ray%2520Show%26width%3d489%26partner%3dtvaffil_unknown&quot;)</favourite>
	<favourite name="The One Pot Chef Show!" thumb="special://home/addons\plugin.video.OnePotChefShow\icon.png">ActivateWindow(10025,&quot;plugin://plugin.video.youtube/user/OnePotChefShow/&quot;,return)</favourite>
	<favourite name="Laura in the Kitchen" thumb="special://home/addons\plugin.video.LauraVitalesKitchen\icon.png">ActivateWindow(10025,&quot;plugin://plugin.video.youtube/user/LauraVitalesKitchen/&quot;,return)</favourite>
	<favourite name="Epic Meal Time" thumb="special://home/addons\plugin.video.epicmealtime\icon.png">ActivateWindow(10025,&quot;plugin://plugin.video.youtube/user/epicmealtime/&quot;,return)</favourite>
	<favourite name="Underground Wellness" thumb="special://home/addons\plugin.video.UndergroundWellness\icon.png">ActivateWindow(10025,&quot;plugin://plugin.video.youtube/user/UndergroundWellness/&quot;,return)</favourite>
	<favourite name="[COLOR aqua]Curry Recipes[/COLOR] " thumb="http://s10.postimg.org/o817tpl9l/Recipes_Widget.jpg">ActivateWindow(10025,&quot;plugin://plugin.video.dijentertainments/?description&amp;mode=1&amp;name=%5bCOLOR%20aqua%5dCurry%20Recipes%5b%2fCOLOR%5d%20&amp;url=https%3a%2f%2fraw.github.com%2fdjjohnnyb15%2fdij-entertainments%2fmaster%2fDirectory%2frecipes%2fcurry.xml&amp;sf_options=fanart%3Dhttp%3A%2F%2Fs10.postimg.org%2Fo817tpl9l%2FRecipes_Widget.jpg%26_options_sf&quot;,return)</favourite>
	<favourite name="[COLOR aqua]Cooking With Kids[/COLOR] " thumb="http://s10.postimg.org/o817tpl9l/Recipes_Widget.jpg">ActivateWindow(10025,&quot;plugin://plugin.video.dijentertainments/?description&amp;mode=1&amp;name=%5bCOLOR%20aqua%5dCooking%20With%20Kids%5b%2fCOLOR%5d%20&amp;url=https%3a%2f%2fraw.github.com%2fdjjohnnyb15%2fdij-entertainments%2fmaster%2fDirectory%2frecipes%2fkids.xml&amp;sf_options=fanart%3Dhttp%3A%2F%2Fs10.postimg.org%2Fo817tpl9l%2FRecipes_Widget.jpg%26_options_sf&quot;,return)</favourite>
	<favourite name="Cooking" thumb="special://home/addons\plugin.video.learningzone\icon.png">ActivateWindow(10025,&quot;plugin://plugin.video.learningzone/?mode=3&amp;name=Cooking&amp;site=None&amp;url=https%3a%2f%2fwww.thenewboston.com%2fvideos_food.php&quot;,return)</favourite>
</favourites>