<favourites>
	<favourite name="Recently Added" thumb="http://icon-park.com/imagefiles/new_circle_icon_dark_green.png">ActivateWindow(10025,&quot;plugin://plugin.program.super.favourites/?folder=TV Shows/Recently Added&quot;,return)</favourite>
	<favourite name="Calendar" thumb="http://icons.iconarchive.com/icons/oxygen-icons.org/oxygen/256/Actions-go-jump-today-icon.png">ActivateWindow(10025,&quot;plugin://plugin.program.super.favourites/?folder=more/_scratch/tv/Calendar&quot;,return)</favourite>
	<favourite name="Crime" thumb="https://pbs.twimg.com/profile_images/556805890817658881/iMsru_J2_400x400.jpeg">ActivateWindow(10025,&quot;plugin://plugin.video.yt-crime?sf_options=fanart%3Dspecial%3A%2F%2Fhome%2Faddons%5Cplugin.video.yt-crime%5Cfanart.jpg%26desc%3DA+megamix+of+True+Crime+channels+and+playlists+from+YouTube%2C+First+48%2C+Serial+Killers.%26_options_sf&quot;,return)</favourite>
	<favourite name="Late Night" thumb="http://www.rw-designer.com/icon-image/10006-256x256x32.png">ActivateWindow(10025,&quot;plugin://plugin.program.super.favourites/?label=[COLOR darkorange]Late Night[/COLOR]&amp;mode=400&amp;folder=TV%20Shows%5CLate%20Night&amp;sf_options=fanart%3DC%3A%5Ckodi2%5Cportable_data%5Caddons%5Cplugin.video.ustvvod%5Cfanart.jpg%26_options_sf&quot;,return)</favourite>
	<favourite name="By Network" thumb="http://www.clipartlord.com/wp-content/uploads/2013/05/satellite-dish1.png">ActivateWindow(10025,&quot;plugin://plugin.program.super.favourites/?folder=TV Shows/Networks&quot;,return)</favourite>
	<favourite name="TV onDemand" thumb="http://googledrive.com/host/0B-bY5h-uWEgZQVJQZ0lzUTdBeFE/icons/apps/ondemand.jpg">ActivateWindow(10025,&quot;plugin://plugin.program.super.favourites/?label=TV onDemand&amp;mode=400&amp;folder=TV%20Shows%5CTV%20onDemand&amp;sf_options=fanart%3DNULL%26_options_sf&quot;,return)</favourite>
	<favourite name="All Shows" thumb="http://findicons.com/files/icons/977/rrze/720/all_per_page.png">ActivateWindow(10025,&quot;plugin://plugin.video.pftvso/?foldername=shows&amp;mode=all_tv&amp;sf_options=fanart%3Dspecial%3A%2F%2Fhome%2Faddons%5Cplugin.video.pftvso%2Fart%2Fthemes%2FBlue%2Ffanart.jpg%26_options_sf&quot;,return)</favourite>
	<favourite name="[COLOR black]DVR - NOT WORKING YET[/COLOR]" thumb="1http://a256.phobos.apple.com/us/r1000/117/Purple/v4/d8/9c/bf/d89cbf5c-ddd2-9ed6-823d-eac626bca32b/mzl.niiptuxr.png">ActivateWindow(10025,&quot;plugin://plugin.video.salts/?mode=my_calendar&amp;sf_options=fanart%3Dspecial%3A%2F%2Fhome%2Faddons%5Cplugin.video.salts%5Cart%5Cthemes%5CIconic%5Cfanart.jpg%26_options_sf&quot;,return)</favourite>
</favourites>