<favourites>
	<favourite name="Tv-Series" thumb="http://divaag.vo.llnwd.net/o42/http_rtmpe/shared/Viewster_Artwork/internal_artwork/g9_1280x720.jpg">ActivateWindow(10025,&quot;plugin://plugin.video.viewster/?mode=GS&amp;name=Tv-Series&amp;url=9&amp;sf_options=fanart%3Dspecial%3A%2F%2Fhome%2Faddons%5Cplugin.video.viewster%5Cfanart.jpg%26_options_sf&quot;,return)</favourite>
	<favourite name="Documentary" thumb="https://staticviewlift-a.akamaihd.net/dims4/default/0c4cd57/2147483647/thumbnail/132x195%3E/quality/90/?url=http%3A%2F%2Fsnagfilms-a.akamaihd.net%2F3e%2F89%2Fea153a914d6ebc0b02978b4cbe12%2Fdocumentary-categories-poster.jpg">ActivateWindow(10025,&quot;plugin://plugin.video.snagfilms/?mode=GT&amp;name=Documentary&amp;url=%2fmovies%2fdocumentary%23https%3a%2f%2fstaticviewlift-a.akamaihd.net%2fdims4%2fdefault%2f0c4cd57%2f2147483647%2fthumbnail%2f132x195%253E%2fquality%2f90%2f%3furl%3dhttp%253A%252F%252Fsnagfilms-a.akamaihd.net%252F3e%252F89%252Fea153a914d6ebc0b02978b4cbe12%252Fdocumentary-categories-poster.jpg&amp;sf_options=fanart%3Dspecial%3A%2F%2Fhome%2Faddons%5Cplugin.video.snagfilms%5Cfanart.jpg%26desc%3DFull+Documentaries%3A+Science%2C+Nature%2C+History%2C+Biography%2C+Politics%2C+Pop+Culture%26_options_sf&quot;,return)</favourite>
	<favourite name="[COLOR blue]Documentaries[/COLOR]" thumb="special://home/addons\plugin.video.popcornflix\icon.png">ActivateWindow(10025,&quot;plugin://plugin.video.popcornflix/?mode=GM&amp;name=%5bCOLOR%20blue%5dDocumentaries%5b%2fCOLOR%5d&amp;url=%2fDocumentaries-movies&amp;sf_options=fanart%3Dspecial%3A%2F%2Fhome%2Faddons%5Cplugin.video.popcornflix%5Cfanart.jpg%26_options_sf&quot;,return)</favourite>
	<favourite name="XiveTV" thumb="http://googledrive.com/host/0B-bY5h-uWEgZQVJQZ0lzUTdBeFE/icons/apps/xive.jpg">ActivateWindow(10025,&quot;plugin://plugin.video.youtube/channel/UC62NeTy6Ocd5Jmh_963mLFg/&quot;,return)</favourite>
	<favourite name="Smithsonian Channel" thumb="C:\Users\Owner\AppData\Roaming\Kodi\addons\plugin.video.smithsonian\icon.png">ActivateWindow(10025,&quot;plugin://plugin.video.smithsonian/&quot;,return)</favourite>
	<favourite name="TED Talks" thumb="C:\Users\Owner\AppData\Roaming\Kodi\addons\plugin.video.ted.talks\icon.png">ActivateWindow(10025,&quot;plugin://plugin.video.ted.talks/&quot;,return)</favourite>
	<favourite name="Decado Documentaries" thumb="C:\Users\Owner\AppData\Roaming\Kodi\addons\plugin.video.DecadoDocs\icon.png">ActivateWindow(10025,&quot;plugin://plugin.video.DecadoDocs/&quot;,return)</favourite>
	<favourite name="JohnLocker" thumb="C:\Users\Owner\AppData\Roaming\Kodi\addons\plugin.video.johnlocker\icon.png">ActivateWindow(10025,&quot;plugin://plugin.video.johnlocker/&quot;,return)</favourite>
	<favourite name="Science Friday" thumb="C:\Users\Owner\AppData\Roaming\Kodi\addons\plugin.video.science.friday\icon.png">ActivateWindow(10025,&quot;plugin://plugin.video.science.friday/&quot;,return)</favourite>
	<favourite name="TestTube" thumb="C:\Users\Owner\AppData\Roaming\Kodi\addons\plugin.video.testtube\icon.png">ActivateWindow(10025,&quot;plugin://plugin.video.testtube/&quot;,return)</favourite>
	<favourite name="Infowars" thumb="C:\Users\Owner\AppData\Roaming\Kodi\addons\plugin.video.infowars\icon.png">ActivateWindow(10025,&quot;plugin://plugin.video.infowars/&quot;,return)</favourite>
	<favourite name="Jupiter Broadcasting" thumb="C:\Users\Owner\AppData\Roaming\Kodi\addons\plugin.video.jupiterbroadcasting\icon.png">ActivateWindow(10025,&quot;plugin://plugin.video.jupiterbroadcasting/&quot;,return)</favourite>
	<favourite name="The Heritage Channel" thumb="C:\Users\Owner\AppData\Roaming\Kodi\addons\plugin.video.heritagechannel\icon.png">ActivateWindow(10025,&quot;plugin://plugin.video.heritagechannel/&quot;,return)</favourite>
	<favourite name="DOCUMENTARY" thumb="http://static.filmon.com/assets/groups/32/big_logo.png">ActivateWindow(10025,&quot;plugin://plugin.video.filmontv/?description&amp;group=DOCUMENTARY&amp;iconimage=http%3a%2f%2fstatic.filmon.com%2fassets%2fgroups%2f32%2fbig_logo.png&amp;mode=3&amp;name=DOCUMENTARY&amp;programme_id&amp;startdate_time&amp;url=32&quot;,return)</favourite>
	<favourite name="documentaries" thumb="DefaultFolder.png">ActivateWindow(10025,&quot;plugin://plugin.video.guardian/?mode=video_files&amp;url=http%3a%2f%2fwww.theguardian.com%2fcollection%2fe392ee62-cb02-4bb4-84cd-87a971a3b9ff%2frss&quot;,return)</favourite>
	<favourite name="Times Documentaries" thumb="special://home/addons\plugin.video.nytimes\fanart.jpg">ActivateWindow(10025,&quot;plugin://plugin.video.nytimes/?foldername=Times%20Documentaries&amp;mode=folder&amp;sf_options=fanart%3Dspecial%3A%2F%2Fhome%2Faddons%5Cplugin.video.nytimes%5Cfanart.jpg%26_options_sf&quot;,return)</favourite>
	<favourite name="CCTV9 Documentary" thumb="http://static.filmon.com/assets/channels/2786/big_logo.png">PlayMedia(&quot;plugin://plugin.video.filmontv/?url=url&amp;mode=12&amp;name=CCTV9+Documentary&amp;iconimage=http%3A%2F%2Fstatic.filmon.com%2Fassets%2Fchannels%2F2786%2Fbig_logo.png&amp;description=&amp;programme_id=2786&amp;startdate_time=&amp;group=DOCUMENTARY&amp;sf_options=winID%3D10025%26_options_sf&quot;,return)</favourite>
	<favourite name="CNET" thumb="http://googledrive.com/host/0B-bY5h-uWEgZQVJQZ0lzUTdBeFE/icons/apps/cnet2.png">ActivateWindow(10025,&quot;plugin://plugin.video.cnet.podcasts/&quot;)</favourite>
</favourites>