<favourites>
	<favourite name="NBC Nightly News" thumb="http://thetvdb.com/banners/_cache/posters/139911-2.jpg">PlayMedia(&quot;plugin://plugin.video.wnbc/?mode=GE&amp;url=nbc-nightly-news&quot;,isdir)&amp;sf_options=winID%3D10025%26_options_sf&quot;)</favourite>
	<favourite name="CBS Evening News" thumb="http://thetvdb.com/banners/posters/74468-1.jpg">PlayMedia(&quot;plugin://plugin.video.wral/?mode=GE&amp;url=http%3a%2f%2fwww.cbs.com%2fshows%2fcbs_evening_news%2fvideo&quot;,isdir)</favourite>
	<favourite name="PBS News Hour" thumb="http://image.pbs.org/contentchannels/43/wsqwf9aYt4VWIPcECpVGw.jpg">PlayMedia(&quot;plugin://plugin.video.thinktv/?mode=GE&amp;name=Episodes%20(43)&amp;url=newshour%7cepisodes%7c1&quot;,isdir)&amp;sf_options=winID%3D10025%26_options_sf&quot;)</favourite>
	
	
	<favourite name="TWiT Live" thumb="http://a1.mzstatic.com/us/r30/Purple6/v4/67/f6/4f/67f64f30-a881-ab3d-79b0-3169a8cca3ae/icon128-2x.png">PlayMedia(&quot;http://hls.cdn.flosoft.biz/flosoft/mp4:twitStream_720/playlist.m3u8?sf_options=winID%3D10025%26_options_sf&quot;)</favourite>
	<favourite name="ABC News" thumb="http://stepdadding.com/wp-content/uploads/2012/08/abc-image2.jpg">PlayMedia(&quot;http://abclive.abcnews.com/i/abc_live4@136330/index_1200_av-b.m3u8?sd=10&amp;b=1200&amp;rebase=on&amp;sf_options=winID%3D10025%26_options_sf&quot;)</favourite>
	
	  <favourite name="ilive - News" thumb="">ActivateWindow(10025,&quot;plugin://plugin.video.israelive/?categoryid=9999&amp;channelid=10359&amp;iconimage=&amp;mode=2&quot;,return)</favourite>
	
	<--! favourite name="Special Events" thumb="http://www.thehealingchurchri.com/assets/images/eventsicon.png">PlayMedia(&quot;rtmp://argos.cdn.newschat.tv/edge playpath=special_live swfUrl=http://newschat.tv/player.swf live=1  pageUrl=http://www.livenewschat.eu/twoons/ ?sf_options=winID%3D10025%26_options_sf&quot;)</favourite>
	<favourite name="[COLOR azure].News OnDemand[/COLOR]" thumb="http://icons.iconarchive.com/icons/designcontest/ecommerce-business/128/news-icon.png">ActivateWindow(10025,&quot;plugin://plugin.program.super.favourites/?mode=400&amp;path=special%3A%2F%2Fhome%2Faddons%2Fscript.supafav%2FSuper%20Favourites/News%5CNews%20OnDemand&amp;sf_options=fanart%3D&quot;,return)</favourite>
</favourites>