<favourites>
	<favourite name="9Movies" thumb="special://home/addons\plugin.video.md9movies\icon.png">ActivateWindow(10025,&quot;plugin://plugin.video.md9movies/&quot;,return)</favourite>
	<favourite name="MD.Watchseries" thumb="special://home/addons\plugin.video.mdws\icon.png">ActivateWindow(10025,&quot;plugin://plugin.video.mdws/&quot;,return)</favourite>
	<favourite name="MD Sports Extra" thumb="special://home/addons\plugin.video.mdsportsextra\icon.png">ActivateWindow(10025,&quot;plugin://plugin.video.mdsportsextra/&quot;,return)</favourite>
	<favourite name="LatestDude" thumb="special://home/addons\plugin.video.lmER\icon.png">ActivateWindow(10025,&quot;plugin://plugin.video.lmER/&quot;,return)</favourite>
	<favourite name="Movies XK" thumb="special://home/addons\plugin.video.moviexk\icon.png">ActivateWindow(10025,&quot;plugin://plugin.video.moviexk/&quot;,return)</favourite>
	<favourite name="Movies XL" thumb="special://home/addons\plugin.video.moviesxl\icon.png">ActivateWindow(10025,&quot;plugin://plugin.video.moviesxl/&quot;,return)</favourite>
	<favourite name="Movies3s" thumb="special://home/addons\plugin.video.movies3sER\icon.png">ActivateWindow(10025,&quot;plugin://plugin.video.movies3sER/&quot;,return)</favourite>
	<favourite name="Prime Links" thumb="special://home/addons\plugin.video.myvideolinks\icon.png">ActivateWindow(10025,&quot;plugin://plugin.video.myvideolinks/&quot;,return)</favourite>
	<favourite name="Rlseries" thumb="special://home/addons\plugin.video.rlseriesER\icon.png">ActivateWindow(10025,&quot;plugin://plugin.video.rlseriesER/&quot;,return)</favourite>
	<favourite name="StreamThis.Tv" thumb="special://home/addons\plugin.video.streamthisER\icon.png">ActivateWindow(10025,&quot;plugin://plugin.video.streamthisER/&quot;,return)</favourite>
	<favourite name="Cartoons8" thumb="special://home/addons\plugin.video.cartoons8\icon.png">ActivateWindow(10025,&quot;plugin://plugin.video.cartoons8?sf_options=fanart%3Dspecial%3A%2F%2Fhome%2Faddons%5Cplugin.video.cartoons8%5Cfanart.jpg%26_options_sf&quot;,return)</favourite>
</favourites>