<favourites>
	<favourite name="PubFilm" thumb="https://addons.tvaddons.ag/cache/images/2ea4274ebe3902d2602c15a996d05a_icon.png">ActivateWindow(10025,&quot;plugin://plugin.video.mdpubfilm/&quot;,return)</favourite>
	<favourite name="XMovies8" thumb="https://addons.tvaddons.ag/cache/images/02aaab70376589e336157e2623d525_icon.png">ActivateWindow(10025,&quot;plugin://plugin.video.xmovies8?sf_options=fanart%3Dspecial%3A%2F%2Fhome%2Faddons%5Cplugin.video.xmovies8%5Cfanart.jpg%26_options_sf&quot;,return)</favourite>
	<favourite name="9Movies" thumb="https://github.com/mucky-duck/mdrepo/raw/master/plugin.video.md9movies/icon.png">ActivateWindow(10025,&quot;plugin://plugin.video.md9movies/&quot;,return)</favourite>
	<favourite name="Movies XK" thumb="special://home/addons\plugin.video.moviexk\icon.png">ActivateWindow(10025,&quot;plugin://plugin.video.moviexk/&quot;,return)</favourite>
	<favourite name="Film Dictator" thumb="special://home/addons\plugin.video.filmdictator\icon.png">ActivateWindow(10025,&quot;plugin://plugin.video.filmdictator?sf_options=fanart%3Dspecial%3A%2F%2Fhome%2Faddons%5Cplugin.video.filmdictator%5Cfanart.jpg%26_options_sf&quot;,return)</favourite>
	<favourite name="ViewMovies" thumb="https://github.com/metalkettle/MetalKettles-Addon-Repository/raw/master/plugin.video.viewmovies/icon.png">ActivateWindow(10025,&quot;plugin://plugin.video.viewmovies/&quot;,return)</favourite>
	<favourite name="niter" thumb="special://home/addons\plugin.video.mdniter\icon.png">ActivateWindow(10025,&quot;plugin://plugin.video.mdniter/&quot;,return)</favourite>
	<favourite name="HuluBox" thumb="https://github.com/metalkettle/MetalKettles-Addon-Repository/raw/master/plugin.video.hulubox/icon.png">ActivateWindow(10025,&quot;plugin://plugin.video.hulubox?sf_options=fanart%3Dspecial%3A%2F%2Fhome%2Faddons%5Cplugin.video.hulubox%5Cfanart.jpg%26_options_sf&quot;,return)</favourite>
	<favourite name="LatestDude" thumb="special://home/addons\plugin.video.lmER\icon.png">ActivateWindow(10025,&quot;plugin://plugin.video.lmER/&quot;,return)</favourite>
	<favourite name="Vodlocker" thumb="special://home/addons\plugin.video.mdvodlocker\icon.png">ActivateWindow(10025,&quot;plugin://plugin.video.mdvodlocker/&quot;,return)</favourite>
	<favourite name="MorePower" thumb="https://github.com/mucky-duck/mdrepo/raw/master/plugin.video.morepower/icon.png">ActivateWindow(10025,&quot;plugin://plugin.video.morepower/&quot;,return)</favourite>
	<favourite name="123Movies" thumb="https://github.com/mucky-duck/mdrepo/raw/master/plugin.video.md123movies/icon.png">ActivateWindow(10025,&quot;plugin://plugin.video.md123movies?sf_options=fanart%3Dspecial%3A%2F%2Fhome%2Faddons%5Cplugin.video.md123movies%5Cfanart.jpg%26desc%3DStream+Movies+From+The+123movies.to+WebSite%26_options_sf&quot;,return)</favourite>
	<favourite name="HD-Movie14" thumb="https://github.com/mucky-duck/mdrepo/raw/master/plugin.video.mdhdmovie14/icon.png">ActivateWindow(10025,&quot;plugin://plugin.video.mdhdmovie14?sf_options=fanart%3Dspecial%3A%2F%2Fhome%2Faddons%5Cplugin.video.mdhdmovie14%5Cfanart.jpg%26desc%3DStream+Content+From+The+hdmovie14.net+WebSite%26_options_sf&quot;,return)</favourite>
	<favourite name="Movie Night" thumb="https://github.com/metalkettle/MetalKettles-Addon-Repository/raw/master/plugin.video.movienight/icon.png">ActivateWindow(10025,&quot;plugin://plugin.video.movienight?sf_options=fanart%3Dspecial%3A%2F%2Fhome%2Faddons%5Cplugin.video.movienight%5Cfanart.jpg%26_options_sf&quot;,return)</favourite>
	<favourite name="Movies XK" thumb="special://home/addons\plugin.video.moviexk\icon.png">ActivateWindow(10025,&quot;plugin://plugin.video.moviexk?sf_options=fanart%3Dspecial%3A%2F%2Fhome%2Faddons%5Cplugin.video.moviexk%5Cfanart.jpg%26_options_sf&quot;,return)</favourite>
	<favourite name="Movie Hut" thumb="special://home/addons\plugin.video.moviehut\icon.png">ActivateWindow(10025,&quot;plugin://plugin.video.moviehut?sf_options=fanart%3Dspecial%3A%2F%2Fhome%2Faddons%5Cplugin.video.moviehut%5Cfanart.jpg%26_options_sf&quot;,return)</favourite>
	<favourite name="Watch 1080p" thumb="special://home/addons\plugin.video.watch1080\icon.png">ActivateWindow(10025,&quot;plugin://plugin.video.watch1080?sf_options=fanart%3Dspecial%3A%2F%2Fhome%2Faddons%5Cplugin.video.watch1080%5Cfanart.jpg%26_options_sf&quot;,return)</favourite>
	<favourite name="VodlockerX" thumb="special://home/addons\plugin.video.vodlockerx\icon.png">ActivateWindow(10025,&quot;plugin://plugin.video.vodlockerx?sf_options=fanart%3Dspecial%3A%2F%2Fhome%2Faddons%5Cplugin.video.vodlockerx%5Cfanart.jpg%26desc%3DCredits+to+MK+for+the+base+an+Muckyduck+for+the+categories%26_options_sf&quot;,return)</favourite>
	<favourite name="izle" thumb="special://home/addons\plugin.video.mdizle\icon.png">ActivateWindow(10025,&quot;plugin://plugin.video.mdizle?sf_options=fanart%3Dspecial%3A%2F%2Fhome%2Faddons%5Cplugin.video.mdizle%5Cfanart.jpg%26desc%3DStream+Content+From+The+izlemeyedeger.com+WebSite%26_options_sf&quot;,return)</favourite>
	<favourite name="DandyMedia Boxsets" thumb="special://home/addons\plugin.video.dandyboxset\icon.png">ActivateWindow(10025,&quot;plugin://plugin.video.dandyboxset?sf_options=fanart%3Dspecial%3A%2F%2Fhome%2Faddons%5Cplugin.video.dandyboxset%5Cfanart.jpg%26desc%3DA+Special+thank+you+to+MettleKettle+for+the+original+code+used%26_options_sf&quot;,return)</favourite>
	<favourite name="Watch32HD" thumb="special://home/addons\plugin.video.mdwatch32hd\icon.png">ActivateWindow(10025,&quot;plugin://plugin.video.mdwatch32hd?sf_options=fanart%3Dspecial%3A%2F%2Fhome%2Faddons%5Cplugin.video.mdwatch32hd%5Cfanart.jpg%26desc%3DStream+Content+From+The+watch32hd.co+WebSite%26_options_sf&quot;,return)</favourite>
	<favourite name="GenVideos" thumb="special://home/addons\plugin.video.mdgenvideos\icon.png">ActivateWindow(10025,&quot;plugin://plugin.video.mdgenvideos?sf_options=fanart%3Dspecial%3A%2F%2Fhome%2Faddons%5Cplugin.video.mdgenvideos%5Cfanart.jpg%26desc%3DStream+Content+From+The+genvideos.org+WebSite%26_options_sf&quot;,return)</favourite>
	<favourite name="Afdah" thumb="special://home/addons\plugin.video.mdafdah\icon.png">ActivateWindow(10025,&quot;plugin://plugin.video.mdafdah?sf_options=fanart%3Dspecial%3A%2F%2Fhome%2Faddons%5Cplugin.video.mdafdah%5Cfanart.jpg%26desc%3DStream+Content+From+The+afdah.org+WebSite%26_options_sf&quot;,return)</favourite>
	<favourite name="SubGenre" thumb="http://oi43.tinypic.com/1z644mh.jpg">ActivateWindow(10025,&quot;plugin://plugin.program.super.favourites/?label=SubGenre&amp;mode=400&amp;folder=Movies%5CSubGenre&amp;sf_options=fanart%3Dhttp%3A%2F%2Fs6.postimg.org%2F4ph8mo5q9%2FBackdrop.png%26_options_sf&quot;,return)</favourite>
	<favourite name="Hulu Movie TV" thumb="special://home/addons\plugin.video.HuluMovieTV\icon.png">ActivateWindow(10025,&quot;plugin://plugin.video.HuluMovieTV?sf_options=fanart%3Dspecial%3A%2F%2Fhome%2Faddons%5Cplugin.video.HuluMovieTV%5Cfanart.jpg%26desc%3D%28add-on+still+in+beta%29+For+more+info+go+to+www.entertainmentrepo.com%26_options_sf&quot;,return)</favourite>
	<favourite name="The Royal We" thumb="http://addons.tvaddons.ag/cache/images/fbc27244f313440eed96f25d61f6dd_icon.png">ActivateWindow(10025,&quot;plugin://plugin.video.theroyalwe?sf_options=fanart%3Dspecial%3A%2F%2Fhome%2Faddons%5Cplugin.video.theroyalwe%5Cfanart.jpg%26desc%3DThe+Royal+We+is+getting+better+then+ever.+It%27s+all+about+simplicity+and+lots+of+sources.+No+settings.+No+configuration+%28except+for+a+Trakt.tv+account+if+you+have+one%29.%26_options_sf&quot;,return)</favourite>
	<favourite name="2 Movies Evolved" thumb="https://superrepo.org/static/images/icons/original/xplugin.video.twomovies.png.pagespeed.ic.1t193NtJce.jpg">ActivateWindow(10025,&quot;plugin://plugin.video.twomovies?sf_options=fanart%3Dspecial%3A%2F%2Fhome%2Faddons%5Cplugin.video.twomovies%5Cfanart.jpg%26desc%3D-+GFX+by+%3AMarquerite++A+deep+database+of+Movies+%2C+TV+Shows.+Downloading+to+your+library+has+never+been+easier.%26_options_sf&quot;,return)</favourite>
</favourites>