<favourites>
	<favourite name="Pro Sport" thumb="special://home/addons\plugin.video.prosport\icon.png">ActivateWindow(10025,&quot;plugin://plugin.video.prosport/&quot;,return)</favourite>
	<favourite name="[COLOR chartreuse]SportsDevil[/COLOR]" thumb="http://icons.iconarchive.com/icons/pixelpirate/futurama/128/Robot-Devil-icon.png">ActivateWindow(10025,&quot;plugin://plugin.video.SportsDevil&quot;)</favourite>
	<favourite name="[COLOR brown]Bob Sports[/COLOR]" thumb="http://norestrictions.club/norestrictions.club/blue/icons/Bob/Sports.jpg">ActivateWindow(10025,&quot;plugin://plugin.video.bob/?action=directory&amp;content=0&amp;url=http%3a%2f%2f217.182.69.114%2f%7ebob%2fnorestrictions.club%2ftastreams%2flibatinten.xml&quot;,return)</favourite>
	<favourite name="[COLOR crimson]Phoenix Sports[/COLOR]" thumb="http://phoenixtv.offshorepastebin.com/art/main/DRAGONsports.jpg">ActivateWindow(10025,&quot;plugin://plugin.video.phstreams/?action=directory&amp;url=http%3a%2f%2fphoenixtv.offshorepastebin.com%2ftv%2fevents.xml&quot;,return)</favourite>
	
	
	 <favourite name="Sports Swiftstreamz" thumb="http://swiftstreamz.com/SwiftStream/images/thumbs/7208_47712_SPORTS.jpg|User-Agent=Dalvik/2.1.0 (Linux; U; Android 6.0.1; SM-T810 Build/MMB29K)&amp;Host=swiftstreamz.com&amp;Accept-Encoding=gzip&amp;Connection=Keep-Alive">ActivateWindow(10025,&quot;plugin://plugin.video.gobble/?iconimage=http%3a%2f%2fswiftstreamz.com%2fSwiftStream%2fimages%2fthumbs%2f7208_47712_SPORTS.jpg%7cUser-Agent%3dDalvik%2f2.1.0%20(Linux%3b%20U%3b%20Android%206.0.1%3b%20SM-T810%20Build%2fMMB29K)%26Host%3dswiftstreamz.com%26Accept-Encoding%3dgzip%26Connection%3dKeep-Alive&amp;mode=1&amp;name=SPORTS%20TV&amp;url=http%3a%2f%2fswiftstreamz.com%2fSwiftStream%2fapi.php%3fcat_id%3d36&quot;,return)</favourite>
    <--! favourite name="Sports TVone1" thumb="C:\kodi\portable_data\addons\plugin.video.SportsDevil\resources\images\folder.png">ActivateWindow(10025,&quot;plugin://plugin.video.SportsDevil/?item=title%3dSports%26url%3dhttp%253A%252F%252Fwww.tvone1.tv%26cfg%3dtvone1.tv.cfg%2540Streams%2540Sports%26definedIn%3dtvone1.tv.cfg%26director%3dtvone1.tv%26genre%3dLive%2bTV%26type%3drss&amp;mode=1&quot;,return)</favourite>
	<favourite name="ZemTV Sports" thumb="DefaultFolder.png">ActivateWindow(10025,&quot;plugin://plugin.video.ZemTV-shani/?mode=13&amp;name=Sports&amp;url=Live&amp;sf_options=&quot;,return)</favourite>
	<favourite name="" thumb="">ActivateWindow(10025,&quot;plugin://plugin.video.&quot;,return)</favourite>
	<favourite name="Sportie" thumb="">ActivateWindow(10025,&quot;plugin://plugin.video.sportie/&quot;,return)</favourite>
	<favourite name="Sports Sanctuary" thumb="special://home/addons\plugin.video.sanctuary\icon.png">ActivateWindow(10025,&quot;plugin://plugin.video.sanctuary/?description&amp;extra&amp;fanart=C%3a%5ckodi%5cportable_data%5caddons%5cplugin.video.sanctuary%5cfanart.jpg&amp;iconimage=C%3a%5ckodi%5cportable_data%5caddons%5cplugin.video.sanctuary%5cicon.png&amp;mode=40&amp;name=Sports&amp;url&amp;sf_options=fanart%3Dspecial%3A%2F%2Fhome%2Faddons%5Cplugin.video.sanctuary%5Cfanart.jpg%26meta%3Dlabel%253DSports%2526userrating%253DListItem.userrating%2526title%253DSports%26_options_sf&quot;,return)</favourite>
	<favourite name="DC Sports" thumb="special://home/addons\plugin.video.DCSports\icon.png">ActivateWindow(10025,&quot;plugin://plugin.video.DCSports/&quot;,return)</favourite>
	<favourite name="NJM-Soccer" thumb="special://home/addons\plugin.video.NJMSoccer\icon.png">ActivateWindow(10025,&quot;plugin://plugin.video.NJMSoccer/&quot;,return)</favourite>
	<favourite name="UKTurk" thumb="http://metalkettle.co/UKTurk18022016/thumbs/new/Uk%20turk%20thumbnails%20sports.jpg">ActivateWindow(10025,&quot;plugin://plugin.video.ukturk/?description&amp;iconimage=http%3a%2f%2fmetalkettle.co%2fUKTurk18022016%2fthumbs%2fnew%2fUk%2520turk%2520thumbnails%2520sports.jpg&amp;mode=1&amp;name=Sports&amp;url=http%3A%2F%2Fukturk.offshorepastebin.com%2FUKTurk%2FSportsList.txt&amp;sf_options=fanart%3Dspecial%3A%2F%2Fhome%2Faddons%5Cplugin.video.ukturk%5Cfanart.jpg%26_options_sf&quot;,return)</favourite>
	
	<favourite name="PAC12" thumb="http://x.pac-12.com/profiles/pac12/modules/features/pac12_standings/images/pac12.png">ActivateWindow(10025,&quot;plugin://plugin.program.super.favourites/?label=[COLOR azure]College Sports[/COLOR]&amp;mode=400&amp;folder=Sports%5CCollege%20Sports&amp;sf_options=fanart%3DNULL%26_options_sf&quot;,return)</favourite>
	<favourite name="MAMAHD UFC Links" thumb="http://dkrepo.netai.net/UltimateUfc/UFC%20Art/Other/Mamahd.png">ActivateWindow(10025,&quot;plugin://plugin.video.ufc-finest/?description&amp;fanart=http%3a%2f%2fdkrepo.netai.net%2fUltimateUfc%2fUFC%2520Art%2fOther%2fMamahd.jpg&amp;mode=11&amp;name=%5bCOLOR%20white%5dM%5b%2fCOLOR%5d%5bCOLOR%20red%5dA%5b%2fCOLOR%5d%5bCOLOR%20white%5dM%5b%2fCOLOR%5d%5bCOLOR%20red%5dA%5b%2fCOLOR%5d%5bCOLOR%20white%5dH%5b%2fCOLOR%5d%5bCOLOR%20red%5dD%5b%2fCOLOR%5d%20%5bCOLOR%20white%5dUFC%5b%2fCOLOR%5d%20%5bCOLOR%20red%5dLinks%5b%2fCOLOR%5d&amp;url=http%3a%2f%2fmamahd.com%2fboxing-wwe-ufc-live-streaming.html&quot;,return)</favourite>
	
	            <favourite name="PD Sports" thumb="http://projectd.offshorepastebin.com/images/pdsportbaseball.png">ActivateWindow(10025,&quot;plugin://plugin.video.phstreams/?action=directory&amp;content=0&amp;url=http%3A%2F%2Fprojectd.offshorepastebin.com%2Fpdsports%2Fprojectd.xml&quot;,return)</favourite>
	
	<favourite name="Sports Demon LIVE" thumb="http://phoenixtv.offshorepastebin.com/art/tv/sportsdemon.jpg">ActivateWindow(10025,&quot;plugin://plugin.video.phstreams/?action=directory&amp;content=0&amp;url=http%3a%2f%2fphoenixtv.offshorepastebin.com%2ftv%2fWizHD.xml&quot;,return)</favourite>
    <favourite name="Sports Replays" thumb="http://phoenixtv.offshorepastebin.com/art/tv/phoenixsportsreplays.png">ActivateWindow(10025,&quot;plugin://plugin.video.phstreams/?action=directory&amp;content=0&amp;url=http%3a%2f%2fphoenixtv.offshorepastebin.com%2ftv%2fReplays.xml&quot;,return)</favourite>
    <favourite name="Zodiac" thumb="http://zodiac.offshorepastebin.com/icons/zodiac2017.png">ActivateWindow(10025,&quot;plugin://plugin.video.phstreams/?action=directory&amp;content=0&amp;url=http%3a%2f%2fzodiac.offshorepastebin.com%2fxmls%2fZsports.xml&quot;,return)</favourite>
	
</favourites>