<favourites>
	<favourite name="Trakt collection" thumb="">ActivateWindow(10025,&quot;plugin://plugin.video.meta/movies/trakt/collection&quot;,return)</favourite>
	<favourite name="Trakt watchlist" thumb="">ActivateWindow(10025,&quot;plugin://plugin.video.meta/movies/trakt/watchlist&quot;,return)</favourite>
	<favourite name="My calendar" thumb="">ActivateWindow(10025,&quot;plugin://plugin.video.meta/tv/trakt/calendar&quot;,return)</favourite>
	<favourite name="Trakt watchlist" thumb="">ActivateWindow(10025,&quot;plugin://plugin.video.meta/tv/trakt/watchlist&quot;,return)</favourite>
	<favourite name="Trakt collection" thumb="">ActivateWindow(10025,&quot;plugin://plugin.video.meta/tv/trakt/collection&quot;,return)</favourite>
	<favourite name="Trakt my lists" thumb="">ActivateWindow(10025,&quot;plugin://plugin.video.meta/lists/trakt/my_lists&quot;,return)</favourite>
	<favourite name="Trakt liked lists" thumb="">ActivateWindow(10025,&quot;plugin://plugin.video.meta/lists/trakt/liked_lists/1&quot;,return)</favourite>
	<favourite name="Meta" thumb="special://home/addons\plugin.video.meta\icon.png">ActivateWindow(10025,&quot;plugin://plugin.video.meta/&quot;,return)</favourite>
</favourites>