<favourites>
	<favourite name="SPMC 16.4" thumb="">PlayMedia(&quot;plugin://plugin.video.water/?url=https://github.com/koying/SPMC/releases/download/16.4.0-spmc/SPMC-armeabi-v7a_16.4.0.apk&amp;mode=3&amp;name=SPMC_164&amp;description=Install SPMC 16.3&amp;sf_options=winID%3D10025%26_options_sf&quot;)</favourite>
	<favourite name="[COLOR indianred]Mobdro[/COLOR]" thumb="">PlayMedia(&quot;plugin://plugin.video.water/?url=https%3A%2F%2Fappraw.com%2Fdl%2FidG6PzfcGl&amp;mode=3&amp;name=Mobdro&amp;description=Install Mobdro&amp;sf_options=winID%3D10025%26_options_sf&quot;)</favourite>
	<favourite name="MouseToggle" thumb="">PlayMedia(&quot;plugin://plugin.video.water/?url=http://webservices.aptoide.com/webservices/getApkInstall/20000691/volkmanfkm&amp;mode=3&amp;name=MouseToggle&amp;description=Install Mouse Toggle FOR FIRETV ONLY!!!&amp;sf_options=winID%3D10025%26_options_sf&quot;)</favourite>
	<favourite name="BitGames Centre" thumb="">PlayMedia(&quot;plugin://plugin.video.water/?url=http%3A%2F%2Fforum.xda-developers.com%2Fattachment.php%3Fattachmentid%3D2846189%26d%3D1405107994&amp;mode=3&amp;name=BitGamesCentre&amp;description=BitGames Centre&amp;sf_options=winID%3D10025%26_options_sf&quot;)</favourite>
</favourites>