<favourites>
	<favourite name="" thumb="">PlayMedia(&quot;plugin://plugin?sf_options=winID%3D10025%26_options_sf&quot;)</favourite>
	<favourite name="HappyChick[COLOR black]TV[/COLOR]" thumb="https://lh4.ggpht.com/grN6yFK0FpUXq1RWODj2Ka_qps0l1y3aFXQcNNyvtGeqokZYqaNgbTL-UuZGc2mTxBo=w150">PlayMedia(&quot;plugin://plugin.video.water/?url=http://www.xiaoji001.com/download/tv/xiaoji.apk&amp;mode=12&amp;name=HappyChickTV&amp;description=com.xiaoji.tvbox&amp;sf_options=winID%3D10025%26_options_sf&quot;)</favourite>
	<favourite name="" thumb="">PlayMedia(&quot;plugin://plugin?sf_options=winID%3D10025%26_options_sf&quot;)</favourite>
	<favourite name="PLAY! NES" thumb="http://orig04.deviantart.net/7d5b/f/2012/171/1/f/nes_controller_icon_by_nickhrh-d546smr.png">PlayMedia(&quot;plugin://plugin.video.water/?url=http://aidymatic.co.uk/apps/PLaY/PLaY-NES.apk&amp;mode=12&amp;name=Play!NES&amp;description=com.dunno&amp;sf_options=winID%3D10025%26_options_sf&quot;)</favourite>
	<favourite name="PLAY! SNES" thumb="http://orig11.deviantart.net/ab22/f/2012/171/6/7/snes_icon_by_nickhrh-d545i62.png">PlayMedia(&quot;plugin://plugin.video.water/?url=http://aidymatic.co.uk/apps/PLaY/PLaY-SNES.apk&amp;mode=12&amp;name=Play!SNES&amp;description=com.dunno&amp;sf_options=winID%3D10025%26_options_sf&quot;)</favourite>
	<favourite name="PLAY! GENESIS" thumb="http://pixelterror.ru/up/smd2-512.png">PlayMedia(&quot;plugin://plugin.video.water/?url=http://aidymatic.co.uk/apps/PLaY/PLaY-GENESIS.apk&amp;mode=12&amp;name=Play!NES&amp;description=com.dunno&amp;sf_options=winID%3D10025%26_options_sf&quot;)</favourite>
	<favourite name="" thumb="">PlayMedia(&quot;plugin://plugin?sf_options=winID%3D10025%26_options_sf&quot;)</favourite>
	<favourite name="HappyChick4Phone[COLOR black]*Requires TouchScreen or Mouse[/COLOR]" thumb="https://cdn6.aptoide.com/imgs/0/3/9/03930e69d3909815f2e73e78e32cd610.png">PlayMedia(&quot;plugin://plugin.video.water/?url=http%3A%2F%2Fwww.xiaoji001.com%2Fdownload%2Fhappychick.apk&amp;mode=12&amp;name=Happychick&amp;description=com.xiaoji.emulator&amp;sf_options=winID%3D10025%26_options_sf&quot;)</favourite>
	<favourite name="" thumb="">RunScript(&quot;special://&quot;)</favourite>
	<favourite name="Download RETRO Games" thumb="https://cdn3.iconfinder.com/data/icons/supermario/PNG/retro-mushroom-super-2.png">ActivateWindow(10025,&quot;plugin://plugin.program.retrogames/?mode=OnlRoot&quot;,return)</favourite>
	<favourite name="Play RETRO Games" thumb="https://cdn3.iconfinder.com/data/icons/supermario/PNG/retro-mushroom-super-2.png">ActivateWindow(10025,&quot;plugin://plugin.program.super.favourites/?label=Play RETRO Games&amp;mode=400&amp;folder=More%2FAndroid%2FMore%2FGames%2FPlay%20RETRO%20Games&amp;sf_options=fanart%3Dspecial%3A%2F%2Fhome%2Faddons%5Cplugin.program.super.favourites%5Cfanart.jpg%26_options_sf&quot;)</favourite>
	<favourite name="" thumb="">RunScript(&quot;special://&quot;)</favourite>
	<favourite name="RetroArch - REQUIRES MANUAL SETUP" thumb="http://vignette2.wikia.nocookie.net/vsrecommendedgames/images/6/60/Retroarch_Android_icon.png/revision/latest?cb=20140110025517">PlayMedia(&quot;plugin://plugin.video.water/?url=http://buildbot.libretro.com/stable/1.5.0/android/RetroArch.apk&amp;mode=12&amp;name=RetroArch&amp;description=com.retroarch&amp;sf_options=winID%3D10025%26_options_sf&quot;)</favourite>
</favourites>