<favourites>
	<favourite name="Olympic 2016 Highlights" thumb="https://yt3.ggpht.com/-J6arfAp49fY/AAAAAAAAAAI/AAAAAAAAAAA/D16Ykx0FqfQ/s240-c-k-no-rj-c0xffffff/photo.jpg">ActivateWindow(10025,&quot;plugin://plugin.video.youtube/channel/UCqZQlzSHbVJrwrn5XvzrzcA/&quot;,return)</favourite>
	<favourite name="Opening Ceremony" thumb="special://home/addons\plugin.video.allinone/icons/play.png">ActivateWindow(10025,&quot;plugin://plugin.video.allinone/?listitem=%3cxbmcgui.ListItem%20object%20at%200x1443F3E0%3e&amp;mode=PlayVideo&amp;url=http%3a%2f%2fvodlocker.com%2fcgll0okuqw0n&quot;,return)</favourite>
	<favourite name="NBC HD" thumb="">PlayMedia(&quot;plugin://plugin.video.f4mTester/?streamtype=TSDOWNLOADER&amp;url=http://ksportiptv.com:1557/live/1234**/2cpIPBee5d/2440.ts&amp;name=NBC&amp;sf_options=winID%3D10025%26_options_sf&quot;)</favourite>
	<favourite name="[COLOR blue]NBC[/COLOR] HD" thumb="http://www.lyngsat-logo.com/hires/nn/nbc_us_east.png">PlayMedia(&quot;plugin://plugin.video.phstreams/?action=play&amp;url=%3Csublink%3Ehttp%3A%2F%2Fwww.ustvnow.com%2F%3Fstream_code%3DNBC%3C%2Fsublink%3E&amp;sf_options=winID%3D10025%26_options_sf&quot;)</favourite>
	<favourite name="[COLOR turquoise]NBCSN HD[/COLOR]" thumb="http://static.wixstatic.com/media/fefd1f_da8842f45aae6ab60b81b8ada2b414e0.jpg">PlayMedia(&quot;http://54.177.79.231/server/play/nbcsnxctg/master.m3u8&quot;)</favourite>
	<favourite name="[COLOR lightcoral]BBC Coverage[/COLOR]" thumb="special://home/addons\plugin.video.castaway\resources/media/atdhe.jpg">PlayMedia(&quot;plugin://plugin.video.castaway/?play=True&amp;img=C%3A%5Ckodi%5Cportable_data%5Caddons%5Cplugin.video.castaway%5Cresources%2Fmedia%2Fatdhe.jpg&amp;title=%5BCOLOR+orange%5D%2804%3A20%29%5B%2FCOLOR%5D+%28Finish%29+%5BB%5DRio+2016+BBC+Covrage%5B%2FB%5D&amp;url=http%3A%2F%2Fgoatd.net%2F157334%2Fwatch-rio-2016-bbc-covrage&amp;site=atdhe&amp;mode=play_special_sport&amp;sf_options=winID%3D10025%26_options_sf&quot;)</favourite>
	<favourite name="[COLOR blue]NBC Coverage[/COLOR]" thumb="special://home/addons\plugin.video.castaway\resources/media/atdhe.jpg">PlayMedia(&quot;plugin://plugin.video.castaway/?play=True&amp;img=C%3A%5Ckodi%5Cportable_data%5Caddons%5Cplugin.video.castaway%5Cresources%2Fmedia%2Fatdhe.jpg&amp;title=%5BCOLOR+orange%5D%2804%3A20%29%5B%2FCOLOR%5D+%28Finish%29+%5BB%5DRio+2016+NBC+Covrage%5B%2FB%5D&amp;url=http%3A%2F%2Fgoatd.net%2F157335%2Fwatch-rio-2016-nbc-covrage&amp;site=atdhe&amp;mode=play_special_sport&amp;sf_options=winID%3D10025%26_options_sf&quot;)</favourite>
	<favourite name="[COLOR aqua]NBCSN Coverage[/COLOR]" thumb="special://home/addons\plugin.video.castaway\resources/media/atdhe.jpg">PlayMedia(&quot;plugin://plugin.video.castaway/?play=True&amp;img=C%3A%5Ckodi%5Cportable_data%5Caddons%5Cplugin.video.castaway%5Cresources%2Fmedia%2Fatdhe.jpg&amp;title=%5BCOLOR+orange%5D%2804%3A20%29%5B%2FCOLOR%5D+%28Finish%29+%5BB%5DRio+2016+NBCSN+Covrage%5B%2FB%5D&amp;url=http%3A%2F%2Fgoatd.net%2F157336%2Fwatch-rio-2016-nbcsn-covrage&amp;site=atdhe&amp;mode=play_special_sport&amp;sf_options=winID%3D10025%26_options_sf&quot;)</favourite>
	<favourite name="[COLOR black]NBC - iLive[/COLOR]" thumb="http://snapshots.streamlive.to/snapshots/s5whw37nl7weedp_snapshot.jpg">PlayMedia(&quot;plugin://plugin.video.castaway/?play=True&amp;img=http%3A%2F%2Fsnapshots.streamlive.to%2Fsnapshots%2Fs5whw37nl7weedp_snapshot.jpg&amp;title=NBC&amp;url=http%3A%2F%2Fwww.streamlive.to%2Fview%2F69116%2FNBC-live-stream-channel&amp;site=streamlive&amp;mode=play_special&amp;sf_options=winID%3D10025%26_options_sf&quot;)</favourite>
</favourites>