<favourites>
	<favourite name="Olympic 2016 Highlights" thumb="https://yt3.ggpht.com/-J6arfAp49fY/AAAAAAAAAAI/AAAAAAAAAAA/D16Ykx0FqfQ/s240-c-k-no-rj-c0xffffff/photo.jpg">ActivateWindow(10025,&quot;plugin://plugin.video.youtube/channel/UCqZQlzSHbVJrwrn5XvzrzcA/&quot;,return)</favourite>
	<favourite name="Opening Ceremony" thumb="special://home/addons\plugin.video.allinone/icons/play.png">ActivateWindow(10025,&quot;plugin://plugin.video.allinone/?listitem=%3cxbmcgui.ListItem%20object%20at%200x1443F3E0%3e&amp;mode=PlayVideo&amp;url=http%3a%2f%2fvodlocker.com%2fcgll0okuqw0n&quot;,return)</favourite>
	<favourite name="[COLOR blue]NBC[/COLOR]" thumb="special://home/addons\plugin.video.castaway\resources/media/atdhe.jpg">PlayMedia(&quot;plugin://plugin.video.castaway/?play=True&amp;img=C%3A%5Ckodi%5Cportable_data%5Caddons%5Cplugin.video.castaway%5Cresources%2Fmedia%2Fatdhe.jpg&amp;title=%5BCOLOR+orange%5D%2804%3A20%29%5B%2FCOLOR%5D+%28Finish%29+%5BB%5DRio+2016+NBC+Covrage%5B%2FB%5D&amp;url=http%3A%2F%2Fgoatd.net%2F157335%2Fwatch-rio-2016-nbc-covrage&amp;site=atdhe&amp;mode=play_special_sport&amp;sf_options=winID%3D10025%26_options_sf&quot;)</favourite>
	<favourite name=" NBC BACKUP" thumb="http://www.lyngsat-logo.com/hires/nn/nbc_us_east.png">PlayMedia(&quot;plugin://plugin.video.phstreams/?action=play&amp;url=%3Csublink%3Ehttp%3A%2F%2Fwww.ustvnow.com%2F%3Fstream_code%3DNBC%3C%2Fsublink%3E&amp;sf_options=winID%3D10025%26_options_sf&quot;)</favourite>
	<favourite name="[COLOR steelblue]NBCSN[/COLOR]" thumb="special://home/addons\plugin.video.castaway\resources/media/atdhe.jpg">PlayMedia(&quot;plugin://plugin.video.castaway/?play=True&amp;img=C%3A%5Ckodi%5Cportable_data%5Caddons%5Cplugin.video.castaway%5Cresources%2Fmedia%2Fatdhe.jpg&amp;title=%5BCOLOR+orange%5D%2804%3A20%29%5B%2FCOLOR%5D+%28Finish%29+%5BB%5DRio+2016+NBCSN+Covrage%5B%2FB%5D&amp;url=http%3A%2F%2Fgoatd.net%2F157336%2Fwatch-rio-2016-nbcsn-covrage&amp;site=atdhe&amp;mode=play_special_sport&amp;sf_options=winID%3D10025%26_options_sf&quot;)</favourite>
	<favourite name=" NBCSN HD" thumb="">PlayMedia(&quot;http://54.157.210.4/server/play/nbcsnxctg/2626000/prog.m3u8|X-Forwarded-For=54.183.196.251?sf_options=winID%3D10025%26_options_sf&quot;)</favourite>
	<favourite name="[COLOR tomato]BBC[/COLOR]" thumb="special://home/addons\plugin.video.castaway\resources/media/atdhe.jpg">PlayMedia(&quot;plugin://plugin.video.castaway/?play=True&amp;img=C%3A%5Ckodi%5Cportable_data%5Caddons%5Cplugin.video.castaway%5Cresources%2Fmedia%2Fatdhe.jpg&amp;title=%5BCOLOR+orange%5D%2804%3A20%29%5B%2FCOLOR%5D+%28Finish%29+%5BB%5DRio+2016+BBC+Covrage%5B%2FB%5D&amp;url=http%3A%2F%2Fgoatd.net%2F157334%2Fwatch-rio-2016-bbc-covrage&amp;site=atdhe&amp;mode=play_special_sport&amp;sf_options=winID%3D10025%26_options_sf&quot;)</favourite>
	<favourite name="CBC" thumb="special://home/addons\plugin.stream.vaughnlive.tv\thumbs\2016_rio_olympics.png">PlayMedia(&quot;plugin://plugin.stream.vaughnlive.tv/?sourcetype=auto&amp;img=C%3A%5Ckodi%5Cportable_data%5Caddons%5Cplugin.stream.vaughnlive.tv%5Cthumbs%5C2016_rio_olympics.png&amp;title=2016+rio+olympics&amp;url=http%3A%2F%2Fvaughnlive.tv%2F2016_rio_olympics&amp;section=&amp;site=&amp;mode=PlayLiveStream&amp;fimg=http%3A%2F%2Fcdn.vaughnsoft.com%2Fvaughnsoft%2Fvaughnlive%2Fimg_backgrounds%2F2016_rio_olympics.jpg&amp;channel=2016_rio_olympics&amp;sf_options=winID%3D10025%26_options_sf&quot;)</favourite>
	<favourite name="[COLOR orange]NBC Golf[/COLOR] HD" thumb="http://images.bwwstatic.com/columnpic7/216010CE4-98D9-AF3E-251224A0ED270B54.jpg">PlayMedia(&quot;http://tvegolf-i.Akamaihd.net/hls/live/218225/golfx/4296k/prog.m3u8?sf_options=winID%3D10025%26_options_sf&quot;)</favourite>
	<favourite name="BBC Olympics 2 (shows different events)" thumb="special://home/addons\plugin.video.SportsDevil\resources\images\lshunter_tv.png">ActivateWindow(10025,&quot;plugin://plugin.video.SportsDevil/?item=definedIn%3dlshunter-new.cfg%26title%3d%255B04%253A30%2bAM%255D%2b%255BCOLOR%253Dcyan%255DOlympic%2bGames%2bLive%2bStream%255B%252FCOLOR%255D%2bRio%2bOlympic%2bGames%2b2016%2b-%2bBBC%2bOlympics%2b2%26url%3dhttp%253A%252F%252Fwww.batmanstream.com%252Ffree-live-streaming-videos-2.html%26cfg%3dlshunter-new.cfg%2540Streams%2540Rio%2bOlympic%2bGames%2b2016%2b-%2bBBC%2bOlympics%2b2%26videoTitle%3d%255B04%253A30%2bAM%255D%2b%255BCOLOR%253Dcyan%255DOlympic%2bGames%2bLive%2bStream%255B%252FCOLOR%255D%2bRio%2bOlympic%2bGames%2b2016%2b-%2bBBC%2bOlympics%2b2%26director%3dLSHunter.tv%26_time%3d13%253A30%26referer%3dhttp%253A%252F%252Fwww.batmanstream.com%252Ffree-live-streaming-videos-2.html%26time%3d04%253A30%2bAM%26genre%3dLive%2bSports%26sport%3dOlympic%2bGames%2bLive%2bStream%26type%3drss%26event%3dRio%2bOlympic%2bGames%2b2016%2b-%2bBBC%2bOlympics%2b2%26icon%3dC%253A%255Ckodi%255Cportable_data%255Caddons%255Cplugin.video.SportsDevil%255Cresources%255Cimages%255Clshunter_tv.png&amp;mode=1&quot;,return)</favourite>
	<favourite name="BBC Olympics 3 (shows different events)" thumb="special://home/addons\plugin.video.SportsDevil\resources\images\lshunter_tv.png">ActivateWindow(10025,&quot;plugin://plugin.video.SportsDevil/?item=definedIn%3dlshunter-new.cfg%26title%3d%255B04%253A30%2bAM%255D%2b%255BCOLOR%253Dcyan%255DOlympic%2bGames%2bLive%2bStream%255B%252FCOLOR%255D%2bRio%2bOlympic%2bGames%2b2016%2b-%2bBBC%2bOlympics%2b3%26url%3dhttp%253A%252F%252Fwww.batmanstream.com%252Ffree-live-streaming-videos-2.html%26cfg%3dlshunter-new.cfg%2540Streams%2540Rio%2bOlympic%2bGames%2b2016%2b-%2bBBC%2bOlympics%2b3%26videoTitle%3d%255B04%253A30%2bAM%255D%2b%255BCOLOR%253Dcyan%255DOlympic%2bGames%2bLive%2bStream%255B%252FCOLOR%255D%2bRio%2bOlympic%2bGames%2b2016%2b-%2bBBC%2bOlympics%2b3%26director%3dLSHunter.tv%26_time%3d13%253A30%26referer%3dhttp%253A%252F%252Fwww.batmanstream.com%252Ffree-live-streaming-videos-2.html%26time%3d04%253A30%2bAM%26genre%3dLive%2bSports%26sport%3dOlympic%2bGames%2bLive%2bStream%26type%3drss%26event%3dRio%2bOlympic%2bGames%2b2016%2b-%2bBBC%2bOlympics%2b3%26icon%3dC%253A%255Ckodi%255Cportable_data%255Caddons%255Cplugin.video.SportsDevil%255Cresources%255Cimages%255Clshunter_tv.png&amp;mode=1&quot;,return)</favourite>
	<favourite name="BBC Olympics 4 (shows different events)" thumb="special://home/addons\plugin.video.SportsDevil\resources\images\lshunter_tv.png">ActivateWindow(10025,&quot;plugin://plugin.video.SportsDevil/?item=definedIn%3dlshunter-new.cfg%26title%3d%255B04%253A30%2bAM%255D%2b%255BCOLOR%253Dcyan%255DOlympic%2bGames%2bLive%2bStream%255B%252FCOLOR%255D%2bRio%2bOlympic%2bGames%2b2016%2b-%2bBBC%2bOlympics%2b4%26url%3dhttp%253A%252F%252Fwww.batmanstream.com%252Ffree-live-streaming-videos-2.html%26cfg%3dlshunter-new.cfg%2540Streams%2540Rio%2bOlympic%2bGames%2b2016%2b-%2bBBC%2bOlympics%2b4%26videoTitle%3d%255B04%253A30%2bAM%255D%2b%255BCOLOR%253Dcyan%255DOlympic%2bGames%2bLive%2bStream%255B%252FCOLOR%255D%2bRio%2bOlympic%2bGames%2b2016%2b-%2bBBC%2bOlympics%2b4%26director%3dLSHunter.tv%26_time%3d13%253A30%26referer%3dhttp%253A%252F%252Fwww.batmanstream.com%252Ffree-live-streaming-videos-2.html%26time%3d04%253A30%2bAM%26genre%3dLive%2bSports%26sport%3dOlympic%2bGames%2bLive%2bStream%26type%3drss%26event%3dRio%2bOlympic%2bGames%2b2016%2b-%2bBBC%2bOlympics%2b4%26icon%3dC%253A%255Ckodi%255Cportable_data%255Caddons%255Cplugin.video.SportsDevil%255Cresources%255Cimages%255Clshunter_tv.png&amp;mode=1&quot;,return)</favourite>
	<favourite name="BBC Olympics 5 (shows different events)" thumb="special://home/addons\plugin.video.SportsDevil\resources\images\lshunter_tv.png">ActivateWindow(10025,&quot;plugin://plugin.video.SportsDevil/?item=definedIn%3dlshunter-new.cfg%26title%3d%255B04%253A30%2bAM%255D%2b%255BCOLOR%253Dcyan%255DOlympic%2bGames%2bLive%2bStream%255B%252FCOLOR%255D%2bRio%2bOlympic%2bGames%2b2016%2b-%2bBBC%2bOlympics%2b5%26url%3dhttp%253A%252F%252Fwww.batmanstream.com%252Ffree-live-streaming-videos-2.html%26cfg%3dlshunter-new.cfg%2540Streams%2540Rio%2bOlympic%2bGames%2b2016%2b-%2bBBC%2bOlympics%2b5%26videoTitle%3d%255B04%253A30%2bAM%255D%2b%255BCOLOR%253Dcyan%255DOlympic%2bGames%2bLive%2bStream%255B%252FCOLOR%255D%2bRio%2bOlympic%2bGames%2b2016%2b-%2bBBC%2bOlympics%2b5%26director%3dLSHunter.tv%26_time%3d13%253A30%26referer%3dhttp%253A%252F%252Fwww.batmanstream.com%252Ffree-live-streaming-videos-2.html%26time%3d04%253A30%2bAM%26genre%3dLive%2bSports%26sport%3dOlympic%2bGames%2bLive%2bStream%26type%3drss%26event%3dRio%2bOlympic%2bGames%2b2016%2b-%2bBBC%2bOlympics%2b5%26icon%3dC%253A%255Ckodi%255Cportable_data%255Caddons%255Cplugin.video.SportsDevil%255Cresources%255Cimages%255Clshunter_tv.png&amp;mode=1&quot;,return)</favourite>
	<favourite name="BBC Olympics 6 (shows different events)" thumb="special://home/addons\plugin.video.SportsDevil\resources\images\lshunter_tv.png">ActivateWindow(10025,&quot;plugin://plugin.video.SportsDevil/?item=definedIn%3dlshunter-new.cfg%26title%3d%255B04%253A30%2bAM%255D%2b%255BCOLOR%253Dcyan%255DOlympic%2bGames%2bLive%2bStream%255B%252FCOLOR%255D%2bRio%2bOlympic%2bGames%2b2016%2b-%2bBBC%2bOlympics%2b6%26url%3dhttp%253A%252F%252Fwww.batmanstream.com%252Ffree-live-streaming-videos-2.html%26cfg%3dlshunter-new.cfg%2540Streams%2540Rio%2bOlympic%2bGames%2b2016%2b-%2bBBC%2bOlympics%2b6%26videoTitle%3d%255B04%253A30%2bAM%255D%2b%255BCOLOR%253Dcyan%255DOlympic%2bGames%2bLive%2bStream%255B%252FCOLOR%255D%2bRio%2bOlympic%2bGames%2b2016%2b-%2bBBC%2bOlympics%2b6%26director%3dLSHunter.tv%26_time%3d13%253A30%26referer%3dhttp%253A%252F%252Fwww.batmanstream.com%252Ffree-live-streaming-videos-2.html%26time%3d04%253A30%2bAM%26genre%3dLive%2bSports%26sport%3dOlympic%2bGames%2bLive%2bStream%26type%3drss%26event%3dRio%2bOlympic%2bGames%2b2016%2b-%2bBBC%2bOlympics%2b6%26icon%3dC%253A%255Ckodi%255Cportable_data%255Caddons%255Cplugin.video.SportsDevil%255Cresources%255Cimages%255Clshunter_tv.png&amp;mode=1&quot;,return)</favourite>
	<favourite name="BBC Olympics 7 (shows different events)" thumb="special://home/addons\plugin.video.SportsDevil\resources\images\lshunter_tv.png">ActivateWindow(10025,&quot;plugin://plugin.video.SportsDevil/?item=definedIn%3dlshunter-new.cfg%26title%3d%255B04%253A30%2bAM%255D%2b%255BCOLOR%253Dcyan%255DOlympic%2bGames%2bLive%2bStream%255B%252FCOLOR%255D%2bRio%2bOlympic%2bGames%2b2016%2b-%2bBBC%2bOlympics%2b7%26url%3dhttp%253A%252F%252Fwww.batmanstream.com%252Ffree-live-streaming-videos-2.html%26cfg%3dlshunter-new.cfg%2540Streams%2540Rio%2bOlympic%2bGames%2b2016%2b-%2bBBC%2bOlympics%2b7%26videoTitle%3d%255B04%253A30%2bAM%255D%2b%255BCOLOR%253Dcyan%255DOlympic%2bGames%2bLive%2bStream%255B%252FCOLOR%255D%2bRio%2bOlympic%2bGames%2b2016%2b-%2bBBC%2bOlympics%2b7%26director%3dLSHunter.tv%26_time%3d13%253A30%26referer%3dhttp%253A%252F%252Fwww.batmanstream.com%252Ffree-live-streaming-videos-2.html%26time%3d04%253A30%2bAM%26genre%3dLive%2bSports%26sport%3dOlympic%2bGames%2bLive%2bStream%26type%3drss%26event%3dRio%2bOlympic%2bGames%2b2016%2b-%2bBBC%2bOlympics%2b7%26icon%3dC%253A%255Ckodi%255Cportable_data%255Caddons%255Cplugin.video.SportsDevil%255Cresources%255Cimages%255Clshunter_tv.png&amp;mode=1&quot;,return)</favourite>
	<favourite name="[COLOR black]NBCSN HD[/COLOR]" thumb="http://static.wixstatic.com/media/fefd1f_da8842f45aae6ab60b81b8ada2b414e0.jpg">PlayMedia(&quot;http://54.177.79.231/server/play/nbcsnxctg/master.m3u8?sf_options=winID%3D10025%26_options_sf&quot;)</favourite>
	<favourite name="[COLOR black]NBC HD[/COLOR]" thumb="">PlayMedia(&quot;http://54.157.210.4/server/play/wvitxctg/master.m3u8|User-Agent%3DMozilla%2F5.0+(Windows+NT+10.0%3B+WOW64)+AppleWebKit%2F537.36+(KHTML,+like+Gecko)+Chrome%2F51.0.2704.103+Safari%2F537.36?sf_options=winID%3D10025%26_options_sf&quot;)</favourite>
	<favourite name="[COLOR black]NBC - iLive[/COLOR]" thumb="http://snapshots.streamlive.to/snapshots/s5whw37nl7weedp_snapshot.jpg">PlayMedia(&quot;plugin://plugin.video.castaway/?play=True&amp;img=http%3A%2F%2Fsnapshots.streamlive.to%2Fsnapshots%2Fs5whw37nl7weedp_snapshot.jpg&amp;title=NBC&amp;url=http%3A%2F%2Fwww.streamlive.to%2Fview%2F69116%2FNBC-live-stream-channel&amp;site=streamlive&amp;mode=play_special&amp;sf_options=winID%3D10025%26_options_sf&quot;)</favourite>
	<favourite name="[COLOR black] BBC Backup[/COLOR]" thumb="">PlayMedia(&quot;plugin://plugin.video.f4mTester/?streamtype=TSDOWNLOADER&amp;url=http://globiptv.com:8000/live/saib/fares/428.ts&amp;sf_options=winID%3D10025%26_options_sf&quot;)</favourite>
	<favourite name=" BBC Backup " thumb="">PlayMedia(&quot;plugin://plugin.video.f4mTester/?streamtype=TSDOWNLOADER&amp;url=http://www.q7t1.com:8000/live/sYKADDaJs2/SnoQc6v4hZ/1081.ts&amp;sf_options=winID%3D10025%26_options_sf&quot;)</favourite>
	<favourite name="Rio Oylmpics" thumb="special://home/addons\plugin.stream.vaughnlive.tv\thumbs\radiotrance_138.png">PlayMedia(&quot;plugin://plugin.stream.vaughnlive.tv/?sourcetype=auto&amp;img=C%3A%5Ckodi%5Cportable_data%5Caddons%5Cplugin.stream.vaughnlive.tv%5Cthumbs%5Cradiotrance_138.png&amp;title=radiotrance+138&amp;url=http%3A%2F%2Fvaughnlive.tv%2Fradiotrance_138&amp;section=&amp;site=&amp;mode=PlayLiveStream&amp;fimg=http%3A%2F%2Fcdn.vaughnsoft.com%2Fvaughnsoft%2Fvaughnlive%2Fimg_backgrounds%2Fradiotrance_138.jpg&amp;channel=radiotrance_138&amp;sf_options=winID%3D10025%26_options_sf&quot;)</favourite>
</favourites>