<favourites>
	<favourite name="Applications" thumb="http://megaicons.net/static/img/icons_title/3/55/title/app-store-icon.png">StartAndroidActivity(,&quot;android.settings.APPLICATION_SETTINGS&quot;)</favourite>
	<favourite name="Date/Time" thumb="http://www.iconsfind.com/wp-content/uploads/2015/10/20151013_561d49d1669f2.png">StartAndroidActivity(,&quot;android.settings.DATE_SETTINGS&quot;)</favourite>
	<favourite name="Wi-Fi" thumb="http://icons.iconarchive.com/icons/thiago-silva/palm/256/Settings-Wi-Fi-icon.png">StartAndroidActivity(,&quot;android.settings.WIFI_SETTINGS&quot;)</favourite>
	<favourite name="Device Info" thumb="http://wpeden.com/wp-content/themes/thenext/images/module-icons/notice.png">StartAndroidActivity(,&quot;android.settings.DEVICE_INFO_SETTINGS&quot;)</favourite>
	<favourite name="More Settings" thumb="https://lh3.ggpht.com/v0Na9wm3dVQlJ6eiGchC8FoUVgnSY4ik0yOLZwyeX1iieMJ_byckvj9yEHp8IpVzCXty=w200">ActivateWindow(10001,&quot;androidsetting://sources/settings/&quot;,return)</favourite>
	<favourite name="" thumb="">PlayMedia(&quot;?sf_options=winID%3D10001%26_options_sf&quot;)</favourite>
	<favourite name="CleanMaster" thumb="https://lh3.ggpht.com/hx9UAWTinSn-R_CQleBveiMFoiW7XKxBl1gU0ev4zZ2v5OGxFZJ_k_370vwDzAJ4vho=w300">PlayMedia(&quot;plugin://plugin.video.water/?url=https://archive.org/download/cleanmaster/cleanmaster.apk&amp;mode=12&amp;name=CleanMaster&amp;description=com.cmcm.cleanmaster.tv&amp;sf_options=winID%3D10001%26_options_sf&quot;)</favourite>
	<favourite name="ES File Explorer" thumb="https://lh3.googleusercontent.com/GXJtgfcxiEaLabZDmJasdFYB74hSSz1M5fdpKA0wPAmobuI1uc6mcSH_tTdu5XpQaNES=w200">PlayMedia(&quot;plugin://plugin.video.water/?description=com.estrongs.android.pop&amp;mode=12&amp;name=ESfileExplorer&amp;url=http%3A%2F%2Fopenbox.mobilem.360.cn%2Findex%2Fd%2Fsid%2F3571&amp;sf_options=winID%3D10001%26_options_sf&quot;)</favourite>
	<--! favourite name="Total Commander" thumb="http://orig01.deviantart.net/0a95/f/2008/126/9/7/glossy_total_commander_icon_by_hungery5.png">PlayMedia(&quot;plugin://plugin.video.water/?description=com.ghisler.android.TotalCommander&amp;mode=12&amp;name=TotalCommander&amp;url=http%3A%2F%2Fghisler.com%2Ftcandroid2.apk&amp;sf_options=winID%3D10001%26_options_sf&quot;)</favourite>
	<favourite name="TeamViewerQS" thumb="https://lh3.googleusercontent.com/BSE81orMXxIRiKtqWe5K0s5vvbNF6Uih48KfbzCpKhUNAO0GpeZ6zQP2yioKKLDYaA=w200">PlayMedia(&quot;plugin://plugin.video.water/?url=http%3A%2F%2Fdownload.teamviewer.com%2Fdownload%2FTeamViewerQS.apk&amp;mode=12&amp;name=TeamViewerQS&amp;description=com.teamviewer.quicksupport.market&amp;sf_options=winID%3D10001%26_options_sf&quot;)</favourite>
	
	<favourite name="[COLOR cadetblue]Update[/COLOR]" thumb="https://lh3.ggpht.com/v0Na9wm3dVQlJ6eiGchC8FoUVgnSY4ik0yOLZwyeX1iieMJ_byckvj9yEHp8IpVzCXty=w200">ActivateWindow(10025,&quot;plugin://plugin.program.super.favourites/?mode=400&amp;folder=more%2FAndroid%2Fmore/update&amp;sf_options=&quot;)</favourite>
</favourites>