<favourites>
	<favourite name="2016 relac" thumb="https://i.ytimg.com/vi/6fODwrjqJdM/mqdefault.jpg">ActivateWindow(10025,&quot;plugin://plugin.video.youtube/channel/UCXWLAHCa5oeaRgG1kftEToA/playlist/PL2wOao9a7O2PWT3tKmrQWwRTtnioG0BEQ/&quot;,return)</favourite>
	<favourite name="Relax 2015 LONG" thumb="https://i.ytimg.com/vi/8gD_9WPPFb4/mqdefault.jpg">ActivateWindow(10025,&quot;plugin://plugin.video.youtube/channel/UCXWLAHCa5oeaRgG1kftEToA/playlist/PL2wOao9a7O2OCAkdVe_yxiI2X0YMUMsQm/&quot;,return)</favourite>
	<favourite name="Relax 2015 SHORT" thumb="https://i.ytimg.com/vi/ni6UkvNwDLs/mqdefault.jpg">ActivateWindow(10025,&quot;plugin://plugin.video.youtube/channel/UCXWLAHCa5oeaRgG1kftEToA/playlist/PL2wOao9a7O2PRkYPVq93vEyoRxJGi4nvX/&quot;,return)</favourite>
	<favourite name="RELAX v1" thumb="https://i.ytimg.com/vi/8gD_9WPPFb4/mqdefault.jpg">ActivateWindow(10025,&quot;plugin://plugin.video.youtube/channel/UCXWLAHCa5oeaRgG1kftEToA/playlist/PL2wOao9a7O2N7pCA0-smcHUrGOUA5HZEW/&quot;,return)</favourite>
	<favourite name="RELAX" thumb="http://s6.postimg.org/5mjpn6x0h/screensavers.png">ActivateWindow(10025,&quot;plugin://plugin.video.zeus/?description&amp;iconimage=http%3a%2f%2fs6.postimg.org%2f5mjpn6x0h%2fscreensavers.png&amp;mode=59&amp;name=%5bCOLOR%20white%5dSCREEN%20SAVERS%5b%2fCOLOR%5d&amp;url=hd%2bscreensaver%2b1080p&amp;sf_options=fanart%3Dhttp%3A%2F%2Fs6.postimg.org%2F5mjpn6x0h%2Fscreensavers.png%26_options_sf&quot;,return)</favourite>
	<favourite name="screensaver" thumb="http://a4.mzstatic.com/us/r30/Purple/v4/f2/8a/2a/f28a2a53-d92c-09d2-a2bd-73db6c145c75/icon128-2x.png">RunScript(&quot;screensaver.video/?sf_options=desc%3DPlays+a+video+when+the+screensaver+starts%2C+this+can+be+a+custom+video+or+one+of+the+built+in+videos%26_options_sf&quot;)</favourite>
</favourites>