<favourites>
<favourite name="Amazon Underground" thumb="http://the-gadgeteer.com/wp-content/uploads/2015/09/amazon-underground.jpg">PlayMedia(&quot;plugin://plugin.video.apkdownload/?url=https://amazonadsi-a.akamaihd.net/public/snuffy/us_stable/default/us/Amazon_App.apk&amp;mode=1&amp;name=Amazon+Underground&amp;description=&amp;sf_options=winID%3D10025%26_options_sf&quot;)</favourite>


<favourite name="Aptoide" thumb="https://upload.wikimedia.org/wikipedia/commons/3/37/Aptoide_Logo.png">PlayMedia(&quot;plugin://plugin.video.apkdownload/?url=http://pool.apk.aptoide.com/1/aptoide-6.5.4.2.apk&amp;mode=1&amp;name=Aptoide&amp;description=&amp;sf_options=winID%3D10025%26_options_sf&quot;)</favourite>

<favourite name="Aptoide Lite" thumb=" ">PlayMedia(&quot;plugin://plugin.video.apkdownload/?url=http://pool.apk.aptoide.com/1/aptoidelitev-0.3.0-c.apk&amp;mode=1&amp;name=Aptoide Lite&amp;description=&amp;sf_options=winID%3D10025%26_options_sf&quot;)</favourite>
<favourite name="Blackmarket" thumb="">PlayMedia(&quot;plugin://plugin.video.apkdownload/?url=http://blackmart.us/black_mart.apk&amp;mode=1&amp;name=Aptoide Lite&amp;description=&amp;sf_options=winID%3D10025%26_options_sf&quot;)</favourite>


<favourite name="MediaRiver" thumb="http://cdn4.aptoide.com/imgs/9/4/5/945b4999ee2116c8608ac43a445f2cd0_icon_127x127.png">PlayMedia(&quot;plugin://plugin.video.apkdownload/?url=https%3A%2F%2Fdrive.google.com%2Fuc%3Fexport%3Ddownload%26id%3D0ByQzoETuaalCQjVPSEhyRHFfSUU&amp;mode=1&amp;name=MediaRiver&amp;description=&amp;sf_options=winID%3D10025%26_options_sf&quot;)</favourite>


<favourite name="MoboGenie" thumb="">PlayMedia(&quot;plugin://plugin.video.apkdownload/?url=http://mobogenie.dl.mgccw.com/mu/android/release/10/2_7_9/mobogenie_1028.apk&amp;mode=1&amp;name=MediaRiver&amp;description=&amp;sf_options=winID%3D10025%26_options_sf&quot;)</favourite>
<favourite name="F-Droid" thumb="">PlayMedia(&quot;plugin://plugin.video.apkdownload/?url=https://f-droid.org/FDroid.apk&amp;mode=1&amp;name=MediaRiver&amp;description=&amp;sf_options=winID%3D10025%26_options_sf&quot;)</favourite>




</favourites>