<favourites>
	<favourite name="UFC HD" thumb="http://s22.postimg.org/vwcyjosz5/mma.png">ActivateWindow(10025,&quot;plugin://plugin.video.phstreams/?action=Huddle_Sites&amp;fanart=http%3a%2f%2fs22.postimg.org%2fgb0owuncd%2fHuddle_fanart.jpg&amp;image=http%3a%2f%2fs22.postimg.org%2fvwcyjosz5%2fmma.png&amp;url=MMA&amp;sf_options=fanart%3Dhttp%3A%2F%2Fs22.postimg.org%2Fgb0owuncd%2FHuddle_fanart.jpg%26_options_sf&quot;,return)</favourite>
	<favourite name="BT Sport 2" thumb="">PlayMedia(&quot;http://167.114.41.215:8080/btsp2_raf/btsp2_raf/index.m3u8|connection=keep-alive?sf_options=winID%3D10025%26_options_sf&amp;sf_options=&quot;)</favourite>
	<favourite name="Boxing / WWE / UFC - DimSports.eu" thumb="special://home/addons\plugin.video.SportsDevil\resources\images\sports/Boxing.png">ActivateWindow(10025,&quot;plugin://plugin.video.SportsDevil/?item=title%3dBoxing%2b%252F%2bWWE%2b%252F%2bUFC%26url%3dhttp%253A%252F%252Fwww.idimsports.eu%252Fboxing-wwe-ufc.html%26cfg%3ddimsports.eu.links.cfg%26definedIn%3dlivesports%252Fdimsports.eu.cfg%26director%3ddimsports.eu%26genre%3dLive%2bSports%26type%3drss%26icon%3dC%253A%255Ckodi%255Cportable_data%255Caddons%255Cplugin.video.SportsDevil%255Cresources%255Cimages%255Csports%252FBoxing.png&amp;mode=1&amp;sf_options=&quot;,return)</favourite>
	<favourite name="Boxing / WWE / UFC - FirstRowSports.eu" thumb="special://home/addons\plugin.video.SportsDevil\resources\images\sports/Boxing.png">ActivateWindow(10025,&quot;plugin://plugin.video.SportsDevil/?item=title%3dBoxing%2b%252F%2bWWE%2b%252F%2bUFC%26url%3dhttp%253A%252F%252Fwww.thefeed2all.eu%252Ftype%252Fboxing-wwe-ufc.html%26cfg%3dfirstrowsports.eu.links.cfg%26definedIn%3dlivesports%252Ffirstrowsports.eu.cfg%26director%3dFirstRowSports.eu%26genre%3dLive%2bSports%26type%3drss%26icon%3dC%253A%255Ckodi%255Cportable_data%255Caddons%255Cplugin.video.SportsDevil%255Cresources%255Cimages%255Csports%252FBoxing.png&amp;mode=1&amp;sf_options=&quot;,return)</favourite>
	<favourite name="Boxing / WWE / UFC - FirstRowSports.ge" thumb="special://home/addons\plugin.video.SportsDevil\resources\images\sports/Boxing.png">ActivateWindow(10025,&quot;plugin://plugin.video.SportsDevil/?item=title%3dBoxing%2b%252F%2bWWE%2b%252F%2bUFC%26url%3dhttp%253A%252F%252Ffirstrowsports.ge%252Findex.php%253Fgame%253Dboxing-wwe-ufc%26cfg%3dfirstrowsports.ge.links.cfg%26definedIn%3dlivesports%252Ffirstrowsports.ge.cfg%26director%3dFirstRowSports.ge%26genre%3dLive%2bSports%26type%3drss%26icon%3dC%253A%255Ckodi%255Cportable_data%255Caddons%255Cplugin.video.SportsDevil%255Cresources%255Cimages%255Csports%252FBoxing.png&amp;mode=1&amp;sf_options=&quot;,return)</favourite>
	<favourite name="Boxing / WWE / UFC - VIPbox.tv" thumb="special://home/addons\plugin.video.SportsDevil\resources\images\sports/Boxing.png">ActivateWindow(10025,&quot;plugin://plugin.video.SportsDevil/?item=title%3dBoxing%2b%252F%2bWWE%2b%252F%2bUFC%26url%3dhttp%253A%252F%252Fwww.vipleague.is%252Fsports%252Fboxing-wwe-ufc.html%26cfg%3dvipbox.tv.events.cfg%26definedIn%3dlivesports%252Fvipbox.tv.cfg%26director%3dVipBox.tv%26genre%3dLive%2bSports%26type%3drss%26icon%3dC%253A%255Ckodi%255Cportable_data%255Caddons%255Cplugin.video.SportsDevil%255Cresources%255Cimages%255Csports%252FBoxing.png&amp;mode=1&amp;sf_options=&quot;,return)</favourite>
</favourites>