<favourites>
	<favourite name="Soccer" thumb="http://icons.iconarchive.com/icons/icons-land/sport/128/Soccer-Ball-icon.png">ActivateWindow(10025,&quot;plugin://plugin.program.super.favourites/?mode=400&amp;path=special%3A%2F%2Fhome%2Faddons%2Fscript.supafav%2FSuper%20Favourites%5CSports%5CSoccer&amp;sf_options=&quot;,return)</favourite>
	<favourite name="MLB Network" thumb="https://www.mlbstatic.com/mlb.com/builds/site-core/8a1b123c6d57e89471233245b055a46ff73f575a_1490893516/images/favicon.png">PlayMedia(&quot;http://mlblive-akc.mlb.com/ls01/mlbam/mlb_network/NETWORK_LINEAR_1/master_wired.m3u8&quot;,return)</favourite>
	<favourite name="NBC Golf" thumb="http://images.bwwstatic.com/columnpic7/216010CE4-98D9-AF3E-251224A0ED270B54.jpg">PlayMedia(&quot;http://tvegolf-i.Akamaihd.net/hls/live/218225/golfx/4296k/prog.m3u8?sf_options=winID%3D10025%26_options_sf&quot;)</favourite>
	
	 <--! favourite name="NBC Sports" thumb="https://nbcsportsgrouppressbox.files.wordpress.com/2012/06/nbcsport-network11.jpg?w=260">PlayMedia(&quot;plugin://plugin.video.ZemTV-shani/?url=bmV0d29ya3R2MjoxOjI0OQ%3D%3D&amp;mode=11&amp;name=Nbc+sports&quot;)</favourite>
	 
	 <--! favourite name="Fox Sports 1" thumb="http://www.foxflash.com/sites/default/files/imagecache/199x/show/logos/logo-1_3.jpg">PlayMedia(&quot;plugin://plugin.video.ZemTV-shani/?url=bmV0d29ya3R2MjoxOjI1MA%3D%3D&amp;mode=11&amp;name=Fox+sports+1&quot;)</favourite>
    <--! favourite name="Fox Sports 2" thumb="http://portal.tenbre.me/portal/img/channel/logo/c_1721153119.png">PlayMedia(&quot;plugin://plugin.video.ZemTV-shani/?url=bmV0d29ya3R2MjoxOjI1MQ%3D%3D&amp;mode=11&amp;name=Fox+sports+2&quot;)</favourite>
    <--! favourite name="[COLOR clear].[/COLOR]ESPN" thumb="http://i.forbesimg.com/media/lists/companies/espn_416x416.jpg">PlayMedia(&quot;plugin://plugin.video.ccloudtv.helper/?url=http%3A%2F%2F94.23.35.42%2FcCloudTv%2Fparser.php%3Fsurl%3Dhttps%3A%2F%2Fwww.arconaitv.me%2Fsports%2F%7CUser-Agent%3DMozilla%252F5.0%2520%28Windows%2520NT%25206.1%253B%2520WOW64%29%2520AppleWebKit%252F537.36%2520%28KHTML%252C%2520like%2520Gecko%29%2520Chrome%252F57.0.2987.133%2520Safari%252F537.36&amp;mode=1&amp;name=ESPN&amp;iconimage=&amp;sf_options=winID%3D10025%26_options_sf&quot;,return)</favourite>
	<--! favourite name="BT Sport ESPN" thumb="http://www.cozy.ge/templates/Cozy/images/Football/BTSPORTESPN.jpg">PlayMedia(&quot;plugin://plugin.video.ZemTV-shani/?url=bmV0d29ya3R2MjoxOjIwMw%3D%3D&amp;mode=11&amp;name=Bt+sports+espn-sp&quot;)</favourite>
	<--! favourite name="BT Sport 1" thumb="https://archive.org/services/img/BtSport1Hd">PlayMedia(&quot;plugin://plugin.video.ZemTV-shani/?url=bmV0d29ya3R2MjoxOjIwMQ%3D%3D&amp;mode=11&amp;name=Bt+sports+1+hd-sp&quot;)</favourite>
    <--! favourite name="BT Sport 2" thumb="https://www.pitv.co.za/wp-content/uploads/2016/11/bt-sport-2-hd.png">PlayMedia(&quot;plugin://plugin.video.ZemTV-shani/?url=bmV0d29ya3R2MjoxOjIwMg%3D%3D&amp;mode=11&amp;name=Bt+sports+2+hd&quot;)</favourite>
    <--! favourite name="BT Sport 3" thumb="http://logosforapp.ddns.net:25461/images/logo/btsp3hd.jpg">PlayMedia(&quot;plugin://plugin.video.ZemTV-shani/?url=bmV0d29ya3R2MjoxOjIwNA%3D%3D&amp;mode=11&amp;name=Bt+sports+3+hd-sp&quot;)</favourite>
    
   
    <--! favourite name="Sky Sports 1" thumb="http://i.imgur.com/zDThZpd.png">ActivateWindow(10025,&quot;plugin://plugin.video.SportsDevil/?item=title.tmp%3dSkysports%2b1%26catcher%3dstreams%26title%3dSky%2bSports%2b1%26url%3dhttp%253A%252F%252Fmamahd.com%252Fsky-sports-1-live-free-stream-1.html%26videoTitle%3dSky%2bSports%2b1%26director%3dmamahd.com%26genre%3dTV%26referer%3dhttp%253A%252F%252Fmamahd.com%252F%26definedIn%3dtv%252Fmamahd.com.cfg%26icon.tmp%3dhttp%253A%252F%252Fmamahd.com%252Fimages%252Fchannels%252Fsky.png%26type%3drss%26icon%3dC%253A%255CKodi%255Cportable_data%255Caddons%255Cplugin.video.SportsDevil%255Cresources%255Cimages%255Cchannels%252Fsky_uk_sports1.png&amp;mode=1&quot;,return)</favourite>
    <--! favourite name="Sky Sports 2" thumb="http://i.imgur.com/J2EZmTy.png">ActivateWindow(10025,&quot;plugin://plugin.video.SportsDevil/?item=title.tmp%3dSkysports%2b2%26catcher%3dstreams%26title%3dSky%2bSports%2b2%26url%3dhttp%253A%252F%252Fmamahd.com%252Fsky-sports-2-live-stream-1.html%26videoTitle%3dSky%2bSports%2b2%26director%3dmamahd.com%26genre%3dTV%26referer%3dhttp%253A%252F%252Fmamahd.com%252F%26definedIn%3dtv%252Fmamahd.com.cfg%26icon.tmp%3dhttp%253A%252F%252Fmamahd.com%252Fimages%252Fchannels%252Fsky.png%26type%3drss%26icon%3dC%253A%255CKodi%255Cportable_data%255Caddons%255Cplugin.video.SportsDevil%255Cresources%255Cimages%255Cchannels%252Fsky_uk_sports2.png&amp;mode=1&quot;,return)</favourite>
    <--! favourite name="Sky Sports 3" thumb="http://i.imgur.com/l6QVCM4.png">ActivateWindow(10025,&quot;plugin://plugin.video.SportsDevil/?item=title.tmp%3dSkysports%2b3%26catcher%3dstreams%26title%3dSky%2bSports%2b3%26url%3dhttp%253A%252F%252Fmamahd.com%252Fsky-sports-3-live-stream-1.html%26videoTitle%3dSky%2bSports%2b3%26director%3dmamahd.com%26genre%3dTV%26referer%3dhttp%253A%252F%252Fmamahd.com%252F%26definedIn%3dtv%252Fmamahd.com.cfg%26icon.tmp%3dhttp%253A%252F%252Fmamahd.com%252Fimages%252Fchannels%252Fsky.png%26type%3drss%26icon%3dC%253A%255CKodi%255Cportable_data%255Caddons%255Cplugin.video.SportsDevil%255Cresources%255Cimages%255Cchannels%252Fsky_uk_sports3.png&amp;mode=1&quot;,return)</favourite>
    <--! favourite name="Sky Sports 4" thumb="http://i.imgur.com/J0fV81h.png">ActivateWindow(10025,&quot;plugin://plugin.video.SportsDevil/?item=title.tmp%3dSkysports%2b4%26catcher%3dstreams%26title%3dSky%2bSports%2b4%26url%3dhttp%253A%252F%252Fmamahd.com%252Fsky-sports-4-live-stream-1.html%26videoTitle%3dSky%2bSports%2b4%26director%3dmamahd.com%26genre%3dTV%26referer%3dhttp%253A%252F%252Fmamahd.com%252F%26definedIn%3dtv%252Fmamahd.com.cfg%26icon.tmp%3dhttp%253A%252F%252Fmamahd.com%252Fimages%252Fchannels%252Fsky.png%26type%3drss%26icon%3dC%253A%255CKodi%255Cportable_data%255Caddons%255Cplugin.video.SportsDevil%255Cresources%255Cimages%255Cchannels%252Fsky_uk_sports4.png&amp;mode=1&quot;,return)</favourite>
    <--! favourite name="Sky Sports 5" thumb="http://mirant.kiev.ua/_sf/9/997.jpg">ActivateWindow(10025,&quot;plugin://plugin.video.SportsDevil/?item=title.tmp%3dSkysports%2b5%26catcher%3dstreams%26title%3dSky%2bSports%2b5%26url%3dhttp%253A%252F%252Fmamahd.com%252Fsky-sports-5-live-stream-1.html%26videoTitle%3dSky%2bSports%2b5%26director%3dmamahd.com%26genre%3dTV%26referer%3dhttp%253A%252F%252Fmamahd.com%252F%26definedIn%3dtv%252Fmamahd.com.cfg%26icon.tmp%3dhttp%253A%252F%252Fmamahd.com%252Fimages%252Fchannels%252Fsky.png%26type%3drss%26icon%3dC%253A%255CKodi%255Cportable_data%255Caddons%255Cplugin.video.SportsDevil%255Cresources%255Cimages%255Cchannels%252Fsky_uk_sports5.png&amp;mode=1&quot;,return)</favourite>
    <--! favourite name="Sky Sports News" thumb="C:\Kodi\portable_data\addons\plugin.video.SportsDevil\resources\images\channels/sky_uk_sports_news_hq.png">ActivateWindow(10025,&quot;plugin://plugin.video.SportsDevil/?item=title.tmp%3dSky%2bNews%26catcher%3dstreams%26title%3dSky%2bSports%2bNews%26url%3dhttp%253A%252F%252Fmamahd.com%252Fsky-sports-news-live-stream-1.html%26videoTitle%3dSky%2bSports%2bNews%26director%3dmamahd.com%26genre%3dTV%26referer%3dhttp%253A%252F%252Fmamahd.com%252F%26definedIn%3dtv%252Fmamahd.com.cfg%26icon.tmp%3dhttp%253A%252F%252Fmamahd.com%252Fimages%252Fchannels%252Fsky.png%26type%3drss%26icon%3dC%253A%255CKodi%255Cportable_data%255Caddons%255Cplugin.video.SportsDevil%255Cresources%255Cimages%255Cchannels%252Fsky_uk_sports_news_hq.png&amp;mode=1&quot;,return)</favourite>
    <--! favourite name="Sky Sports F1" thumb="C:\Kodi\portable_data\addons\plugin.video.SportsDevil\resources\images\channels/sky_uk_sports_f1.png">ActivateWindow(10025,&quot;plugin://plugin.video.SportsDevil/?item=title.tmp%3dSkysports%2bF1%26catcher%3dstreams%26title%3dSky%2bSports%2bF1%26url%3dhttp%253A%252F%252Fmamahd.com%252Fsky-sports-formula-1-live-stream-1.html%26videoTitle%3dSky%2bSports%2bF1%26director%3dmamahd.com%26genre%3dTV%26referer%3dhttp%253A%252F%252Fmamahd.com%252F%26definedIn%3dtv%252Fmamahd.com.cfg%26icon.tmp%3dhttp%253A%252F%252Fmamahd.com%252Fimages%252Fchannels%252Fsky.png%26type%3drss%26icon%3dC%253A%255CKodi%255Cportable_data%255Caddons%255Cplugin.video.SportsDevil%255Cresources%255Cimages%255Cchannels%252Fsky_uk_sports_f1.png&amp;mode=1&quot;,return)</favourite>
	<favourite name="[COLOR clear]Sports Addons[/COLOR]" thumb="">ActivateWindow(10025,&quot;plugin://plugin.program.super.favourites/?mode=400&amp;path=special://home/addons/script.supafav.test/Sports&amp;sf_options=&quot;,return)</favourite>
</favourites>