<favourites>
	<favourite name="Al Jazera" thumb="http://mirror.umd.edu/xbmc/addons/gotham/plugin.video.aljazeera/icon.png">PlayMedia(&quot;rtmp://aljazeeraflashlivefs.fplive.net:1935/aljazeeraflashlive-live?videoId=883816736001&amp;lineUpId=&amp;pubId=665003303001&amp;playerId=751182905001&amp;affiliateId=/aljazeera_eng_high?videoId=883816736001&amp;lineUpId=&amp;pubId=665003303001&amp;playerId=751182905001&amp;affiliateId=.flv live=1 &amp;sf_options=winID%3D10025%26_options_sf&quot;)</favourite>
	<--! favourite name="BBC World News" thumb="http://mediad.publicbroadcasting.net/p/wuwm/files/styles/card_agg/public/201304/logo_bbcworldnews_140x140.gif">PlayMedia(&quot;rtmp://argos.cdn.newschat.tv/edge playpath=bbcwn_live swfUrl=http://newschat.tv/player.swf live=1  pageUrl=http://www.livenewschat.eu/twoons?sf_options=winID%3D10025%26_options_sf&quot;)</favourite>
	<--! favourite name="CNBC" thumb="http://a1.mzstatic.com/au/r30/Purple60/v4/c5/82/34/c58234c1-ad83-f3e6-465d-7010c2b38bb9/icon175x175.jpeg">PlayMedia(&quot;rtmp://argos.cdn.newschat.tv/edge playpath=cnbc_live swfUrl=http://newschat.tv/player.swf live=1 pageUrl=http://www.livenewschat.eu/stocks?sf_options=winID%3D10025%26_options_sf&quot;)</favourite>
	
	<favourite name="France24" thumb="http://i.utdstc.com/icons/120/france-24-android.png">PlayMedia(&quot;http://static.france24.com/live/F24_EN_LO_HLS/live_web.m3u8?sf_options=winID%3D10025%26_options_sf&quot;)</favourite>
	<favourite name="i24" thumb="https://static-s.aa-cdn.net/img/ios/671837118/d705b4b2e3ae27c811a2561eb5d054a2?v=1">PlayMedia(&quot;plugin://plugin.video.youtube/kodion/search/query/?event_type=live&amp;q=i24News&amp;search_type=video&quot;,isdir)</favourite>
	<favourite name="RT" thumb="https://lh6.googleusercontent.com/-Kctadlnnczo/AAAAAAAAAAI/AAAAAAAAAJQ/eLqpEclFajI/s0-c-k-no-ns/photo.jpg">PlayMedia(&quot;http://rt.ashttp14.visionip.tv/live/rt-global-live-HD/playlist.m3u8?sf_options=winID%3D10025%26_options_sf&quot;)</favourite>
	<favourite name="Sky News Live" thumb="https://pbs.twimg.com/profile_images/596404466200489984/cZjPh8eP.png">PlayMedia(&quot;plugin://plugin.video.youtube/play/?video_id=y60wDzZt8yg&amp;sf_options=winID%3D10025%26_options_sf&quot;,return)</favourite>
	
</favourites>