<favourites>
	
	<favourite name="Vaughn Movies" thumb="special://home/addons\plugin.stream.vaughnlive.tv\art\misc.jpg">ActivateWindow(10025,&quot;plugin://plugin.stream.vaughnlive.tv/?cat=misc&amp;mode=BrowseCat3&amp;type=php&amp;amp&quot;)</favourite>
	<favourite name="Home Improvement" thumb="http://thetvdb.com/banners/_cache/posters/77537-1.jpg">PlayMedia(&quot;plugin://plugin.stream.vaughnlive.tv/?sourcetype=auto&amp;title=vaughn&amp;url=http%3A%2F%2Fvaughnlive.tv%2Flmshows_hi&amp;section=&amp;site=&amp;mode=PlayLiveStream&amp;channel=lmshows_hi&amp;sf_options=winID%3D10025%26_options_sf&quot;)</favourite>
	<favourite name="Married With Children" thumb="http://thetvdb.com/banners/_cache/posters/76385-9.jpg">PlayMedia(&quot;plugin://plugin.stream.vaughnlive.tv/?sourcetype=auto&amp;title=vaughn&amp;url=http%3A%2F%2Fvaughnlive.tv%2Flmshows_mwc&amp;section=&amp;site=&amp;mode=PlayLiveStream&amp;channel=lmshows_mwc&amp;sf_options=winID%3D10025%26_options_sf&quot;)</favourite>
	<favourite name="Ancient Warriors, Cosmos, Wormhole, Mythbusters, Meteorite Men" thumb="http://cdn.vaughnsoft.com/vaughnsoft/vaughn/img_profiles/discoveryhouse_320.jpg">PlayMedia(&quot;plugin://plugin.stream.vaughnlive.tv/?sourcetype=auto&amp;title=vaughn&amp;url=http%3A%2F%2Fvaughnlive.tv%2Fdiscoveryhouse&amp;section=&amp;site=&amp;mode=PlayLiveStream&amp;channel=discoveryhouse&amp;sf_options=winID%3D10025%26_options_sf&quot;)</favourite>
	<favourite name="COPS" thumb="http://thetvdb.com/banners/_cache/posters/74709-1.jpg">PlayMedia(&quot;plugin://plugin.stream.vaughnlive.tv/?sourcetype=auto&amp;title=vaughn&amp;url=http%3A%2F%2Fvaughnlive.tv%2Fprofe3196&amp;section=&amp;site=&amp;mode=PlayLiveStream&amp;channel=profe3196&amp;sf_options=winID%3D10025%26_options_sf&quot;)</favourite>

	<favourite name="Ancient Aliens" thumb="http://cdn.vaughnsoft.com/vaughnsoft/vaughn/img_profiles/bob_2012_320.jpg">PlayMedia(&quot;plugin://plugin.stream.vaughnlive.tv/?sourcetype=auto&amp;img=http%3A%2F%2Fcdn.vaughnsoft.com%2Fvaughnsoft%2Fvaughn%2Fimg_profiles%2Fbob_2012_320.jpg&amp;title=bob+2012&amp;url=http%3A%2F%2Fvaughnlive.tv%2Fbob_2012&amp;section=&amp;site=&amp;mode=PlayLiveStream&amp;fimg=http%3A%2F%2Fcdn.vaughnsoft.com%2Fvaughnsoft%2Fvaughnlive%2Fimg_backgrounds%2Fbob_2012.jpg&amp;channel=bob_2012&amp;sf_options=winID%3D10025%26_options_sf&quot;)</favourite>
	
		<favourite name="Duck Dynasty" thumb="http://thetvdb.com/banners/_cache/posters/256825-3.jpg">PlayMedia(&quot;plugin://plugin.stream.vaughnlive.tv/?sourcetype=auto&amp;title=vaughn&amp;url=http%3A%2F%2Fvaughnlive.tv%2Flmshows_dd&amp;section=&amp;site=&amp;mode=PlayLiveStream&amp;channel=lmshows_dd&amp;sf_options=winID%3D10025%26_options_sf&quot;)</favourite>
	<favourite name="Impractical Jokers" thumb="http://thetvdb.com/banners/_cache/posters/254243-6.jpg">PlayMedia(&quot;plugin://plugin.stream.vaughnlive.tv/?sourcetype=auto&amp;title=vaughn&amp;url=http%3A%2F%2Fvaughnlive.tv%2Flmshows_ij&amp;section=&amp;site=&amp;mode=PlayLiveStream&amp;channel=lmshows_ij&amp;sf_options=winID%3D10025%26_options_sf&quot;)</favourite>
		
	
	
	
	
	
	
	<favourite name="Fresh Prince of Bel Air" thumb="https://www.arconaitv.me/wp-content/uploads/2015/11/fresh-prince-2.jpg">ActivateWindow(10025,&quot;plugin://plugin.video.titan/?description&amp;iconimage=http%3a%2f%2fi67.tinypic.com%2f2rwlugg.jpg&amp;mode=998&amp;name=The%20Fresh%20Prince%20Of%20Bel%20Air&amp;url=https%3a%2f%2farchive.org%2fdownload%2fNaviXPlaylist%2fTheFreshPrinceOfBelAir.xml&quot;,return)</favourite>
	
		<favourite name="Suits" thumb="http://thetvdb.com/banners/_cache/posters/247808-12.jpg">ActivateWindow(10025,&quot;plugin://plugin.video.SportsDevil/?item=plot%3dWatch%2bSuits%2bfull%2btv%2bshow%26catcher%3dstreams%26title%3dSuits%26url%3dhttp%253A%252F%252Fibrod.tv%252Fsuits.html%26videoTitle%3dSuits%26director%3dibrod.tv%26genre%3dLive%2bTV%26referer%3dhttp%253A%252F%252Fibrod.tv%252Fsuits.html%26definedIn%3dtv%252Fibrod.tv.cfg%26type%3drss%26icon%3dhttp%253A%252F%252Fibrod.tv%252Fimages%252Flogo.png&amp;mode=1&quot;,return)</favourite>
	<favourite name="The Walking Dead" thumb="http://thetvdb.com/banners/_cache/posters/153021-37.jpg">ActivateWindow(10025,&quot;plugin://plugin.video.SportsDevil/?item=plot%3dWatch%2bThe%2bWalking%2bDead%2bFull%2btv%2bshow.%26catcher%3dstreams%26title%3dThe%2bWalking%2bDead%26url%3dhttp%253A%252F%252Fibrod.tv%252Ftwd.html%26videoTitle%3dThe%2bWalking%2bDead%26director%3dibrod.tv%26genre%3dLive%2bTV%26referer%3dhttp%253A%252F%252Fibrod.tv%252Ftwd.html%26definedIn%3dtv%252Fibrod.tv.cfg%26type%3drss%26icon%3dhttp%253A%252F%252Fibrod.tv%252Fimages%252Flogo.png&amp;mode=1&quot;,return)</favourite>
	<favourite name="New Girl" thumb="http://thetvdb.com/banners/_cache/posters/248682-14.jpg">ActivateWindow(10025,&quot;plugin://plugin.video.SportsDevil/?item=plot%3dWatch%2bNew%2bGirl%2bFull%2btv%2bshow.%26catcher%3dstreams%26title%3dNew%2bGirl%26url%3dhttp%253A%252F%252Fibrod.tv%252Fnewgirl.html%26videoTitle%3dNew%2bGirl%26director%3dibrod.tv%26genre%3dLive%2bTV%26referer%3dhttp%253A%252F%252Fibrod.tv%252Fnewgirl.html%26definedIn%3dtv%252Fibrod.tv.cfg%26type%3drss%26icon%3dhttp%253A%252F%252Fibrod.tv%252Fimages%252Flogo.png&amp;mode=1&quot;,return)</favourite>
	
	<favourite name="Arrested Development" thumb="http://thetvdb.com/banners/_cache/posters/72173-6.jpg">ActivateWindow(10025,&quot;plugin://plugin.video.SportsDevil/?item=plot%3dWatch%2bArrested%2bDevelopment%2bFull%2btv%2bshow.%26catcher%3dstreams%26title%3dArrested%2bDevelopment%26url%3dhttp%253A%252F%252Fibrod.tv%252Farrested.html%26videoTitle%3dArrested%2bDevelopment%26director%3dibrod.tv%26genre%3dLive%2bTV%26referer%3dhttp%253A%252F%252Fibrod.tv%252Farrested.html%26definedIn%3dtv%252Fibrod.tv.cfg%26type%3drss%26icon%3dhttp%253A%252F%252Fibrod.tv%252Fimages%252Flogo.png&amp;mode=1&quot;,return)</favourite>
	<favourite name="30 Rock" thumb="http://thetvdb.com/banners/_cache/posters/79488-6.jpg">ActivateWindow(10025,&quot;plugin://plugin.video.SportsDevil/?item=plot%3dWatch%2b30%2bRock%2bFull%2btv%2bshow.%26catcher%3dstreams%26title%3d30%2bRock%26url%3dhttp%253A%252F%252Fibrod.tv%252F30rock.html%26videoTitle%3d30%2bRock%26director%3dibrod.tv%26genre%3dLive%2bTV%26referer%3dhttp%253A%252F%252Fibrod.tv%252F30rock.html%26definedIn%3dtv%252Fibrod.tv.cfg%26type%3drss%26icon%3dhttp%253A%252F%252Fibrod.tv%252Fimages%252Flogo.png&amp;mode=1&quot;,return)</favourite>
	<favourite name="Dexter" thumb="http://thetvdb.com/banners/_cache/posters/79349-27.jpg">ActivateWindow(10025,&quot;plugin://plugin.video.SportsDevil/?item=plot%3dWatch%2bDexter%2bFull%2btv%2bshow.%26catcher%3dstreams%26title%3dDexter%26url%3dhttp%253A%252F%252Fibrod.tv%252Fdexter.html%26videoTitle%3dDexter%26director%3dibrod.tv%26genre%3dLive%2bTV%26referer%3dhttp%253A%252F%252Fibrod.tv%252Fdexter.html%26definedIn%3dtv%252Fibrod.tv.cfg%26type%3drss%26icon%3dhttp%253A%252F%252Fibrod.tv%252Fimages%252Flogo.png&amp;mode=1&quot;,return)</favourite>
	<favourite name="Chuck" thumb="http://thetvdb.com/banners/_cache/posters/80348-6.jpg">ActivateWindow(10025,&quot;plugin://plugin.video.SportsDevil/?item=plot%3dWatch%2bChuck%2bFull%2btv%2bshow.%26catcher%3dstreams%26title%3dChuck%26url%3dhttp%253A%252F%252Fibrod.tv%252Fchuck.html%26videoTitle%3dChuck%26director%3dibrod.tv%26genre%3dLive%2bTV%26referer%3dhttp%253A%252F%252Fibrod.tv%252Fchuck.html%26definedIn%3dtv%252Fibrod.tv.cfg%26type%3drss%26icon%3dhttp%253A%252F%252Fibrod.tv%252Fimages%252Flogo.png&amp;mode=1&quot;,return)</favourite>
	
	
	<favourite name="zWebsites" thumb="http://www.communityinformaticsprojects.org/prairienet2/images/Internet-Explorer-Icon.png">ActivateWindow(10025,&quot;plugin://plugin.program.super.favourites/?label=Websites&amp;mode=400&amp;folder=LiveTV%2FShows%2FWebsites&amp;sf_options=fanart%3Dspecial%3A%2F%2Fhome%2Faddons%5Cplugin.stream.vaughnlive.tv%5Cfanart.jpg%26_options_sf&quot;)</favourite>
	
</favourites>