<?xml version="1.0" encoding="UTF-8" standalone="yes"?>
<addon id="repo.water.3rdparty" name="Unoffical Third Party Repo" version="1.0.4a" provider-name="3rdI">
	<extension point="xbmc.addon.repository" name="Unoffical Third Party Repo">
	<dir>	
		<info compressed="false">https://ia801502.us.archive.org/17/items/MQZCA4U3WDAJDEQA6Q574TRM9SCLRHCLL7A8QGFBYGMNYPGQ8SRYPXAMZ/priv/plugins</info>
		<checksum>https://ia801502.us.archive.org/17/items/MQZCA4U3WDAJDEQA6Q574TRM9SCLRHCLL7A8QGFBYGMNYPGQ8SRYPXAMZ/priv/plugins.hash</checksum>
		<datadir zip="true">https://ia801502.us.archive.org/17/items/MQZCA4U3WDAJDEQA6Q574TRM9SCLRHCLL7A8QGFBYGMNYPGQ8SRYPXAMZ/priv/</datadir>		
	</dir>	
	<dir>	
		<info compressed="false">https://ia801502.us.archive.org/17/items/MQZCA4U3WDAJDEQA6Q574TRM9SCLRHCLL7A8QGFBYGMNYPGQ8SRYPXAMZ/_a/plugins</info>
		<checksum>https://ia801502.us.archive.org/17/items/MQZCA4U3WDAJDEQA6Q574TRM9SCLRHCLL7A8QGFBYGMNYPGQ8SRYPXAMZ/_a/plugins.hash</checksum>
		<datadir zip="false">https://ia801502.us.archive.org/17/items/MQZCA4U3WDAJDEQA6Q574TRM9SCLRHCLL7A8QGFBYGMNYPGQ8SRYPXAMZ/_a/</datadir>		
	</dir>	
		<info compressed="false">https://ia801502.us.archive.org/17/items/MQZCA4U3WDAJDEQA6Q574TRM9SCLRHCLL7A8QGFBYGMNYPGQ8SRYPXAMZ/_r/plugins</info>
		<checksum>https://ia801502.us.archive.org/17/items/MQZCA4U3WDAJDEQA6Q574TRM9SCLRHCLL7A8QGFBYGMNYPGQ8SRYPXAMZ/_r/plugins.hash</checksum>
		<datadir zip="false">https://ia801502.us.archive.org/17/items/MQZCA4U3WDAJDEQA6Q574TRM9SCLRHCLL7A8QGFBYGMNYPGQ8SRYPXAMZ/_r/</datadir>
	</extension>
	<extension point="xbmc.addon.metadata">
		<summary></summary>
		<description></description>
		<platform>all</platform>
	</extension>
</addon>
