<favourites>
	<favourite name="ABC" thumb="https://raw.githubusercontent.com/moneymaker365/plugin.video.ustvvod/master/resources/images/abcchannel.png">ActivateWindow(10025,&quot;plugin://plugin.video.ustvvod/?fanart=%22C%3a%5ckodi2%5cportable_data%5caddons%5cplugin.video.ustvvod%5cfanart.jpg%22&amp;mode=%22abcchannel%22&amp;name=%22ABC%22&amp;sitemode=%22rootlist%22&amp;thumb=%22C%3a%5ckodi2%5cportable_data%5caddons%5cplugin.video.ustvvod%5cresources%5cimages%5cabcchannel.png%22&amp;url=%22%22&amp;sf_options=&quot;)</favourite>
	<favourite name="FOX" thumb="https://raw.githubusercontent.com/moneymaker365/plugin.video.ustvvod/master/resources/images/fox.png">ActivateWindow(10025,&quot;plugin://plugin.video.ustvvod/?fanart=%22C%3a%5ckodi2%5cportable_data%5caddons%5cplugin.video.ustvvod%5cfanart.jpg%22&amp;mode=%22fox%22&amp;name=%22FOX%22&amp;sitemode=%22rootlist%22&amp;thumb=%22C%3a%5ckodi2%5cportable_data%5caddons%5cplugin.video.ustvvod%5cresources%5cimages%5cfox.png%22&amp;url=%22%22&amp;sf_options=&quot;)</favourite>
	<favourite name="The CW" thumb="https://raw.githubusercontent.com/moneymaker365/plugin.video.ustvvod/master/resources/images/thecw.png">ActivateWindow(10025,&quot;plugin://plugin.video.ustvvod/?fanart=%22C%3a%5ckodi2%5cportable_data%5caddons%5cplugin.video.ustvvod%5cfanart.jpg%22&amp;mode=%22thecw%22&amp;name=%22The%20CW%22&amp;sitemode=%22rootlist%22&amp;thumb=%22C%3a%5ckodi2%5cportable_data%5caddons%5cplugin.video.ustvvod%5cresources%5cimages%5cthecw.png%22&amp;url=%22%22&amp;sf_options=&quot;)</favourite>
	<favourite name="PBS" thumb="https://raw.githubusercontent.com/moneymaker365/plugin.video.ustvvod/master/resources/images/pbs.png">ActivateWindow(10025,&quot;plugin://plugin.video.ustvvod/?fanart=%22C%3a%5ckodi2%5cportable_data%5caddons%5cplugin.video.ustvvod%5cfanart.jpg%22&amp;mode=%22pbs%22&amp;name=%22PBS%22&amp;sitemode=%22rootlist%22&amp;thumb=%22C%3a%5ckodi2%5cportable_data%5caddons%5cplugin.video.ustvvod%5cresources%5cimages%5cpbs.png%22&amp;url=%22%22&amp;sf_options=&quot;)</favourite>
	<favourite name="Comedy Central" thumb="https://raw.githubusercontent.com/moneymaker365/plugin.video.ustvvod/master/resources/images/comedy.png">ActivateWindow(10025,&quot;plugin://plugin.video.ustvvod/?fanart=%22C%3a%5ckodi2%5cportable_data%5caddons%5cplugin.video.ustvvod%5cfanart.jpg%22&amp;mode=%22comedy%22&amp;name=%22Comedy%20Central%22&amp;sitemode=%22rootlist%22&amp;thumb=%22C%3a%5ckodi2%5cportable_data%5caddons%5cplugin.video.ustvvod%5cresources%5cimages%5ccomedy.png%22&amp;url=%22%22&amp;sf_options=&quot;)</favourite>
	<favourite name="History" thumb="https://raw.githubusercontent.com/moneymaker365/plugin.video.ustvvod/master/resources/images/history.png">ActivateWindow(10025,&quot;plugin://plugin.video.ustvvod/?fanart=%22C%3a%5ckodi2%5cportable_data%5caddons%5cplugin.video.ustvvod%5cfanart.jpg%22&amp;mode=%22history%22&amp;name=%22History%22&amp;sitemode=%22rootlist%22&amp;thumb=%22C%3a%5ckodi2%5cportable_data%5caddons%5cplugin.video.ustvvod%5cresources%5cimages%5chistory.png%22&amp;url=%22%22&amp;sf_options=&quot;)</favourite>
	<favourite name="Travel Channel" thumb="http://www.gvtel.com/images/app_desktop/travel_icon.png">ActivateWindow(10025,&quot;plugin://plugin.video.travel/&amp;sf_options=&quot;)</favourite>
	<favourite name="truTV" thumb="https://raw.githubusercontent.com/moneymaker365/plugin.video.ustvvod/master/resources/images/trutv.png">ActivateWindow(10025,&quot;plugin://plugin.video.ustvvod/?fanart=%22C%3a%5ckodi2%5cportable_data%5caddons%5cplugin.video.ustvvod%5cfanart.jpg%22&amp;mode=%22trutv%22&amp;name=%22truTV%22&amp;sitemode=%22rootlist%22&amp;thumb=%22C%3a%5ckodi2%5cportable_data%5caddons%5cplugin.video.ustvvod%5cresources%5cimages%5ctrutv.png%22&amp;url=%22%22&amp;sf_options=&quot;)</favourite>
	<favourite name="TV Land" thumb="https://raw.githubusercontent.com/moneymaker365/plugin.video.ustvvod/master/resources/images/tvland.png">ActivateWindow(10025,&quot;plugin://plugin.video.ustvvod/?fanart=%22C%3a%5ckodi2%5cportable_data%5caddons%5cplugin.video.ustvvod%5cfanart.jpg%22&amp;mode=%22tvland%22&amp;name=%22TV%20Land%22&amp;sitemode=%22rootlist%22&amp;thumb=%22C%3a%5ckodi2%5cportable_data%5caddons%5cplugin.video.ustvvod%5cresources%5cimages%5ctvland.png%22&amp;url=%22%22&amp;sf_options=&quot;)</favourite>
	<favourite name="[COLOR black]TBS[/COLOR]" thumb="https://raw.githubusercontent.com/moneymaker365/plugin.video.ustvvod/master/resources/images/tbs.png">ActivateWindow(10025,&quot;plugin://plugin.video.ustvvod/?fanart=%22C%3a%5ckodi2%5cportable_data%5caddons%5cplugin.video.ustvvod%5cfanart.jpg%22&amp;mode=%22tbs%22&amp;name=%22TBS%22&amp;sitemode=%22rootlist%22&amp;thumb=%22C%3a%5ckodi2%5cportable_data%5caddons%5cplugin.video.ustvvod%5cresources%5cimages%5ctbs.png%22&amp;url=%22%22&amp;sf_options=&quot;)</favourite>
	<favourite name="[COLOR black]TNT[/COLOR]" thumb="https://raw.githubusercontent.com/moneymaker365/plugin.video.ustvvod/master/resources/images/tnt.png">ActivateWindow(10025,&quot;plugin://plugin.video.ustvvod/?fanart=%22C%3a%5ckodi2%5cportable_data%5caddons%5cplugin.video.ustvvod%5cfanart.jpg%22&amp;mode=%22tnt%22&amp;name=%22TNT%22&amp;sitemode=%22rootlist%22&amp;thumb=%22C%3a%5ckodi2%5cportable_data%5caddons%5cplugin.video.ustvvod%5cresources%5cimages%5ctnt.png%22&amp;url=%22%22&amp;sf_options=&quot;)</favourite>
	<favourite name="VH1" thumb="https://raw.githubusercontent.com/moneymaker365/plugin.video.ustvvod/master/resources/images/vh1.png">ActivateWindow(10025,&quot;plugin://plugin.video.ustvvod/?fanart=%22C%3a%5ckodi2%5cportable_data%5caddons%5cplugin.video.ustvvod%5cfanart.jpg%22&amp;mode=%22vh1%22&amp;name=%22VH1%22&amp;sitemode=%22rootlist%22&amp;thumb=%22C%3a%5ckodi2%5cportable_data%5caddons%5cplugin.video.ustvvod%5cresources%5cimages%5cvh1.png%22&amp;url=%22%22&amp;sf_options=&quot;)</favourite>
	<favourite name="A&amp;E" thumb="http://www.emeraldcoastgranicrete.com/wp-content/uploads/2012/04/a-and-e-old-logo.png">ActivateWindow(10025,&quot;plugin://plugin.video.ustvvod/?fanart=%22C%3a%5ckodi2%5cportable_data%5caddons%5cplugin.video.ustvvod%5cfanart.jpg%22&amp;mode=%22aetv%22&amp;name=%22A%26E%22&amp;sitemode=%22rootlist%22&amp;thumb=%22C%3a%5ckodi2%5cportable_data%5caddons%5cplugin.video.ustvvod%5cresources%5cimages%5caetv.png%22&amp;url=%22%22&amp;sf_options=&quot;)</favourite>
	<favourite name="CMT" thumb="http://apk-dl.com/detail/image/com.mtvn.cmtandroid-w250.png">ActivateWindow(10025,&quot;plugin://plugin.video.ustvvod/?fanart=%22C%3a%5ckodi2%5cportable_data%5caddons%5cplugin.video.ustvvod%5cfanart.jpg%22&amp;mode=%22cmt%22&amp;name=%22CMT%22&amp;sitemode=%22rootlist%22&amp;thumb=%22C%3a%5ckodi2%5cportable_data%5caddons%5cplugin.video.ustvvod%5cresources%5cimages%5ccmt.png%22&amp;url=%22%22&amp;sf_options=&quot;)</favourite>
	<favourite name="Lifetime" thumb="https://raw.githubusercontent.com/moneymaker365/plugin.video.ustvvod/master/resources/images/lifetime.png">ActivateWindow(10025,&quot;plugin://plugin.video.ustvvod/?fanart=%22C%3a%5ckodi2%5cportable_data%5caddons%5cplugin.video.ustvvod%5cfanart.jpg%22&amp;mode=%22lifetime%22&amp;name=%22Lifetime%22&amp;sitemode=%22rootlist%22&amp;thumb=%22C%3a%5ckodi2%5cportable_data%5caddons%5cplugin.video.ustvvod%5cresources%5cimages%5clifetime.png%22&amp;url=%22%22&amp;sf_options=&quot;)</favourite>
	<favourite name="LogoTV" thumb="https://raw.githubusercontent.com/moneymaker365/plugin.video.ustvvod/master/resources/images/logotv.png">ActivateWindow(10025,&quot;plugin://plugin.video.ustvvod/?fanart=%22C%3a%5ckodi2%5cportable_data%5caddons%5cplugin.video.ustvvod%5cfanart.jpg%22&amp;mode=%22logotv%22&amp;name=%22LogoTV%22&amp;sitemode=%22rootlist%22&amp;thumb=%22C%3a%5ckodi2%5cportable_data%5caddons%5cplugin.video.ustvvod%5cresources%5cimages%5clogotv.png%22&amp;url=%22%22&amp;sf_options=&quot;)</favourite>
	<favourite name="Spike TV" thumb="https://raw.githubusercontent.com/moneymaker365/plugin.video.ustvvod/master/resources/images/spike.png">ActivateWindow(10025,&quot;plugin://plugin.video.ustvvod/?fanart=%22C%3a%5ckodi%5cportable_data%5caddons%5cplugin.video.ustvvod%5cfanart.jpg%22&amp;mode=%22spike%22&amp;name=%22Spike%20TV%22&amp;sitemode=%22rootlist%22&amp;thumb=%22C%3a%5ckodi%5cportable_data%5caddons%5cplugin.video.ustvvod%5cresources%5cimages%5cspike.png%22&amp;url=%22%22&amp;sf_options=fanart%3Dspecial%3A%2F%2Fhome%2Faddons%5Cplugin.video.ustvvod%5Cfanart.jpg%26desc%3DSpike+TV+knows+what+guys+like.+The+brand+speaks+to+the+bold%2C+adventuresome+side+of+men+with+action-packed+entertainment%2C+including+a+mix+of+comedy%2C+blockbuster+movies%2C+sports%2C+innovative+originals+and+live+events.+Popular+shows+like+The+Ultimate+Fighter%2C+TNA+iMPACT%21%2C+Video+Game+Awards%2C+DEA%2C+MANswers%2C+MXC%2C+and+CSI%3A+Crime+Scene+Investigation%2C+plus+the+Star+Wars+and+James+Bond+movie+franchises%2C+position+Spike+TV+as+the+leader+in+entertainment+for+men.%26_options_sf&quot;,return)</favourite>
	<favourite name="SnagFilms" thumb="special://home/addons\plugin.video.snagfilms\icon.png">ActivateWindow(10025,&quot;plugin://plugin.video.snagfilms/?mode=GM&amp;url=http%3a%2f%2fwww.snagfilms.com%2fshows%2f&amp;sf_options=fanart%3Dspecial%3A%2F%2Fhome%2Faddons%5Cplugin.video.snagfilms%5Cfanart.jpg%26_options_sf&quot;,return)</favourite>
	<favourite name="Popcornflix" thumb="special://home/addons\plugin.video.popcornflix\icon.png">ActivateWindow(10025,&quot;plugin://plugin.video.popcornflix/?mode=GM&amp;name=%5bCOLOR%20blue%5dTV%20Series%5b%2fCOLOR%5d&amp;url=%2ftv-shows-and-series&amp;sf_options=fanart%3Dspecial%3A%2F%2Fhome%2Faddons%5Cplugin.video.popcornflix%5Cfanart.jpg%26_options_sf&quot;,return)</favourite>
	<favourite name="A&amp;E" thumb="special://home/addons\plugin.video.ustvvod\resources\images\aetv.png">ActivateWindow(10025,&quot;plugin://plugin.video.ustvvod/?fanart=%22C%3a%5ckodi%5cportable_data%5caddons%5cplugin.video.ustvvod%5cfanart.jpg%22&amp;mode=%22aetv%22&amp;name=%22A%26E%22&amp;sitemode=%22rootlist%22&amp;thumb=%22C%3a%5ckodi%5cportable_data%5caddons%5cplugin.video.ustvvod%5cresources%5cimages%5caetv.png%22&amp;url=%22%22&amp;sf_options=fanart%3Dspecial%3A%2F%2Fhome%2Faddons%5Cplugin.video.ustvvod%5Cfanart.jpg%26desc%3DA%26E+is+Real+Life.+Drama.++Now+reaching+more+than+99+million+homes%2C+A%26E+is+television+that+you+can%27t+turn+away+from%3B+where+unscripted+shows+are+dramatic+and+scripted+dramas+are+authentic.++A%26E+offers+a+diverse+mix+of+high+quality+entertainment+ranging+from+the+network%27s+original+scripted+series+to+signature+non-fiction+franchises%2C+including+the+Emmy-winning+%27Intervention%2C%27+%27Dog+The+Bounty+Hunter%2C%27+%27Hoarders%2C%27+%27Paranormal+State%27+and+%27Criss+Angel+Mindfreak%2C%27+and+the+most+successful+justice+shows+on+cable%2C+including+%27The+First+48%27+and+%27Manhunters.%27++The+A%26E+website+is+located+at+www.aetv.com.%26_options_sf&quot;,return)</favourite>
</favourites>