<favourites>
	<favourite name="TV Guide - All Channels" thumb="special://home/addons\script.watertv\icon.png">RunScript(&quot;script.watertvguide/?sf_options=desc%3Dwatertv+Guide+allows+you+to+combine+some+of+your+favourite+live+TV+plugins+for+use+with+a+fully+working+EPG%26_options_sf&quot;)</favourite>
	<favourite name="UKTVnow" thumb="DefaultFolder.png">ActivateWindow(10025,&quot;plugin://plugin.video.playlistLoader/?iconimage&amp;index=0&amp;logos&amp;mode=2&amp;move=0&amp;name=%5bCOLOR%20blue%5d%5bUKTVnow%5d%5b%2fCOLOR%5d&amp;url=http%3a%2f%2fpastebin.com%2fraw%2ffiMEf4Ab&quot;,return)</favourite>
	<favourite name="UK Channels" thumb="http://granlundkompetanse.no/wp-content/uploads/united_kingdom.png">ActivateWindow(10025,&quot;plugin://plugin.video.israelive/?description&amp;displayname=Favourites&amp;iconimage=http%3a%2f%2fcdn3.tnwcdn.com%2ffiles%2f2010%2f07%2fbright_yellow_star.png&amp;mode=16&amp;name=%5bCOLOR%20green%5d%5bB%5d%5bFavourites%5d%5b%2fB%5d%5b%2fCOLOR%5d&amp;url=favorites&amp;sf_options=fanart%3Dhttp%3A%2F%2F3.bp.blogspot.com%2F-vVfHI8TbKA4%2FUBAbrrZay0I%2FAAAAAAAABRM%2FdPFgXAnF8Sg%2Fs1600%2Fretro-tv-icon.jpg%26_options_sf&quot;,return)</favourite>
	<favourite name="USTVnow" thumb="http://ftp.heanet.ie/mirrors/xbmc/addons/helix/plugin.video.ustvnow/icon.png">ActivateWindow(10025,&quot;plugin://plugin.video.ustvnow/?mode=live&quot;)</favourite>
</favourites>