<favourites>
	<favourite name="Moods - play what you feel" thumb="http://kinkin-xbmc-repository.googlecode.com/svn/trunk/zips/plugin.audio.binaural/art/moods.png">ActivateWindow(10501,&quot;plugin://plugin.audio.binaural/?artist&amp;iconimage=http%3a%2f%2fkinkin-xbmc-repository.googlecode.com%2fsvn%2ftrunk%2fzips%2fplugin.audio.binaural%2fart%2fmoods.png&amp;mode=1203&amp;name=Moods%20-%20play%20what%20you%20feel&amp;url=url&amp;sf_options=fanart%3Dspecial%3A%2F%2Fhome%2Faddons%5Cplugin.audio.binaural%5Cfanart.jpg%26_options_sf&quot;,return)</favourite>
	<favourite name="Digster: Suitable for" thumb="">ActivateWindow(10501,&quot;plugin://plugin.audio.musicbox/?fanart&amp;iconimage&amp;mode=4&amp;name=Suitable%20for&amp;url=suitable&quot;,return)</favourite>
	<favourite name="Digster: Mood" thumb="">ActivateWindow(10501,&quot;plugin://plugin.audio.musicbox/?fanart&amp;iconimage&amp;mode=4&amp;name=Mood&amp;url=mood&quot;,return)</favourite>
	<favourite name="Songza: Concierge" thumb="http://googledrive.com/host/0B-bY5h-uWEgZQVJQZ0lzUTdBeFE/icons/apps/songza.png">ActivateWindow(10501,&quot;plugin://plugin.audio.songza/?mode=1&amp;title=Concierge&amp;sf_options=fanart%3Dspecial%3A%2F%2Fhome%2Faddons%5Cplugin.audio.songza%5Cfanart.jpg%26_options_sf&quot;,return)</favourite>
	<favourite name="Songza: Browse" thumb="http://googledrive.com/host/0B-bY5h-uWEgZQVJQZ0lzUTdBeFE/icons/apps/songza.png">ActivateWindow(10501,&quot;plugin://plugin.audio.songza/?mode=3&amp;title=Browse&amp;sf_options=fanart%3Dspecial%3A%2F%2Fhome%2Faddons%5Cplugin.audio.songza%5Cfanart.jpg%26_options_sf&quot;,return)</favourite>
</favourites>