<favourites>
	<favourite name="Hype Machine" thumb="special://home/addons\plugin.audio.hypem_com\icon.png">ActivateWindow(10501,&quot;plugin://plugin.audio.hypem_com/&quot;)</favourite>
	<favourite name="Hype Machine" thumb="DefaultMusicVideos.png">ActivateWindow(10501,&quot;plugin://plugin.video.spotitube/?limit&amp;mode=hypemMain&amp;type&amp;url&quot;,return)</favourite>
	<favourite name="Music Box" thumb="http://findicons.com/files/icons/1004/aqua_value/256/music_box.png">ActivateWindow(10501,&quot;plugin://plugin.audio.musicbox/&quot;)</favourite>
	<favourite name="Songza" thumb="http://googledrive.com/host/0B-bY5h-uWEgZQVJQZ0lzUTdBeFE/icons/apps/songza.png">ActivateWindow(10501,&quot;plugin://plugin.audio.songza/&quot;)</favourite>
	<favourite name="[COLOR white]MUSIC VIDEOS[/COLOR]" thumb="http://i1295.photobucket.com/albums/b636/beatbox8501/MUSIC_zps1eeiyeer.png">ActivateWindow(10025,&quot;plugin://plugin.video.streamengine/?date&amp;description&amp;iconimage=http%3a%2f%2fi1295.photobucket.com%2falbums%2fb636%2fbeatbox8501%2fMUSIC_zps1eeiyeer.png&amp;mode=1&amp;name=%5bCOLOR%20white%5dMUSIC%20VIDEOS%5b%2fCOLOR%5d&amp;page&amp;play&amp;url=https%3a%2f%2fpastebin.com%2fraw.php%3fi%3dxxNGeW8i&amp;sf_options=fanart%3Dhttp%3A%2F%2Fi1295.photobucket.com%2Falbums%2Fb636%2Fbeatbox8501%2Fwallpaper_zpsopwvguho.jpg%26_options_sf&quot;,return)</favourite>
	<favourite name="VinMan FM" thumb="special://home/addons\plugin.video.phstreams/resources/media/phstreams/radios.png">ActivateWindow(10025,&quot;plugin://plugin.video.phstreams/?action=radioDirectory&amp;sf_options=fanart%3Dspecial%3A%2F%2Fhome%2Faddons%5Cplugin.video.phstreams%5Cfanart.jpg%26_options_sf&quot;,return)</favourite>
	<favourite name="The-Music-Source" thumb="special://home/addons\plugin.video.themusicsource\icon.png">ActivateWindow(10025,&quot;plugin://plugin.video.themusicsource?sf_options=fanart%3Dspecial%3A%2F%2Fhome%2Faddons%5Cplugin.video.themusicsource%5Cfanart.jpg%26_options_sf&quot;,return)</favourite>
	<favourite name="Spotify Playlists" thumb="http://3.bp.blogspot.com/-8etXhhjZDe8/UMCD-sjk_VI/AAAAAAAAAaA/yYNrpv_6LNA/s1600/winpho.png">ActivateWindow(10501,&quot;plugin://plugin.video.spotitube/?limit&amp;mode=spotifyMain&amp;type&amp;url&quot;,return)</favourite>
	<favourite name="Google Music" thumb="http://icons.iconarchive.com/icons/alecive/flatwoken/512/Apps-Google-Music-icon.png">ActivateWindow(10501,&quot;plugin://plugin.audio.googlemusic.exp?sf_options=fanart%3Dspecial%3A%2F%2Fhome%2Faddons%5Cplugin.audio.googlemusic.exp%5Cfanart.jpg%26desc%3DPlugin+that+lets+you+play+music+from+Google+Music.%26_options_sf&quot;,return)</favourite>
</favourites>