<favourites>
	<favourite name="Total Commander" thumb="http://icons.iconarchive.com/icons/arrioch/app/128/total-Commander-icon.png">PlayMedia(&quot;plugin://plugin.video.apkdownload/?url=http://ghisler.com/tcandroid2.apk&amp;mode=1&amp;name=Total Commander&amp;description=Norton+Commander+for+Android&amp;sf_options=winID%3D10025%26_options_sf&quot;,return)</favourite>
	<favourite name="Total Commander (FTP PLUGIN)" thumb="http://icons.iconarchive.com/icons/arrioch/app/128/total-Commander-icon.png">PlayMedia(&quot;plugin://plugin.video.apkdownload/?url=http://ghisler.fileburst.com/aplg/tcandroidftp206.apk&amp;mode=1&amp;name=Total+Commander+FTP PLUGIN&amp;description=FTP+Plugin+For+Total+Commander&amp;sf_options=winID%3D10025%26_options_sf&quot;,return)</favourite>
	<favourite name="Total Commander (LAN PLUGIN)" thumb="http://icons.iconarchive.com/icons/arrioch/app/128/total-Commander-icon.png">PlayMedia(&quot;plugin://plugin.video.apkdownload/?url=http://ghisler.fileburst.com/aplg/tcandroidlan209.apk&amp;mode=1&amp;name=Total+Commander+LAN PLUGIN&amp;description=LAN+Plugin+For+Total+Commander&amp;sf_options=winID%3D10025%26_options_sf&quot;,return)</favourite>
	<favourite name="Total Commander (OneDrive Plugin)" thumb="http://icons.iconarchive.com/icons/arrioch/app/128/total-Commander-icon.png">PlayMedia(&quot;plugin://plugin.video.apkdownload/?url=http://ghisler.fileburst.com/aplg/tcandroidwindowslive104.apk&amp;mode=1&amp;name=Total+Commander+LAN PLUGIN&amp;description=OneDrive+Plugin+For+Total+Commander&amp;sf_options=winID%3D10025%26_options_sf&quot;,return)</favourite>
	<favourite name="Total Commander (WiFi Plugin)" thumb="http://icons.iconarchive.com/icons/arrioch/app/128/total-Commander-icon.png">PlayMedia(&quot;plugin://plugin.video.apkdownload/?url=http://ghisler.fileburst.com/aplg/tcandroidwifi101.apk&amp;mode=1&amp;name=Total+Commander+LAN PLUGIN&amp;description=WiFi+Plugin+For+Total+Commander&amp;sf_options=winID%3D10025%26_options_sf&quot;,return)</favourite>
	<favourite name="Total Commander (SFTP Plugin)" thumb="http://icons.iconarchive.com/icons/arrioch/app/128/total-Commander-icon.png">PlayMedia(&quot;plugin://plugin.video.apkdownload/?url=http://ghisler.fileburst.com/aplg/tcandroidsftp104.apk&amp;mode=1&amp;name=Total+Commander+LAN PLUGIN&amp;description=SFTP+Plugin+For+Total+Commander&amp;sf_options=winID%3D10025%26_options_sf&quot;,return)</favourite>
</favourites>