<favourites>
	<favourite name="Addon Installer" thumb="special://home/addons\plugin.program.addoninstaller\icon.png">ActivateWindow(10025,&quot;plugin://plugin.program.addoninstaller/&quot;,return)</favourite>
	<favourite name="APK TOOL" thumb="http://genietv.co.uk/redo/GenieArt/APK.png">ActivateWindow(10001,&quot;plugin://plugin.video.GenieTv/?description&amp;fanart=C%3a%5ckodi%5cportable_data%5caddons%5cplugin.video.GenieTv%5cfanart.jpg&amp;iconimage=http%3a%2f%2fgenietv.co.uk%2fredo%2fGenieArt%2fAPK.png&amp;mode=30039&amp;name=%5bCOLORgreen%5dAPK%20TOOL%5b%2fCOLOR%5d&amp;url=http%3a%2f%2fgenietv.co.uk%2fredo%2f&quot;,return)</favourite>
	<favourite name="Ares Wizard" thumb="http://rocketdock.com/images/screenshots/aresiconpu9.png">ActivateWindow(10001,&quot;plugin://script.areswizard&quot;,return)</favourite>
	<favourite name="KOBRA App Installer" thumb="special://home/addons\program.kobra.app.installer\icon.png">ActivateWindow(10001,&quot;plugin://program.kobra.app.installer/&quot;,return)</favourite>
</favourites>