<favourites>
	<favourite name="DittoTV Live" thumb="https://lh5.ggpht.com/Rg5mbxIROdTLwvKs6URcQjztgoRiORNTmrcP7fqGQM0V7Br5luj12Hzok6KlGTs-O3I=w300">ActivateWindow(10025,&quot;plugin://plugin.video.SportsDevil/?item=title%3dDittoTV.com%2b%2528Indian%2bTV%2529%26url%3dcustoms%252Fdittotv.com.cfg%26definedIn%3dcustoms.cfg%26director%3ddittotv.com%26genre%3dLive%2bTV%26type%3drss%26icon%3dhttp%253A%252F%252Fdittotv.com%252Fassets%252Flogos%252FDitto_Logo_Web.png&amp;mode=1&amp;sf_options=fanart%3Dspecial%3A%2F%2Fhome%2Faddons%5Cplugin.video.SportsDevil%5Cfanart.jpg%26_options_sf&quot;,return)</favourite>
	<favourite name="DittoTV OnDemand" thumb="http://www.greatsoftware.com/wp-content/uploads/2014/09/Ditto-TV-for-PC.png">ActivateWindow(10025,&quot;plugin://plugin.video.ditto-rain?sf_options=desc%3DDittoTV.com+-+Watch+DittoTV%26_options_sf&quot;,return)</favourite>
	<favourite name="Sony LIV OnDemand" thumb="special://home/addons\plugin.video.sonyliv\icon.png">ActivateWindow(10025,&quot;plugin://plugin.video.sonyliv?sf_options=fanart%3Dspecial%3A%2F%2Fhome%2Faddons%5Cplugin.video.sonyliv%5Cfanart.jpg%26desc%3DSONY+LIV+-+Watch+your+favourite+Hindi+Serial+on+Sony+LIV%26_options_sf&quot;,return)</favourite>
	<favourite name="Einthusan OnDemand" thumb="https://superrepo.org/static/images/icons/original/plugin.video.einthusan.png.pagespeed.ce.9F6uJE1NUo.png">ActivateWindow(10025,&quot;plugin://plugin.video.einthusan?sf_options=desc%3DThis+XBMC+plugin+allows+to+watch+Hindi+and+Tamil+movies+from+Einthusan.com.+Please+support+them.%0A%0A++++++++Credits+to+suriya222+for+the+thumbnails.%26_options_sf&quot;,return)</favourite>
	<favourite name="Zee TV" thumb="special://home/addons\plugin.video.zeetv\icon.png">ActivateWindow(10025,&quot;plugin://plugin.video.zeetv?sf_options=fanart%3Dspecial%3A%2F%2Fhome%2Faddons%5Cplugin.video.zeetv%5Cfanart.jpg%26desc%3DAddon+for+videos+from+http%3A%2F%2Fwww.zeetv.com%2F%26_options_sf&quot;,return)</favourite>
</favourites>