<favourites>
	<favourite name="ערוץ 1" thumb="special://home/addons\plugin.video.IBA\icon.png">ActivateWindow(10025,&quot;plugin://plugin.video.IBA?sf_options=fanart%3Dspecial%3A%2F%2Fhome%2Faddons%5Cplugin.video.IBA%5Cfanart.jpg%26desc%3DWatch+contents+from+Channel+1%27s+android+application.%26_options_sf&quot;,return)</favourite>
	<favourite name="ערוץ 10" thumb="special://home/addons\plugin.video.ilten\icon.png">ActivateWindow(10025,&quot;plugin://plugin.video.ilten?sf_options=fanart%3Dspecial%3A%2F%2Fhome%2Faddons%5Cplugin.video.ilten%5Cfanart.jpg%26desc%3DWatch+contents+from+Channel+10%27s+android+application.%26_options_sf&quot;,return)</favourite>
	<favourite name="רשת" thumb="special://home/addons\plugin.video.reshet.video\icon.png">ActivateWindow(10025,&quot;plugin://plugin.video.reshet.video?sf_options=fanart%3Dspecial%3A%2F%2Fhome%2Faddons%5Cplugin.video.reshet.video%5Cfanart.jpg%26desc%3DWatch+contents+from+Reshet%27s+android+application.%26_options_sf&quot;,return)</favourite>
	<favourite name="שרים קריוקי" thumb="special://home/addons\plugin.video.shrimkareoke\icon.png">ActivateWindow(10025,&quot;plugin://plugin.video.shrimkareoke?sf_options=fanart%3Dspecial%3A%2F%2Fhome%2Faddons%5Cplugin.video.shrimkareoke%5Cfanart.jpg%26desc%3Dshrimkareoke%26_options_sf&quot;,return)</favourite>
	<favourite name="וואלה" thumb="special://home/addons\plugin.video.wallaNew.video\icon.png">ActivateWindow(10025,&quot;plugin://plugin.video.wallaNew.video/?sf_options=desc%3DWatch+Walla+contents+%28inculde+Yes%2C+Nickoldeon+and+Viva%29.%26_options_sf&quot;,return)</favourite>
	<favourite name="ערוץ 20" thumb="special://home/addons\plugin.video.iltwenty\icon.png">ActivateWindow(10025,&quot;plugin://plugin.video.iltwenty/?sf_options=desc%3DWatch+Channel+20+Video+content+from+Channel+20+website.%26_options_sf&quot;,return)</favourite>
	<favourite name="וואלה Yes" thumb="special://home/addons\plugin.video.wallaYes.video\icon.png">ActivateWindow(10025,&quot;plugin://plugin.video.wallaYes.video/?sf_options=desc%3DWatch+Yes+contents.%26_options_sf&quot;,return)</favourite>
	<favourite name="Ynet Video" thumb="special://home/addons\plugin.video.ynet.video\icon.png">ActivateWindow(10025,&quot;plugin://plugin.video.ynet.video/&quot;,return)</favourite>
	<favourite name="seretil" thumb="special://home/addons\plugin.video.seretil\icon.png">ActivateWindow(10025,&quot;plugin://plugin.video.seretil/&quot;,return)</favourite>
	<favourite name="Sdarot.tv Video" thumb="special://home/addons\plugin.video.sdarot.tv\icon.png">ActivateWindow(10025,&quot;plugin://plugin.video.sdarot.tv/&quot;,return)</favourite>
	<favourite name="MakoTV (web)" thumb="special://home/addons\plugin.video.MakoTV\icon.png">ActivateWindow(10025,&quot;plugin://plugin.video.MakoTV/&quot;,return)</favourite>
	<favourite name="Mako TV" thumb="special://home/addons\plugin.video.makoTV.video\icon.png">ActivateWindow(10025,&quot;plugin://plugin.video.makoTV.video/&quot;,return)</favourite>
	<favourite name="Israel Sports" thumb="special://home/addons\plugin.video.israelsports\icon.png">ActivateWindow(10025,&quot;plugin://plugin.video.israelsports/&quot;,return)</favourite>
	<favourite name="IBA - Israel Broadcasting Association" thumb="special://home/addons\plugin.audio.iba-vod\icon.png">ActivateWindow(10025,&quot;plugin://plugin.audio.iba-vod/?content_type=video&quot;,return)</favourite>
	<favourite name="Hot VOD" thumb="special://home/addons\plugin.video.hotVOD.video\icon.png">ActivateWindow(10025,&quot;plugin://plugin.video.hotVOD.video/&quot;,return)</favourite>
	<favourite name="Gozlan" thumb="special://home/addons\plugin.video.gozlan.me\icon.png">ActivateWindow(10025,&quot;plugin://plugin.video.gozlan.me/&quot;,return)</favourite>
	<favourite name="10qtv" thumb="special://home/addons\plugin.video.10qtv\icon.png">ActivateWindow(10025,&quot;plugin://plugin.video.10qtv/&quot;,return)</favourite>
</favourites>