<favourites>
	<favourite name="[COLOR azure]Popular[/COLOR]" thumb="https://raw.githubusercontent.com/tknorris/tknorris-beta-repo/master/plugin.video.1channel/icon.png">ActivateWindow(10025,&quot;plugin://plugin.program.super.favourites/?label=Popular&amp;mode=400&amp;path=special%3A%2F%2Fhome%2Faddons%2Fscript.supafav%2FSuper%20Favourites%2FMore%2FPopular%20Addons%5CPopular&amp;sf_options=fanart%3Dspecial%3A%2F%2Fhome%2Faddons%5Cplugin.video.1channel%5Cfanart.jpg%26_options_sf&quot;)</favourite>
	<favourite name="[COLOR coral]Movies[/COLOR]" thumb="http://www.iconarchive.com/download/i65014/toma4025/rumax/folder-movies.ico">ActivateWindow(10025,&quot;plugin://plugin.program.super.favourites/?label=[COLOR blue]Movies[/COLOR]&amp;mode=400&amp;path=special%3A%2F%2Fhome%2Faddons%2Fscript.supafav%2FSuper%20Favourites%2FMore%2FPopular%20Addons%5CMovies&amp;sf_options=fanart%3DNULL%26_options_sf&quot;)</favourite>
	<favourite name="[COLOR coral]TV[/COLOR]" thumb="http://icongal.com/gallery/download/329277/256/png">ActivateWindow(10025,&quot;plugin://plugin.program.super.favourites/?label=[COLOR blue]TV[/COLOR]&amp;mode=400&amp;path=special%3A%2F%2Fhome%2Faddons%2Fscript.supafav%2FSuper%20Favourites%2FMore%2FPopular%20Addons%5CTV&quot;)</favourite>
	<favourite name="[COLOR coral]IPTV[/COLOR]" thumb="http://findicons.com/files/icons/316/hyperion/512/3d_tv.png">ActivateWindow(10025,&quot;plugin://plugin.program.super.favourites/?label=[COLOR blue]IPTV[/COLOR]&amp;mode=400&amp;path=special%3A%2F%2Fhome%2Faddons%2Fscript.supafav%2FSuper%20Favourites%2FMore%2FPopular%20Addons%5CIPTV&amp;sf_options=fanart%3DNULL%26_options_sf&quot;)</favourite>
	<favourite name="[COLOR coral]Sport[/COLOR]" thumb="special://home/addons\plugin.video.MoneySports\icon.png">ActivateWindow(10025,&quot;plugin://plugin.program.super.favourites/?label=[COLOR blue]Sport[/COLOR]&amp;mode=400&amp;path=special%3A%2F%2Fhome%2Faddons%2Fscript.supafav%2FSuper%20Favourites%2FMore%2FPopular%20Addons%5CSport&amp;sf_options=fanart%3DNULL%26_options_sf&quot;)</favourite>
	<favourite name="[COLOR coral]Music[/COLOR]" thumb="https://lh3.ggpht.com/amtKwQrRH5F6dazfaIetc6W2MfrF404p4eUPLtfLEog351xpyrc9Cc0b1oOYPeqUyJw=w300">ActivateWindow(10025,&quot;plugin://plugin.program.super.favourites/?label=[COLOR blue]Music[/COLOR]&amp;mode=400&amp;path=special%3A%2F%2Fhome%2Faddons%2Fscript.supafav%2FSuper%20Favourites%2FMore%2FPopular%20Addons%5CMusic&amp;sf_options=fanart%3DNULL%26_options_sf&quot;)</favourite>
	<favourite name="AiO" thumb="http://free-icon-download.com/modules/PDdownloads/images/screenshots/free-icon-download-swiss-army-knife-image.png">ActivateWindow(10025,&quot;plugin://plugin.program.super.favourites/?label=AiO&amp;mode=400&amp;path=special%3A%2F%2Fhome%2Faddons%2Fscript.supafav%2FSuper%20Favourites%2FMore%2FPopular%20Addons%5CAiO&amp;sf_options=fanart%3DNULL%26_options_sf&quot;)</favourite>
	<favourite name="Repos" thumb="http://i.imgur.com/sk2SYH6.png">ActivateWindow(10025,&quot;plugin://plugin.program.super.favourites/?label=Repos&amp;mode=400&amp;sf_options=&amp;mode=400&amp;path=special%3A%2F%2Fhome%2Faddons%2Fscript.supafav%2FSuper%20Favourites/More%2FPopular%20Addons%5CRepos&amp;sf_options=fanart%3DNULL%26_options_sf&amp;&quot;)</favourite>
	<favourite name="MORE" thumb="special://home/addons\plugin.program.super.favourites\icon.png">ActivateWindow(10025,&quot;plugin://plugin.program.super.favourites/?label=MORE&amp;mode=400&amp;path=special%3A%2F%2Fhome%2Faddons%2Fscript.supafav%2FSuper%20Favourites%2FMore%2FPopular%20Addons%5CMORE&amp;sf_options=fanart%3DNULL%26_options_sf&quot;)</favourite>
	<favourite name="[COLOR azure]Search[/COLOR]" thumb="http://icons.iconarchive.com/icons/custom-icon-design/flatastic-1/512/search-icon.png">ActivateWindow(10040,&quot;addons://search/&quot;,return)</favourite>
	<favourite name="[COLOR blue]Video Add-ons[/COLOR]" thumb="http://orig13.deviantart.net/840c/f/2010/047/4/f/movie_download_icon_by_evolutionxbox.png">ActivateWindow(10025,&quot;addons://sources/video/&quot;)</favourite>
	<favourite name="[COLOR blue]Programs[/COLOR]" thumb="http://icons.iconseeker.com/png/fullsize/muku-style/program.png">ActivateWindow(10001,&amp;&quot;addons://sources/executable/&amp;&quot;,return)</favourite>
	<favourite name="Add-Ons" thumb="http://myersinfosys.com/wp-content/uploads/2015/06/icon-addons.png">ActivateWindow(10040,&quot;addons://install/&amp;sf_options=&quot;,return)</favourite>
</favourites>