<favourites>
	<favourite name="Pro Sport" thumb="special://home/addons\plugin.video.prosport\icon.png">ActivateWindow(10025,&quot;plugin://plugin.video.prosport/&quot;,return)</favourite>
	<favourite name="[COLOR chartreuse]Castaway[/COLOR]" thumb="https://offshoregit.com/natko1412/zips/plugin.video.castaway/icon.png">ActivateWindow(10025,&quot;plugin://plugin.video.castaway?sf_options=fanart%3Dspecial%3A%2F%2Fhome%2Faddons%5Cplugin.video.castaway%5Cfanart.jpg%26desc%3DProvides+access+to+live+content+from+many+sites.%26_options_sf&quot;,return)</favourite>
	<favourite name="[COLOR chartreuse]SportsDevil[/COLOR]" thumb="http://icons.iconarchive.com/icons/pixelpirate/futurama/128/Robot-Devil-icon.png">ActivateWindow(10025,&quot;plugin://plugin.video.SportsDevil&quot;)</favourite>
	<favourite name="[COLOR crimson]Phoenix Sports[/COLOR]" thumb="http://phoenixtv.offshorepastebin.com/art/main/DRAGONsports.jpg">ActivateWindow(10025,&quot;plugin://plugin.video.phstreams/?action=directory&amp;url=http%3a%2f%2fphoenixtv.offshorepastebin.com%2ftv%2fevents.xml&quot;,return)</favourite>
	<favourite name="[COLOR brown]VT Sports[/COLOR]" thumb="">ActivateWindow(10025,&quot;plugin://plugin.video.VidTime/?base=https%3a%2f%2fwww.dropbox.com%2fs%2fiqvb0aluv53wzzt%2fMain.xml%3fraw%3dtrue&amp;mode=XML&amp;name=VT%20SE&quot;,return)</favourite>
	<favourite name="DC Sports" thumb="special://home/addons\plugin.video.DCSports\icon.png">ActivateWindow(10025,&quot;plugin://plugin.video.DCSports/&quot;,return)</favourite>
	<favourite name="NJM-Soccer" thumb="special://home/addons\plugin.video.NJMSoccer\icon.png">ActivateWindow(10025,&quot;plugin://plugin.video.NJMSoccer/&quot;,return)</favourite>
	<favourite name="UKTurk" thumb="http://metalkettle.co/UKTurk18022016/thumbs/new/Uk%20turk%20thumbnails%20sports.jpg">ActivateWindow(10025,&quot;plugin://plugin.video.ukturk/?description&amp;iconimage=http%3a%2f%2fmetalkettle.co%2fUKTurk18022016%2fthumbs%2fnew%2fUk%2520turk%2520thumbnails%2520sports.jpg&amp;mode=1&amp;name=Sports&amp;url=http%3A%2F%2Fukturk.offshorepastebin.com%2FUKTurk%2FSportsList.txt&amp;sf_options=fanart%3Dspecial%3A%2F%2Fhome%2Faddons%5Cplugin.video.ukturk%5Cfanart.jpg%26_options_sf&quot;,return)</favourite>
	<favourite name="ZemTV Sports" thumb="DefaultFolder.png">ActivateWindow(10025,&quot;plugin://plugin.video.ZemTV-shani/?mode=13&amp;name=Sports&amp;url=Live&amp;sf_options=&quot;,return)</favourite>
	<favourite name="[COLOR black]BETA[/COLOR]" thumb="special://home/addons\plugin.video.FSSport\icon.png">ActivateWindow(10025,&quot;plugin://plugin.program.super.favourites/?label=BETA&amp;mode=400&amp;folder=Sports%2FSports%20Addons%2FBETA&amp;sf_options=fanart%3DC%3A%5Ckodi%5Caddons%5Cplugin.program.super.favourites%5Cfanart.jpg%26_options_sf&quot;)</favourite>
</favourites>