<favourites>
	<favourite name="[COLOR darkkhaki]Relax[/COLOR]" thumb="http://themindfulnesscompany.com/wp-content/uploads/2010/11/RelaxIcon256Rounded-150x150.png">ActivateWindow(10025,&quot;plugin://plugin.program.super.favourites/?folder=More/Relax&quot;,return)</favourite>
	<favourite name="Stand-Up" thumb="https://lh6.ggpht.com/JH8vf9T54XQET1h-BgpvZrXedGkWEqG-K9DSgf_TXlU2r0WpM3NlZ817a3F9Ch83aBg=w300">ActivateWindow(10025,&quot;plugin://plugin.program.super.favourites/?folder=More/Stand-Up&quot;)</favourite>
	<favourite name="WasteTime" thumb="http://www.pokerdiy.com/Portals/_default/Skins/Flatna2/img/icons/Time@2x.png">ActivateWindow(10025,&quot;plugin://plugin.program.super.favourites/?folder=More/Wastetime&quot;,return)</favourite>
	<favourite name="YouTube" thumb="http://www.usacapitol.com/SiteAssets/stay-connected/youtube-logo.png">ActivateWindow(10025,&quot;plugin://plugin.video.youtube/&quot;,return)</favourite>
	
	
	<favourite name="trakt" thumb="http://www.userlogos.org/files/logos/jumpordie/trakt_02.png">ActivateWindow(10025,&quot;plugin://plugin.program.super.favourites/?folder=more/trakt&quot;,return)</favourite>
	<favourite name="Settings" thumb="http://googledrive.com/host/0B-bY5h-uWEgZQVJQZ0lzUTdBeFE/icons/settings.png">ActivateWindow(10025,&quot;plugin://plugin.program.super.favourites/?folder=More/Settings&quot;,return)</favourite>
	<favourite name="" thumb="">PlayMedia(&quot;plugin://plugin.video.none?sf_options=winID%3D10025%26_options_sf&quot;)</favourite>
	<favourite name="" thumb="">PlayMedia(&quot;plugin://plugin.video.none?sf_options=winID%3D10025%26_options_sf&quot;)</favourite>
	<favourite name="" thumb="">PlayMedia(&quot;plugin://plugin.video.none?sf_options=winID%3D10025%26_options_sf&quot;)</favourite>
	<favourite name="Restricted Zone" thumb="http://www.dendy.com.au/images/ratings/R18.png">ActivateWindow(10025,&quot;plugin://plugin.program.super.favourites/?folder=More/xAdult&quot;,return)</favourite>
</favourites>