<favourites>
	<favourite name="Live Games - B-Streams" thumb="special://home/addons\plugin.video.SportsDevil\resources\images\sports/American Football.png">ActivateWindow(10025,&quot;plugin://plugin.video.SportsDevil/?item=title%3dBundesliga-Streams.net%26url%3dlivesports%252Fbundesliga-streams.net.cfg%26definedIn%3dlivesports.cfg%26director%3dbundesliga-streams.net%26genre%3dLive%2bSports%26type%3drss%26icon%3dC%253A%255Ckodi%255Cportable_data%255Caddons%255Cplugin.video.SportsDevil%255Cresources%255Cimages%255Cbundesligastream.png&amp;mode=1&quot;,return)</favourite>
	<favourite name="Live Games - StreamHunter" thumb="special://home/addons\plugin.video.SportsDevil\resources\images\lshunter_tv.png">ActivateWindow(10025,&quot;plugin://plugin.video.SportsDevil/?item=title%3dNFL%26url%3dhttp%253A%252F%252Fwww.batmanstream.com%252Fnfl-live-streaming-video-2016-2.html%26cfg%3dlshunter-new.cfg%2540Events%26definedIn%3dlivesports%252Flshunter-new.cfg%26director%3dLSHunter.tv%26genre%3dLive%2bSports%26type%3drss%26icon%3dC%253A%255Ckodi%255Cportable_data%255Caddons%255Cplugin.video.SportsDevil%255Cresources%255Cimages%255Clshunter_tv.png&amp;mode=1&quot;,return)</favourite>
	<favourite name="[COLOR chartreuse]NFL Replays[/COLOR]" thumb="http://3dhub.netne.net/images/projectd-nfl.jpg">ActivateWindow(10025,&quot;plugin://plugin.video.AlphaMovies/?fanart=http%3a%2f%2f3dhub.netne.net%2fimages%2fproject-d-large.jpg&amp;mode=1&amp;name=%5bB%5d%5bCOLOR%20deepskyblue%5dNFL%20REPLAYS%5b%2fCOLOR%5d%5b%2fB%5d&amp;url=http%3a%2f%2f3dhub.netne.net%2fprojectd%2fnfl.xml&quot;,return)</favourite>
	<favourite name="[COLOR chartreuse]NFL Replays[/COLOR] - Backup" thumb="http://www.shermanreport.com/wp-content/uploads/2012/06/NFL-Logo1.gif">ActivateWindow(10025,&quot;plugin://plugin.video.prosport/?away&amp;home&amp;mode=nflarch&amp;url&quot;,return)</favourite>
	<favourite name="[COLOR black]NFL Replays - Backup2[/COLOR]" thumb="">ActivateWindow(10025,&quot;plugin://plugin.video.VidTime/?base=https%3a%2f%2fwww.dropbox.com%2fs%2foepp70h0qzr9ioz%2fNFL%2520Replay.xml%3fraw%3dtrue&amp;mode=XML&amp;name=%5bCOLOR%20red%5dNFL%5b%2fCOLOR%5d&quot;,return)</favourite>
</favourites>