<favourites>
	<favourite name="FreeViewTV" thumb="http://granlundkompetanse.no/wp-content/uploads/united_kingdom.png">ActivateWindow(10025,&quot;plugin://plugin.video.israelive/?description&amp;displayname=Favourites&amp;iconimage=http%3a%2f%2fcdn3.tnwcdn.com%2ffiles%2f2010%2f07%2fbright_yellow_star.png&amp;mode=16&amp;name=%5bCOLOR%20green%5d%5bB%5d%5bFavourites%5d%5b%2fB%5d%5b%2fCOLOR%5d&amp;url=favorites&amp;sf_options=fanart%3Dhttp%3A%2F%2F3.bp.blogspot.com%2F-vVfHI8TbKA4%2FUBAbrrZay0I%2FAAAAAAAABRM%2FdPFgXAnF8Sg%2Fs1600%2Fretro-tv-icon.jpg%26_options_sf&quot;,return)</favourite>
	<favourite name="[COLOR black]TVGuide - MASTER[/COLOR]" thumb="http://rocketdock.com/images/screenshots/TV-Guide.png">RunScript(&quot;script.tvguidetecbox&quot;,return)</favourite>
	<favourite name="NFPS - [COLOR cornflowerblue]Stalker[/COLOR]" thumb="DefaultProgram.png">ActivateWindow(10025,&quot;plugin://plugin.video.stalker/?mode=genres&amp;portal=%7b%22name%22%3a%20%22NFPS%22%2c%20%22parental%22%3a%20%22true%22%2c%20%22url%22%3a%20%22http%3a%2f%2fportal.iptvprivateserver.tv%22%2c%20%22mac%22%3a%20%2200%3a1A%3a79%3a24%3a79%3a42%22%2c%20%22serial%22%3a%20%7b%22custom%22%3a%20false%7d%2c%20%22password%22%3a%20%22xxx%22%7d&quot;,return)</favourite>
	<favourite name="NFPS - [COLOR crimson]I4ATV[/COLOR]" thumb="DefaultProgram.png">ActivateWindow(10025,&quot;plugin://plugin.video.i4atv/?mode=genres&amp;portal=%7b%22name%22%3a%20%22%5bCOLOR%20red%5dLive%20I4ATV%5b%2fCOLOR%5d%22%2c%20%22parental%22%3a%20%22false%22%2c%20%22url%22%3a%20%22http%3a%2f%2fmw1.iptv66.tv%22%2c%20%22mac%22%3a%20%2200%3a1A%3a78%3a12%3a34%3a20%22%2c%20%22serial%22%3a%20%7b%22custom%22%3a%20false%7d%2c%20%22password%22%3a%20%22inside4android%22%7d&quot;,return)</favourite>
	<favourite name="Refresh TV Guide &lt;-----For Family" thumb="">PlayMedia(&quot;plugin://plugin.video.water/?url=http%3A%2F%2Fgoogledrive.com%2Fhost%2F0B-bY5h-uWEgZbndYVGZVYmJvb0E%2Fbuild%2Ffamilyiptv.zip&amp;mode=1&amp;name=Refresh&amp;sf_options=winID%3D10025%26_options_sf&quot;)</favourite>
</favourites>