<favourites>
	<favourite name="World TV" thumb="http://www.icangiveyouhouse.com/audio/2010/09/world-in-black-and-white-hands-1.jpg">ActivateWindow(10025,&quot;plugin://plugin.video.israelive/?categoryid=9999&amp;description&amp;displayname=10556&amp;iconimage=http%3a%2f%2fwww.icangiveyouhouse.com%2faudio%2f2010%2f09%2fworld-in-black-and-white-hands-1.jpg&amp;mode=2&amp;name=%5bCOLOR%20blue%5d%5bB%5d%5bWorld%20-%20%d7%a2%d7%95%d7%9c%d7%9d%5d%5b%2fB%5d%5b%2fCOLOR%5d&amp;url&amp;sf_options=fanart%3Dhttp%3A%2F%2Fwww.icangiveyouhouse.com%2Faudio%2F2010%2F09%2Fworld-in-black-and-white-hands-1.jpg%26_options_sf&quot;,return)</favourite>
	<favourite name="Search By Country" thumb="http://s6.postimg.org/j7xgj0vq9/country.png">ActivateWindow(10025,&quot;plugin://plugin.video.zeus/?description&amp;iconimage=http%3a%2f%2fs6.postimg.org%2fj7xgj0vq9%2fcountry.png&amp;mode=6&amp;name=%5bCOLOR%20white%5d%5bB%5dCOUNTRY%5b%2fB%5d%5b%2fCOLOR%5d&amp;url=ydF3rbmc&amp;sf_options=fanart%3Dhttp%3A%2F%2Fs6.postimg.org%2Fj7xgj0vq9%2Fcountry.png%26_options_sf&quot;,return)</favourite>
	<favourite name="[COLOR royalblue][B]Non-English/International[/B][/COLOR]" thumb="special://home/addons\plugin.video.ccloudtv\resources/icons//international.png">ActivateWindow(10025,&quot;plugin://plugin.video.ccloudtv/?iconimage=C%3a%5ckodi%5cportable_data%5caddons%5cplugin.video.ccloudtv%5cresources%2ficons%2f%2finternational.png&amp;mode=64&amp;name=%5bCOLOR%20royalblue%5d%5bB%5dNon-English%2fInternational%5b%2fB%5d%5b%2fCOLOR%5d&amp;url=international&amp;sf_options=fanart%3Dspecial%3A%2F%2Fhome%2Faddons%5Cplugin.video.ccloudtv%5Cfanart.jpg%26_options_sf&quot;,return)</favourite>
	<favourite name="CanTVLive" thumb="http://files.softicons.com/download/internet-cons/flag-icons-by-custom-icon-design/png/256/Canada-Flag.png">ActivateWindow(10025,&quot;plugin://plugin.video.CanTVLive?sf_options=fanart%3Dspecial%3A%2F%2Fhome%2Faddons%5Cplugin.video.CanTVLive%5Cfanart.jpg%26desc%3DLive+Canadian+TV+channels+all+in+one+place.%26_options_sf&quot;,return)</favourite>
</favourites>