<favourites>
	<favourite name="Amazon" thumb="http://icons.iconarchive.com/icons/bokehlicia/pacifica/128/amazon-icon.png">ActivateWindow(10025,&quot;plugin://plugin.video.origin2/?action=tvshows&amp;url=http%3a%2f%2fapi.themoviedb.org%2f3%2fdiscover%2ftv%3fapi_key%3d%25s%26with_networks%3d1024%26page%3d1&quot;,return)</favourite>
	<favourite name="Crackle" thumb="https://raw.githubusercontent.com/moneymaker365/plugin.video.ustvvod/master/resources/images/crackle.png">ActivateWindow(10025,&quot;plugin://plugin.video.ustvvod/?fanart=%22C%3a%5ckodi2%5cportable_data%5caddons%5cplugin.video.ustvvod%5cfanart.jpg%22&amp;mode=%22crackle%22&amp;name=%22Crackle%22&amp;sitemode=%22rootlist%22&amp;thumb=%22C%3a%5ckodi2%5cportable_data%5caddons%5cplugin.video.ustvvod%5cresources%5cimages%5ccrackle.png%22&amp;url=%22%22&quot;)</favourite>
	<favourite name="Netflix" thumb="http://wdc2.com/wp-content/uploads/2012/05/netflix1.png">ActivateWindow(10025,&quot;plugin://plugin.video.origin2/?action=tvshows&amp;url=http%3a%2f%2fapi.themoviedb.org%2f3%2fdiscover%2ftv%3fapi_key%3d%25s%26with_networks%3d213%26page%3d1&quot;,return)</favourite>
	<favourite name="Hulu" thumb="http://orig03.deviantart.net/5162/f/2008/359/9/f/hulu_dock_icon_by_matanlurey.png">ActivateWindow(10025,&quot;plugin://plugin.video.origin2/?action=tvshows&amp;url=http%3a%2f%2fapi.themoviedb.org%2f3%2fdiscover%2ftv%3fapi_key%3d%25s%26with_networks%3d453%26page%3d1&quot;,return)</favourite>
	<favourite name="" thumb="">PlayMedia(&quot;plugin://plugin.video.none?sf_options=winID%3D10025%26_options_sf&quot;)</favourite>
	<favourite name="HBO" thumb="http://flaticons.net/icons/Brand%20Identity/HBO.png">ActivateWindow(10025,&quot;plugin://plugin.video.origin2/?action=tvshows&amp;url=http%3a%2f%2fapi.themoviedb.org%2f3%2fdiscover%2ftv%3fapi_key%3d%25s%26with_networks%3d49%26page%3d1&quot;,return)</favourite>
	<favourite name="Showtime" thumb="http://www.ryanjoneseditorial.com/wp-content/uploads/2014/04/showtime-logo.png">ActivateWindow(10025,&quot;plugin://plugin.video.origin2/?action=tvshows&amp;url=http%3a%2f%2fapi.themoviedb.org%2f3%2fdiscover%2ftv%3fapi_key%3d%25s%26with_networks%3d67%7c643%26page%3d1&quot;,return)</favourite>
	<favourite name="Starz" thumb="http://tempo.io/wp-content/uploads/2012/02/starz1.png">ActivateWindow(10025,&quot;plugin://plugin.video.origin2/?action=tvshows&amp;url=http%3a%2f%2fapi.themoviedb.org%2f3%2fdiscover%2ftv%3fapi_key%3d%25s%26with_networks%3d318%26page%3d1&quot;,return)</favourite>
	<favourite name="Cinemax" thumb="https://atlanticbb.com/sites/all/themes/atlanticbb/images/logos/cinemax.png">ActivateWindow(10025,&quot;plugin://plugin.video.origin2/?action=tvshows&amp;url=http%3a%2f%2fapi.themoviedb.org%2f3%2fdiscover%2ftv%3fapi_key%3d%25s%26with_networks%3d359%26page%3d1&quot;,return)</favourite>
	<favourite name="" thumb="">PlayMedia(&quot;plugin://plugin.video.none?sf_options=winID%3D10025%26_options_sf&quot;)</favourite>
	<favourite name="ABC" thumb="https://raw.githubusercontent.com/moneymaker365/plugin.video.ustvvod/master/resources/images/abcchannel.png">ActivateWindow(10025,&quot;plugin://plugin.video.origin2/?action=tvshows&amp;url=http%3a%2f%2fapi.themoviedb.org%2f3%2fdiscover%2ftv%3fapi_key%3d%25s%26with_networks%3d2%26page%3d1&quot;,return)</favourite>
	<favourite name="CBS" thumb="https://raw.githubusercontent.com/moneymaker365/plugin.video.ustvvod/master/resources/images/cbs.png">ActivateWindow(10025,&quot;plugin://plugin.video.origin2/?action=tvshows&amp;url=http%3a%2f%2fapi.themoviedb.org%2f3%2fdiscover%2ftv%3fapi_key%3d%25s%26with_networks%3d16%26page%3d1&quot;,return)</favourite>
	<favourite name="NBC" thumb="special://home/addons\plugin.video.origin2\resources\media\gone\tvshows.jpg">ActivateWindow(10025,&quot;plugin://plugin.video.origin2/?action=tvshows&amp;url=http%3a%2f%2fapi.themoviedb.org%2f3%2fdiscover%2ftv%3fapi_key%3d%25s%26with_networks%3d6%7c582%26air_date.gte%3d2014-10-15%26air_date.lte%3d2020-10-15%26page%3d1&amp;sf_options=fanart%3Dspecial%3A%2F%2Fhome%2Faddons%5Cplugin.video.origin2%5Cresources%5Cmedia%5Cgone%5Cfanart.jpg%26_options_sf&quot;,return)</favourite>
	<favourite name="NBC" thumb="https://raw.githubusercontent.com/moneymaker365/plugin.video.ustvvod/master/resources/images/nbc.png">ActivateWindow(10025,&quot;plugin://plugin.video.origin2/?action=tvshows&amp;url=http%3a%2f%2fapi.themoviedb.org%2f3%2fdiscover%2ftv%3fapi_key%3d%25s%26with_networks%3d6%7c582%26page%3d1&quot;,return)</favourite>
	<favourite name="FOX" thumb="https://raw.githubusercontent.com/moneymaker365/plugin.video.ustvvod/master/resources/images/fox.png">ActivateWindow(10025,&quot;plugin://plugin.video.origin2/?action=tvshows&amp;url=http%3a%2f%2fapi.themoviedb.org%2f3%2fdiscover%2ftv%3fapi_key%3d%25s%26with_networks%3d19%7c303%26page%3d1&quot;,return)</favourite>
	<favourite name="CW" thumb="https://raw.githubusercontent.com/moneymaker365/plugin.video.ustvvod/master/resources/images/thecw.png">ActivateWindow(10025,&quot;plugin://plugin.video.origin2/?action=tvshows&amp;url=http%3a%2f%2fapi.themoviedb.org%2f3%2fdiscover%2ftv%3fapi_key%3d%25s%26with_networks%3d71%7c194%26page%3d1&quot;,return)</favourite>
	<favourite name="" thumb="">PlayMedia(&quot;plugin://plugin.video.none?sf_options=winID%3D10025%26_options_sf&quot;)</favourite>
	<favourite name="A&amp;E" thumb="http://www.emeraldcoastgranicrete.com/wp-content/uploads/2012/04/a-and-e-old-logo.png">ActivateWindow(10025,&quot;plugin://plugin.video.origin2/?action=tvshows&amp;url=http%3a%2f%2fapi.themoviedb.org%2f3%2fdiscover%2ftv%3fapi_key%3d%25s%26with_networks%3d129%7c567%7c891%26page%3d1&quot;,return)</favourite>
	<favourite name="ABC Family" thumb="https://raw.githubusercontent.com/moneymaker365/plugin.video.ustvvod/master/resources/images/abcfamily.png">ActivateWindow(10025,&quot;plugin://plugin.video.origin2/?action=tvshows&amp;url=http%3a%2f%2fapi.themoviedb.org%2f3%2fdiscover%2ftv%3fapi_key%3d%25s%26with_networks%3d75%26page%3d1&quot;,return)</favourite>
	<favourite name="AMC" thumb="https://raw.githubusercontent.com/moneymaker365/plugin.video.ustvvod/master/resources/images/amc.png">ActivateWindow(10025,&quot;plugin://plugin.video.origin2/?action=tvshows&amp;url=http%3a%2f%2fapi.themoviedb.org%2f3%2fdiscover%2ftv%3fapi_key%3d%25s%26with_networks%3d174%26page%3d1&quot;,return)</favourite>
	<favourite name="Animal Planet" thumb="http://vectorlogofree.com/wp-content/uploads/2011/06/animal-planet-eps-vector-logo-400x400.png">ActivateWindow(10025,&quot;plugin://plugin.video.origin2/?action=tvshows&amp;url=http%3a%2f%2fapi.themoviedb.org%2f3%2fdiscover%2ftv%3fapi_key%3d%25s%26with_networks%3d91%26page%3d1&quot;,return)</favourite>
	<favourite name="Bravo" thumb="https://raw.githubusercontent.com/moneymaker365/plugin.video.ustvvod/master/resources/images/bravo.png">ActivateWindow(10025,&quot;plugin://plugin.video.origin2/?action=tvshows&amp;url=http%3a%2f%2fapi.themoviedb.org%2f3%2fdiscover%2ftv%3fapi_key%3d%25s%26with_networks%3d74%7c312%7c485%26page%3d1&quot;,return)</favourite>
	<favourite name="Cartoon Network" thumb="https://raw.githubusercontent.com/moneymaker365/plugin.video.ustvvod/master/resources/images/cartoon.png">ActivateWindow(10025,&quot;plugin://plugin.video.origin2/?action=tvshows&amp;url=http%3a%2f%2fapi.themoviedb.org%2f3%2fdiscover%2ftv%3fapi_key%3d%25s%26with_networks%3d56%7c26page%3d1&quot;,return)</favourite>
	<favourite name="Comedy Central" thumb="https://raw.githubusercontent.com/moneymaker365/plugin.video.ustvvod/master/resources/images/comedy.png">ActivateWindow(10025,&quot;plugin://plugin.video.origin2/?action=tvshows&amp;url=http%3a%2f%2fapi.themoviedb.org%2f3%2fdiscover%2ftv%3fapi_key%3d%25s%26with_networks%3d47%7c27826page%3d1&quot;,return)</favourite>
	<favourite name="Disney Channel" thumb="https://raw.githubusercontent.com/moneymaker365/plugin.video.ustvvod/master/resources/images/disney.png">ActivateWindow(10025,&quot;plugin://plugin.video.origin2/?action=tvshows&amp;url=http%3a%2f%2fapi.themoviedb.org%2f3%2fdiscover%2ftv%3fapi_key%3d%25s%26with_networks%3d54%7c515%7c539%7c730%26page%3d1&quot;,return)</favourite>
	<favourite name="Disney XD" thumb="https://raw.githubusercontent.com/moneymaker365/plugin.video.ustvvod/master/resources/images/disneyxd.png">ActivateWindow(10025,&quot;plugin://plugin.video.origin2/?action=tvshows&amp;url=http%3a%2f%2fapi.themoviedb.org%2f3%2fdiscover%2ftv%3fapi_key%3d%25s%26with_networks%3d44%26page%3d1&quot;,return)</favourite>
	<favourite name="Discovery Channel" thumb="https://lh3.ggpht.com/u6vJ0KXtVCjzrzfLHqyumP1ueGoqcvDIp7S4zxGXNF4xTiqkg8qsEB9H160nJJDVEZjq=w300">ActivateWindow(10025,&quot;plugin://plugin.video.origin2/?action=tvshows&amp;url=http%3a%2f%2fapi.themoviedb.org%2f3%2fdiscover%2ftv%3fapi_key%3d%25s%26with_networks%3d64%7c106%7c755%26page%3d1&quot;,return)</favourite>
	<favourite name="E! Entertainment" thumb="http://streamedmp.googlecode.com/svn/trunk/TVLogos/Germany/Transparent/E!%20Entertainment.png">ActivateWindow(10025,&quot;plugin://plugin.video.origin2/?action=tvshows&amp;url=http%3a%2f%2fapi.themoviedb.org%2f3%2fdiscover%2ftv%3fapi_key%3d%25s%26with_networks%3d76%7c407%7c645%26page%3d1&quot;,return)</favourite>
	<favourite name="FX" thumb="https://raw.githubusercontent.com/moneymaker365/plugin.video.ustvvod/master/resources/images/fx.png">ActivateWindow(10025,&quot;plugin://plugin.video.origin2/?action=tvshows&amp;url=http%3a%2f%2fapi.themoviedb.org%2f3%2fdiscover%2ftv%3fapi_key%3d%25s%26with_networks%3d88%26page%3d1&quot;,return)</favourite>
	<favourite name="Hallmark" thumb="special://home/addons\plugin.video.genesis\resources\media\gone\tvshows.jpg">ActivateWindow(10025,&quot;plugin://plugin.video.origin2/?action=tvshows&amp;url=http%3a%2f%2fapi.themoviedb.org%2f3%2fdiscover%2ftv%3fapi_key%3d%25s%26with_networks%3d384%26page%3d1&quot;,return)</favourite>
	<favourite name="HGTV" thumb="http://atulvir.com/wp-content/uploads/2014/04/hgtv-logo-icon-laundry-machine-picks-400x260.png">ActivateWindow(10025,&quot;plugin://plugin.video.origin2/?action=tvshows&amp;url=http%3a%2f%2fapi.themoviedb.org%2f3%2fdiscover%2ftv%3fapi_key%3d%25s%26with_networks%3d210%7c482%26page%3d1&quot;,return)</favourite>
	<favourite name="History Channel" thumb="https://www.simpletelly.com/wp-content/uploads/2014/10/historychannel.png">ActivateWindow(10025,&quot;plugin://plugin.video.origin2/?action=tvshows&amp;url=http%3a%2f%2fapi.themoviedb.org%2f3%2fdiscover%2ftv%3fapi_key%3d%25s%26with_networks%3d65%7c238%7c893%26page%3d1&quot;,return)</favourite>
	<favourite name="H2" thumb="http://www.zazeen.com/images/logos/png_440x440/culture_science/history2.png">ActivateWindow(10025,&quot;plugin://plugin.video.origin2/?action=tvshows&amp;url=http%3a%2f%2fapi.themoviedb.org%2f3%2fdiscover%2ftv%3fapi_key%3d%25s%26with_networks%3d849%26page%3d1&quot;,return)</favourite>
	<favourite name="Discovery ID" thumb="https://www.sappa.se/media/f82c7810-b1c2-4f3b-866e-c0f825cef664/-1267941594/ProgramIkoner_500_500/Discovery_ID.png?w=330&amp;action=crop">ActivateWindow(10025,&quot;plugin://plugin.video.origin2/?action=tvshows&amp;url=http%3a%2f%2fapi.themoviedb.org%2f3%2fdiscover%2ftv%3fapi_key%3d%25s%26with_networks%3d244%26page%3d1&quot;,return)</favourite>
	<favourite name="Lifetime" thumb="https://raw.githubusercontent.com/moneymaker365/plugin.video.ustvvod/master/resources/images/lifetime.png">ActivateWindow(10025,&quot;plugin://plugin.video.origin2/?action=tvshows&amp;url=http%3a%2f%2fapi.themoviedb.org%2f3%2fdiscover%2ftv%3fapi_key%3d%25s%26with_networks%3d34%7c892%26page%3d1&quot;,return)</favourite>
	<favourite name="MTV" thumb="http://ftp.heanet.ie/mirrors/superrepo/v5/addons/plugin.video.mtv/icon.png">ActivateWindow(10025,&quot;plugin://plugin.video.origin2/?action=tvshows&amp;url=http%3a%2f%2fapi.themoviedb.org%2f3%2fdiscover%2ftv%3fapi_key%3d%25s%26with_networks%3d33%7c335%7c488%26page%3d1&quot;,return)</favourite>
	<favourite name="National Geographic" thumb="https://raw.githubusercontent.com/moneymaker365/plugin.video.ustvvod/master/resources/images/natgeo.png">ActivateWindow(10025,&quot;plugin://plugin.video.origin2/?action=tvshows&amp;url=http%3a%2f%2fapi.themoviedb.org%2f3%2fdiscover%2ftv%3fapi_key%3d%25s%26with_networks%3d43%7c799%26page%3d1&quot;,return)</favourite>
	<favourite name="Nickelodeon" thumb="http://www.nick.com/nick-assets/common/nick-logo-200x200.png">ActivateWindow(10025,&quot;plugin://plugin.video.origin2/?action=tvshows&amp;url=http%3a%2f%2fapi.themoviedb.org%2f3%2fdiscover%2ftv%3fapi_key%3d%25s%26with_networks%3d13%7c35%7c234%7c259%7c416%26page%3d1&quot;,return)</favourite>
	<favourite name="Spike" thumb="https://raw.githubusercontent.com/moneymaker365/plugin.video.ustvvod/master/resources/images/spike.png">ActivateWindow(10025,&quot;plugin://plugin.video.origin2/?action=tvshows&amp;url=http%3a%2f%2fapi.themoviedb.org%2f3%2fdiscover%2ftv%3fapi_key%3d%25s%26with_networks%3d55%26page%3d1&quot;,return)</favourite>
	<favourite name="Syfy" thumb="http://mirrors.kodi.tv/addons/gotham/plugin.video.syfy/icon.png">ActivateWindow(10025,&quot;plugin://plugin.video.origin2/?action=tvshows&amp;url=http%3a%2f%2fapi.themoviedb.org%2f3%2fdiscover%2ftv%3fapi_key%3d%25s%26with_networks%3d77%7c586%26page%3d1&quot;,return)</favourite>
	<favourite name="TBS" thumb="https://raw.githubusercontent.com/moneymaker365/plugin.video.ustvvod/master/resources/images/tbs.png">ActivateWindow(10025,&quot;plugin://plugin.video.origin2/?action=tvshows&amp;url=http%3a%2f%2fapi.themoviedb.org%2f3%2fdiscover%2ftv%3fapi_key%3d%25s%26with_networks%3d68%26page%3d1&quot;,return)</favourite>
	<favourite name="TLC" thumb="https://www.housing.purdue.edu/BTV/Channel/ChannelIcon/aa10795d-6f33-42ac-ba42-63d323387b84">ActivateWindow(10025,&quot;plugin://plugin.video.origin2/?action=tvshows&amp;url=http%3a%2f%2fapi.themoviedb.org%2f3%2fdiscover%2ftv%3fapi_key%3d%25s%26with_networks%3d84%26page%3d1&quot;,return)</favourite>
	<favourite name="TNT" thumb="https://raw.githubusercontent.com/moneymaker365/plugin.video.ustvvod/master/resources/images/tnt.png">ActivateWindow(10025,&quot;plugin://plugin.video.origin2/?action=tvshows&amp;url=http%3a%2f%2fapi.themoviedb.org%2f3%2fdiscover%2ftv%3fapi_key%3d%25s%26with_networks%3d41%7c939%26page%3d1&quot;,return)</favourite>
	<favourite name="Travel Channel" thumb="http://cdn.ulive.com/7e/34/5ef23fa349908845cc628721461a/travel-channel-logo-6613.png">ActivateWindow(10025,&quot;plugin://plugin.video.origin2/?action=tvshows&amp;url=http%3a%2f%2fapi.themoviedb.org%2f3%2fdiscover%2ftv%3fapi_key%3d%25s%26with_networks%3d209%26page%3d1&quot;,return)</favourite>
	<favourite name="truTV" thumb="https://raw.githubusercontent.com/moneymaker365/plugin.video.ustvvod/master/resources/images/trutv.png">ActivateWindow(10025,&quot;plugin://plugin.video.origin2/?action=tvshows&amp;url=http%3a%2f%2fapi.themoviedb.org%2f3%2fdiscover%2ftv%3fapi_key%3d%25s%26with_networks%3d364%26page%3d1&quot;,return)</favourite>
	<favourite name="VH1" thumb="https://raw.githubusercontent.com/moneymaker365/plugin.video.ustvvod/master/resources/images/vh1.png">ActivateWindow(10025,&quot;plugin://plugin.video.origin2/?action=tvshows&amp;url=http%3a%2f%2fapi.themoviedb.org%2f3%2fdiscover%2ftv%3fapi_key%3d%25s%26with_networks%3d158%26page%3d1&quot;,return)</favourite>
	<favourite name="TV Land" thumb="https://raw.githubusercontent.com/moneymaker365/plugin.video.ustvvod/master/resources/images/tvland.png">ActivateWindow(10025,&quot;plugin://plugin.video.origin2/?action=tvshows&amp;url=http%3a%2f%2fapi.themoviedb.org%2f3%2fdiscover%2ftv%3fapi_key%3d%25s%26with_networks%3d397%26page%3d1&quot;,return)</favourite>
	<favourite name="USA Network" thumb="https://raw.githubusercontent.com/moneymaker365/plugin.video.ustvvod/master/resources/images/usa.png">ActivateWindow(10025,&quot;plugin://plugin.video.origin2/?action=tvshows&amp;url=http%3a%2f%2fapi.themoviedb.org%2f3%2fdiscover%2ftv%3fapi_key%3d%25s%26with_networks%3d30%26page%3d1&quot;,return)</favourite>
	<favourite name="CMT" thumb="http://apk-dl.com/detail/image/com.mtvn.cmtandroid-w250.png">ActivateWindow(10025,&quot;plugin://plugin.video.ustvvod/?fanart=%22C%3a%5ckodi2%5cportable_data%5caddons%5cplugin.video.ustvvod%5cfanart.jpg%22&amp;mode=%22cmt%22&amp;name=%22CMT%22&amp;sitemode=%22rootlist%22&amp;thumb=%22C%3a%5ckodi2%5cportable_data%5caddons%5cplugin.video.ustvvod%5cresources%5cimages%5ccmt.png%22&amp;url=%22%22&quot;)</favourite>
	<favourite name="Food Network" thumb="https://upload.wikimedia.org/wikipedia/commons/thumb/d/d8/Food_Network.svg/135px-Food_Network.svg.png">ActivateWindow(10025,&quot;plugin://plugin.video.origin2/?action=tvshows&amp;url=http%3a%2f%2fapi.themoviedb.org%2f3%2fdiscover%2ftv%3fapi_key%3d%25s%26with_networks%3d143%26page%3d1&quot;,return)</favourite>
</favourites>