<favourites>
	<favourite name="CNN US MQ" thumb="http://www.shadow-net.me/product_images/p/470/cnn_usa__34139_thumb.jpg">PlayMedia(&quot;plugin://plugin.video.castaway/?play=True&amp;img=http%3A%2F%2Fwww.shadow-net.me%2Fproduct_images%2Fp%2F470%2Fcnn_usa__34139_thumb.jpg&amp;title=CNN+USA&amp;url=http%3A%2F%2Fwww.shadow-net.me%2Fchannels%2FCNN-USA.html&amp;site=shadownet&amp;mode=play_special&amp;sf_options=winID%3D10025%26_options_sf&quot;)</favourite>
	<favourite name="[COLOR blue]CNN International[/COLOR]" thumb="http://www.shadow-net.me/product_images/j/051/cnn_international__19122_thumb.jpg">PlayMedia(&quot;plugin://plugin.video.castaway/?url=http%3A%2F%2Fwww.shadow-net.me%2Fchannels%2FCNN-International.html&amp;play=True&amp;mode=play&amp;img=http%3A%2F%2Fwww.shadow-net.me%2Fproduct_images%2Fj%2F051%2Fcnn_international__19122_thumb.jpg&amp;title=CNN+International&amp;sf_options=winID%3D10025%26_options_sf&quot;)</favourite>
	
	<favourite name="[COLOR black]CNN USA (BACKUP)[/COLOR]" thumb="https://app.uktvnow.net/images/channel_imgs/160116010910cnn.jpg|User-Agent=Dalvik/2.1.0 (Linux; U; Android 5.1.1; SM-G920F Build/LMY47X)">PlayMedia(&quot;plugin://plugin.video.wateriptv/?url=url&amp;mode=2&amp;name=CNN.&amp;description=&amp;sf_options=winID%3D10025%26_options_sf&quot;)</favourite>
	
	
		<favourite name="CNN" thumb="">PlayMedia(&quot;http://edge1.everyon.tv/etv1sb/pld16/playlist.m3u8&quot;)</favourite>
		<favourite name="CNN" thumb="">PlayMedia(&quot;http://d1hya96e2cm7qi.cloudfront.net/Live/_definst_/sweetbcha1novD177_W_150.sdp/media_7419.m3u8&quot;)</favourite>
	
	
	
</favourites>