<favourites>
    <favourite name="Movies">ActivateWindow(10025,&quot;plugin://plugin.video.ZemTV-shani/?mode=66&amp;name=Movies&amp;url=pv2&quot;,return)</favourite>

	<favourite name="Dramas">ActivateWindow(10025,&quot;plugin://plugin.video.ZemTV-shani/?mode=83&amp;name=Indian%2fPakistani%20Shows%2fDramas&amp;url=IndPakLive&quot;,return)</favourite>
		<favourite name="">ActivateWindow(10025,&quot;plugin://plugin.video.&quot;)</favourite>
	<favourite name="Pak Channels">ActivateWindow(10025,&quot;plugin://plugin.video.ZemTV-shani/?mode=2&amp;name=Pakistani%20Live%20Channels&amp;url=PakLive&quot;,return)</favourite>

            <favourite name="Pak News" thumb="">ActivateWindow(10025,&quot;plugin://plugin.video.ZemTV-shani/?mode=2&amp;name=Latest%20Shows&amp;url=Shows&amp;sf_options=&quot;,return)</favourite>	

    	<favourite name="HUMTV" thumb="https://yt3.ggpht.com/-8nn2mPhObBg/AAAAAAAAAAI/AAAAAAAAAAA/nO8qj4CRQL8/s240-c-k-no-rj-c0xffffff/photo.jpg">ActivateWindow(10025,&quot;plugin://plugin.video.youtube/channel/UCEeEQxm6qc_qaTE7qTV5aLQ/&quot;,return)</favourite>
	
		<favourite name="">ActivateWindow(10025,&quot;plugin://plugin.video.&quot;)</favourite>
	

<favourite name="Indian Channels">ActivateWindow(10025,&quot;plugin://plugin.video.ZemTV-shani/?mode=2&amp;name=Indian%20Live%20Channels&amp;url=IndianLive&quot;,return)</favourite>
    <favourite name="Punjabi Channels">ActivateWindow(10025,&quot;plugin://plugin.video.ZemTV-shani/?mode=2&amp;name=Punjabi%20Live%20Channels&amp;url=PunjabiLive&quot;,return)</favourite>
			<favourite name="">ActivateWindow(10025,&quot;plugin://plugin.video.&quot;)</favourite>
		
		<favourite name="ZemTV.com" thumb="special://home/addons\plugin.video.ZemTV-shani\icon.png">ActivateWindow(10025,&quot;plugin://plugin.video.ZemTV-shani/?sf_options=desc%3DWatch+ZemTV.com+on+your+XBMC.+This+plugin+fetches+the+video+sources+from+ZemTV.com+and+play+on+XBMC+compatible+plateforms%26_options_sf&quot;,return)</favourite>
	<favourite name="DesiZone" thumb="special://home/addons\plugin.video.tvondesizonexl\icon.png">RunScript(&quot;plugin.video.tvondesizonexl&quot;,return)</favourite>
	<favourite name="[COLOR blue]Enable Content[/COLOR]" thumb="">PlayMedia(&quot;plugin://plugin.video.water/?url=http%3A%2F%2Fgoogledrive.com%2Fhost%2F0B-bY5h-uWEgZbndYVGZVYmJvb0E%2Fbuild%2Findianrepos.zip&amp;mode=5&amp;name=indianrepo&amp;sf_options=winID%3D10025%26_options_sf&quot;,return)</favourite>
	<favourite name="[COLOR black]Pak Dramas[/COLOR]" thumb="special://home/addons\plugin.video.dramasonline\icon.png">ActivateWindow(10025,&quot;plugin://plugin.video.dramasonline/?sf_options=desc%3DWatch+dramasonline.com+on+your+XBMC.+This+plugin+fetches+the+video+sources+from+dramasonline.com+and+play+on+XBMC+compatible+plateforms%26_options_sf&quot;,return)</favourite>
		<favourite name="[COLOR black]Pak India Live[/COLOR]" thumb="special://home/addons\plugin.video.pakindia\icon.png">ActivateWindow(10025,&quot;plugin://plugin.video.pakindia/&quot;,return)</favourite>
</favourites>