<favourites>
	<favourite name="New Episodes" thumb="https://firestixz.files.wordpress.com/2015/07/1channel-icon.jpg">ActivateWindow(10025,&quot;plugin://plugin.video.1channel/?mode=GetFilteredResults&amp;section=tv&amp;sort=date&quot;,return)</favourite>
		<favourite name="New Episodes HD" thumb="">ActivateWindow(10025,&quot;plugin://plugin.video.ororotv/?action=shows_release&quot;,return)</favourite>
	<favourite name="New Episodes Air Today" thumb="">ActivateWindow(10025,&quot;plugin://script.supafav/?url=null&amp;mode=78&quot;,return)</favourite>
	
	  <favourite name="">ActivateWindow(10025,&quot;plugin://plugin.&quot;,return)</favourite>
	
	    
	
	<favourite name="New Episodes - watchepisodes1.com [COLOR black]TVMIX[/COLOR]" thumb="">ActivateWindow(10025,&quot;plugin://plugin.video.tvmix/?description&amp;mode=1&amp;name=New%20Latest%20Episodes&amp;url=http%3a%2f%2fwww.watchepisodes1.com%2f&amp;sf_options=fanart%3Dspecial%3A%2F%2Fhome%2Faddons%5Cplugin.video.tvmix%5Cfanart.jpg%26meta%3Duserrating%253DListItem.userrating%2526label%253DNew%252BLatest%252BEpisodes%26_options_sf&quot;,return)</favourite>
	
	 <favourite name="New Episodes - watchepisodeseries.com" thumb="">ActivateWindow(10025,&quot;plugin://plugin.video.seriesaddicts/?description&amp;iconimage=&amp;mode=7&amp;name=&amp;url=http%3a%2f%2fwww.watchepisodeseries.com%2f&quot;,return)</favourite>
	 <favourite name="New Episodes - watchepisodes4.com" thumb="http://i.imgur.com/gLWo9QO.png">ActivateWindow(10025,&quot;plugin://plugin.video.Evolve/?&amp;mode=29&amp;url=http%3a%2f%2fwww.watchepisodes4.com&quot;,return)</favourite>
	  <favourite name="">ActivateWindow(10025,&quot;plugin://plugin.&quot;,return)</favourite>

	 <favourite name="New Episodes - thewatchseries.cc">ActivateWindow(10025,&quot;plugin://plugin.video.filmemporium_gw/?description&amp;iconimage=&amp;mode=5&amp;name=&amp;url=https%3a%2f%2fwww2.thewatchseries.cc%2fnew-release%3fpage%3d1&quot;,return)</favourite>
	 <favourite name="New Episodes - newmyvideolink.xyz">ActivateWindow(10025,&quot;plugin://plugin.video.myvidlinks_gw/?description&amp;iconimage=&amp;mode=5&amp;name=&amp;url=http%3a%2f%2fnewmyvideolink.xyz%2fsites%2fcategory%2ftv-shows%2f&quot;,return)</favourite>
	<favourite name="New Episodes - watchseries-online.pl [COLOR black]UKTURK[/COLOR]" thumb="">ActivateWindow(10025,&quot;plugin://plugin.video.ukturk/?description&amp;fanart=&amp;iconimage=&amp;mode=23&amp;name=New%20Episodes%20of%20TV%20Shows&amp;url=https%3a%2f%2fwatchseries-online.pl%2flast-350-episodes&quot;,return)</favourite>
	
	<favourite name="New Clips         - youtube" thumb="special://home/addons\plugin.video.youtube\resources\media\popular.png">ActivateWindow(10025,&quot;plugin://plugin.video.youtube/special/popular_right_now/&quot;,return)</favourite>
	<favourite name="" thumb="">PlayMedia(&quot;plugin://plugin.&quot;,isdir)</favourite>
	<favourite name="[COLOR black]New on YouTube[/COLOR]" thumb="special://home/addons\plugin.video.youtube\resources\media\popular.png">PlayMedia(&quot;plugin://plugin.video.youtube/special/popular_right_now/&quot;,isdir)</favourite>
	<favourite name="[COLOR black]New on YouTube[/COLOR]" thumb="special://home/addons\plugin.video.youtube\resources\media\popular.png">PlayMedia(&quot;plugin://plugin.video.youtube/play/?playlist_id=PLrEnWoR732-BHrPp_Pm8_VleD68f9s14-&amp;order=default&amp;play=1&amp;sf_options=winID%3D10025%26_options_sf&quot;)</favourite>

</favourites>