<favourites>
	<favourite name="Latest Documentaries" thumb="special://home/addons\plugin.video.pftvso/art/themes/Blue/Genre.png">ActivateWindow(10025,&quot;plugin://plugin.video.pftvso/?mode=open_genre&amp;page=1&amp;slug=documentary&quot;,return)</favourite>
	<favourite name="Based On a True Story" thumb="http://s9.postimg.org/uji4bvunj/Biography.jpg">ActivateWindow(10025,&quot;plugin://plugin.video.phstreams/?action=ndmode&amp;audio=0&amp;content=0&amp;fanart=http%3a%2f%2fcoolbackgroundhd.com%2fwp-content%2fuploads%2f2015%2f04%2fangels-wings-fire-wallpaper.jpg&amp;image=http%3a%2f%2fs9.postimg.org%2fuji4bvunj%2fBiography.jpg&amp;name=Biography&amp;playable=false&amp;tvshow=0&amp;url=http%3a%2f%2fgibraltar.watchkodi.com%2fCollections%2fbiography.xml&amp;sf_options=fanart%3Dhttp%3A%2F%2Fcoolbackgroundhd.com%2Fwp-content%2Fuploads%2F2015%2F04%2Fangels-wings-fire-wallpaper.jpg%26desc%3DDiscover+Great+Streaming+Playlists%21%26_options_sf&quot;,return)</favourite>
	<favourite name="Most Popular" thumb="special://home/addons\plugin.video.genesis\resources/art\gone\genres_movies.jpg">ActivateWindow(10025,&quot;plugin://plugin.video.origin2/?action=movies&amp;url=http%3a%2f%2fwww.imdb.com%2fsearch%2ftitle%3ftitle_type%3ddocumentary%26sort%3dnum_votes%2cdesc%26count%3d25%26start%3d1&amp;sf_options=fanart%3Dspecial%3A%2F%2Fhome%2Faddons%5Cplugin.video.genesis%5Cresources%2Fart%5Cgone%5Cfanart.jpg%26desc%3DThe+origins+of+streaming%26_options_sf&quot;,return)</favourite>
	<favourite name="Latest Documentaries" thumb="http://s28.postimg.org/op4gqc0ot/Documentaries.jpg">ActivateWindow(10025,&quot;plugin://plugin.video.phstreams/?audio=0&amp;content=0&amp;fanart=http%3a%2f%2fwww.mariachimexteca.com%2fwp-content%2fuploads%2f2014%2f10%2fone-show-small.jpg&amp;image=http%3a%2f%2fs28.postimg.org%2fop4gqc0ot%2fDocumentaries.jpg&amp;action=ndmode&amp;name=Documentaries&amp;playable=false&amp;url=http%3a%2f%2fgibraltar.watchkodi.com%2fMisc%2fdocs.xml&amp;sf_options=fanart%3Dhttp%3A%2F%2Fwww.mariachimexteca.com%2Fwp-content%2Fuploads%2F2014%2F10%2Fone-show-small.jpg%26desc%3DDiscover+Great+Streaming+Playlists%21%26_options_sf&quot;,return)</favourite>
	<favourite name="Popcornflix - Docs" thumb="special://home/addons\plugin.video.popcornflix\icon.png">ActivateWindow(10025,&quot;plugin://plugin.video.popcornflix/?mode=GM&amp;name=%5bCOLOR%20blue%5dDocumentaries%5b%2fCOLOR%5d&amp;url=%2fDocumentaries-movies&amp;sf_options=fanart%3Dspecial%3A%2F%2Fhome%2Faddons%5Cplugin.video.popcornflix%5Cfanart.jpg%26_options_sf&quot;,return)</favourite>
</favourites>