<favourites>
	<favourite name="Popular" thumb="https://www.globalstudentnetwork.com/billing/images/most-popular.png">ActivateWindow(10025,&quot;plugin://plugin.program.super.favourites/?label=Popular&amp;mode=400&amp;folder=Movies%2FPopular&amp;sf_options=fanart%3DC%3A%5Ckodi%5Caddons%5Cplugin.program.super.favourites%5Cfanart.jpg%26_options_sf&quot;)</favourite>
	<favourite name="By Genre" thumb="http://thumbs.dreamstime.com/t/film-genre-squared-app-icon-set-flat-style-vector-illustrations-long-shadows-49654570.jpg">ActivateWindow(10025,&quot;plugin://plugin.video.water/?url=null&amp;mode=24&amp;sf_options=&quot;)</favourite>
	<favourite name="By Year" thumb="http://googledrive.com/host/0B-bY5h-uWEgZQVJQZ0lzUTdBeFE/icons/year.png">ActivateWindow(10025,&quot;plugin://plugin.video.water/?url=null&amp;mode=23&amp;sf_options=&quot;,return)</favourite>
	<favourite name="By Actor" thumb="http://googledrive.com/host/0B-bY5h-uWEgZQVJQZ0lzUTdBeFE/icons/test/actors.png">ActivateWindow(10025,&quot;plugin://plugin.video.origin2/?action=moviePersons&amp;sf_options=fanart%3Dspecial%3A%2F%2Fhome%2Faddons%5Cplugin.video.genesis%5Cresources%5Cmedia%5Cgone%5Cfanart.jpg%26_options_sf&quot;,return)</favourite>
	<favourite name="BoxSets" thumb="http://cdn.shopify.com/s/files/1/0208/0114/products/girlChocDVDBoxSet.png?v=1366915154">ActivateWindow(10025,&quot;plugin://plugin.video.phstreams/?action=directory&amp;url=http%3a%2f%2ftnpb.offshorepastebin.com%2fDirectories%2fMovies%2520Directories%2fBoxsets%2520Directory.xml&quot;,return)</favourite>
	<favourite name="In Theaters" thumb="http://www.iconeasy.com/icon/png/Movie%20%26%20TV/Curtains/TheatreSpotlights.png">ActivateWindow(10025,&quot;plugin://plugin.video.origin2/?action=movies&amp;url=theaters&amp;sf_options=&quot;,return)</favourite>
</favourites>