<favourites>
<favourite name="adBlock[COLOR black]*Requires TouchScreen or Mouse[/COLOR]" thumb="https://lh3.googleusercontent.com/s5FxSJCtdwrqpz1JRLYX_zyyGMVbPHBz3QbYrqwFdZm_ngSH7UvsGW_OOPuDIjGjFxI=w200">PlayMedia(&quot;plugin://plugin.video.water/?url=https://appraw.com/dl/kYba2fhDeM&amp;mode=12&amp;name=adBlockBrowser&amp;description=org.adblockplus.browser&amp;sf_options=winID%3D10025%26_options_sf&quot;)</favourite>
	<favourite name="Brave Browser [COLOR black]*Requires TouchScreen or Mouse[/COLOR]" thumb="https://www.brave.com/favicon.ico">PlayMedia(&quot;plugin://plugin.video.water/?url=http%3A%2F%2Fwebservices.aptoide.com%2Fapkinstall%2Fbrave-browser-private-adblock.apk%3Fuid%3D24252969&amp;mode=12&amp;name=BraveBroswer&amp;description=com.android.chrome&amp;sf_options=winID%3D10025%26_options_sf&quot;)</favourite>
	<favourite name="Chrome [COLOR black]*Requires TouchScreen or Mouse[/COLOR]" thumb="https://cdn1.iconfinder.com/data/icons/logotypes/32/chrome-256.png">PlayMedia(&quot;plugin://plugin.video.water/?url=https://appraw.com/dl/8tzLFV8ky5&amp;mode=12&amp;name=chrome&amp;description=com.android.chrome&amp;sf_options=winID%3D10025%26_options_sf&quot;)</favourite>
	
	<favourite name="Puffin[COLOR black]*Requires TouchScreen or Mouse[/COLOR]" thumb="http://a1.mzstatic.com/eu/r30/Purple22/v4/12/20/c4/1220c451-d770-7bac-76aa-3ff9da752a00/icon175x175.png">PlayMedia(&quot;plugin://plugin.video.water/?url=http%3A%2F%2Fwebservices.aptoide.com%2Fapkinstall%2Fbrave-browser-private-adblock.apk%3Fuid%3D24252969&amp;mode=12&amp;name=Puffin+Browser&amp;description=com.cloudmosa.puffin&amp;sf_options=winID%3D10025%26_options_sf&quot;)</favourite>
	<favourite name="TV Browser[COLOR black]*Requires TouchScreen or Mouse[/COLOR]" thumb="https://cdn6.aptoide.com/imgs/9/a/2/9a2faf0442df08f4067430da3e732ff1_icon_96x96.png">PlayMedia(&quot;plugin://plugin.video.water/?url=http%3A%2F%2Fwebservices.aptoide.com%2Fapkinstall%2Fweb-browser-for-android-tv.apk%3Fuid%3D17728182%26store%3Dkoditv%26ver%3D8.1.2.1%26%26is_tv_device%3D0&amp;mode=12&amp;name=TVbrowser&amp;description=com.cloudmosa.puffin&amp;sf_options=winID%3D10025%26_options_sf&quot;)</favourite>
	<favourite name="NovaLauncher" thumb="http://novalauncher.com/nova_assets/img/icon_256x256.png">PlayMedia(&quot;plugin://plugin.video.water/?url=http%3A%2F%2Fteslacoilsw.com%2Ftesladirect%2Fdownload.pl%3FpackageName%3Dcom.teslacoilsw.launcher&amp;mode=12&amp;name=NovaLauncher&amp;description=Install Nova Launcher&amp;sf_options=winID%3D10025%26_options_sf&quot;)</favourite>
</favourites>