<favourites>
	<favourite name="Cooking on YouTube Volume 1" thumb="special://home/addons\plugin.video.yt-cook\icon.png">ActivateWindow(10025,&quot;plugin://plugin.video.yt-cook?sf_options=fanart%3Dspecial%3A%2F%2Fhome%2Faddons%5Cplugin.video.yt-cook%5Cfanart.jpg%26desc%3DThousands+of+recipes+and+cooking+how-to+videos+on+YouTube+Volume+1.+50+channels%2Fplaylists+including+Jamie+Oliver%2C+America%27s+Test+Kitchen%2C+One+Pot+Chef+Show%2C+Food+Wishes%2C+Siu%27s+Cooking+%28Chinese%29%2C+Maangchi+%28Korean+Cuisine%29%2C+India+Food+Network%2C+Gordon+Ramsay+and+BBQ+Pit+Boys.%26_options_sf&quot;,return)</favourite>
	<favourite name="Fitness" thumb="http://a387.phobos.apple.com/us/r30/Purple2/v4/15/5e/41/155e415d-42e9-2f73-e11e-a73dbffcc9d6/mzl.iphtevhc.512x512-75.png">ActivateWindow(10025,&quot;plugin://plugin.program.super.favourites/?label=Fitness&amp;mode=400&amp;path=special%3A%2F%2Fhome%2Faddons%2Fscript.supafav%2FSuper%20Favourites%5Cmore%5CWomensTV%5CFitness&amp;sf_options=fanart%3Dhttp%3A%2F%2Fkodistream.info%2FMainLogos%2Fmain%2520background.jpg%26_options_sf&quot;)</favourite>
	<favourite name="Hallmark Movies" thumb="http://png-2.vector.me/files/images/3/3/33306/hallmark_channel_thumb.png">ActivateWindow(10025,&quot;plugin://plugin.video.hallmark/?mode=GM&amp;name=Movies&amp;url=http%3a%2f%2fwww.hallmarkchanneleverywhere.com%2fMovies%3fNodeID%3d28&amp;sf_options=fanart%3Dspecial%3A%2F%2Fhome%2Faddons%5Cplugin.video.hallmark%5Cfanart.jpg%26_options_sf&quot;,return)</favourite>
	<favourite name="LifeTime Movies" thumb="http://www.lifetimetv.co.uk/sites/all/themes/lifetime/img/newlogo.png">ActivateWindow(10025,&quot;plugin://plugin.video.phstreams/?action=ndmode&amp;audio=0&amp;content=0&amp;fanart=http%3a%2f%2fcoolbackgroundhd.com%2fwp-content%2fuploads%2f2015%2f04%2fangels-wings-fire-wallpaper.jpg&amp;image=http%3a%2f%2fs2.postimg.org%2f5j04tttkp%2fLifetime.jpg&amp;name=LifeTime&amp;playable=false&amp;tvshow=0&amp;url=http%3a%2f%2fgibraltar.watchkodi.com%2fMovies%2flifetimebest.xml&amp;sf_options=fanart%3Dhttp%3A%2F%2Fcoolbackgroundhd.com%2Fwp-content%2Fuploads%2F2015%2F04%2Fangels-wings-fire-wallpaper.jpg%26desc%3DDiscover+Great+Streaming+Playlists%21%26_options_sf&quot;,return)</favourite>
	<favourite name="By Emotion" thumb="http://s14.postimg.org/83lyc0ich/Emotions_Are_Energy1.jpg">ActivateWindow(10025,&quot;plugin://plugin.video.phstreams/?action=ndmode&amp;audio=0&amp;content=0&amp;fanart=http%3a%2f%2fs6.postimg.org%2f4e7vodlfl%2f14266.jpg&amp;image=http%3a%2f%2fs14.postimg.org%2f83lyc0ich%2fEmotions_Are_Energy1.jpg&amp;name=%5bCOLOR%20hotpink%5dMy%20Emotions%5b%2fCOLOR%5d&amp;playable=false&amp;tvshow=0&amp;url=http%3a%2f%2fhonolulu.watchkodi.com%2fPlaylists%2fMy%2520Emotions.xml&amp;sf_options=fanart%3Dhttp%3A%2F%2Fs6.postimg.org%2F4e7vodlfl%2F14266.jpg%26desc%3DDiscover+Great+Streaming+Playlists%21%26_options_sf&quot;,return)</favourite>
	<favourite name="By Actress" thumb="http://s6.postimg.org/wevezj9fl/actress_collage_245058_2.jpg">ActivateWindow(10025,&quot;plugin://plugin.video.phstreams/?action=ndmode&amp;audio=0&amp;content=0&amp;fanart=http%3a%2f%2fs6.postimg.org%2f4e7vodlfl%2f14266.jpg&amp;image=http%3a%2f%2fs6.postimg.org%2fwevezj9fl%2factress_collage_245058_2.jpg&amp;name=%5bCOLOR%20hotpink%5dMy%20Girls%5b%2fCOLOR%5d&amp;playable=false&amp;tvshow=0&amp;url=http%3a%2f%2fhonolulu.watchkodi.com%2fMy%2520Girls%2fThe%2520Girls.xml&amp;sf_options=fanart%3Dhttp%3A%2F%2Fs6.postimg.org%2F4e7vodlfl%2F14266.jpg%26desc%3DDiscover+Great+Streaming+Playlists%21%26_options_sf&quot;,return)</favourite>
	<favourite name="Romance" thumb="http://icons.iconarchive.com/icons/sirubico/movie-genre/256/Romance-icon.png">ActivateWindow(10025,&quot;plugin://plugin.video.origin2/?action=movies&amp;url=http%3a%2f%2fapi.themoviedb.org%2f3%2fdiscover%2fmovie%3fapi_key%3d%25s%26with_genres%3d10749%26primary_release_date.gte%3d2014-11-09%26primary_release_date.lte%3d2015-11-09%26page%3d1&amp;sf_options=fanart%3Dspecial%3A%2F%2Fhome%2Faddons%5Cplugin.video.origin2%5Cresources%5Cmedia%5Cgone%5Cfanart.jpg%26_options_sf&quot;,return)</favourite>
	<favourite name="Drama" thumb="http://icons.iconarchive.com/icons/sirubico/movie-genre/256/Drama-icon.png">ActivateWindow(10025,&quot;plugin://plugin.video.origin2/?action=movies&amp;url=http%3a%2f%2fapi.themoviedb.org%2f3%2fdiscover%2fmovie%3fapi_key%3d%25s%26with_genres%3d18%26primary_release_date.gte%3d2014-11-09%26primary_release_date.lte%3d2015-11-09%26page%3d1&amp;sf_options=fanart%3Dspecial%3A%2F%2Fhome%2Faddons%5Cplugin.video.origin2%5Cresources%5Cmedia%5Cgone%5Cfanart.jpg%26_options_sf&quot;,return)</favourite>
	<favourite name="TV Movie" thumb="special://home/addons\plugin.video.origin2\resources\media\gone\movieGenres.jpg">ActivateWindow(10025,&quot;plugin://plugin.video.origin2/?action=movies&amp;url=http%3a%2f%2fapi.themoviedb.org%2f3%2fdiscover%2fmovie%3fapi_key%3d%25s%26with_genres%3d10770%26primary_release_date.gte%3d2014-12-22%26primary_release_date.lte%3d2015-12-22%26page%3d1&amp;sf_options=fanart%3Dspecial%3A%2F%2Fhome%2Faddons%5Cplugin.video.origin2%5Cresources%5Cmedia%5Cgone%5Cfanart.jpg%26_options_sf&quot;,return)</favourite>
</favourites>