<favourites>
	<favourite name="Much Movies" thumb="special://home/addons\plugin.video.muchmovies.hd\resources/art/Genres.png">ActivateWindow(10025,&quot;plugin://plugin.video.muchmovies.hd/?action=genres_movies&amp;sf_options=fanart%3Dspecial%3A%2F%2Fhome%2Faddons%5Cplugin.video.muchmovies.hd%5Cfanart.jpg%26desc%3DWatch+a+wide+selection+of+movies+from+muchmovies.org%26_options_sf&quot;,return)</favourite>
	<favourite name="ViewMovies" thumb="special://home/addons\plugin.video.viewmovies\icon.png">ActivateWindow(10025,&quot;plugin://plugin.video.viewmovies/?description&amp;mode=2&amp;name=Categories&amp;url=url&amp;sf_options=fanart%3Dspecial%3A%2F%2Fhome%2Faddons%5Cplugin.video.viewmovies%5Cfanart.jpg%26_options_sf&quot;,return)</favourite>
	<favourite name="Movie Night" thumb="special://home/addons\plugin.video.movienight\icon.png">ActivateWindow(10025,&quot;plugin://plugin.video.movienight?sf_options=fanart%3Dspecial%3A%2F%2Fhome%2Faddons%5Cplugin.video.movienight%5Cfanart.jpg%26_options_sf&quot;,return)</favourite>
	<favourite name="HuluBox" thumb="http://addons.tvaddons.ag/cache/images/9737493c8a28a5bb8c9acb98e7392f_icon.png">ActivateWindow(10025,&quot;plugin://plugin.video.hulubox?sf_options=fanart%3Dspecial%3A%2F%2Fhome%2Faddons%5Cplugin.video.hulubox%5Cfanart.jpg%26_options_sf&quot;,return)</favourite>
	<favourite name="Movies XK" thumb="special://home/addons\plugin.video.moviexk\icon.png">ActivateWindow(10025,&quot;plugin://plugin.video.moviexk/?description&amp;mode=2&amp;name=Genres&amp;url=http%3a%2f%2fwww.moviexk.net&amp;sf_options=fanart%3Dspecial%3A%2F%2Fhome%2Faddons%5Cplugin.video.moviexk%5Cfanart.jpg%26_options_sf&quot;,return)</favourite>
	<favourite name="Movies By Category" thumb="special://home/addons\plugin.video.filmdictator\icon.png">ActivateWindow(10025,&quot;plugin://plugin.video.filmdictator/?description&amp;mode=4&amp;name=Movies%20By%20Category&amp;url=http%3a%2f%2ffilmdictator.com%2fcategories%2f&amp;sf_options=fanart%3Dspecial%3A%2F%2Fhome%2Faddons%5Cplugin.video.filmdictator%5Cfanart.jpg%26_options_sf&quot;,return)</favourite>
</favourites>