<favourites>
	<favourite name="Applications" thumb="http://megaicons.net/static/img/icons_title/3/55/title/app-store-icon.png">StartAndroidActivity(,&quot;android.settings.APPLICATION_SETTINGS&quot;)</favourite>
	<favourite name="Wifi" thumb="http://icons.iconarchive.com/icons/thiago-silva/palm/256/Settings-Wi-Fi-icon.png">StartAndroidActivity(,&quot;android.settings.WIFI_SETTINGS&quot;)</favourite>
	<favourite name="Date/Time" thumb="http://www.iconsfind.com/wp-content/uploads/2015/10/20151013_561d49d1669f2.png">StartAndroidActivity(,&quot;android.settings.DATE_SETTINGS&quot;)</favourite>
	<favourite name="Device Info" thumb="http://wpeden.com/wp-content/themes/thenext/images/module-icons/notice.png">StartAndroidActivity(,&quot;android.settings.DEVICE_INFO_SETTINGS&quot;)</favourite>
	<favourite name="Android Settings" thumb="https://lh3.ggpht.com/v0Na9wm3dVQlJ6eiGchC8FoUVgnSY4ik0yOLZwyeX1iieMJ_byckvj9yEHp8IpVzCXty=w200">ActivateWindow(10001,&quot;androidsetting://sources/settings/&quot;,return)</favourite>
</favourites>