<favourites>
	<favourite name="KTLA 5" thumb="http://www.shadow-net.me/product_images/j/728/ktla_cw5_los_angeles__81822_thumb.jpg">PlayMedia(&quot;plugin://plugin.video.castaway/?url=http%3A%2F%2Fwww.shadow-net.me%2Fchannels%2FKTLA-5.html&amp;play=True&amp;mode=play&amp;img=http%3A%2F%2Fwww.shadow-net.me%2Fproduct_images%2Fj%2F728%2Fktla_cw5_los_angeles__81822_thumb.jpg&amp;title=KTLA+5&amp;sf_options=winID%3D10025%26_options_sf&quot;)</favourite>
	<favourite name="KRON 4 News San Francisco" thumb="http://www.shadow-net.me/product_images/v/424/KRON_4_Main_Logo__41805_thumb.png">PlayMedia(&quot;plugin://plugin.video.castaway/?url=http%3A%2F%2Fwww.shadow-net.me%2Fchannels%2FKRON-4-News-San-Francisco.html&amp;play=True&amp;mode=play&amp;img=http%3A%2F%2Fwww.shadow-net.me%2Fproduct_images%2Fv%2F424%2FKRON_4_Main_Logo__41805_thumb.png&amp;title=KRON+4+News+San+Francisco&amp;sf_options=winID%3D10025%26_options_sf&quot;)</favourite>
	<favourite name="[COLOR blue]CNN International[/COLOR]" thumb="http://www.shadow-net.me/product_images/j/051/cnn_international__19122_thumb.jpg">PlayMedia(&quot;plugin://plugin.video.castaway/?url=http%3A%2F%2Fwww.shadow-net.me%2Fchannels%2FCNN-International.html&amp;play=True&amp;mode=play&amp;img=http%3A%2F%2Fwww.shadow-net.me%2Fproduct_images%2Fj%2F051%2Fcnn_international__19122_thumb.jpg&amp;title=CNN+International&amp;sf_options=winID%3D10025%26_options_sf&quot;)</favourite>
	<favourite name="FOX News" thumb="http://www.shadow-net.me/product_images/k/488/Fox_News_Channel_logo__03178_thumb.png">PlayMedia(&quot;plugin://plugin.video.castaway/?url=http%3A%2F%2Fwww.shadow-net.me%2Fchannels%2FFOX-News.html&amp;play=True&amp;mode=play&amp;img=http%3A%2F%2Fwww.shadow-net.me%2Fproduct_images%2Fk%2F488%2FFox_News_Channel_logo__03178_thumb.png&amp;title=FOX+News&amp;sf_options=winID%3D10025%26_options_sf&quot;)</favourite>
	<favourite name="[COLOR black]CNN [/COLOR]" thumb="http://www.shadow-net.me/product_images/p/470/cnn___34139_thumb.jpg">PlayMedia(&quot;plugin://plugin.video.castaway/?url=http%3A%2F%2Fwww.shadow-net.me%2Fchannels%2FCNN-.html&amp;play=True&amp;mode=play&amp;img=http%3A%2F%2Fwww.shadow-net.me%2Fproduct_images%2Fp%2F470%2Fcnn___34139_thumb.jpg&amp;title=CNN+&amp;sf_options=winID%3D10025%26_options_sf&quot;)</favourite>
	<favourite name="MSNBC" thumb="http://www.shadow-net.me/product_images/e/114/msnbc__44837_thumb.jpg">PlayMedia(&quot;plugin://plugin.video.castaway/?url=http%3A%2F%2Fwww.shadow-net.me%2Fchannels%2FMSNBC.html&amp;play=True&amp;mode=play&amp;img=http%3A%2F%2Fwww.shadow-net.me%2Fproduct_images%2Fe%2F114%2Fmsnbc__44837_thumb.jpg&amp;title=MSNBC&amp;sf_options=winID%3D10025%26_options_sf&quot;)</favourite>
	<favourite name="Showtime" thumb="http://www.shadow-net.me/product_images/t/233/showtime__67945_thumb.jpg">PlayMedia(&quot;plugin://plugin.video.castaway/?url=http%3A%2F%2Fwww.shadow-net.me%2Fchannels%2FShowtime.html&amp;play=True&amp;mode=play&amp;img=http%3A%2F%2Fwww.shadow-net.me%2Fproduct_images%2Ft%2F233%2Fshowtime__67945_thumb.jpg&amp;title=Showtime&amp;sf_options=winID%3D10025%26_options_sf&quot;)</favourite>
	<favourite name="Starz" thumb="http://www.shadow-net.me/product_images/f/200/Starz_2008__56778_thumb.png">PlayMedia(&quot;plugin://plugin.video.castaway/?url=http%3A%2F%2Fwww.shadow-net.me%2Fchannels%2FStarz.html&amp;play=True&amp;mode=play&amp;img=http%3A%2F%2Fwww.shadow-net.me%2Fproduct_images%2Ff%2F200%2FStarz_2008__56778_thumb.png&amp;title=Starz&amp;sf_options=winID%3D10025%26_options_sf&quot;)</favourite>
	<favourite name="Discovery " thumb="http://www.shadow-net.me/product_images/k/583/discovery_us__51096_thumb.jpg">PlayMedia(&quot;plugin://plugin.video.castaway/?url=http%3A%2F%2Fwww.shadow-net.me%2Fchannels%2FDiscovery-US.html&amp;play=True&amp;mode=play&amp;img=http%3A%2F%2Fwww.shadow-net.me%2Fproduct_images%2Fk%2F583%2Fdiscovery_us__51096_thumb.jpg&amp;title=Discovery+US&amp;sf_options=winID%3D10025%26_options_sf&quot;)</favourite>
	<favourite name="Discovery Investigation " thumb="http://www.shadow-net.me/product_images/w/036/investigation_discovery__91066_thumb.jpg">PlayMedia(&quot;plugin://plugin.video.castaway/?url=http%3A%2F%2Fwww.shadow-net.me%2Fchannels%2FDiscovery-Investigation-US.html&amp;play=True&amp;mode=play&amp;img=http%3A%2F%2Fwww.shadow-net.me%2Fproduct_images%2Fw%2F036%2Finvestigation_discovery__91066_thumb.jpg&amp;title=Discovery+Investigation+US&amp;sf_options=winID%3D10025%26_options_sf&quot;)</favourite>
	<favourite name="[COLOR blue]National Geographic [/COLOR]" thumb="http://www.shadow-net.me/product_images/w/100/National_Geographic_Channel__77803_thumb.png">PlayMedia(&quot;plugin://plugin.video.castaway/?url=http%3A%2F%2Fwww.shadow-net.me%2Fchannels%2FNational-Geographic-US.html&amp;play=True&amp;mode=play&amp;img=http%3A%2F%2Fwww.shadow-net.me%2Fproduct_images%2Fw%2F100%2FNational_Geographic_Channel__77803_thumb.png&amp;title=National+Geographic+US&amp;sf_options=winID%3D10025%26_options_sf&quot;)</favourite>
	<favourite name="History " thumb="http://www.shadow-net.me/product_images/c/576/history_europe__24065_thumb.jpg">PlayMedia(&quot;plugin://plugin.video.castaway/?url=http%3A%2F%2Fwww.shadow-net.me%2Fchannels%2FHistory-US.html&amp;play=True&amp;mode=play&amp;img=http%3A%2F%2Fwww.shadow-net.me%2Fproduct_images%2Fc%2F576%2Fhistory_europe__24065_thumb.jpg&amp;title=History+US&amp;sf_options=winID%3D10025%26_options_sf&quot;)</favourite>
	<favourite name="H2" thumb="http://www.shadow-net.me/product_images/a/786/H2_TV_logo__18213_thumb.png">PlayMedia(&quot;plugin://plugin.video.castaway/?url=http%3A%2F%2Fwww.shadow-net.me%2Fchannels%2FH2.html&amp;play=True&amp;mode=play&amp;img=http%3A%2F%2Fwww.shadow-net.me%2Fproduct_images%2Fa%2F786%2FH2_TV_logo__18213_thumb.png&amp;title=H2&amp;sf_options=winID%3D10025%26_options_sf&quot;)</favourite>
	<favourite name="AMC East" thumb="http://www.shadow-net.me/product_images/r/604/amc__85163_thumb.jpg">PlayMedia(&quot;plugin://plugin.video.castaway/?url=http%3A%2F%2Fwww.shadow-net.me%2Fchannels%2FAMC-East.html&amp;play=True&amp;mode=play&amp;img=http%3A%2F%2Fwww.shadow-net.me%2Fproduct_images%2Fr%2F604%2Famc__85163_thumb.jpg&amp;title=AMC+East&amp;sf_options=winID%3D10025%26_options_sf&quot;)</favourite>
	<favourite name="[COLOR blue]A&amp;E[/COLOR]" thumb="http://www.shadow-net.me/product_images/h/192/ae_tv__99609_thumb.jpg">PlayMedia(&quot;plugin://plugin.video.castaway/?url=http%3A%2F%2Fwww.shadow-net.me%2Fchannels%2FA%2526E.html&amp;play=True&amp;mode=play&amp;img=http%3A%2F%2Fwww.shadow-net.me%2Fproduct_images%2Fh%2F192%2Fae_tv__99609_thumb.jpg&amp;title=A%26E&amp;sf_options=winID%3D10025%26_options_sf&quot;)</favourite>
	<favourite name="[COLOR blue]Bravo[/COLOR]" thumb="http://www.shadow-net.me/product_images/g/338/bravo_us__11790_thumb.jpg">PlayMedia(&quot;plugin://plugin.video.castaway/?url=http%3A%2F%2Fwww.shadow-net.me%2Fchannels%2FBravo.html&amp;play=True&amp;mode=play&amp;img=http%3A%2F%2Fwww.shadow-net.me%2Fproduct_images%2Fg%2F338%2Fbravo_us__11790_thumb.jpg&amp;title=Bravo&amp;sf_options=winID%3D10025%26_options_sf&quot;)</favourite>
	<favourite name="Comedy Central" thumb="http://www.shadow-net.me/product_images/o/226/comedy_central_us__62938_thumb.jpg">PlayMedia(&quot;plugin://plugin.video.castaway/?url=http%3A%2F%2Fwww.shadow-net.me%2Fchannels%2FComedy-Central.html&amp;play=True&amp;mode=play&amp;img=http%3A%2F%2Fwww.shadow-net.me%2Fproduct_images%2Fo%2F226%2Fcomedy_central_us__62938_thumb.jpg&amp;title=Comedy+Central&amp;sf_options=winID%3D10025%26_options_sf&quot;)</favourite>
	<favourite name=" Network" thumb="http://www.shadow-net.me/product_images/a/517/_network__57030_thumb.jpg">PlayMedia(&quot;plugin://plugin.video.castaway/?url=http%3A%2F%2Fwww.shadow-net.me%2Fchannels%2F-Network.html&amp;play=True&amp;mode=play&amp;img=http%3A%2F%2Fwww.shadow-net.me%2Fproduct_images%2Fa%2F517%2F_network__57030_thumb.jpg&amp;title=+Network&amp;sf_options=winID%3D10025%26_options_sf&quot;)</favourite>
	<favourite name="[COLOR blue]Syfy[/COLOR]" thumb="http://www.shadow-net.me/product_images/f/954/syfy__52943_thumb.jpg">PlayMedia(&quot;plugin://plugin.video.castaway/?url=http%3A%2F%2Fwww.shadow-net.me%2Fchannels%2FSyfy.html&amp;play=True&amp;mode=play&amp;img=http%3A%2F%2Fwww.shadow-net.me%2Fproduct_images%2Ff%2F954%2Fsyfy__52943_thumb.jpg&amp;title=Syfy&amp;sf_options=winID%3D10025%26_options_sf&quot;)</favourite>
	<favourite name="[COLOR blue]TBS[/COLOR]" thumb="http://www.shadow-net.me/product_images/f/523/TBS.svg__23453_thumb.png">PlayMedia(&quot;plugin://plugin.video.castaway/?url=http%3A%2F%2Fwww.shadow-net.me%2Fchannels%2FTBS.html&amp;play=True&amp;mode=play&amp;img=http%3A%2F%2Fwww.shadow-net.me%2Fproduct_images%2Ff%2F523%2FTBS.svg__23453_thumb.png&amp;title=TBS&amp;sf_options=winID%3D10025%26_options_sf&quot;)</favourite>
	<favourite name="TLC" thumb="http://www.shadow-net.me/product_images/g/894/TLC__logo__18952_thumb.png">PlayMedia(&quot;plugin://plugin.video.castaway/?url=http%3A%2F%2Fwww.shadow-net.me%2Fchannels%2FTLC.html&amp;play=True&amp;mode=play&amp;img=http%3A%2F%2Fwww.shadow-net.me%2Fproduct_images%2Fg%2F894%2FTLC__logo__18952_thumb.png&amp;title=TLC&amp;sf_options=winID%3D10025%26_options_sf&quot;)</favourite>
	<favourite name="TNT" thumb="http://www.shadow-net.me/product_images/e/600/tnt__28275_thumb.jpg">PlayMedia(&quot;plugin://plugin.video.castaway/?url=http%3A%2F%2Fwww.shadow-net.me%2Fchannels%2FTNT.html&amp;play=True&amp;mode=play&amp;img=http%3A%2F%2Fwww.shadow-net.me%2Fproduct_images%2Fe%2F600%2Ftnt__28275_thumb.jpg&amp;title=TNT&amp;sf_options=winID%3D10025%26_options_sf&quot;)</favourite>
	<favourite name="Spike" thumb="http://www.shadow-net.me/product_images/z/232/Spike_logo_2015__98357_thumb.png">PlayMedia(&quot;plugin://plugin.video.castaway/?url=http%3A%2F%2Fwww.shadow-net.me%2Fchannels%2FSpike.html&amp;play=True&amp;mode=play&amp;img=http%3A%2F%2Fwww.shadow-net.me%2Fproduct_images%2Fz%2F232%2FSpike_logo_2015__98357_thumb.png&amp;title=Spike&amp;sf_options=winID%3D10025%26_options_sf&quot;)</favourite>
	<favourite name="[COLOR blue]TruTV[/COLOR]" thumb="http://www.shadow-net.me/product_images/l/545/TruTV_logo_2014__51891_thumb.png">PlayMedia(&quot;plugin://plugin.video.castaway/?url=http%3A%2F%2Fwww.shadow-net.me%2Fchannels%2FTruTV.html&amp;play=True&amp;mode=play&amp;img=http%3A%2F%2Fwww.shadow-net.me%2Fproduct_images%2Fl%2F545%2FTruTV_logo_2014__51891_thumb.png&amp;title=TruTV&amp;sf_options=winID%3D10025%26_options_sf&quot;)</favourite>
	<favourite name="TV Land" thumb="http://www.shadow-net.me/product_images/s/990/TV_Land_2015_logo__12920_thumb.png">PlayMedia(&quot;plugin://plugin.video.castaway/?url=http%3A%2F%2Fwww.shadow-net.me%2Fchannels%2FTV-Land.html&amp;play=True&amp;mode=play&amp;img=http%3A%2F%2Fwww.shadow-net.me%2Fproduct_images%2Fs%2F990%2FTV_Land_2015_logo__12920_thumb.png&amp;title=TV+Land&amp;sf_options=winID%3D10025%26_options_sf&quot;)</favourite>
	<favourite name="Animal Planet " thumb="http://www.shadow-net.me/product_images/z/026/Animal_Planet_logo_%28black_and_green%29__59139_thumb.png">PlayMedia(&quot;plugin://plugin.video.castaway/?url=http%3A%2F%2Fwww.shadow-net.me%2Fchannels%2FAnimal-Planet-US.html&amp;play=True&amp;mode=play&amp;img=http%3A%2F%2Fwww.shadow-net.me%2Fproduct_images%2Fz%2F026%2FAnimal_Planet_logo_%2528black_and_green%2529__59139_thumb.png&amp;title=Animal+Planet+US&amp;sf_options=winID%3D10025%26_options_sf&quot;)</favourite>
	<favourite name="Destination America" thumb="http://www.shadow-net.me/product_images/m/503/Destinat_america_logo15__62954_thumb.png">PlayMedia(&quot;plugin://plugin.video.castaway/?url=http%3A%2F%2Fwww.shadow-net.me%2Fchannels%2FDestination-America.html&amp;play=True&amp;mode=play&amp;img=http%3A%2F%2Fwww.shadow-net.me%2Fproduct_images%2Fm%2F503%2FDestinat_america_logo15__62954_thumb.png&amp;title=Destination+America&amp;sf_options=winID%3D10025%26_options_sf&quot;)</favourite>
	<favourite name="E! Entertainment" thumb="http://www.shadow-net.me/product_images/r/548/E%21_Logo_2012__59361_thumb.png">PlayMedia(&quot;plugin://plugin.video.castaway/?url=http%3A%2F%2Fwww.shadow-net.me%2Fchannels%2FE%2521-Entertainment.html&amp;play=True&amp;mode=play&amp;img=http%3A%2F%2Fwww.shadow-net.me%2Fproduct_images%2Fr%2F548%2FE%2521_Logo_2012__59361_thumb.png&amp;title=E%21+Entertainment&amp;sf_options=winID%3D10025%26_options_sf&quot;)</favourite>
	<favourite name="Food Network " thumb="http://www.shadow-net.me/product_images/z/857/food_network_uk__16280_thumb.jpg">PlayMedia(&quot;plugin://plugin.video.castaway/?url=http%3A%2F%2Fwww.shadow-net.me%2Fchannels%2FFood-Network-US.html&amp;play=True&amp;mode=play&amp;img=http%3A%2F%2Fwww.shadow-net.me%2Fproduct_images%2Fz%2F857%2Ffood_network_uk__16280_thumb.jpg&amp;title=Food+Network+US&amp;sf_options=winID%3D10025%26_options_sf&quot;)</favourite>
	<favourite name="Hallmark Channel" thumb="http://www.shadow-net.me/product_images/m/968/Hallmark-Channel-The-Heart-of-TV-Logo__99555_thumb.jpg">PlayMedia(&quot;plugin://plugin.video.castaway/?url=http%3A%2F%2Fwww.shadow-net.me%2Fchannels%2FHallmark-Channel.html&amp;play=True&amp;mode=play&amp;img=http%3A%2F%2Fwww.shadow-net.me%2Fproduct_images%2Fm%2F968%2FHallmark-Channel-The-Heart-of-TV-Logo__99555_thumb.jpg&amp;title=Hallmark+Channel&amp;sf_options=winID%3D10025%26_options_sf&quot;)</favourite>
	<favourite name="HGTV" thumb="http://www.shadow-net.me/product_images/v/595/HGTV_logo_2015__20364_thumb.png">PlayMedia(&quot;plugin://plugin.video.castaway/?url=http%3A%2F%2Fwww.shadow-net.me%2Fchannels%2FHGTV.html&amp;play=True&amp;mode=play&amp;img=http%3A%2F%2Fwww.shadow-net.me%2Fproduct_images%2Fv%2F595%2FHGTV_logo_2015__20364_thumb.png&amp;title=HGTV&amp;sf_options=winID%3D10025%26_options_sf&quot;)</favourite>
	<favourite name="Lifetime" thumb="http://www.shadow-net.me/product_images/b/056/Lifetime_logo_2013__32042_thumb.png">PlayMedia(&quot;plugin://plugin.video.castaway/?url=http%3A%2F%2Fwww.shadow-net.me%2Fchannels%2FLifetime.html&amp;play=True&amp;mode=play&amp;img=http%3A%2F%2Fwww.shadow-net.me%2Fproduct_images%2Fb%2F056%2FLifetime_logo_2013__32042_thumb.png&amp;title=Lifetime&amp;sf_options=winID%3D10025%26_options_sf&quot;)</favourite>
	<favourite name="Oprah Winfrey Network" thumb="http://www.shadow-net.me/product_images/r/136/own__48299_thumb.jpg">PlayMedia(&quot;plugin://plugin.video.castaway/?url=http%3A%2F%2Fwww.shadow-net.me%2Fchannels%2FOprah-Winfrey-Network.html&amp;play=True&amp;mode=play&amp;img=http%3A%2F%2Fwww.shadow-net.me%2Fproduct_images%2Fr%2F136%2Fown__48299_thumb.jpg&amp;title=Oprah+Winfrey+Network&amp;sf_options=winID%3D10025%26_options_sf&quot;)</favourite>
	<favourite name="Travel Channel " thumb="http://www.shadow-net.me/product_images/f/359/Travel_Channel_HD_2013__46217_thumb.png">PlayMedia(&quot;plugin://plugin.video.castaway/?url=http%3A%2F%2Fwww.shadow-net.me%2Fchannels%2FTravel-Channel-US.html&amp;play=True&amp;mode=play&amp;img=http%3A%2F%2Fwww.shadow-net.me%2Fproduct_images%2Ff%2F359%2FTravel_Channel_HD_2013__46217_thumb.png&amp;title=Travel+Channel+US&amp;sf_options=winID%3D10025%26_options_sf&quot;)</favourite>
	<favourite name="BET" thumb="http://www.shadow-net.me/product_images/e/316/BET_Logo__19751_thumb.png">PlayMedia(&quot;plugin://plugin.video.castaway/?url=http%3A%2F%2Fwww.shadow-net.me%2Fchannels%2FBET.html&amp;play=True&amp;mode=play&amp;img=http%3A%2F%2Fwww.shadow-net.me%2Fproduct_images%2Fe%2F316%2FBET_Logo__19751_thumb.png&amp;title=BET&amp;sf_options=winID%3D10025%26_options_sf&quot;)</favourite>
	<favourite name="MTV " thumb="http://www.shadow-net.me/product_images/w/104/MTV_Logo_2010__92640_thumb.png">PlayMedia(&quot;plugin://plugin.video.castaway/?url=http%3A%2F%2Fwww.shadow-net.me%2Fchannels%2FMTV-US.html&amp;play=True&amp;mode=play&amp;img=http%3A%2F%2Fwww.shadow-net.me%2Fproduct_images%2Fw%2F104%2FMTV_Logo_2010__92640_thumb.png&amp;title=MTV+US&amp;sf_options=winID%3D10025%26_options_sf&quot;)</favourite>
	<favourite name="VH1" thumb="http://www.shadow-net.me/product_images/l/556/VH1_logonew__62136_thumb.png">PlayMedia(&quot;plugin://plugin.video.castaway/?url=http%3A%2F%2Fwww.shadow-net.me%2Fchannels%2FVH1.html&amp;play=True&amp;mode=play&amp;img=http%3A%2F%2Fwww.shadow-net.me%2Fproduct_images%2Fl%2F556%2FVH1_logonew__62136_thumb.png&amp;title=VH1&amp;sf_options=winID%3D10025%26_options_sf&quot;)</favourite>
	<favourite name="Cartoon Network " thumb="http://www.shadow-net.me/product_images/n/286/cartoon_network__82102_thumb.jpg">PlayMedia(&quot;plugin://plugin.video.castaway/?url=http%3A%2F%2Fwww.shadow-net.me%2Fchannels%2FCartoon-Network-US.html&amp;play=True&amp;mode=play&amp;img=http%3A%2F%2Fwww.shadow-net.me%2Fproduct_images%2Fn%2F286%2Fcartoon_network__82102_thumb.jpg&amp;title=Cartoon+Network+US&amp;sf_options=winID%3D10025%26_options_sf&quot;)</favourite>
	<favourite name="[COLOR blue]Disney Channel [/COLOR]" thumb="http://www.shadow-net.me/product_images/e/907/disney_channel__34733_thumb.jpg">PlayMedia(&quot;plugin://plugin.video.castaway/?url=http%3A%2F%2Fwww.shadow-net.me%2Fchannels%2FDisney-Channel-US.html&amp;play=True&amp;mode=play&amp;img=http%3A%2F%2Fwww.shadow-net.me%2Fproduct_images%2Fe%2F907%2Fdisney_channel__34733_thumb.jpg&amp;title=Disney+Channel+US&amp;sf_options=winID%3D10025%26_options_sf&quot;)</favourite>
	<favourite name="[COLOR blue]Nickelodeon [/COLOR]" thumb="http://www.shadow-net.me/product_images/w/877/Nickelodeon_logo_new__07923_thumb.png">PlayMedia(&quot;plugin://plugin.video.castaway/?url=http%3A%2F%2Fwww.shadow-net.me%2Fchannels%2FNickelodeon-US.html&amp;play=True&amp;mode=play&amp;img=http%3A%2F%2Fwww.shadow-net.me%2Fproduct_images%2Fw%2F877%2FNickelodeon_logo_new__07923_thumb.png&amp;title=Nickelodeon+US&amp;sf_options=winID%3D10025%26_options_sf&quot;)</favourite>
	<favourite name="ESPN " thumb="http://www.shadow-net.me/product_images/y/742/ESPN__66232_thumb.png">PlayMedia(&quot;plugin://plugin.video.castaway/?url=http%3A%2F%2Fwww.shadow-net.me%2Fchannels%2FESPN-US.html&amp;play=True&amp;mode=play&amp;img=http%3A%2F%2Fwww.shadow-net.me%2Fproduct_images%2Fy%2F742%2FESPN__66232_thumb.png&amp;title=ESPN+US&amp;sf_options=winID%3D10025%26_options_sf&quot;)</favourite>
	<favourite name="ESPN 2" thumb="http://www.shadow-net.me/product_images/a/831/ESPN2_logo__59298_thumb.png">PlayMedia(&quot;plugin://plugin.video.castaway/?url=http%3A%2F%2Fwww.shadow-net.me%2Fchannels%2FESPN-2.html&amp;play=True&amp;mode=play&amp;img=http%3A%2F%2Fwww.shadow-net.me%2Fproduct_images%2Fa%2F831%2FESPN2_logo__59298_thumb.png&amp;title=ESPN+2&amp;sf_options=winID%3D10025%26_options_sf&quot;)</favourite>
	<favourite name="MLB Network" thumb="http://www.shadow-net.me/product_images/o/660/mlb_network__27352_thumb.jpg">PlayMedia(&quot;plugin://plugin.video.castaway/?url=http%3A%2F%2Fwww.shadow-net.me%2Fchannels%2FMLB-Network.html&amp;play=True&amp;mode=play&amp;img=http%3A%2F%2Fwww.shadow-net.me%2Fproduct_images%2Fo%2F660%2Fmlb_network__27352_thumb.jpg&amp;title=MLB+Network&amp;sf_options=winID%3D10025%26_options_sf&quot;)</favourite>
	<favourite name="[COLOR blue]NBC Sports Netw.[/COLOR]" thumb="http://www.shadow-net.me/product_images/q/063/nbc_sports_network__66246_thumb.jpg">PlayMedia(&quot;plugin://plugin.video.castaway/?url=http%3A%2F%2Fwww.shadow-net.me%2Fchannels%2FNBC-Sports-Netw..html&amp;play=True&amp;mode=play&amp;img=http%3A%2F%2Fwww.shadow-net.me%2Fproduct_images%2Fq%2F063%2Fnbc_sports_network__66246_thumb.jpg&amp;title=NBC+Sports+Netw.&amp;sf_options=winID%3D10025%26_options_sf&quot;)</favourite>
	<favourite name="NBA TV" thumb="http://www.shadow-net.me/product_images/u/073/nba_tv__20518_thumb.jpg">PlayMedia(&quot;plugin://plugin.video.castaway/?url=http%3A%2F%2Fwww.shadow-net.me%2Fchannels%2FNBA-TV.html&amp;play=True&amp;mode=play&amp;img=http%3A%2F%2Fwww.shadow-net.me%2Fproduct_images%2Fu%2F073%2Fnba_tv__20518_thumb.jpg&amp;title=NBA+TV&amp;sf_options=winID%3D10025%26_options_sf&quot;)</favourite>
	<favourite name="NFL Network" thumb="http://www.shadow-net.me/product_images/n/410/nfl_network__08611_thumb.jpg">PlayMedia(&quot;plugin://plugin.video.castaway/?url=http%3A%2F%2Fwww.shadow-net.me%2Fchannels%2FNFL-Network.html&amp;play=True&amp;mode=play&amp;img=http%3A%2F%2Fwww.shadow-net.me%2Fproduct_images%2Fn%2F410%2Fnfl_network__08611_thumb.jpg&amp;title=NFL+Network&amp;sf_options=winID%3D10025%26_options_sf&quot;)</favourite>
	<favourite name="WWE Network" thumb="http://www.shadow-net.me/product_images/h/880/world_wrestling_entertainment__70123_thumb.jpg">PlayMedia(&quot;plugin://plugin.video.castaway/?url=http%3A%2F%2Fwww.shadow-net.me%2Fchannels%2FWWE-Network.html&amp;play=True&amp;mode=play&amp;img=http%3A%2F%2Fwww.shadow-net.me%2Fproduct_images%2Fh%2F880%2Fworld_wrestling_entertainment__70123_thumb.jpg&amp;title=WWE+Network&amp;sf_options=winID%3D10025%26_options_sf&quot;)</favourite>
</favourites>