<favourites>
<favourite name="MLB [COLOR blue]News[/COLOR]" thumb="https://yt3.ggpht.com/-cXAzzpKrBQk/AAAAAAAAAAI/AAAAAAAAAAA/MaprkNIV-MY/s240-c-k-no-mo-rj-c0xffffff/photo.jpg">ActivateWindow(10025,&quot;plugin://plugin.video.youtube/channel/UCoLrcjPV5PbUrUyXq5mjc_A/?sf_options=fanart%3Dhttps%3A%2F%2Fyt3.ggpht.com%2FS6in6A5_i5-JaWypqaa41KK9_5BSNo3nRZijEe9Am-LrU_pHgEI0ulCTemUqRevD9ispHfxQgw%26_options_sf&quot;,return)</favourite>
<favourite name="" thumb="">ActivateWindow(10025,&quot;plugin://plugin.video.null&quot;)</favourite>
	<favourite name="[COLOR blue]Live[/COLOR] Games  [COLOR black]- ProSports[/COLOR]" thumb="http://content.sportslogos.net/logos/4/490/full/1986.gif">ActivateWindow(10025,&quot;plugin://plugin.video.prosport/?away&amp;home&amp;mode=mlb&amp;url&quot;,return)</favourite>
	<favourite name="[COLOR blue]Live[/COLOR] Games  [COLOR black]- StreamHunter[/COLOR]" thumb="special://home/addons\plugin.video.SportsDevil\resources\images\lshunter_tv.png">ActivateWindow(10025,&quot;plugin://plugin.video.SportsDevil/?item=title%3dBaseball%26url%3dhttp%253A%252F%252Fwww.batmanstream.com%252Fbaseball-live-streaming-video.html%26cfg%3dlshunter-new.cfg%2540Events%26definedIn%3dlivesports%252Flshunter-new.cfg%26director%3dLSHunter.tv%26genre%3dLive%2bSports%26type%3drss%26icon%3dC%253A%255Ckodi%255Cportable_data%255Caddons%255Cplugin.video.SportsDevil%255Cresources%255Cimages%255Clshunter_tv.png&amp;mode=1&quot;,return)</favourite>
	<favourite name="[COLOR blue]Live[/COLOR] Games  [COLOR black]- B-Streams[/COLOR]" thumb="special://home/addons\plugin.video.SportsDevil\resources\images\bundesligastream.png">ActivateWindow(10025,&quot;plugin://plugin.video.SportsDevil/?item=title%3dBundesliga-Streams.net%26url%3dlivesports%252Fbundesliga-streams.net.cfg%26definedIn%3dlivesports.cfg%26director%3dbundesliga-streams.net%26genre%3dLive%2bSports%26type%3drss%26icon%3dC%253A%255Ckodi%255Cportable_data%255Caddons%255Cplugin.video.SportsDevil%255Cresources%255Cimages%255Cbundesligastream.png&amp;mode=1&quot;,return)</favourite>
	
	
	<favourite name="" thumb="">ActivateWindow(10025,&quot;plugin://plugin.video.null&quot;)</favourite>
	<favourite name="[COLOR blue]MLB Replays[/COLOR] - Condensed Games" thumb="">ActivateWindow(10025,&quot;plugin://plugin.video.VidTime/?base=https%3a%2f%2fwww.dropbox.com%2fs%2fsbc7qfnu1h5lvx3%2fMLB%2520Condensed%2520Replays.xml%3fraw%3dtrue&amp;mode=XML&amp;name=Condensed&quot;,return)</favourite>
	<favourite name="[COLOR blue]MLB Replays[/COLOR] - Full Games" thumb="">ActivateWindow(10025,&quot;plugin://plugin.video.VidTime/?base=https%3a%2f%2fwww.dropbox.com%2fs%2fbdqs2tbj3slwxhs%2fMLB%2520Games-MASTER.xml%3fraw%3dtrue&amp;mode=XML&amp;name=FullGames&quot;,return)</favourite>
	<favourite name="" thumb="">ActivateWindow(10025,&quot;plugin://plugin.video.null&quot;)</favourite>
	
	
</favourites>