<?xml version="1.0" encoding="UTF-8" standalone="yes"?>

<addon id="repo.water.3rdparty" name="waterREPO 3rd party" version="1.0.0" provider-name="w">
	<extension point="xbmc.addon.repository" name="waterREPO 3rd party">
	<dir>
		<info compressed="false">https://googledrive.com/host/0B-bY5h-uWEgZYUN5VE5mVURYcFE/addons.xml</info>
		<checksum>https://googledrive.com/host/0B-bY5h-uWEgZYUN5VE5mVURYcFE/addons.xml.md5</checksum>
		<datadir zip="true">https://googledrive.com/host/0B-bY5h-uWEgZYUN5VE5mVURYcFE/</datadir>
		</dir>
			<info compressed="false">https://raw.githubusercontent.com/watermouf/sanjuan/master/repo/addons.xml</info>
		<checksum>https://raw.githubusercontent.com/watermouf/sanjuan/master/repo/addons.xml.md5</checksum>
		<datadir zip="true">https://raw.githubusercontent.com/watermouf/sanjuan/master/repo/</datadir>
	</extension>
	<extension point="xbmc.addon.metadata">
		<summary></summary>
		<description></description>
		<platform></platform>
	</extension>
</addon>

