<favourites>
	<favourite name="SPORTSNET World" thumb="http://cdn.rapidmanager.com/ahl/files/sportsnet_sn.gif">PlayMedia(&quot;rtmp://31.220.2.149:80/live playpath=world swfUrl=http://p.jwpcdn.com/6/12/jwplayer.flash.swf pageUrl=http://yotv.co/embedu.php?live=world&amp;vw=620&amp;vh=490 token=%Zrey(nKa@#Z&amp;sf_options=winID%3D10025%26_options_sf&quot;)</favourite>
	<favourite name="SPORTSNET One" thumb="http://cdn.rapidmanager.com/ahl/files/sportsnet_sn.gif">PlayMedia(&quot;rtmp://31.220.2.149:80/live playpath=sprt1 swfUrl=http://p.jwpcdn.com/6/12/jwplayer.flash.swf pageUrl=http://yotv.co/embedu.php?live=sprt1&amp;vw=620&amp;vh=490 token=%Zrey(nKa@#Z&amp;sf_options=winID%3D10025%26_options_sf&quot;)</favourite>
	<favourite name="SPORTSNET Ontario" thumb="http://cdn.rapidmanager.com/ahl/files/sportsnet_sn.gif">PlayMedia(&quot;rtmp://31.220.2.149:80/live playpath=ontario swfUrl=http://p.jwpcdn.com/6/12/jwplayer.flash.swf live=1 pageUrl=http://yotv.co/embedu.php?live=ontario&amp;vw=620&amp;vh=490 token=%Zrey(nKa@#Z&amp;sf_options=winID%3D10025%26_options_sf&quot;)</favourite>
	<favourite name="ESPN 2 " thumb="https://encrypted-tbn0.gstatic.com/images?q=tbn:ANd9GcSA40YZ9MEH9pQmZnKExQq7I3wq0qgHd2YP4tcC_EXwVXgaVWmi">PlayMedia(&quot;plugin://plugin.video.phstreams/?name=ESPN+2+&amp;url=rtmp%3A%2F%2F185.63.255.18%3A80%2Flive+playpath%3Despn2+swfUrl%3Dhttp%3A%2F%2Fp.jwpcdn.com%2F6%2F12%2Fjwplayer.flash.swf+pageUrl%3Dhttp%3A%2F%2Fyotv.co%2Fembedu.php%3Flive%3Despn2%26vw%3D620%26vh%3D490+live%3D1+++token%3D%25Zrey%28nKa%40%23Z&amp;audio=0&amp;image=https%3A%2F%2Fencrypted-tbn0.gstatic.com%2Fimages%3Fq%3Dtbn%3AANd9GcSA40YZ9MEH9pQmZnKExQq7I3wq0qgHd2YP4tcC_EXwVXgaVWmi&amp;fanart=http%3A%2F%2Fs20.postimg.org%2Fid8xgs00t%2FSports_Background.jpg&amp;playable=false&amp;tvshow=0&amp;content=0&amp;action=resolveUrl&amp;sf_options=fanart%3Dhttp%3A%2F%2Fs20.postimg.org%2Fid8xgs00t%2FSports_Background.jpg%26winID%3D10025%26desc%3DDiscover+Great+Streaming+Playlists%21%26_options_sf&quot;)</favourite>
	<favourite name="ESPN " thumb="special://home/addons\plugin.video.phstreams\icon.png">PlayMedia(&quot;plugin://plugin.video.phstreams/?name=ESPN+&amp;url=rtmp%3A%2F%2F31.220.2.149%3A80%2Flive+playpath%3Despnusa+swfUrl%3Dhttp%3A%2F%2Fp.jwpcdn.com%2F6%2F12%2Fjwplayer.flash.swf+pageUrl%3Dhttp%3A%2F%2Fyotv.co%2Fembedu.php%3Flive%3Despnusa%26vw%3D620%26vh%3D490+live%3D1+token%3D%25Zrey%28nKa%40%23Z&amp;audio=0&amp;image=C%3A%5Ckodi%5Cportable_data%5Caddons%5Cplugin.video.phstreams%5Cicon.png&amp;fanart=http%3A%2F%2Fs20.postimg.org%2Fid8xgs00t%2FSports_Background.jpg&amp;playable=false&amp;tvshow=0&amp;content=0&amp;action=resolveUrl&amp;sf_options=fanart%3Dhttp%3A%2F%2Fs20.postimg.org%2Fid8xgs00t%2FSports_Background.jpg%26winID%3D10025%26desc%3DDiscover+Great+Streaming+Playlists%21%26_options_sf&quot;)</favourite>
</favourites>