<favourites>
	<favourite name="Relax" thumb="https://i.ytimg.com/vi/8gD_9WPPFb4/mqdefault.jpg">ActivateWindow(10025,&quot;plugin://plugin.video.youtube/channel/UCXWLAHCa5oeaRgG1kftEToA/playlist/PL2wOao9a7O2OCAkdVe_yxiI2X0YMUMsQm/&quot;,return)</favourite>
	<favourite name="Relax" thumb="https://i.ytimg.com/vi/ni6UkvNwDLs/mqdefault.jpg">ActivateWindow(10025,&quot;plugin://plugin.video.youtube/channel/UCXWLAHCa5oeaRgG1kftEToA/playlist/PL2wOao9a7O2PRkYPVq93vEyoRxJGi4nvX/&quot;,return)</favourite>
	<favourite name="RELAX v1" thumb="https://i.ytimg.com/vi/8gD_9WPPFb4/mqdefault.jpg">ActivateWindow(10025,&quot;plugin://plugin.video.youtube/channel/UCXWLAHCa5oeaRgG1kftEToA/playlist/PL2wOao9a7O2N7pCA0-smcHUrGOUA5HZEW/&quot;,return)</favourite>
	<favourite name="Relax" thumb="https://i.ytimg.com/vi/6fODwrjqJdM/mqdefault.jpg">PlayMedia(&quot;plugin://plugin.video.youtube/channel/UCXWLAHCa5oeaRgG1kftEToA/playlist/PL2wOao9a7O2PWT3tKmrQWwRTtnioG0BEQ?sf_options=winID%3D10025%26_options_sf&quot;)</favourite>
	<favourite name="screensaver" thumb="http://a4.mzstatic.com/us/r30/Purple/v4/f2/8a/2a/f28a2a53-d92c-09d2-a2bd-73db6c145c75/icon128-2x.png">RunScript(&quot;screensaver.video/?sf_options=desc%3DPlays+a+video+when+the+screensaver+starts%2C+this+can+be+a+custom+video+or+one+of+the+built+in+videos%26_options_sf&quot;,return)</favourite>
</favourites>