<favourites>
	<favourite name="PrimeWire" thumb="special://home/addons\script.1channel.themepak\art\themes\Classic\date_added.png">ActivateWindow(10025,&quot;plugin://plugin.video.1channel/?mode=GetFilteredResults&amp;section=tv&amp;sort=date&amp;sf_options=fanart%3Dspecial%3A%2F%2Fhome%2Faddons%5Cscript.1channel.themepak%5Cart%5Cthemes%5CClassic%5Cfanart.png%26_options_sf&quot;,return)</favourite>
	<favourite name="HUB" thumb="special://home/addons\script.1channel.themepak\art\themes\classic\date_added.png">ActivateWindow(10025,&quot;plugin://plugin.video.allinone/?mode=GetTitles1&amp;numOfPages=1&amp;section=ALL&amp;startPage=1&amp;url=http%3a%2f%2fawesomedl.ru%2f%2f&quot;,return)</favourite>
	<favourite name="" thumb="">PlayMedia(&quot;plugin://plugin.video.none?sf_options=winID%3D10025%26_options_sf&quot;,return)</favourite>
	<favourite name="[COLOR azure]More[/COLOR]" thumb="special://home/addons\plugin.video.teevee/icon.png">ActivateWindow(10025,&quot;plugin://plugin.program.super.favourites/?folder=TV Shows/Recently Added/More&quot;,return)</favourite>
</favourites>