<favourites>
	<favourite name="Two and a Half Men" thumb="http://i2.ytimg.com/vi/qFKN_weKWug/mqdefault.jpg">PlayMedia(&quot;http://iptvnation.com/two.mp4?sf_options=winID%3D10025%26_options_sf&quot;)</favourite>
	<favourite name="Home Improvement" thumb="http://cdn.vaughnsoft.com/vaughnsoft/vaughn/img_profiles/lmshows_hi_320.jpg">PlayMedia(&quot;plugin://plugin.stream.vaughnlive.tv/?sourcetype=auto&amp;title=vaughn&amp;url=http%3A%2F%2Fvaughnlive.tv%2Flmshows_hi&amp;section=&amp;site=&amp;mode=PlayLiveStream&amp;channel=lmshows_hi&amp;sf_options=winID%3D10025%26_options_sf&quot;)</favourite>
	<favourite name="Impractical Jokers" thumb="http://cdn.vaughnsoft.com/vaughnsoft/vaughn/img_profiles/lmshows_ij_320.jpg">PlayMedia(&quot;plugin://plugin.stream.vaughnlive.tv/?sourcetype=auto&amp;title=vaughn&amp;url=http%3A%2F%2Fvaughnlive.tv%2Flmshows_ij&amp;section=&amp;site=&amp;mode=PlayLiveStream&amp;channel=lmshows_ij&amp;sf_options=winID%3D10025%26_options_sf&quot;)</favourite>
	<favourite name="Married With Children" thumb="http://cdn.vaughnsoft.com/vaughnsoft/vaughn/img_profiles/lmshows_mwc_320.jpg">PlayMedia(&quot;plugin://plugin.stream.vaughnlive.tv/?sourcetype=auto&amp;title=vaughn&amp;url=http%3A%2F%2Fvaughnlive.tv%2Flmshows_mwc&amp;section=&amp;site=&amp;mode=PlayLiveStream&amp;channel=lmshows_mwc&amp;sf_options=winID%3D10025%26_options_sf&quot;)</favourite>
	<favourite name="Duck Dynasty" thumb="http://cdn.vaughnsoft.com/vaughnsoft/vaughn/img_profiles/lmshows_dd_320.jpg">PlayMedia(&quot;plugin://plugin.stream.vaughnlive.tv/?sourcetype=auto&amp;title=vaughn&amp;url=http%3A%2F%2Fvaughnlive.tv%2Flmshows_dd&amp;section=&amp;site=&amp;mode=PlayLiveStream&amp;channel=lmshows_dd&amp;sf_options=winID%3D10025%26_options_sf&quot;)</favourite>
	<favourite name="Seinfeld" thumb="http://wgnamerica.com/~/media/Images/WGNAmerica/Series/How-I-Met-Your-Mother/Hero-Area/HIMYM-logo.ashx?w=413&amp;h=300">PlayMedia(&quot;rtmp://185.63.252.131/liveedge/?wmsAuthSign=c2VydmVyX3RpbWU9MS8yLzIwMTYgNzo1ODoxOSBQTSZoYXNoX3ZhbHVlPWxLUDdLMVFkNVVnRFBOREtlNEQwRlE9PSZ2YWxpZG1pbnV0ZXM9NQ==/seinfield_b2zbcknl swfUrl=http://otronivel.me/jw7/jwplayer.flash.swf flashver=WIN\2020,0,0,228 timeout=15 live=true swfVfy=1 pageUrl=http://hdcast.me/embedplayer.php?width=640&amp;height=480&amp;id=seinfield&amp;autoplay=true&amp;strech=exactfit&amp;sf_options=winID%3D10025%26_options_sf&quot;)</favourite>
</favourites>