<favourites>
	<favourite name="mamaHD" thumb="http://sports24hour.com/wp-content/uploads/2015/10/sky-sports-broadcast-live-telecast-of-ram-slam-t20-online.png">ActivateWindow(10025,&quot;plugin://plugin.video.SportsDevil/?item=title%3dMamaHD.com%26url%3dtv%252Fmamahd.com.cfg%26definedIn%3dtv.cfg%26director%3dmamahd.com%26genre%3dTV%26type%3drss%26icon%3dC%253A%255Ckodi15final1%255Cportable_data%255Caddons%255Cplugin.video.SportsDevil%255Cresources%255Cimages%255Cmamahd.png&amp;mode=1&amp;sf_options=fanart%3Dspecial%3A%2F%2Fhome%2Faddons%5Cplugin.video.SportsDevil%5Cfanart.jpg%26_options_sf&quot;,return)</favourite>
	<favourite name="ShadowSports" thumb="http://www.shadow-net.me/product_images/logon.png|Referer=http://www.shadow-net.me/&amp;User-Agent=Mozilla/5.0 (Windows NT 6.3) AppleWebKit/537.36 (KHTML, like Gecko) Chrome/50.0.2661.102 Safari/537.36">ActivateWindow(10025,&quot;plugin://plugin.video.SportsDevil/?item=title%3dSPORTS%2bChannels%26url%3dhttp%253A%252F%252Fwww.shadow-net.me%252Fcategories%252FSPORTS-Channels%252F%253Fsort%253Dalphaasc%26cfg%3dshadownet.ro.cfg%2540Channels%26definedIn%3dcustoms%252Fshadownet.ro.cfg%26director%3dShadowNet.ro%26genre%3dLive%2bTV%26type%3drss%26icon%3dhttp%253A%252F%252Fwww.shadow-net.me%252Fproduct_images%252Flogon.png%257CReferer%253Dhttp%253A%252F%252Fwww.shadow-net.me%252F%2526User-Agent%253DMozilla%252F5.0%2b%2528Windows%2bNT%2b6.3%2529%2bAppleWebKit%252F537.36%2b%2528KHTML%252C%2blike%2bGecko%2529%2bChrome%252F50.0.2661.102%2bSafari%252F537.36&amp;mode=1&quot;,return)</favourite>
	<favourite name="UKTVnow Sports" thumb="special://home/addons\plugin.video.stealthtv\icon.png">ActivateWindow(10025,&quot;plugin://plugin.video.wateriptv/?description&amp;mode=2105&amp;name=%5bCOLOR%20whitee%5dSport%20Channels%5b%2fCOLOR%5d&amp;url=0&quot;,return)</favourite>
	<favourite name="ZemTV Sports" thumb="DefaultFolder.png">ActivateWindow(10025,&quot;plugin://plugin.video.ZemTV-shani/?mode=13&amp;name=Sports&amp;url=Live&amp;sf_options=&quot;,return)</favourite>
	<favourite name="Sports TV - SportsDevil" thumb="special://home/addons\plugin.video.SportsDevil\resources\images\station.png">ActivateWindow(10025,&quot;plugin://plugin.video.SportsDevil/?item=title%3dSports%2bTV%26url%3dtv.cfg%26definedIn%3dmainMenu.cfg%26director%3dSportsDevil%26genre%3dTV%26type%3drss%26icon%3dC%253A%255Ckodi%255Cportable_data%255Caddons%255Cplugin.video.SportsDevil%255Cresources%255Cimages%255Cstation.png&amp;mode=1&quot;,return)</favourite>
	<favourite name="Sports TV - CastAway" thumb="special://home/addons\plugin.video.castaway\resources/media/live_tv.jpg">ActivateWindow(10025,&quot;plugin://plugin.video.castaway/?mode=live_tv&quot;,return)</favourite>
	<favourite name="[COLOR black]FOX Sports 1[/COLOR]" thumb="http://img.bites.tv/faec7a89-f6c8-44d1-be9f-420e90fa5973.jpg">PlayMedia(&quot;http://ooyalahd2-f.akamaihd.net/i/eslax17_delivery@349499/master.m3u8?sf_options=winID%3D10025%26_options_sf&quot;)</favourite>
	<favourite name="LiveOnlineTv247.info" thumb="special://home/addons\plugin.video.SportsDevil\resources\images\folder.png">ActivateWindow(10025,&quot;plugin://plugin.video.SportsDevil/?item=title%3dLiveOnlineTv247.info%26url%3dcustoms%252Fliveonlinetv247.net.cfg%26definedIn%3dcustoms.cfg%26director%3dliveonlinetv247%26genre%3dLive%2bTV%26type%3drss%26icon%3d&amp;mode=1&quot;,return)</favourite>
	<favourite name="iLive.to-Sports" thumb="special://home/addons\plugin.video.SportsDevil\resources\images\streamlive.png">ActivateWindow(10025,&quot;plugin://plugin.video.SportsDevil/?item=title%3diLive.to-Sports%26url%3dtv%252Filive.to-sports.cfg%26definedIn%3dtv.cfg%26director%3dilive.to-sports%26genre%3dTV%26type%3drss%26icon%3dC%253A%255Ckodi%255Cportable_data%255Caddons%255Cplugin.video.SportsDevil%255Cresources%255Cimages%255Cstreamlive.png&amp;mode=1&quot;,return)</favourite>
</favourites>