<favourites>
	<favourite name="AK - 47" thumb="special://home/addons\plugin.video.AK-47\icon.png">ActivateWindow(10025,&quot;plugin://plugin.video.AK-47/&quot;,return)</favourite>
	<favourite name="Evolve" thumb="special://home/addons\plugin.video.Evolve\icon.png">ActivateWindow(10025,&quot;plugin://plugin.video.Evolve/&quot;,return)</favourite>
	<favourite name="Phoenix" thumb="special://home/addons\plugin.video.phstreams\icon.png">ActivateWindow(10025,&quot;plugin://plugin.video.phstreams/&quot;,return)</favourite>
	<favourite name="Titan" thumb="special://home/addons\plugin.video.titan\icon.png">ActivateWindow(10025,&quot;plugin://plugin.video.titan/?sf_options=fanart%3Dspecial%3A%2F%2Fhome%2Faddons%5Cplugin.video.titan%5Cfanart.jpg%26desc%3DWatch+from+a+huge+selection+of+Movies+Tv+Shows+and+Collections...+Credits+to+Lambda+for+some+resolvers+used+in+this+addon%26_options_sf&quot;,return)</favourite>
	<favourite name="UK Turk Playlists" thumb="special://home/addons\plugin.video.ukturk\icon.png">ActivateWindow(10025,&quot;plugin://plugin.video.ukturk/?sf_options=fanart%3Dspecial%3A%2F%2Fhome%2Faddons%5Cplugin.video.ukturk%5Cfanart.jpg%26desc%3DFree+Playlists+courtesy+of+%40uk_turk%26_options_sf&quot;,return)</favourite>
	<favourite name="VidTime" thumb="special://home/addons\plugin.video.VidTime\icon.png">ActivateWindow(10025,&quot;plugin://plugin.video.VidTime/&quot;,return)</favourite>
</favourites>