<favourites>
	<favourite name="Game of Thrones" thumb="https://www.arconaitv.me/wp-content/uploads/2015/11/game-off-thrones.jpg">PlayMedia(&quot;plugin://plugin.stream.vaughnlive.tv/?sourcetype=auto&amp;img=http%3A%2F%2Fcdn.vaughnsoft.com%2Fvaughnsoft%2Fvaughn%2Fimg_profiles%2Fgame_of_thrones10_320.jpg&amp;title=game+of+thrones10&amp;url=http%3A%2F%2Fvaughnlive.tv%2Fgame_of_thrones10&amp;section=&amp;site=&amp;mode=PlayLiveStream&amp;fimg=http%3A%2F%2Fcdn.vaughnsoft.com%2Fvaughnsoft%2Fvaughnlive%2Fimg_backgrounds%2Fgame_of_thrones10.jpg&amp;channel=game_of_thrones10&amp;sf_options=winID%3D10025%26_options_sf&quot;)</favourite>
	<favourite name="Random Drama" thumb="http://cdn.vaughnsoft.com/vaughnsoft/vaughn/img_profiles/improv_drama_320.jpg">PlayMedia(&quot;plugin://plugin.stream.vaughnlive.tv/?sourcetype=auto&amp;img=http%3A%2F%2Fcdn.vaughnsoft.com%2Fvaughnsoft%2Fvaughn%2Fimg_profiles%2Fimprov_drama_320.jpg&amp;title=improv+drama&amp;url=http%3A%2F%2Fvaughnlive.tv%2Fimprov_drama&amp;section=&amp;site=&amp;mode=PlayLiveStream&amp;fimg=http%3A%2F%2Fcdn.vaughnsoft.com%2Fvaughnsoft%2Fvaughnlive%2Fimg_backgrounds%2Fimprov_drama.jpg&amp;channel=improv_drama&amp;sf_options=winID%3D10025%26_options_sf&quot;)</favourite>
	<favourite name="Star Trek : Voyager" thumb="http://thetvdb.com/banners/_cache/posters/74550-6.jpg">PlayMedia(&quot;plugin://plugin.video.veetle/?channel=53f4d37c4b958&amp;sf_options=winID%3D10025%26_options_sf&quot;)</favourite>
	<favourite name="Star Trek : DS9" thumb="http://thetvdb.com/banners/_cache/posters/72073-1.jpg">PlayMedia(&quot;plugin://plugin.video.veetle/?channel=50929e6579bc8&amp;sf_options=winID%3D10025%26_options_sf&quot;)</favourite>
	<favourite name="Stargate" thumb="http://thetvdb.com/banners/_cache/posters/72449-4.jpg">PlayMedia(&quot;plugin://plugin.video.veetle/?channel=53f4d3cfbfad1&amp;sf_options=winID%3D10025%26_options_sf&quot;)</favourite>
</favourites>