<favourites>
	<favourite name="TVonline" thumb="special://home/addons\plugin.video.tvonlineER/icons/icon.png">ActivateWindow(10025,&quot;plugin://plugin.video.tvonlineER/?mode=GetTitles5&amp;section=ALL&amp;url=http%3a%2f%2ftvonline.tw%2f%2fnew-episodes%2f&amp;sf_options=fanart%3Dspecial%3A%2F%2Fhome%2Faddons%5Cplugin.video.tvonlineER%2Ficons%2Ffanart.jpg%26_options_sf&quot;,return)</favourite>
	<favourite name="PullVideos" thumb="special://home/addons\plugin.video.allinone/icons/ptv.png">ActivateWindow(10025,&quot;plugin://plugin.video.allinone/?mode=GetTitles44&amp;numOfPages=3&amp;section=ALL&amp;startPage=1&amp;url=http%3a%2f%2fpullvideos.tv%2fshows-movies-releases%2f&amp;sf_options=&quot;,return)</favourite>
	<favourite name="Calendar" thumb="http://icons.iconarchive.com/icons/oxygen-icons.org/oxygen/256/Actions-go-jump-today-icon.png">ActivateWindow(10025,&quot;plugin://plugin.program.super.favourites/?label=Calendar&amp;mode=400&amp;sf_options=&amp;mode=400&amp;path=special%3A%2F%2Fhome%2Faddons%2Fscript.supafav%2FSuper%20Favourites/TV%20Shows%5CCalendar&amp;sf_options=fanart%3Dspecial%3A%2F%2Fhome%2Faddons%5Cplugin.video.genesis%5Cresources%5Cmedia%5Cgone%5Cfanart.jpg%26_options_sf&quot;,return)</favourite>
	<favourite name="" thumb="">PlayMedia(&quot;plugin://plugin.video.none?sf_options=winID%3D10025%26_options_sf&quot;,return)</favourite>
	<favourite name="[COLOR black]DVR - NOT WORKING YET[/COLOR]" thumb="1http://a256.phobos.apple.com/us/r1000/117/Purple/v4/d8/9c/bf/d89cbf5c-ddd2-9ed6-823d-eac626bca32b/mzl.niiptuxr.png">ActivateWindow(10025,&quot;plugin://plugin.video.salts/?mode=my_calendar&amp;sf_options=fanart%3Dspecial%3A%2F%2Fhome%2Faddons%5Cplugin.video.salts%5Cart%5Cthemes%5CIconic%5Cfanart.jpg%26_options_sf&quot;,return)</favourite>
	<favourite name="[COLOR black]DVR[/COLOR]" thumb="http://googledrive.com/host/0B-bY5h-uWEgZQVJQZ0lzUTdBeFE/icons/tivo2.png">ActivateWindow(10025,&quot;plugin://plugin.video.origin2/?action=calendar&amp;url=mycalendar&amp;sf_options=&quot;,return)</favourite>
	<favourite name="[COLOR black]Login DVR[/COLOR]" thumb="">ActivateWindow(10025,&quot;plugin://plugin.video.origin2/?action=authTrakt&quot;,return)</favourite>
	<favourite name="Latest TV-Series HD" thumb="C:\Users\Owner\AppData\Roaming\Kodi\addons\plugin.video.AresMoTV/icon.png">ActivateWindow(10025,&quot;plugin://plugin.video.AresMoTV/?mode=1&amp;name=Latest%20TV-Series&amp;section=mlw-featured&amp;url=http%3a%2f%2f123movies.to&quot;,return)</favourite>
	<favourite name="[B]TV SHOWS - RECENTLY UPDATED[/B]" thumb="">ActivateWindow(10025,&quot;plugin://plugin.video.VidTime/?mode=TV%20SHOWS%20-%20RECENTLY%20UPDATED&quot;,return)</favourite>
	<favourite name="TeeVee *" thumb="special://home/addons\plugin.video.teevee/icon.png">PlayMedia(&quot;plugin://plugin.video.teevee/?foldername=shows&amp;mode=new_tv&amp;page=1&quot;,isdir)&amp;sf_options=winID%3D10025%26_options_sf&quot;)</favourite>
	<favourite name="Brand New In HD *" thumb="special://home/addons\plugin.video.mdwatchtvseries\icon.png">ActivateWindow(10025,&quot;plugin://plugin.video.mdwatchtvseries/?description&amp;iconimage=C%3a%5ckodi%5cportable_data%5caddons%5cplugin.video.mdwatchtvseries%5cicon.png&amp;mode=1&amp;name=%5bB%5d%5bCOLOR%20red%5dClick%20Here%20For%20Latest%20Episodes%20Added%5b%2fCOLOR%5d%5b%2fB%5d&amp;url=http%3a%2f%2fseriestv.us%2f&quot;,return)</favourite>
	<favourite name="HD TV *" thumb="http://www.iconsdb.com/icons/preview/white/hdtv-xxl.png">ActivateWindow(10025,&quot;plugin://plugin.video.mdwatchtvseries?sf_options=fanart%3Dspecial%3A%2F%2Fhome%2Faddons%5Cplugin.video.mdwatchtvseries%5Cfanart.jpg%26desc%3DStream+Content+From+The+tvwatchtvseries.com+WebSite%26_options_sf&quot;,return)</favourite>
	<favourite name="New TV Shows" thumb="http://icons.iconarchive.com/icons/custom-icon-design/pretty-office-11/512/new-icon.png">ActivateWindow(10025,&quot;plugin://plugin.video.origin2/?action=tvshows&amp;url=premiere&quot;,return)</favourite>
	<favourite name="Latest In PrimeTime" thumb="http://www.iconpng.com/png/stickers/promotion_new.png">ActivateWindow(10025,&quot;plugin://plugin.video.origin2/?action=calendar&amp;url=added&amp;sf_options=&quot;,return)</favourite>
</favourites>