<favourites>
	<favourite name="Star Trek: TNG" thumb="http://thetvdb.com/banners/_cache/posters/71470-5.jpg">PlayMedia(&quot;plugin://plugin.video.veetle/?channel=51e482fa02883&amp;sf_options=winID%3D10025%26_options_sf&quot;)</favourite>
	<favourite name="Star Trek: DS9" thumb="http://thetvdb.com/banners/_cache/posters/72073-1.jpg">PlayMedia(&quot;plugin://plugin.video.veetle/?channel=50929e6579bc8&amp;sf_options=winID%3D10025%26_options_sf&quot;)</favourite>
	<favourite name="Star Trek : Voyager" thumb="http://thetvdb.com/banners/_cache/posters/74550-6.jpg">PlayMedia(&quot;plugin://plugin.video.veetle/?channel=53f4d37c4b958&amp;sf_options=winID%3D10025%26_options_sf&quot;)</favourite>
	<favourite name="Stargate" thumb="http://thetvdb.com/banners/_cache/posters/72449-4.jpg">PlayMedia(&quot;plugin://plugin.video.veetle/?channel=53f4d3cfbfad1&amp;sf_options=winID%3D10025%26_options_sf&quot;)</favourite>
	<favourite name="[COLOR FFFFFFFF]aliensandufos[/COLOR]" thumb="http://cdn.vaughnsoft.com/vaughnsoft/vaughn/img_profiles/aliensandufos_320.jpg">PlayMedia(&quot;plugin://plugin.stream.vaughnlive.tv/?sourcetype=auto&amp;img=http%3A%2F%2Fcdn.vaughnsoft.com%2Fvaughnsoft%2Fvaughn%2Fimg_profiles%2Faliensandufos_320.jpg&amp;title=aliensandufos&amp;url=http%3A%2F%2Fvaughnlive.tv%2Faliensandufos&amp;section=&amp;site=&amp;mode=PlayLiveStream&amp;fimg=http%3A%2F%2Fcdn.vaughnsoft.com%2Fvaughnsoft%2Fvaughnlive%2Fimg_backgrounds%2Faliensandufos.jpg&amp;channel=aliensandufos&amp;sf_options=winID%3D10025%26_options_sf&quot;)</favourite>
	<favourite name="[COLOR FFFFFFFF]aliensandufos10[/COLOR]" thumb="http://cdn.vaughnsoft.com/vaughnsoft/vaughn/img_profiles/aliensandufos10_320.jpg">PlayMedia(&quot;plugin://plugin.stream.vaughnlive.tv/?sourcetype=auto&amp;img=http%3A%2F%2Fcdn.vaughnsoft.com%2Fvaughnsoft%2Fvaughn%2Fimg_profiles%2Faliensandufos10_320.jpg&amp;title=aliensandufos10&amp;url=http%3A%2F%2Fvaughnlive.tv%2Faliensandufos10&amp;section=&amp;site=&amp;mode=PlayLiveStream&amp;fimg=http%3A%2F%2Fcdn.vaughnsoft.com%2Fvaughnsoft%2Fvaughnlive%2Fimg_backgrounds%2Faliensandufos10.jpg&amp;channel=aliensandufos10&amp;sf_options=winID%3D10025%26_options_sf&quot;)</favourite>
	<favourite name="[COLOR FFFFFFFF]aliensandufos6[/COLOR]" thumb="http://cdn.vaughnsoft.com/vaughnsoft/vaughn/img_profiles/aliensandufos6_320.jpg">PlayMedia(&quot;plugin://plugin.stream.vaughnlive.tv/?sourcetype=auto&amp;img=http%3A%2F%2Fcdn.vaughnsoft.com%2Fvaughnsoft%2Fvaughn%2Fimg_profiles%2Faliensandufos6_320.jpg&amp;title=aliensandufos6&amp;url=http%3A%2F%2Fvaughnlive.tv%2Faliensandufos6&amp;section=&amp;site=&amp;mode=PlayLiveStream&amp;fimg=http%3A%2F%2Fcdn.vaughnsoft.com%2Fvaughnsoft%2Fvaughnlive%2Fimg_backgrounds%2Faliensandufos6.jpg&amp;channel=aliensandufos6&amp;sf_options=winID%3D10025%26_options_sf&quot;)</favourite>
	<favourite name="[COLOR FFFFFFFF]aliensandufos8[/COLOR]" thumb="http://cdn.vaughnsoft.com/vaughnsoft/vaughn/img_profiles/aliensandufos8_320.jpg">PlayMedia(&quot;plugin://plugin.stream.vaughnlive.tv/?sourcetype=auto&amp;img=http%3A%2F%2Fcdn.vaughnsoft.com%2Fvaughnsoft%2Fvaughn%2Fimg_profiles%2Faliensandufos8_320.jpg&amp;title=aliensandufos8&amp;url=http%3A%2F%2Fvaughnlive.tv%2Faliensandufos8&amp;section=&amp;site=&amp;mode=PlayLiveStream&amp;fimg=http%3A%2F%2Fcdn.vaughnsoft.com%2Fvaughnsoft%2Fvaughnlive%2Fimg_backgrounds%2Faliensandufos8.jpg&amp;channel=aliensandufos8&amp;sf_options=winID%3D10025%26_options_sf&quot;)</favourite>
</favourites>