<favourites>
	<--! favourite name="ABC" thumb="https://raw.githubusercontent.com/moneymaker365/plugin.video.ustvvod/master/resources/images/abcchannel.png">ActivateWindow(10025,&quot;plugin://plugin.video.origin2/?action=tvshows&amp;url=http%3a%2f%2fwww.tvmaze.com%2fnetworks%2f3%2fabc&quot;,return)</favourite>
	<--! favourite name="NBC" thumb="https://raw.githubusercontent.com/moneymaker365/plugin.video.ustvvod/master/resources/images/nbc.png">ActivateWindow(10025,&quot;plugin://plugin.video.origin2/?action=tvshows&amp;url=http%3a%2f%2fwww.tvmaze.com%2fnetworks%2f1%2fnbc&quot;,return)</favourite>
	<--! favourite name="CBS" thumb="https://raw.githubusercontent.com/moneymaker365/plugin.video.ustvvod/master/resources/images/cbs.png">ActivateWindow(10025,&quot;plugin://plugin.video.origin2/?action=tvshows&amp;url=http%3a%2f%2fwww.tvmaze.com%2fnetworks%2f2%2fcbs&quot;,return)</favourite>
	<favourite name="FOX" thumb="https://raw.githubusercontent.com/moneymaker365/plugin.video.ustvvod/master/resources/images/fox.png">ActivateWindow(10025,&quot;plugin://plugin.video.origin2/?action=tvshows&amp;url=http%3a%2f%2fwww.tvmaze.com%2fnetworks%2f4%2ffox&quot;,return)</favourite>
	<favourite name="CW" thumb="https://raw.githubusercontent.com/moneymaker365/plugin.video.ustvvod/master/resources/images/thecw.png">ActivateWindow(10025,&quot;plugin://plugin.video.origin2/?action=tvshows&amp;url=http%3a%2f%2fwww.tvmaze.com%2fnetworks%2f5%2fthe-cw&quot;,return)</favourite>
	<favourite name="HBO" thumb="http://flaticons.net/icons/Brand%20Identity/HBO.png">ActivateWindow(10025,&quot;plugin://plugin.video.origin2/?action=tvshows&amp;url=http%3a%2f%2fwww.tvmaze.com%2fnetworks%2f8%2fhbo&quot;,return)</favourite>
	<favourite name="Netflix" thumb="https://cdn0.vox-cdn.com/thumbor/cr8fhGxG6mifMOMAEPyS2M_Az_I=/800x0/filters:no_upscale()/cdn0.vox-cdn.com/uploads/chorus_asset/file/6678919/10478570_10152214521608870_2744465531652776073_n.0.png">ActivateWindow(10025,&quot;plugin://plugin.video.origin2/?action=tvshows&amp;url=http%3a%2f%2fwww.tvmaze.com%2fwebchannels%2f1%2fnetflix&quot;,return)</favourite>
	<favourite name="Hulu" thumb="http://i.imgur.com/6G2NN0N.png">ActivateWindow(10025,&quot;plugin://plugin.video.origin2/?action=tvshows&amp;url=http%3a%2f%2fwww.tvmaze.com%2fwebchannels%2f2%2fhulu&quot;,return)</favourite>
	<favourite name="Amazon" thumb="http://www.iconarchive.com/download/i54019/danleech/simple/amazon.ico">ActivateWindow(10025,&quot;plugin://plugin.video.origin2/?action=tvshows&amp;url=http%3a%2f%2fwww.tvmaze.com%2fwebchannels%2f3%2famazon&quot;,return)</favourite>
	<favourite name="Crackle" thumb="https://raw.githubusercontent.com/moneymaker365/plugin.video.ustvvod/master/resources/images/crackle.png">ActivateWindow(10025,&quot;plugin://plugin.video.crackler/&quot;,return)</favourite>
	
	    <favourite name="AMC" thumb="https://raw.githubusercontent.com/moneymaker365/plugin.video.ustvvod/master/resources/images/amc.png">ActivateWindow(10025,&quot;plugin://plugin.video.origin2/?action=tvshows&amp;url=http%3a%2f%2fwww.tvmaze.com%2fnetworks%2f20%2famc&quot;,return)</favourite>
    
	<favourite name="Comedy Central" thumb="https://raw.githubusercontent.com/moneymaker365/plugin.video.ustvvod/master/resources/images/comedy.png">ActivateWindow(10025,&quot;plugin://plugin.video.origin2/?action=tvshows&amp;url=http%3a%2f%2fwww.tvmaze.com%2fnetworks%2f23%2fcomedy-central&quot;,return)</favourite>
	
	
	
	<favourite name="FX" thumb="https://raw.githubusercontent.com/moneymaker365/plugin.video.ustvvod/master/resources/images/fx.png">ActivateWindow(10025,&quot;plugin://plugin.video.origin2/?action=tvshows&amp;url=http%3a%2f%2fwww.tvmaze.com%2fnetworks%2f13%2ffx&quot;,return)</favourite>
	
	
	
	<favourite name="TBS" thumb="https://raw.githubusercontent.com/moneymaker365/plugin.video.ustvvod/master/resources/images/tbs.png">ActivateWindow(10025,&quot;plugin://plugin.video.origin2/?action=tvshows&amp;url=http%3a%2f%2fwww.tvmaze.com%2fnetworks%2f32%2ftbs&quot;,return)</favourite>
	<favourite name="TNT" thumb="https://raw.githubusercontent.com/moneymaker365/plugin.video.ustvvod/master/resources/images/tnt.png">ActivateWindow(10025,&quot;plugin://plugin.video.origin2/?action=tvshows&amp;url=http%3a%2f%2fwww.tvmaze.com%2fnetworks%2f14%2ftnt&quot;,return)</favourite>
	<favourite name="TruTV" thumb="https://raw.githubusercontent.com/moneymaker365/plugin.video.ustvvod/master/resources/images/trutv.png">ActivateWindow(10025,&quot;plugin://plugin.video.origin2/?action=tvshows&amp;url=http%3a%2f%2fwww.tvmaze.com%2fnetworks%2f84%2ftrutv&quot;,return)</favourite>
	<favourite name="USA Network" thumb="https://raw.githubusercontent.com/moneymaker365/plugin.video.ustvvod/master/resources/images/usa.png">ActivateWindow(10025,&quot;plugin://plugin.video.origin2/?action=tvshows&amp;url=http%3a%2f%2fwww.tvmaze.com%2fnetworks%2f30%2fusa-network&quot;,return)</favourite>
	<favourite name="History Channel" thumb="https://www.simpletelly.com/wp-content/uploads/2014/10/historychannel.png">ActivateWindow(10025,&quot;plugin://plugin.video.origin2/?action=tvshows&amp;url=http%3a%2f%2fwww.tvmaze.com%2fnetworks%2f53%2fhistory&quot;,return)</favourite>
	<favourite name="Discovery Channel" thumb="https://lh3.ggpht.com/u6vJ0KXtVCjzrzfLHqyumP1ueGoqcvDIp7S4zxGXNF4xTiqkg8qsEB9H160nJJDVEZjq=w300">ActivateWindow(10025,&quot;plugin://plugin.video.origin2/?action=tvshows&amp;url=http%3a%2f%2fwww.tvmaze.com%2fnetworks%2f66%2fdiscovery-channel&quot;,return)</favourite>
	<favourite name="National Geographic" thumb="https://raw.githubusercontent.com/moneymaker365/plugin.video.ustvvod/master/resources/images/natgeo.png">ActivateWindow(10025,&quot;plugin://plugin.video.origin2/?action=tvshows&amp;url=http%3a%2f%2fwww.tvmaze.com%2fnetworks%2f42%2fnational-geographic-channel&quot;,return)</favourite>
	<favourite name="A&amp;E" thumb="http://www.rologo.com/images/uploads/2008/06/old-AandE_Logo.png">ActivateWindow(10025,&quot;plugin://plugin.video.origin2/?action=tvshows&amp;url=http%3a%2f%2fwww.tvmaze.com%2fnetworks%2f29%2fae&quot;,return)</favourite>
	<favourite name="Animal Planet" thumb="http://vectorlogofree.com/wp-content/uploads/2011/06/animal-planet-eps-vector-logo-400x400.png">ActivateWindow(10025,&quot;plugin://plugin.video.origin2/?action=tvshows&amp;url=http%3a%2f%2fwww.tvmaze.com%2fnetworks%2f92%2fanimal-planet&quot;,return)</favourite>
	<favourite name="Bravo" thumb="https://raw.githubusercontent.com/moneymaker365/plugin.video.ustvvod/master/resources/images/bravo.png">ActivateWindow(10025,&quot;plugin://plugin.video.origin2/?action=tvshows&amp;url=http%3a%2f%2fwww.tvmaze.com%2fnetworks%2f52%2fbravo&quot;,return)</favourite>
	<favourite name="E! Entertainment" thumb="http://www.nbcuniversal.com/sites/default/files/Reversed-E!_0.png">ActivateWindow(10025,&quot;plugin://plugin.video.origin2/?action=tvshows&amp;url=http%3a%2f%2fwww.tvmaze.com%2fnetworks%2f43%2fe&quot;,return)</favourite>
	<favourite name="Freeform" thumb="http://tmsimg.video.cdn.charter.com/h3/NowShowing/10093/s10093_h3_aa.png">ActivateWindow(10025,&quot;plugin://plugin.video.origin2/?action=tvshows&amp;url=http%3a%2f%2fwww.tvmaze.com%2fnetworks%2f26%2ffreeform&quot;,return)</favourite>
	
	<favourite name="Lifetime" thumb="https://raw.githubusercontent.com/moneymaker365/plugin.video.ustvvod/master/resources/images/lifetime.png">ActivateWindow(10025,&quot;plugin://plugin.video.origin2/?action=tvshows&amp;url=http%3a%2f%2fwww.tvmaze.com%2fnetworks%2f18%2flifetime&quot;,return)</favourite>
	<favourite name="PBS" thumb="https://raw.githubusercontent.com/moneymaker365/plugin.video.ustvvod/master/resources/images/pbs.png">ActivateWindow(10025,&quot;plugin://plugin.video.origin2/?action=tvshows&amp;url=http%3a%2f%2fwww.tvmaze.com%2fnetworks%2f85%2fpbs&quot;,return)</favourite>
		<favourite name="Syfy" thumb="https://www.gloto.com/assets/images/logos/clients/color/syfy.png">ActivateWindow(10025,&quot;plugin://plugin.video.origin2/?action=tvshows&amp;url=http%3a%2f%2fwww.tvmaze.com%2fnetworks%2f16%2fsyfy&quot;,return)</favourite>
		
	<favourite name="Showtime" thumb="http://www.ryanjoneseditorial.com/wp-content/uploads/2014/04/showtime-logo.png">ActivateWindow(10025,&quot;plugin://plugin.video.origin2/?action=tvshows&amp;url=http%3a%2f%2fwww.tvmaze.com%2fnetworks%2f9%2fshowtime&quot;,return)</favourite>
	<favourite name="Starz" thumb="http://vignette2.wikia.nocookie.net/logopedia/images/f/f0/Starz_logo.svg/revision/latest/scale-to-width-down/200?cb=20091113221232">ActivateWindow(10025,&quot;plugin://plugin.video.origin2/?action=tvshows&amp;url=http%3a%2f%2fwww.tvmaze.com%2fnetworks%2f17%2fstarz&quot;,return)</favourite>
	<favourite name="Sundance" thumb="http://hugetv.org/wp-content/uploads/2016/03/Sundance_TV.png">ActivateWindow(10025,&quot;plugin://plugin.video.origin2/?action=tvshows&amp;url=http%3a%2f%2fwww.tvmaze.com%2fnetworks%2f33%2fsundance-tv&quot;,return)</favourite>
	<favourite name="TLC" thumb="https://image.winudf.com/v2/image/Y29tLmRpc2NvdmVyeS50bGNfaWNvbl8wXzUyZmUyMjdl/icon.png?w=170&fakeurl=1&type=.png">ActivateWindow(10025,&quot;plugin://plugin.video.origin2/?action=tvshows&amp;url=http%3a%2f%2fwww.tvmaze.com%2fnetworks%2f80%2ftlc&quot;,return)</favourite>
	<favourite name="Travel Channel" thumb="http://smartflyer.com/wp-content/uploads/2016/05/TravelChannel.png">ActivateWindow(10025,&quot;plugin://plugin.video.origin2/?action=tvshows&amp;url=http%3a%2f%2fwww.tvmaze.com%2fnetworks%2f82%2ftravel-channel&quot;,return)</favourite>
	<favourite name="TV Land" thumb="https://raw.githubusercontent.com/moneymaker365/plugin.video.ustvvod/master/resources/images/tvland.png">ActivateWindow(10025,&quot;plugin://plugin.video.origin2/?action=tvshows&amp;url=http%3a%2f%2fwww.tvmaze.com%2fnetworks%2f57%2ftvland&quot;,return)</favourite>
	<favourite name="ViceLand" thumb="https://yt3.ggpht.com/-eHn3-vaOb3Y/AAAAAAAAAAI/AAAAAAAAAAA/2y3py4kCs5A/s240-c-k-no/photo.jpg">ActivateWindow(10025,&quot;plugin://plugin.video.origin2/?action=tvshows&amp;url=http%3a%2f%2fwww.tvmaze.com%2fnetworks%2f1006%2fviceland&quot;,return)</favourite>
	<favourite name="MTV" thumb="http://ftp.acc.umu.se/mirror/addons.superrepo.org/v7/addons/plugin.video.mtv/icon.png">ActivateWindow(10025,&quot;plugin://plugin.video.origin2/?action=tvshows&amp;url=http%3a%2f%2fwww.tvmaze.com%2fnetworks%2f22%2fmtv&quot;,return)</favourite>
	<favourite name="BET" thumb="http://www1.betstatic.com/etc/designs/betcomhp/img/logo.png">ActivateWindow(10025,&quot;plugin://plugin.video.origin2/?action=tvshows&amp;url=http%3a%2f%2fwww.tvmaze.com%2fnetworks%2f56%2fbet&quot;,return)</favourite>
	<favourite name="VH1" thumb="https://raw.githubusercontent.com/moneymaker365/plugin.video.ustvvod/master/resources/images/vh1.png">ActivateWindow(10025,&quot;plugin://plugin.video.origin2/?action=tvshows&amp;url=http%3a%2f%2fwww.tvmaze.com%2fnetworks%2f55%2fvh1&quot;,return)</favourite>
	
	
	

	
	
	
	
	<favourite name="Cooking Channel" thumb="http://static01.uverse.com/web_files/NEXTGEN/web_files/images/Network%20Logos/network-page/cooking_channel_277x85.png">ActivateWindow(10025,&quot;plugin://plugin.video.cook/&amp;sf_options=&quot;)</favourite>
	<favourite name="Discovery ID" thumb="https://www.sappa.se/media/f82c7810-b1c2-4f3b-866e-c0f825cef664/-1267941594/ProgramIkoner_500_500/Discovery_ID.png?w=330">ActivateWindow(10025,&quot;plugin://plugin.video.origin2/?action=tvshows&amp;url=http%3a%2f%2fwww.tvmaze.com%2fnetworks%2f89%2finvestigation-discovery&quot;,return)</favourite>
	<favourite name="Hallmark" thumb="https://www.appdynamics.com/media/uploaded-images/1428092952/.thumbnails/cutsomer_carousel_logo_hallmark-250x0_q65.png">ActivateWindow(10025,&quot;plugin://plugin.video.origin2/?action=tvshows&amp;url=http%3a%2f%2fwww.tvmaze.com%2fnetworks%2f50%2fhallmark-channel&quot;,return)</favourite>
	
	<favourite name="CNN" thumb="https://www.shareicon.net/data/256x256/2015/07/28/76167_cnn_256x256.png">ActivateWindow(10025,&quot;plugin://plugin.video.origin2/?action=tvshows&amp;url=http%3a%2f%2fwww.tvmaze.com%2fnetworks%2f40%2fcnn&quot;,return)</favourite>
	
	<favourite name="MeTV" thumb="https://ftp.heanet.ie/mirrors/xbmc/addons/frodo/plugin.video.metv/icon.png">ActivateWindow(10025,&quot;plugin://plugin.video.metv/&quot;,return)</favourite>
	<favourite name="WGN" thumb="">ActivateWindow(10025,&quot;plugin://plugin.video.origin2/?action=tvshows&amp;url=http%3a%2f%2fwww.tvmaze.com%2fnetworks%2f28%2fwgn-america&quot;,return)</favourite>
	
	
	
	
	
	
	
	
	<favourite name="Adult Swim" thumb="">ActivateWindow(10025,&quot;plugin://plugin.video.origin2/?action=tvshows&amp;url=http%3a%2f%2fwww.tvmaze.com%2fnetworks%2f10%2fadult-swim&quot;,return)</favourite>
	
	<favourite name="Cartoon Network" thumb="https://raw.githubusercontent.com/moneymaker365/plugin.video.ustvvod/master/resources/images/cartoon.png">ActivateWindow(10025,&quot;plugin://plugin.video.origin2/?action=tvshows&amp;url=http%3a%2f%2fwww.tvmaze.com%2fnetworks%2f11%2fcartoon-network&quot;,return)</favourite>
	<favourite name="Disney Channel" thumb="https://raw.githubusercontent.com/moneymaker365/plugin.video.ustvvod/master/resources/images/disney.png">ActivateWindow(10025,&quot;plugin://plugin.video.origin2/?action=tvshows&amp;url=http%3a%2f%2fwww.tvmaze.com%2fnetworks%2f78%2fdisney-channel&quot;,return)</favourite>
	<favourite name="Disney XD" thumb="https://raw.githubusercontent.com/moneymaker365/plugin.video.ustvvod/master/resources/images/disneyxd.png">ActivateWindow(10025,&quot;plugin://plugin.video.origin2/?action=tvshows&amp;url=http%3a%2f%2fwww.tvmaze.com%2fnetworks%2f25%2fdisney-xd&quot;,return)</favourite>
	<favourite name="Nickelodeon" thumb="https://raw.githubusercontent.com/moneymaker365/plugin.video.ustvvod/master/resources/images/nick.png">ActivateWindow(10025,&quot;plugin://plugin.video.origin2/?action=tvshows&amp;url=http%3a%2f%2fwww.tvmaze.com%2fnetworks%2f27%2fnickelodeon&quot;,return)</favourite>
	<favourite name="More Networkz" thumb="">ActivateWindow(10025,&quot;plugin://plugin.program.super.favourites/?mode=400&amp;folder=TV%20Shows%2FNetworks%5CZen&amp;sf_options=&quot;,return)</favourite>
	<favourite name="Even More Networks" thumb="">ActivateWindow(10025,&quot;plugin://plugin.video.origin2/?action=tvNetworks&quot;,return)</favourite>
</favourites>