<favourites>
	<favourite name="[COLOR blue]Live[/COLOR] Games [COLOR black]- ProSports[/COLOR]" thumb="http://a.espncdn.com/combiner/i?img=/i/teamlogos/leagues/500/nba.png?transparent=true">ActivateWindow(10025,&quot;plugin://plugin.video.prosport/?away&amp;home&amp;mode=nba&amp;url&amp;sf_options=&quot;,return)</favourite>
	<favourite name="[COLOR blue]Live[/COLOR] Games [COLOR black] - mamaHD[/COLOR]" thumb="">ActivateWindow(10025,&quot;plugin://plugin.video.ufc-finest/?description&amp;fanart=&amp;mode=11&amp;name=NBA Live&amp;url=http%3a%2f%2fmamahd.com%2fnba-live-stream.html&quot;,return)</favourite>
	<favourite name="[COLOR blue]Live[/COLOR] Games [COLOR black]- StreamHunter[/COLOR]" thumb="http://a.espncdn.com/combiner/i?img=/i/teamlogos/leagues/500/nba.png?transparent=true">ActivateWindow(10025,&quot;plugin://plugin.video.SportsDevil/?item=title%3dBasketball%26url%3dhttp%253A%252F%252Fwww.batmanstream.com%252Fbasketball-live-streaming-video-2016-2.html%26cfg%3dlshunter-new.cfg%2540Events%26definedIn%3dlivesports%252Flshunter-new.cfg%26director%3dLSHunter.tv%26genre%3dLive%2bSports%26type%3drss%26icon%3dC%253A%255Ckodi%255Cportable_data%255Caddons%255Cplugin.video.SportsDevil%255Cresources%255Cimages%255Clshunter_tv.png&amp;mode=1&quot;,return)</favourite>
	<favourite name="[COLOR blue]Live[/COLOR] Games [COLOR black]- [COLOR black]DimSports[/COLOR]" thumb="http://a.espncdn.com/combiner/i?img=/i/teamlogos/leagues/500/nba.png?transparent=true">ActivateWindow(10025,&quot;plugin://plugin.video.SportsDevil/?item=title%3dBasketball%26url%3dhttp%253A%252F%252Fwww.idimsports.eu%252Fbasketball.html%26cfg%3ddimsports.eu.links.cfg%26definedIn%3dlivesports%252Fdimsports.eu.cfg%26director%3ddimsports.eu%26genre%3dLive%2bSports%26type%3drss%26icon%3dC%253A%255Ckodi%255Cportable_data%255Caddons%255Cplugin.video.SportsDevil%255Cresources%255Cimages%255Csports%252FBasketball.png&amp;mode=1&quot;,return)</favourite>
	<favourite name="" thumb="">ActivateWindow(10025,&quot;plugin://plugin.video.&quot;,return)</favourite>
	<favourite name="NBA Highlights" thumb="special://home/addons\plugin.video.nbaondemand\icon.png">ActivateWindow(10025,&quot;plugin://plugin.video.nbaondemand/&quot;,return)</favourite>
	<favourite name="NBA Replay" thumb="http://projectdaddon.com/images/nba22.jpg">ActivateWindow(10025,&quot;plugin://plugin.video.sanctuary/?fanart=http%3a%2f%2fprojectdaddon.com%2fimages%2fproject-d-large.jpg&amp;mode=1101&amp;name=Basketball&amp;url=http%3a%2f%2fprojectdaddon.com%2fprojectd%2fbasketball.xml&amp;sf_options=fanart%3Dhttp%3A%2F%2Fprojectdaddon.com%2Fimages%2Fproject-d-large.jpg%26meta%3Dlabel%253DBasketball%2526userrating%253DListItem.userrating%2526title%253DBasketball%26_options_sf&quot;,return)</favourite>
</favourites>