<favourites>
	<favourite name="Videos" thumb="https://cdn1.iconfinder.com/data/icons/my--icons-by-itzikgur/256/Videos.png">ActivateWindow(10025,&quot;videodb://&quot;,return)</favourite>
	<favourite name="Playlists" thumb="http://files.softicons.com/download/system-icons/web0.2ama-icons-by-chrfb/png/256x256/Toolbar%20-%20Playlist.png">ActivateWindow(10025,&quot;special://videoplaylists/&quot;,return)</favourite>
	<favourite name="[COLOR azure]Video add-ons[/COLOR]" thumb="http://icons.iconarchive.com/icons/custom-icon-design/pretty-office-5/256/addons-icon.png">ActivateWindow(10025,&quot;addons://sources/video/&quot;,return)</favourite>
	<favourite name="SOURCE." thumb="http://ironwoodexperts.com/wp-content/uploads/2013/04/icon-code.png">ActivateWindow(10025,&quot;special://home/userdata/addon_data/general.data/&quot;,return)</favourite>
</favourites>