<favourites>
	<favourite name="New Movies" thumb="">ActivateWindow(10025,&quot;plugin://plugin.video.ukturk/?description&amp;iconimage=http%3a%2f%2fmetalkettle.co%2fUKTurk2%2fmovies%2fthumbs%2fUk%2520turk%2520thumbnails%2520new%2520movies.jpg&amp;mode=1&amp;name=New%20Movies&amp;url=http%3a%2f%2fmetalkettle.co%2fUKTurk2%2fmovies%2fNew%20Movies.txt&amp;sf_options=fanart%3Dspecial%3A%2F%2Fhome%2Faddons%5Cplugin.video.ukturk%5Cfanart.jpg%26_options_sf&quot;,return)</favourite>
	<favourite name="Latest Movies" thumb="special://home/addons\plugin.video.origin2\resources\media\gone\moviesAdded.jpg">ActivateWindow(10025,&quot;plugin://plugin.video.origin2/?action=movieWidget&amp;sf_options=fanart%3Dspecial%3A%2F%2Fhome%2Faddons%5Cplugin.video.origin2%5Cresources%5Cmedia%5Cgone%5Cfanart.jpg%26_options_sf&quot;,return)</favourite>
	<favourite name="Trending" thumb="special://home/addons\plugin.video.velocity\resources\art\trending.png">ActivateWindow(10025,&quot;plugin://plugin.video.velocity/?media&amp;mode=call_trakt_movies&amp;movie_title&amp;name=Trending&amp;thumb=C%3a%5ckodi%5cportable_data%5caddons%5cplugin.video.velocity%5cresources%5cart%5ctrending.png&amp;trakt_id&amp;url=trending&quot;,return)</favourite>
	<favourite name="" thumb="">PlayMedia(&quot;plugin://plugin.video.none?sf_options=winID%3D10025%26_options_sf&quot;,return)</favourite>
	<favourite name="[COLOR azure]More...[/COLOR]" thumb="special://home/addons\plugin.video.xmovies8\icon.png">ActivateWindow(10025,&quot;plugin://plugin.program.super.favourites/?folder=Movies%2FRecently Added%5CMore&quot;,return)</favourite>
</favourites>