<favourites>
	<favourite name="Israel - TV" thumb="http://ftp5.bizportal.co.il/web/giflib/news/idan_plus_gay.jpg">ActivateWindow(10025,&quot;plugin://plugin.video.israelive/?categoryid=9999&amp;description&amp;displayname=10065&amp;iconimage=http%3a%2f%2fftp5.bizportal.co.il%2fweb%2fgiflib%2fnews%2fidan_plus_gay.jpg&amp;mode=2&amp;name=%5bCOLOR%20chartreuse%5d%5bB%5d%5bIsrael%5d%5b%2fB%5d%5b%2fCOLOR%5d&amp;url&amp;sf_options=fanart%3Dhttp%3A%2F%2Fftp5.bizportal.co.il%2Fweb%2Fgiflib%2Fnews%2Fidan_plus_gay.jpg%26_options_sf&quot;,return)</favourite>
	<favourite name="Israel - Radio" thumb="http://mdmorrope.gob.pe/portalweb/imagenes/radioss.png">ActivateWindow(10025,&quot;plugin://plugin.video.israelive/?categoryid=9999&amp;description&amp;displayname=10000&amp;iconimage=http%3a%2f%2fmdmorrope.gob.pe%2fportalweb%2fimagenes%2fradioss.png&amp;mode=2&amp;name=%5bCOLOR%20chartreuse%5d%5bB%5d%5bRadio%20From%20Israel%20-%20%d7%a8%d7%93%d7%99%d7%95%5d%5b%2fB%5d%5b%2fCOLOR%5d&amp;url&amp;sf_options=fanart%3Dhttp%3A%2F%2Fmdmorrope.gob.pe%2Fportalweb%2Fimagenes%2Fradioss.png%26_options_sf&quot;,return)</favourite>
	<favourite name="Israel - Stand Up" thumb="special://home/addons\plugin.video.kodisraelstandup\icon.png">ActivateWindow(10025,&quot;plugin://plugin.video.kodisraelstandup/&quot;,return)</favourite>
	<favourite name="Israel - Movix" thumb="special://home/addons\plugin.video.movixws\icon.png">ActivateWindow(10025,&quot;plugin://plugin.video.movixws/&quot;,return)</favourite>
	<favourite name="MORE" thumb="special://home/addons\plugin.video.IBA\icon.png">ActivateWindow(10025,&quot;plugin://plugin.program.super.favourites/?label=MORE&amp;mode=400&amp;folder=Livetv%2FForegin%5CIsrael%5CMORE&amp;sf_options=fanart%3Dspecial%3A%2F%2Fhome%2Faddons%5Cplugin.video.IBA%5Cfanart.jpg%26_options_sf&quot;,return)</favourite>
</favourites>