<favourites>
	<favourite name="Random Movies" thumb="http://apk-dl.com/detail/image/com.mertkahyaoglu.randommovie-w250.png">ActivateWindow(10025,&quot;plugin://plugin.video.origin2/?action=channels&quot;,return)</favourite>
	<favourite name="Random Movie Channel" thumb="http://www.tastingbeers.com/media/tastings/newreleases_logo.jpg">PlayMedia(&quot;plugin://plugin.video.ccloudtv/?url=http%3A%2F%2F94.23.35.42%2FcCloudTv%2Fparser.php%3Fsurl%3Dhttps%3A%2F%2Fwww.arconaitv.me%2Fmoovaye%2F%7CUser-Agent%3DMozilla%252F5.0%2520%28Windows%2520NT%25206.1%253B%2520WOW64%29%2520AppleWebKit%252F537.36%2520%28KHTML%252C%2520like%2520Gecko%29%2520Chrome%252F47.0.2526.106%2520Safari%252F537.36&amp;mode=1&amp;name=New+Movie+Releases+%28RandomAirTime+24%2F7%29+%28US%29+%28English%29&amp;iconimage=http%3A%2F%2Fwww.tastingbeers.com%2Fmedia%2Ftastings%2Fnewreleases_logo.jpg&amp;sf_options=winID%3D10025%26_options_sf&quot;)</favourite>
	<favourite name="Action Movie Channel" thumb="http://www.tastingbeers.com/media/tastings/newreleases_logo.jpg">PlayMedia(&quot;plugin://plugin.video.ccloudtv/?url=http%3A%2F%2F94.23.35.42%2FcCloudTv%2Fparser.php%3Fsurl%3Dhttps%3A%2F%2Fwww.arconaitv.me%2Faction%2F%7CUser-Agent%3DMozilla%252F5.0%2520%28Windows%2520NT%25206.1%253B%2520WOW64%29%2520AppleWebKit%252F537.36%2520%28KHTML%252C%2520like%2520Gecko%29%2520Chrome%252F47.0.2526.106%2520Safari%252F537.36&amp;mode=1&amp;name=Action+Movie+Channel&amp;sf_options=winID%3D10025%26_options_sf&quot;)</favourite>
	<favourite name="Comedy Movie Channel" thumb="http://www.tastingbeers.com/media/tastings/newreleases_logo.jpg">PlayMedia(&quot;plugin://plugin.video.ccloudtv/?url=http%3A%2F%2F94.23.35.42%2FcCloudTv%2Fparser.php%3Fsurl%3Dhttps%3A%2F%2Fwww.arconaitv.me%2Fcomedy%2F%7CUser-Agent%3DMozilla%252F5.0%2520%28Windows%2520NT%25206.1%253B%2520WOW64%29%2520AppleWebKit%252F537.36%2520%28KHTML%252C%2520like%2520Gecko%29%2520Chrome%252F47.0.2526.106%2520Safari%252F537.36&amp;mode=1&amp;name=Comedy+Movie+Channel&amp;sf_options=winID%3D10025%26_options_sf&quot;)</favourite>
	<favourite name="Horror Movie Channel" thumb="http://www.tastingbeers.com/media/tastings/newreleases_logo.jpg">PlayMedia(&quot;plugin://plugin.video.ccloudtv/?url=http%3A%2F%2F94.23.35.42%2FcCloudTv%2Fparser.php%3Fsurl%3Dhttps%3A%2F%2Fwww.arconaitv.me%2Fhorror%2F%7CUser-Agent%3DMozilla%252F5.0%2520%28Windows%2520NT%25206.1%253B%2520WOW64%29%2520AppleWebKit%252F537.36%2520%28KHTML%252C%2520like%2520Gecko%29%2520Chrome%252F47.0.2526.106%2520Safari%252F537.36&amp;mode=1&amp;name=Horror+Movie+Channel&amp;sf_options=winID%3D10025%26_options_sf&quot;)</favourite>
	<favourite name="Animated Movie Channel" thumb="http://www.tastingbeers.com/media/tastings/newreleases_logo.jpg">PlayMedia(&quot;plugin://plugin.video.ccloudtv/?url=http%3A%2F%2F94.23.35.42%2FcCloudTv%2Fparser.php%3Fsurl%3Dhttps%3A%2F%2Fwww.arconaitv.me%2Fanimation%2F%7CUser-Agent%3DMozilla%252F5.0%2520%28Windows%2520NT%25206.1%253B%2520WOW64%29%2520AppleWebKit%252F537.36%2520%28KHTML%252C%2520like%2520Gecko%29%2520Chrome%252F47.0.2526.106%2520Safari%252F537.36&amp;mode=1&amp;name=Animated+Movie+Channel&amp;sf_options=winID%3D10025%26_options_sf&quot;)</favourite>
	<favourite name="Docs Channel" thumb="http://www.tastingbeers.com/media/tastings/newreleases_logo.jpg">PlayMedia(&quot;plugin://plugin.video.ccloudtv/?url=http%3A%2F%2F94.23.35.42%2FcCloudTv%2Fparser.php%3Fsurl%3Dhttps%3A%2F%2Fwww.arconaitv.me%2Fdocs%2F%7CUser-Agent%3DMozilla%252F5.0%2520%28Windows%2520NT%25206.1%253B%2520WOW64%29%2520AppleWebKit%252F537.36%2520%28KHTML%252C%2520like%2520Gecko%29%2520Chrome%252F47.0.2526.106%2520Safari%252F537.36&amp;mode=1&amp;name=Docs+Channel&amp;sf_options=winID%3D10025%26_options_sf&quot;)</favourite>
	<favourite name="Random 3 Picks" thumb="special://home/addons\plugin.video.titan\art\random.png">ActivateWindow(10025,&quot;plugin://plugin.video.titan/?description&amp;iconimage=C%3a%5ckodi%5cportable_data%5caddons%5cplugin.video.titan%5cart%5crandom.png&amp;mode=102&amp;name=Random%203%20Picks&amp;url=http%3a%2f%2f&quot;,return)</favourite>
</favourites>