<favourites>
	<favourite name="NBA" thumb="http://a.espncdn.com/combiner/i?img=/i/teamlogos/leagues/500/nba.png?transparent=true">ActivateWindow(10025,&quot;plugin://plugin.program.super.favourites/?label=NBA&amp;mode=400&amp;path=special%3A%2F%2Fhome%2Faddons%2Fscript.supafav%2FSuper%20Favourites%5CSports%5CNBA&amp;sf_options=fanart%3Dspecial%3A%2F%2Fhome%2Faddons%5Cplugin.video.castaway%2Ffanart.jpg%26_options_sf&quot;)</favourite>
	<favourite name="MLB" thumb="http://www.ootpdevelopments.com/board/attachments/ootp-mods-logos-graphics-html/129802d1217530831-mlb-logos-major_league_baseball1.png">ActivateWindow(10025,&quot;plugin://plugin.program.super.favourites/?label=MLB&amp;mode=400&amp;path=special%3A%2F%2Fhome%2Faddons%2Fscript.supafav%2FSuper%20Favourites%5CSports%5CMLB&amp;sf_options=fanart%3Dhttp%3A%2F%2Fs20.postimg.org%2Fid8xgs00t%2FSports_Background.jpg%26_options_sf&quot;)</favourite>
	<favourite name="NFL" thumb="https://upload.wikimedia.org/wikipedia/en/thumb/1/12/National_Football_League_2008.svg/125px-National_Football_League_2008.svg.png">ActivateWindow(10025,&quot;plugin://plugin.program.super.favourites/?label=NFL&amp;mode=400&amp;path=special%3A%2F%2Fhome%2Faddons%2Fscript.supafav%2FSuper%20Favourites%5CSports%5CNFL&amp;sf_options=fanart%3DNULL%26_options_sf&quot;)</favourite>
	<favourite name="NHL" thumb="http://img13.deviantart.net/1ece/i/2005/332/7/1/nhl_logo_by_smilersmiles.png">ActivateWindow(10025,&quot;plugin://plugin.program.super.favourites/?label=NHL&amp;mode=400&amp;path=special%3A%2F%2Fhome%2Faddons%2Fscript.supafav%2FSuper%20Favourites%5CSports%5CNHL&amp;sf_options=fanart%3Dspecial%3A%2F%2Fhome%2Faddons%5Cplugin.video.nhlondemand%5Cfanart.jpg%26_options_sf&quot;)</favourite>
	<favourite name="UFC" thumb="http://cdn.marketplaceimages.windowsphone.com/v8/images/14f41ae9-de6c-4593-b8c9-bb5dcdddd224?imageType=ws_icon_large">ActivateWindow(10025,&quot;plugin://plugin.program.super.favourites/?label=UFC&amp;mode=400&amp;path=special%3A%2F%2Fhome%2Faddons%2Fscript.supafav%2FSuper%20Favourites%5CSports%5CUFC&amp;sf_options=fanart%3Dhttp%3A%2F%2Fs20.postimg.org%2Fid8xgs00t%2FSports_Background.jpg%26_options_sf&quot;)</favourite>
	<favourite name="Soccer" thumb="http://icons.iconarchive.com/icons/icons-land/sport/128/Soccer-Ball-icon.png">ActivateWindow(10025,&quot;plugin://plugin.program.super.favourites/?label=Soccer&amp;mode=400&amp;path=special%3A%2F%2Fhome%2Faddons%2Fscript.supafav%2FSuper%20Favourites%5CSports%5CSoccer&amp;sf_options=fanart%3Dspecial%3A%2F%2Fhome%2Faddons%5Cplugin.video.castaway%2Ffanart.jpg%26_options_sf&quot;)</favourite>
	<favourite name="[COLOR azure]College Sports[/COLOR]" thumb="http://branchsportstech.com/2014_Meets/xc/11-22-NCAA/Web/images/logo.png">ActivateWindow(10025,&quot;plugin://plugin.program.super.favourites/?label=[COLOR azure]College Sports[/COLOR]&amp;mode=400&amp;path=special%3A%2F%2Fhome%2Faddons%2Fscript.supafav%2FSuper%20Favourites%5CSports%5CCollege%20Sports&amp;sf_options=fanart%3DNULL%26_options_sf&quot;)</favourite>
	<favourite name="Sports Channels" thumb="https://lh3.ggpht.com/SIUMgUFGwAeTPpbM3Dkld_9us-puS3feyY4fjqVyo6w7XeJ5csix1t7L9eQjCGzbRPM=w300">ActivateWindow(10025,&quot;plugin://plugin.program.super.favourites/?label=Channels&amp;mode=400&amp;path=special%3A%2F%2Fhome%2Faddons%2Fscript.supafav%2FSuper%20Favourites%5CSports%5CChannels&amp;sf_options=fanart%3Dspecial%3A%2F%2Fhome%2Faddons%5Cplugin.video.GenieTv%5Cfanart.jpg%26_options_sf&quot;)</favourite>
	<favourite name="All Others Events" thumb="https://blog-blogmediainc.netdna-ssl.com/upload/SportsBlogcom/8533199/0700052001449483723_filepicker.png">ActivateWindow(10025,&quot;plugin://plugin.program.super.favourites/?label=[COLOR aliceblue]Live Events[/COLOR]&amp;mode=400&amp;path=special%3A%2F%2Fhome%2Faddons%2Fscript.supafav%2FSuper%20Favourites%2FSports%2FChannels%5CLive%20Events&amp;sf_options=fanart%3Dspecial%3A%2F%2Fhome%2Faddons%5Cplugin.video.castaway%2Ffanart.jpg%26_options_sf&quot;)</favourite>
</favourites>