<favourites>
<favourite name="2016 NBA All-Star Sunday" thumb="DefaultFolder.png">ActivateWindow(10025,&quot;plugin://plugin.video.nbafullgames/?mode=open_live&amp;title=%5bCOLOR%20orange%5d(22%3a00)%5b%2fCOLOR%5d%202016%20NBA%20All-Star%20Sunday&amp;url=http%3a%2f%2fgoatd.net%2f137631%2fwatch-2016-nba-all-star-sunday&amp;sf_options=fanart%3Dspecial%3A%2F%2Fhome%2Faddons%5Cplugin.video.nbafullgames%2Ffanart.jpg%26_options_sf&quot;,return)</favourite>
	<favourite name="NBA Tip-Off" thumb="DefaultFolder.png">ActivateWindow(10025,&quot;plugin://plugin.video.nbafullgames/?mode=open_live&amp;title=%5bCOLOR%20orange%5d(00%3a00)%5b%2fCOLOR%5d%20NBA%20Tip-Off&amp;url=http%3a%2f%2fgoatd.net%2f137629%2fwatch-nba-tip-off&amp;sf_options=fanart%3Dspecial%3A%2F%2Fhome%2Faddons%5Cplugin.video.nbafullgames%2Ffanart.jpg%26_options_sf&quot;,return)</favourite>
	<favourite name="2016 NBA All-Star Game" thumb="DefaultFolder.png">ActivateWindow(10025,&quot;plugin://plugin.video.nbafullgames/?mode=open_live&amp;title=%5bCOLOR%20orange%5d(01%3a00)%5b%2fCOLOR%5d%202016%20NBA%20All-Star%20Game&amp;url=http%3a%2f%2fgoatd.net%2f137630%2fwatch-2016-nba-all-star-game&amp;sf_options=fanart%3Dspecial%3A%2F%2Fhome%2Faddons%5Cplugin.video.nbafullgames%2Ffanart.jpg%26_options_sf&quot;,return)</favourite>
	<favourite name="2016 NBA All-Star Game - BACKUP" thumb="DefaultFolder.png">ActivateWindow(10025,&quot;plugin://plugin.video.nbafullgames/?mode=open_live&amp;title=%5bCOLOR%20orange%5d(01%3a00)%5b%2fCOLOR%5d%202016%20NBA%20All-Star%20Game&amp;url=http%3a%2f%2fgoatd.net%2f137749%2fwatch-2016-nba-all-star-game&amp;sf_options=fanart%3Dspecial%3A%2F%2Fhome%2Faddons%5Cplugin.video.nbafullgames%2Ffanart.jpg%26_options_sf&quot;,return)</favourite>
	<favourite name="Highlights" thumb="special://home/addons\plugin.video.castaway/resources/media/nbacom.jpeg">ActivateWindow(10025,&quot;plugin://plugin.video.castaway/?category=basketball&amp;mode=open_demand_cat&amp;site=nbacom&amp;url=http%3a%2f%2fsearchapp2.nba.com%2fnba-search%2fquery.jsp%3fsection%3dgames%252F%2a%257Cchannels%252Fplayoffs%26sort%3drecent%26hide%3dtrue%26type%3dadvvideo%26npp%3d15%26start%3d1&amp;sf_options=fanart%3Dspecial%3A%2F%2Fhome%2Faddons%5Cplugin.video.castaway%2Ffanart.jpg%26_options_sf&quot;,return)</favourite>
	<favourite name="[COLOR blue]Live Games[/COLOR]" thumb="DefaultFolder.png">ActivateWindow(10025,&quot;plugin://plugin.video.prosport/?away&amp;home&amp;mode=nba&amp;url&amp;sf_options=&quot;,return)</favourite>
	<favourite name="[COLOR blue]Live Games - Backup[/COLOR]" thumb="special://home/addons\plugin.video.castaway\resources/media/nbastream.png">ActivateWindow(10025,&quot;plugin://plugin.video.castaway/?mode=open_live_sport&amp;site=nbastream&amp;sf_options=fanart%3Dspecial%3A%2F%2Fhome%2Faddons%5Cplugin.video.castaway%2Ffanart.jpg%26_options_sf&quot;,return)</favourite>
	<favourite name="NBA Replay" thumb="DefaultFolder.png">ActivateWindow(10025,&quot;plugin://plugin.video.prosport/?away&amp;home&amp;mode=nbaarch&amp;url&amp;sf_options=&quot;,return)</favourite>
	<favourite name="Top Plays" thumb="special://home/addons\plugin.video.castaway/resources/media/nbacom.jpeg">ActivateWindow(10025,&quot;plugin://plugin.video.castaway/?category=basketball&amp;mode=open_demand_cat&amp;site=nbacom&amp;url=http%3a%2f%2fsearchapp2.nba.com%2fnba-search%2fquery.jsp%3fsection%3dchannels%252Ftop_plays%26sort%3drecent%26hide%3dtrue%26type%3dadvvideo%26npp%3d15%26start%3d1&amp;sf_options=fanart%3Dspecial%3A%2F%2Fhome%2Faddons%5Cplugin.video.castaway%2Ffanart.jpg%26_options_sf&quot;,return)</favourite>
	<favourite name="NBA.com" thumb="special://home/addons\plugin.video.castaway/resources/media/nbacom.jpeg">ActivateWindow(10025,&quot;plugin://plugin.video.castaway/?category=basketball&amp;mode=open_demand_cat&amp;site=nbacom&amp;url=http%3a%2f%2fsearchapp2.nba.com%2fnba-search%2fquery.jsp%3fsection%3dchannels%252F%2a%257Cgames%252F%2a%257Cflip_video_diaries%257Cfiba%26sort%3drecent%26hide%3dtrue%26type%3dadvvideo%26npp%3d15%26start%3d1&amp;sf_options=fanart%3Dspecial%3A%2F%2Fhome%2Faddons%5Cplugin.video.castaway%2Ffanart.jpg%26_options_sf&quot;,return)</favourite>
	
</favourites>