<favourites>
	<favourite name="RetroArch" thumb="">PlayMedia(&quot;plugin://plugin.video.water/?url=http%3A%2F%2Fbuildbot.libretro.com%2Fstable%2F1.3.4%2Fandroid%2FRetroArch.apk&amp;mode=3&amp;name=RetroArch&amp;description=Install RetroArch&amp;sf_options=winID%3D10025%26_options_sf&quot;)</favourite>
	<favourite name="NBA Jam" thumb="">PlayMedia(&quot;plugin://plugin.video.water/?url=http%3A%2F%2Fdl1.revdownload.com%2Fdl1%2F2015%2F1501%2Fnba_jam_by_ea_sports_V04.00.08_revdl.com.apk&amp;mode=3&amp;name=NBA Jam&amp;description=Install NBA Jam&amp;sf_options=winID%3D10025%26_options_sf&quot;)</favourite>
	<favourite name="BitGames Centre" thumb="">PlayMedia(&quot;plugin://plugin.video.water/?url=http%3A%2F%2Fforum.xda-developers.com%2Fattachment.php%3Fattachmentid%3D2846189%26d%3D1405107994&amp;mode=3&amp;name=BitGamesCentre&amp;description=BitGames Centre&amp;sf_options=winID%3D10025%26_options_sf&quot;)</favourite>
	<favourite name="HappyChickTV" thumb="">PlayMedia(&quot;plugin://plugin.video.water/?url=http%3A%2F%2Fwww.xiaoji001.com%2Fdownload%2Ftv%2Fxiaoji.apk&amp;mode=3&amp;name=HappyChickTV&amp;description=Install HappyChickTV&amp;sf_options=winID%3D10025%26_options_sf&quot;)</favourite>
	<favourite name="GamePad Assitant" thumb="">PlayMedia(&quot;plugin://plugin.video.water/?url=http%3A%2F%2Fforum.xda-developers.com%2Fattachment.php%3Fattachmentid%3D2846198%26d%3D1405108186&amp;mode=3&amp;name=GamePadAssitant&amp;description=Install GamePad Assitant&amp;sf_options=winID%3D10025%26_options_sf&quot;)</favourite>
	<favourite name="iPega GameCentre" thumb="">PlayMedia(&quot;plugin://plugin.video.water/?url=http%3A%2F%2Fforum.xda-developers.com%2Fattachment.php%3Fattachmentid%3D2846185%26d%3D1405107904&amp;mode=3&amp;name=iPegaGameCentre&amp;description=Install iPega GameCentre&amp;sf_options=winID%3D10025%26_options_sf&quot;)</favourite>
	<favourite name="iPega Touch" thumb="">PlayMedia(&quot;plugin://plugin.video.water/?url=http%3A%2F%2Fforum.xda-developers.com%2Fattachment.php%3Fattachmentid%3D2846186%26d%3D1405107917&amp;mode=3&amp;name=iPegaTouch&amp;description=Install iPega Touch&amp;sf_options=winID%3D10025%26_options_sf&quot;)</favourite>
	<favourite name="Happychick" thumb="">PlayMedia(&quot;plugin://plugin.video.water/?url=http%3A%2F%2Fwww.xiaoji001.com%2Fdownload%2Fhappychick.apk&amp;mode=3&amp;name=Happychick&amp;description=Happychick&amp;sf_options=winID%3D10025%26_options_sf&quot;)</favourite>
	<favourite name="snes9x" thumb="">PlayMedia(&quot;plugin://plugin.video.water/?url=http%3A%2F%2Fwww.explusalpha.com%2Fhome%2Fsnes9x-ex%2Fdownloads%2FSnes9xEX-9-1.5.28.apk&amp;mode=3&amp;name=snes9x&amp;description=snes9x&amp;sf_options=winID%3D10025%26_options_sf&quot;)</favourite>
</favourites>