<favourites>
	<favourite name="ViceLand" thumb="https://yt3.ggpht.com/-eHn3-vaOb3Y/AAAAAAAAAAI/AAAAAAAAAAA/2y3py4kCs5A/s240-c-k-no/photo.jpg">ActivateWindow(10025,&quot;plugin://plugin.video.origin2/?action=tvshows&amp;url=http%3a%2f%2fwww.tvmaze.com%2fnetworks%2f1006%2fviceland&quot;,return)</favourite>
	<favourite name="Free Episodes" thumb="https://yt3.ggpht.com/-eHn3-vaOb3Y/AAAAAAAAAAI/AAAAAAAAAAA/2y3py4kCs5A/s240-c-k-no/photo.jpg">ActivateWindow(10025,&quot;plugin://plugin.video.youtube/channel/UCWF0PiUvUi3Jma2oFgaiX2w/playlist/PLZ_hwG6UuEJYkYPqoeiV1lYTAF0E8CS5Y/&quot;,return)</favourite>

	<favourite name="Huang&apos;s World (Season 1)" thumb="https://i.ytimg.com/vi/Rix7OL8vOIE/mqdefault.jpg">ActivateWindow(10025,&quot;plugin://plugin.video.youtube/channel/UCaLfMkkHhSA_LaCta0BzyhQ/playlist/PLnPDn1Lb79JEb7YK2N7WGItv1jVDd9u_8/&quot;,return)</favourite>
	<favourite name="Huang&apos;s World (Season 2)" thumb="https://i.ytimg.com/vi/QligM6VuM_4/mqdefault.jpg">ActivateWindow(10025,&quot;plugin://plugin.video.youtube/channel/UCaLfMkkHhSA_LaCta0BzyhQ/playlist/PLnPDn1Lb79JEvKZ42CFMsV-DUuUCsx1R_/&quot;,return)</favourite>
	<favourite name="VICE on HBO: Season One" thumb="https://i.ytimg.com/vi/cOndtUcRXdU/mqdefault.jpg">ActivateWindow(10025,&quot;plugin://plugin.video.youtube/channel/UCZaT_X_mc0BI-djXOlfhqWQ/playlist/PLw613M86o5o5BNP8ls1TNDLLHVEi1Mopg/&quot;,return)</favourite>
	<favourite name="VICE on HBO: Season Two" thumb="https://i.ytimg.com/vi/7Yq-sfWSWLg/mqdefault.jpg">ActivateWindow(10025,&quot;plugin://plugin.video.youtube/channel/UCn8zNIfYAQNdrFRrr8oibKw/playlist/PLDbSvEZka6GE6wL8MtEvaZzs1ghK4CGZC/&quot;,return)</favourite>
	<favourite name="VICE on HBO: Season Three" thumb="https://i.ytimg.com/vi/AkW4eW7TMvM/mqdefault.jpg">ActivateWindow(10025,&quot;plugin://plugin.video.youtube/channel/UCn8zNIfYAQNdrFRrr8oibKw/playlist/PLDbSvEZka6GEZPMAxNvcWMW8OvuzNaN8J/&quot;,return)</favourite>
	<favourite name="VICE: Russian Roulette" thumb="https://i.ytimg.com/vi/TNKsLlK52ss/mqdefault.jpg">ActivateWindow(10025,&quot;plugin://plugin.video.youtube/channel/UCpoUWDJ5q9ZSJBPCi7Xdf0A/playlist/PL93hex4duPQEvJ5GyUiQTfdcj4U-9t9UM/&quot;,return)</favourite>
</favourites>