<favourites>
	<favourite name="[COLOR crimson]On Aol[/COLOR]" thumb="C:\Users\Owner\AppData\Roaming\Kodi\addons\plugin.video.on_aol\icon.png">ActivateWindow(10025,&quot;plugin://plugin.video.on_aol/&amp;sf_options=&quot;,return)</favourite>
	<favourite name="[COLOR crimson]Internet Archive[/COLOR]" thumb="C:\Users\Owner\AppData\Roaming\Kodi\addons\plugin.audio.internet.archive\icon.png">ActivateWindow(10025,&quot;plugin://plugin.audio.internet.archive/?content_type=video&amp;sf_options=&quot;,return)</favourite>
	<favourite name="Break Videos" thumb="C:\Users\Owner\AppData\Roaming\Kodi\addons\plugin.video.break_com\icon.png">ActivateWindow(10025,&quot;plugin://plugin.video.break_com/&amp;sf_options=&quot;,return)</favourite>
	<favourite name="LiveLeak" thumb="C:\Users\Owner\AppData\Roaming\Kodi\addons\plugin.video.liveleak\icon.png">ActivateWindow(10025,&quot;plugin://plugin.video.liveleak/&amp;sf_options=&quot;,return)</favourite>
	<favourite name="TheOnion.com" thumb="C:\Users\Owner\AppData\Roaming\Kodi\addons\plugin.video.theonion_com\icon.png">ActivateWindow(10025,&quot;plugin://plugin.video.theonion_com/&amp;sf_options=&quot;,return)</favourite>
	<favourite name="Watchmojo" thumb="C:\Users\Owner\AppData\Roaming\Kodi\addons\plugin.video.watchmojo\icon.png">ActivateWindow(10025,&quot;plugin://plugin.video.watchmojo/&amp;sf_options=&quot;,return)</favourite>
	<favourite name="World Star Hip Hop" thumb="C:\Users\Owner\AppData\Roaming\Kodi\addons\plugin.video.worldstarhiphop\icon.png">ActivateWindow(10025,&quot;plugin://plugin.video.worldstarhiphop/&amp;sf_options=&quot;,return)</favourite>
	<favourite name="Reddit.com" thumb="C:\Users\Owner\AppData\Roaming\Kodi\addons\plugin.video.reddit_tv\icon.png">ActivateWindow(10025,&quot;plugin://plugin.video.reddit_tv/&amp;sf_options=&quot;,return)</favourite>
</favourites>