<favourites>
	<favourite name="Bobs Burgers" thumb="http://vignette3.wikia.nocookie.net/voiceacting/images/8/8e/Bob">PlayMedia(&quot;http://iptvnation.com/bobs.mp4?sf_options=winID%3D10025%26_options_sf&quot;)</favourite>
	<favourite name="Courage The Cowardly Dog" thumb="http://cdn.vaughnsoft.com/vaughnsoft/vaughn/img_profiles/lmshows_ccd_320.jpg">PlayMedia(&quot;plugin://plugin.stream.vaughnlive.tv/?sourcetype=auto&amp;img=http%3A%2F%2Fcdn.vaughnsoft.com%2Fvaughnsoft%2Fvaughn%2Fimg_profiles%2Flmshows_ccd_320.jpg&amp;title=lmshows+ccd&amp;url=http%3A%2F%2Fvaughnlive.tv%2Flmshows_ccd&amp;section=&amp;site=&amp;mode=PlayLiveStream&amp;fimg=http%3A%2F%2Fcdn.vaughnsoft.com%2Fvaughnsoft%2Fvaughnlive%2Fimg_backgrounds%2Flmshows_ccd.jpg&amp;channel=lmshows_ccd&quot;)</favourite>
	<favourite name="Adventure Time" thumb="http://cdn.vaughnsoft.com/vaughnsoft/vaughn/img_profiles/lmshows_at_320.jpg">PlayMedia(&quot;plugin://plugin.stream.vaughnlive.tv/?sourcetype=auto&amp;img=http%3A%2F%2Fcdn.vaughnsoft.com%2Fvaughnsoft%2Fvaughn%2Fimg_profiles%2Flmshows_at_320.jpg&amp;title=lmshows+at&amp;url=http%3A%2F%2Fvaughnlive.tv%2Flmshows_at&amp;section=&amp;site=&amp;mode=PlayLiveStream&amp;fimg=http%3A%2F%2Fcdn.vaughnsoft.com%2Fvaughnsoft%2Fvaughnlive%2Fimg_backgrounds%2Flmshows_at.jpg&amp;channel=lmshows_at&quot;)</favourite>
	<favourite name="Invader Zim" thumb="http://cdn.vaughnsoft.com/vaughnsoft/vaughn/img_profiles/lmshows_iz_320.jpg">PlayMedia(&quot;plugin://plugin.stream.vaughnlive.tv/?sourcetype=auto&amp;img=http%3A%2F%2Fcdn.vaughnsoft.com%2Fvaughnsoft%2Fvaughn%2Fimg_profiles%2Flmshows_iz_320.jpg&amp;title=lmshows+iz&amp;url=http%3A%2F%2Fvaughnlive.tv%2Flmshows_iz&amp;section=&amp;site=&amp;mode=PlayLiveStream&amp;fimg=http%3A%2F%2Fcdn.vaughnsoft.com%2Fvaughnsoft%2Fvaughnlive%2Fimg_backgrounds%2Flmshows_iz.jpg&amp;channel=lmshows_iz&quot;)</favourite>
	<favourite name="Regular Show" thumb="http://cdn.vaughnsoft.com/vaughnsoft/vaughn/img_profiles/lmshows_rs_320.jpg">PlayMedia(&quot;plugin://plugin.stream.vaughnlive.tv/?sourcetype=auto&amp;img=http%3A%2F%2Fcdn.vaughnsoft.com%2Fvaughnsoft%2Fvaughn%2Fimg_profiles%2Flmshows_rs_320.jpg&amp;title=lmshows+rs&amp;url=http%3A%2F%2Fvaughnlive.tv%2Flmshows_rs&amp;section=&amp;site=&amp;mode=PlayLiveStream&amp;fimg=http%3A%2F%2Fcdn.vaughnsoft.com%2Fvaughnsoft%2Fvaughnlive%2Fimg_backgrounds%2Flmshows_rs.jpg&amp;channel=lmshows_rs&quot;)</favourite>
	<favourite name="Samurai Jack" thumb="http://cdn.vaughnsoft.com/vaughnsoft/vaughn/img_profiles/lmshows_sj_320.jpg">PlayMedia(&quot;plugin://plugin.stream.vaughnlive.tv/?sourcetype=auto&amp;img=http%3A%2F%2Fcdn.vaughnsoft.com%2Fvaughnsoft%2Fvaughn%2Fimg_profiles%2Flmshows_sj_320.jpg&amp;title=lmshows+sj&amp;url=http%3A%2F%2Fvaughnlive.tv%2Flmshows_sj&amp;section=&amp;site=&amp;mode=PlayLiveStream&amp;fimg=http%3A%2F%2Fcdn.vaughnsoft.com%2Fvaughnsoft%2Fvaughnlive%2Fimg_backgrounds%2Flmshows_sj.jpg&amp;channel=lmshows_sj&quot;)</favourite>
	<favourite name="Random Cartoons 2" thumb="http://cdn.vaughnsoft.com/vaughnsoft/vaughn/img_profiles/chrisdave4_320.jpg">PlayMedia(&quot;plugin://plugin.stream.vaughnlive.tv/?sourcetype=auto&amp;img=http%3A%2F%2Fcdn.vaughnsoft.com%2Fvaughnsoft%2Fvaughn%2Fimg_profiles%2Fchrisdave4_320.jpg&amp;title=chrisdave4&amp;url=http%3A%2F%2Fvaughnlive.tv%2Fchrisdave4&amp;section=&amp;site=&amp;mode=PlayLiveStream&amp;fimg=http%3A%2F%2Fcdn.vaughnsoft.com%2Fvaughnsoft%2Fvaughnlive%2Fimg_backgrounds%2Fchrisdave4.jpg&amp;channel=chrisdave4&quot;)</favourite>
	<favourite name="Random Cartoons 3" thumb="http://cdn.vaughnsoft.com/vaughnsoft/vaughn/img_profiles/improv_animation_320.jpg">PlayMedia(&quot;plugin://plugin.stream.vaughnlive.tv/?sourcetype=auto&amp;img=http%3A%2F%2Fcdn.vaughnsoft.com%2Fvaughnsoft%2Fvaughn%2Fimg_profiles%2Fimprov_animation_320.jpg&amp;title=improv+animation&amp;url=http%3A%2F%2Fvaughnlive.tv%2Fimprov_animation&amp;section=&amp;site=&amp;mode=PlayLiveStream&amp;fimg=http%3A%2F%2Fcdn.vaughnsoft.com%2Fvaughnsoft%2Fvaughnlive%2Fimg_backgrounds%2Fimprov_animation.jpg&amp;channel=improv_animation&quot;)</favourite>
	<favourite name="Random Cartoons 4" thumb="http://cdn.vaughnsoft.com/vaughnsoft/vaughn/img_profiles/improv_animation2_320.jpg">PlayMedia(&quot;plugin://plugin.stream.vaughnlive.tv/?sourcetype=auto&amp;img=http%3A%2F%2Fcdn.vaughnsoft.com%2Fvaughnsoft%2Fvaughn%2Fimg_profiles%2Fimprov_animation2_320.jpg&amp;title=improv+animation2&amp;url=http%3A%2F%2Fvaughnlive.tv%2Fimprov_animation2&amp;section=&amp;site=&amp;mode=PlayLiveStream&amp;fimg=http%3A%2F%2Fcdn.vaughnsoft.com%2Fvaughnsoft%2Fvaughnlive%2Fimg_backgrounds%2Fimprov_animation2.jpg&amp;channel=improv_animation2&quot;)</favourite>
	<favourite name="Random Cartoons 1" thumb="http://cdn.vaughnsoft.com/vaughnsoft/vaughn/img_profiles/chrisdave2_320.jpg">PlayMedia(&quot;plugin://plugin.stream.vaughnlive.tv/?sourcetype=auto&amp;img=http%3A%2F%2Fcdn.vaughnsoft.com%2Fvaughnsoft%2Fvaughn%2Fimg_profiles%2Fchrisdave2_320.jpg&amp;title=chrisdave2&amp;url=http%3A%2F%2Fvaughnlive.tv%2Fchrisdave2&amp;section=&amp;site=&amp;mode=PlayLiveStream&amp;fimg=http%3A%2F%2Fcdn.vaughnsoft.com%2Fvaughnsoft%2Fvaughnlive%2Fimg_backgrounds%2Fchrisdave2.jpg&amp;channel=chrisdave2&quot;)</favourite>
	<favourite name="American Dad" thumb="http://cdn.vaughnsoft.com/vaughnsoft/vaughn/img_profiles/highspothorror108_320.jpg">PlayMedia(&quot;plugin://plugin.stream.vaughnlive.tv/?sourcetype=auto&amp;img=http%3A%2F%2Fcdn.vaughnsoft.com%2Fvaughnsoft%2Fvaughn%2Fimg_profiles%2Fhighspothorror108_320.jpg&amp;title=highspothorror108&amp;url=http%3A%2F%2Fvaughnlive.tv%2Fhighspothorror108&amp;section=&amp;site=&amp;mode=PlayLiveStream&amp;fimg=http%3A%2F%2Fcdn.vaughnsoft.com%2Fvaughnsoft%2Fvaughnlive%2Fimg_backgrounds%2Fhighspothorror108.jpg&amp;channel=highspothorror108&quot;)</favourite>
</favourites>