<favourites>
	<favourite name="UFC - utube" thumb="special://home/addons\plugin.video.UFC\icon.png">ActivateWindow(10025,&quot;plugin://plugin.video.UFC/?sf_options=fanart%3Dspecial%3A%2F%2Fhome%2Faddons%5Cplugin.video.UFC%5Cfanart.jpg%26_options_sf&quot;)</favourite>
	<favourite name="WWE Online" thumb="special://home/addons\plugin.video.wweonline\icon.png">ActivateWindow(10025,&quot;plugin://plugin.video.wweonline/?sf_options=fanart%3Dspecial%3A%2F%2Fhome%2Faddons%5Cplugin.video.wweonline%5Cfanart.jpg%26_options_sf&quot;)</favourite>
	<favourite name="[B][COLOR blue]BRAWL ZONE[/COLOR][/B]" thumb="http://i479.photobucket.com/albums/rr155/albertn198/brawl_zpsnaqcwknn.jpg">ActivateWindow(10025,&quot;plugin://plugin.video.albert/?date&amp;description&amp;iconimage=http%3a%2f%2fi479.photobucket.com%2falbums%2frr155%2falbertn198%2fbrawl_zpsnaqcwknn.jpg&amp;mode=5&amp;name=%5bB%5d%5bCOLOR%20blue%5dBRAWL%20ZONE%5b%2fCOLOR%5d%5b%2fB%5d&amp;page&amp;play&amp;url=https%3a%2f%2fraw.githubusercontent.com%2falbertn198%2fAlbertn198Playlist%2fmaster%2fMain-Directory%2fFight-Club%2fmain.xml&quot;,return)</favourite>
	<favourite name="[COLOR=FF00FF00]R[/COLOR][COLOR=blue]eplays[/COLOR]" thumb="http://dl.dropbox.com/s/gbp6w77h728iqkm/WWE.jpg">ActivateWindow(10025,&quot;plugin://plugin.video.dragon.sports/?item=title%3d%255BCOLOR%253DFF00FF00%255DR%255B%252FCOLOR%255D%255BCOLOR%253Dblue%255Deplays%255B%252FCOLOR%255D%26url%3dReplays%252FPPVDMain.cfg%26definedIn%3dlivesports%252Fdsports.cfg%26director%3dDragon%2bStreams%26genre%3dLive%2bSports%26type%3drss%26icon%3dhttp%253A%252F%252Fdl.dropbox.com%252Fs%252Fgbp6w77h728iqkm%252FWWE.jpg&amp;mode=1&amp;sf_options=fanart%3Dspecial%3A%2F%2Fhome%2Faddons%5Cplugin.video.dragon.sports%5Cfanart.jpg%26_options_sf&quot;,return)</favourite>
	<favourite name="Wrestling" thumb="http://s11.postimg.org/u668efq7n/Wrestling.jpg">ActivateWindow(10025,&quot;plugin://plugin.video.phstreams/?audio=0&amp;content=0&amp;fanart=http%3a%2f%2fwww.mariachimexteca.com%2fwp-content%2fuploads%2f2014%2f10%2fone-show-small.jpg&amp;image=http%3a%2f%2fs11.postimg.org%2fu668efq7n%2fWrestling.jpg&amp;mode=ndmode&amp;name=Wrestling&amp;playable=false&amp;url=http%3a%2f%2fgibraltar.watchkodi.com%2fMisc%2fWrestling.xml&amp;sf_options=fanart%3Dhttp%3A%2F%2Fwww.mariachimexteca.com%2Fwp-content%2Fuploads%2F2014%2F10%2Fone-show-small.jpg%26desc%3DDiscover+Great+Streaming+Playlists%21%26_options_sf&quot;,return)</favourite>
</favourites>