<?xml version="1.0" encoding="UTF-8"?>
<addon
  id="skin.water2"
  version="3.1.6z"
  name="water2"
  provider-name="water">
  <requires>
    <import addon="xbmc.gui" version="5.9.0"/>
	<import addon="script.favourites" version="6.0.2"/>
	<import addon="service.skin.widgets" version="0.0.30"/>
	<import addon="service.library.data.provider" version="0.1.2"/>
	<import addon="script.randomandlastitems" version="2.2.2"/>
  </requires>
  <extension
    point="xbmc.gui.skin"
    debugging="false"
    effectslowdown="1.0">
    <res width="1280" height="720" aspect="16:9" default="true" folder="720p" />
  </extension>
  <extension point="xbmc.addon.metadata">
    <summary lang="en"></summary>
    <summary lang="en_US"></summary>
   
    <description lang="en"></description>
    <description lang="en_US"></description>
    <disclaimer lang="en"></disclaimer>
    <disclaimer lang="en_US"></disclaimer>

    <platform>all</platform>
  </extension>
</addon>
