<favourites>
	<favourite name="Being Watched Now" thumb="http://icons.iconarchive.com/icons/custom-icon-design/pretty-office-8/128/Eye-icon.png">ActivateWindow(10025,&quot;plugin://plugin.video.origin2/?action=movies&amp;url=trending&amp;sf_options=&quot;,return)</favourite>
	<favourite name="Popular This Month" thumb="http://icons.iconarchive.com/icons/designcontest/ecommerce-business/128/bar-chart-icon.png">ActivateWindow(10025,&quot;plugin://plugin.video.origin2/?action=movies&amp;url=popular&amp;sf_options=&quot;,return)</favourite>
	<favourite name="Popular This Year" thumb="https://alumni.depaul.edu/Content/Areas/Home/Images/2015%20calendar.png">ActivateWindow(10025,&quot;plugin://plugin.video.origin2/?action=movies&amp;url=http%3a%2f%2fwww.imdb.com%2fsearch%2ftitle%3ftitle_type%3dfeature%2ctv_movie%26sort%3dboxoffice_gross_us%26count%3d25%26start%3d1%26year%3d2016%2c2016&amp;sf_options=fanart%3Dspecial%3A%2F%2Fhome%2Faddons%5Cplugin.video.genesis%5Cresources%2Fart%5Cgone%5Cfanart.jpg%26desc%3DThe+origins+of+streaming%26_options_sf&quot;,return)</favourite>
	<favourite name="Popular All-Time" thumb="https://googledrive.com/host/0B-bY5h-uWEgZQVJQZ0lzUTdBeFE/icons/fav.png">ActivateWindow(10025,&quot;plugin://plugin.video.origin2/?action=movies&amp;url=boxoffice&amp;sf_options=&quot;,return)</favourite>
	<favourite name="People&apos;s Choice" thumb="https://googledrive.com/host/0B-bY5h-uWEgZQVJQZ0lzUTdBeFE/icons/voted.png">ActivateWindow(10025,&quot;plugin://plugin.video.origin2/?action=movies&amp;url=views&amp;sf_options=&quot;,return)</favourite>
	<favourite name="Oscar Winners" thumb="https://cdn3.iconfinder.com/data/icons/Iconshock_cinema/png/256/oscar.png">ActivateWindow(10025,&quot;plugin://plugin.video.origin2/?action=movies&amp;url=oscars&amp;sf_options=&quot;,return)</favourite>
</favourites>