<favourites>
	<favourite name="Goof Troop" thumb="http://www.funniermoments.com/uploads/tm_category_img/172_category_img_th.jpg">ActivateWindow(10025,&quot;plugin://plugin.video.funniermoments/?image=C%3a%5ckodi15f%5cportable_data%5caddons%5cplugin.video.funniermoments%5cicon.png&amp;mode=500&amp;page=1&amp;title=Goof%20Troop%20(81%20videos)&amp;url=http%3a%2f%2fwww.funniermoments.com%2fbrowse-gooftroop-videos-1-date.html&amp;sf_options=&quot;,return)</favourite>
	<favourite name="TaleSpin" thumb="C:\Kodi\portable_data\addons\plugin.video.funniermoments\icon.png">ActivateWindow(10025,&quot;plugin://plugin.video.funniermoments/?image=C%3a%5cKodi%5cportable_data%5caddons%5cplugin.video.funniermoments%5cicon.png&amp;mode=500&amp;page=1&amp;title=TaleSpin%20(65%20%20Videos)&amp;url=http%3a%2f%2fwww.toon.is%2fbrowse-talespin-videos-1-date.html&quot;,return)</favourite>
	<favourite name="Chip and Dale" thumb="http://www.supercartoons.net/images/characters/chip-and-dale.jpg">ActivateWindow(10025,&quot;plugin://plugin.video.supercartoons/?image=http%3a%2f%2fwww.supercartoons.net%2fimages%2fcharacters%2fchip-and-dale.jpg&amp;mode=500&amp;page=1&amp;title=Chip%20and%20Dale&amp;url=http%3a%2f%2fwww.supercartoons.net%2fcharacter%2f5-1%2fchip-and-dale.html&amp;sf_options=fanart%3Dspecial%3A%2F%2Fhome%2Faddons%5Cplugin.video.supercartoons%5Cfanart.jpg%26desc%3DChip+and+Dale+are+an+Disney+animated+characters+which+most+of+the+time+go+in+pairs.+The+two+chipmunks+are+nearly+identical.+Chip+can+be+identified+by+his+small%2C+black+nose+and+two+adjacent+front+teeth%2C+whereas+Dale+has+a+larger+nose+and+a+gap+between+his+front+teeth.%26_options_sf&quot;,return)</favourite>
	<favourite name="Daisy Duck" thumb="http://www.supercartoons.net/images/characters/daisy-duck.jpg">ActivateWindow(10025,&quot;plugin://plugin.video.supercartoons/?image=http%3a%2f%2fwww.supercartoons.net%2fimages%2fcharacters%2fdaisy-duck.jpg&amp;mode=500&amp;page=1&amp;title=Daisy%20Duck&amp;url=http%3a%2f%2fwww.supercartoons.net%2fcharacter%2f6-1%2fdaisy-duck.html&amp;sf_options=fanart%3Dspecial%3A%2F%2Fhome%2Faddons%5Cplugin.video.supercartoons%5Cfanart.jpg%26desc%3DThe+female+version+of+Donald+Duck+created+in+1940+by+the+Walt+Disney+Company.+Having+the+same+body+structure+as+Donald%2C+she+can+be+identified+by+the+large+eyelashes%2C+hair+bow%2C+blouse%2C+shoes+and+a++by+her+.+She+has+affection++towards+Donald+and+shows+elegant+posture%2C+contrary+to+Donald.+Daisy+has+the+same+temper+as+Donald%2C+but+has+greater+control+of+it%2C+in+order+to+keep+her+standard+as+refined+and+classy.%26_options_sf&quot;,return)</favourite>
	<favourite name="Donald Duck" thumb="http://www.supercartoons.net/images/characters/donald-duck.jpg">ActivateWindow(10025,&quot;plugin://plugin.video.supercartoons/?image=http%3a%2f%2fwww.supercartoons.net%2fimages%2fcharacters%2fdonald-duck.jpg&amp;mode=500&amp;page=1&amp;title=Donald%20Duck&amp;url=http%3a%2f%2fwww.supercartoons.net%2fcharacter%2f2-1%2fdonald-duck.html&amp;sf_options=fanart%3Dspecial%3A%2F%2Fhome%2Faddons%5Cplugin.video.supercartoons%5Cfanart.jpg%26desc%3DAnother+creation+of+the+Walt+Disney+Company+is+the+animated+character+Donald+Duck.+Created+in+1934+at+the+Walt+Disney+Studio%2C+Donald+is+recognized+++by+his+attire+-+a+sailor+shirt+and+a+hat.+He+first+appeared+in+the+cartoon+%26ldquo%3BThe+Wise+Little+Hen%26rdquo%3B+in+a+supporting+role%2C+but+his+popularity+grew+to+become+a+starring+character.%26_options_sf&quot;,return)</favourite>
	<favourite name="Figaro" thumb="http://www.supercartoons.net/images/characters/figaro.jpg">ActivateWindow(10025,&quot;plugin://plugin.video.supercartoons/?image=http%3a%2f%2fwww.supercartoons.net%2fimages%2fcharacters%2ffigaro.jpg&amp;mode=500&amp;page=1&amp;title=Figaro&amp;url=http%3a%2f%2fwww.supercartoons.net%2fcharacter%2f7-1%2ffigaro.html&amp;sf_options=fanart%3Dspecial%3A%2F%2Fhome%2Faddons%5Cplugin.video.supercartoons%5Cfanart.jpg%26desc%3DFigaro+got+his+popularity+from+the+Disney%26rsquo%3Bs+1940+film+Pinocchio+as+Gepetto%26rsquo%3Bs+pet.+He+also+costarred+in+a+few+Pluto+Shorts+as+Minnie+Mouse%26rsquo%3Bs+pet+cat%2C+presenting+his+act+as+immature+and+spoiled++little+boy.+Figaro+is+one+of+the+few+Disney+characters+that+are+not+illustrated+as+anthropomorphic.+Figaro+appeared+in+the+next+shorts%3A+Mickey%26rsquo%3Bs+Once+Upon+a+Christmas%2C+Mickey+Mouse+Works%2C+House+of+Mouse+and+many+more.%26_options_sf&quot;,return)</favourite>
	<favourite name="Goofy" thumb="http://www.supercartoons.net/images/characters/goofy.jpg">ActivateWindow(10025,&quot;plugin://plugin.video.supercartoons/?image=http%3a%2f%2fwww.supercartoons.net%2fimages%2fcharacters%2fgoofy.jpg&amp;mode=500&amp;page=1&amp;title=Goofy&amp;url=http%3a%2f%2fwww.supercartoons.net%2fcharacter%2f3-1%2fgoofy.html&amp;sf_options=fanart%3Dspecial%3A%2F%2Fhome%2Faddons%5Cplugin.video.supercartoons%5Cfanart.jpg%26desc%3DTall%2C+clumsy+and+lovable+it%26rsquo%3Bs+the+best+way+to+describe+this+Disney+character.+Created+in+1932%2C+Goofy+is+a+anthropomorphic++dog+%2C+typically+dressed+in+pants%2C+shoes+and+turtle+neck.+He+is+best+friend+with+Mickey+and+Donald%2C+and+is+in+the+top+most+famous+character+in+the+Disney+world.+He+first+appeared+in+%26ldquo%3BMickey%26rsquo%3Bs+Revue%26rdquo%3B%2C+released+on+May+25%2C+1932.%26_options_sf&quot;,return)</favourite>
	<favourite name="Huey, Dewey And Louie" thumb="http://www.supercartoons.net/images/characters/huey-dewey-and-louie.jpg">ActivateWindow(10025,&quot;plugin://plugin.video.supercartoons/?image=http%3a%2f%2fwww.supercartoons.net%2fimages%2fcharacters%2fhuey-dewey-and-louie.jpg&amp;mode=500&amp;page=1&amp;title=Huey%2c%20Dewey%20And%20Louie&amp;url=http%3a%2f%2fwww.supercartoons.net%2fcharacter%2f10-1%2fhuey-dewey-and-louie.html&amp;sf_options=fanart%3Dspecial%3A%2F%2Fhome%2Faddons%5Cplugin.video.supercartoons%5Cfanart.jpg%26desc%3DThe+troublesome+trio+of+little+ducks%2C+Huey%2C+Dewey+and+Louie+presented+as+Donald+Duck+nephews%2C+known+for+the+adventurous+spirit+and+playfulness.+They+can+be+distinguished+by+the+color+of+their+clothes%2C+Huey+wears+a+red+shirt%2C+Dewey+a+blue+shirt+and+Louie+a+green+shirt%2C+but+in+some+cases+a+yellow+shirt.+They+also+have+different+character%2C+were+Huey+is+the+leader+and+the+initiator%2C+Dewey+is+the+smart+one+and+organizer%2C+and+Louie+is+the+good+and+carefree.%26_options_sf&quot;,return)</favourite>
	<favourite name="Humphrey The Bear" thumb="http://www.supercartoons.net/images/characters/humphrey-the-bear.jpg">ActivateWindow(10025,&quot;plugin://plugin.video.supercartoons/?image=http%3a%2f%2fwww.supercartoons.net%2fimages%2fcharacters%2fhumphrey-the-bear.jpg&amp;mode=500&amp;page=1&amp;title=Humphrey%20The%20Bear&amp;url=http%3a%2f%2fwww.supercartoons.net%2fcharacter%2f11-1%2fhumphrey-the-bear.html&amp;sf_options=fanart%3Dspecial%3A%2F%2Fhome%2Faddons%5Cplugin.video.supercartoons%5Cfanart.jpg%26desc%3DHamphrey+the+Bear+is+the+last+of+the+seventh+cartoon+characters+to+star+in+a+show%2C+along+with+Mickey+Mouse%2C+Donald+Duck%2C+Goofy%2C+Pluto%2C+Chip+%60n+Dale+and+Figaro.+He+first+appeared+in+the+cartoon+Hold+That+Pose%2C+which+main+actor+was+Goofy.+He+also+appeared+in+four+classic+Donald+Duck+cartoons%3A+Grin+and+Bear+it%2C+Bearly+Asleep%2C+Rugged+Bear+and+Beezy+Bear.%26_options_sf&quot;,return)</favourite>
	<favourite name="Mickey Mouse" thumb="http://www.supercartoons.net/images/characters/mickey-mouse.jpg">ActivateWindow(10025,&quot;plugin://plugin.video.supercartoons/?image=http%3a%2f%2fwww.supercartoons.net%2fimages%2fcharacters%2fmickey-mouse.jpg&amp;mode=500&amp;page=1&amp;title=Mickey%20Mouse&amp;url=http%3a%2f%2fwww.supercartoons.net%2fcharacter%2f1-1%2fmickey-mouse.html&amp;sf_options=fanart%3Dspecial%3A%2F%2Fhome%2Faddons%5Cplugin.video.supercartoons%5Cfanart.jpg%26desc%3DCreated+by+Walt+Disney%26rsquo%3Bs+animator+UB+Iverks%2C+Mickey+Mouse+made+his+debut+on+the+18th+November%2C+1928%2C+in+the+short+animated+movie%26rdquo%3B+Steamboat+Sally%26rdquo%3B.+Recognized+by+his+red+shorts+and+white+gloves%2C+Mickey+became+one+of+the+most+beloved+cartoon+character%2C+leader+of+the+Disney+toons+and+the+mascot++of+the+Walt+Disney+company.%26_options_sf&quot;,return)</favourite>
	<favourite name="Minnie Mouse" thumb="http://www.supercartoons.net/images/characters/minnie-mouse.jpg">ActivateWindow(10025,&quot;plugin://plugin.video.supercartoons/?image=http%3a%2f%2fwww.supercartoons.net%2fimages%2fcharacters%2fminnie-mouse.jpg&amp;mode=500&amp;page=1&amp;title=Minnie%20Mouse&amp;url=http%3a%2f%2fwww.supercartoons.net%2fcharacter%2f8-1%2fminnie-mouse.html&amp;sf_options=fanart%3Dspecial%3A%2F%2Fhome%2Faddons%5Cplugin.video.supercartoons%5Cfanart.jpg%26desc%3DBeing+the+girlfriend+of+one+of+the+most+famous+Disney+characters+Mickey+Mouse%2C+Minnie+also+got+her+share+of+the+fame.+The+comic+strip+story+%26ldquo%3BThe+Gleam%26rdquo%3B+by+Merrill+de+Maris+and+Floyd+Gottfredson+first+gave+her+full+name+as+Minerva+Mouse.+Minnie+has+the+same+loving+and+sweet+nature+as+Mickey+and+can+be+recognized+by+her+trademark+outfit+%26ndash%3B+a+dress%28usually+blue%29+revealing+her+white+bloomers+with+a+large+matching+bow+and+high+heel+shoes+that+all+are+one+color.%26_options_sf&quot;,return)</favourite>
	<favourite name="Pluto" thumb="http://www.supercartoons.net/images/characters/pluto.jpg">ActivateWindow(10025,&quot;plugin://plugin.video.supercartoons/?image=http%3a%2f%2fwww.supercartoons.net%2fimages%2fcharacters%2fpluto.jpg&amp;mode=500&amp;page=1&amp;title=Pluto&amp;url=http%3a%2f%2fwww.supercartoons.net%2fcharacter%2f4-1%2fpluto.html&amp;sf_options=fanart%3Dspecial%3A%2F%2Fhome%2Faddons%5Cplugin.video.supercartoons%5Cfanart.jpg%26desc%3DAlongside+Goofy+in+the+Disney+world%2C+Pluto+is+another+animated+character+illustrated+as+a+dog%2C+but+otherwise++Goofy%2C+Pluto+acts+like+actual+dog.+He+is+a+medium-sized%2C+short-haired+dog.+Pluto+holds+every+cat+detestable%2C+especially+his+longtime+rival+and+Minnie+pet%2C+Figaro.+Appeared+for+the+first+time+in+Mickey+Mouse+cartoon+%26ldquo%3B+The+Chain+Gang%26rdquo%3B+in+1930%2C+as+a+bloodhound.%26_options_sf&quot;,return)</favourite>
</favourites>