<favourites>
	
	 <favourite name="PPV" thumb="http://dkrepo.000webhostapp.com/UltimateUfc/UFC%20Art/Other/Fight.png">ActivateWindow(10025,&quot;plugin://plugin.video.ufc-finest/?description&amp;fanart=http%3a%2f%2fdkrepo.000webhostapp.com%2fUltimateUfc%2fUFC%2520Art%2fOther%2fUfcFightnight.jpg&amp;mode=1&amp;name=%5bCOLOR%20white%5d%5bB%5dUFC%5b%2fB%5d%5b%2fCOLOR%5d%20%5bCOLOR%20red%5d%5bB%5dNights%5b%2fB%5d%5b%2fCOLOR%5d%20%5bCOLOR%20white%5d%5bB%5d%5b%2fB%5d%5b%2fCOLOR%5d&amp;url=http%3a%2f%2fdkrepo.000webhostapp.com%2fUFCFinest%2fUFCSelect.xml&quot;,return)</favourite>
    <favourite name="Fight Night" thumb="http://dkrepo.000webhostapp.com/UltimateUfc/UFC%20Art/Other/FightPass.png">ActivateWindow(10025,&quot;plugin://plugin.video.ufc-finest/?description&amp;fanart=http%3a%2f%2fdkrepo.000webhostapp.com%2fUltimateUfc%2fUFC%2520Art%2fOther%2fUfcFightnight.jpg&amp;mode=1&amp;name=%5bCOLOR%20white%5d%5bB%5dUFC%5b%2fB%5d%5b%2fCOLOR%5d%20%5bCOLOR%20red%5d%5bB%5dFight%5b%2fB%5d%5b%2fCOLOR%5d%20%5bCOLOR%20white%5d%5bB%5dNights%5b%2fB%5d%5b%2fCOLOR%5d&amp;url=http%3a%2f%2fdkrepo.000webhostapp.com%2fUFCFinest%2fFightNight.xml&quot;,return)</favourite>
    <favourite name="UFC on FOX" thumb="http://dkrepo.000webhostapp.com/UltimateUfc/UFC%20Art/Other/OnFox.png">ActivateWindow(10025,&quot;plugin://plugin.video.ufc-finest/?description&amp;fanart=http%3a%2f%2fdkrepo.000webhostapp.com%2fUltimateUfc%2fUFC%2520Art%2fOther%2fUfcFightnight.jpg&amp;mode=1&amp;name=%5bCOLOR%20white%5d%5bB%5dUFC%5b%2fB%5d%5b%2fCOLOR%5d%20%5bCOLOR%20red%5d%5bB%5dOn%5b%2fB%5d%5b%2fCOLOR%5d%20%5bCOLOR%20white%5d%5bB%5dFox%5b%2fB%5d%5b%2fCOLOR%5d&amp;url=http%3a%2f%2fdkrepo.000webhostapp.com%2fUFCFinest%2fFoxNight.xml&quot;,return)</favourite>
	<favourite name="MMA / Bellator" thumb="http://dkrepo.000webhostapp.com/UltimateUfc/UFC%20Art/Other/MMA.png">ActivateWindow(10025,&quot;plugin://plugin.video.ufc-finest/?description&amp;fanart=http%3a%2f%2fdkrepo.000webhostapp.com%2fUltimateUfc%2fUFC%2520Art%2fOther%2fMMA.jpg&amp;mode=1&amp;name=%5bCOLOR%20white%5d%5bB%5dMMA%5b%2fB%5d%5b%2fCOLOR%5d%20%5bCOLOR%20red%5d%5bB%5dFight%5b%2fB%5d%5b%2fCOLOR%5d%20%5bCOLOR%20white%5d%5bB%5dNight%5b%2fB%5d%5b%2fCOLOR%5d&amp;url=http%3a%2f%2fdkrepo.000webhostapp.com%2fUFCFinest%2fmmafights.xml&quot;,return)</favourite>
	
	<favourite name="EVEN More Content..." thumb="special://home/addons\plugin.video.ufc-finest\icon.png">ActivateWindow(10025,&quot;plugin://plugin.video.ufc-finest/&quot;,return)</favourite>
   
	<favourite name="" thumb="">ActivateWindow(10025,&quot;&quot;,return)</favourite>
	
	 <favourite name="Backup Server - Scroll Down for Latest UFC" thumb="http://projectd.offshorepastebin.com/images/pdsportufc.png">ActivateWindow(10025,&quot;plugin://plugin.video.phstreams/?action=directory&amp;content=0&amp;url=http%3a%2f%2fprojectd.offshorepastebin.com%2fpdsports%2fufc.xml&quot;,return)</favourite>
</favourites>