<favourites>
	<favourite name="DropBox" thumb="http://googledrive.com/host/0B-bY5h-uWEgZQVJQZ0lzUTdBeFE/icons/apps/dropbox.png">ActivateWindow(10025,&quot;plugin://plugin.video.mydropbox/&quot;)</favourite>
	<favourite name="onedrive" thumb="special://home/addons\plugin.video.onedrive\icon.png">ActivateWindow(10025,&quot;plugin://plugin.video.onedrive/?content_type=video&amp;sf_options=fanart%3Dspecial%3A%2F%2Fhome%2Faddons%5Cplugin.video.onedrive%5Cfanart.jpg%26desc%3DPlays+video+and+music+from+your+OneDrive+service.+This+addon+is+not+affiliated+with+Microsoft%26_options_sf&quot;,return)</favourite>
	<favourite name="owncloud" thumb="special://home/addons\plugin.video.owncloud\icon.png">ActivateWindow(10025,&quot;plugin://plugin.video.owncloud/?content_type=video&amp;sf_options=desc%3DPlays+video+and+music+from+your+OwnCloud+service.++Supports%2FTested+on+OwnCloud+6%2C+7+and+8+%28including+Enterprise+Edition%29%26_options_sf&quot;,return)</favourite>
	<favourite name="Facebook Media" thumb="special://home/addons\script.facebook.media\icon.png">RunScript(&quot;script.facebook.media?sf_options=fanart%3Dspecial%3A%2F%2Fhome%2Faddons%5Cscript.facebook.media%5Cfanart.jpg%26desc%3DBrowse+your+and+your+friends%27+photos+and+videos.+View+and+add+comments+and+likes.+View+image+tags.%26_options_sf&quot;)</favourite>
	<favourite name="X-Note (Evernote)" thumb="special://home/addons\script.evernote\icon.png">RunScript(&quot;script.evernote?sf_options=fanart%3Dspecial%3A%2F%2Fhome%2Faddons%5Cscript.evernote%5Cfanart.jpg%26desc%3DView+and+manage+your+Evernote+notebooks+and+notes.+Create+notes+and+save+XBMC+logs+and+screenshots+to+Evernote%26_options_sf&quot;)</favourite>
</favourites>