<favourites>
	<favourite name="1Channel" thumb="https://raw.githubusercontent.com/tknorris/tknorris-beta-repo/master/plugin.video.1channel/icon.png">ActivateWindow(10025,&quot;plugin://plugin.video.1channel?sf_options=fanart%3Dspecial%3A%2F%2Fhome%2Faddons%5Cplugin.video.1channel%5Cfanart.jpg%26desc%3DPlay+a+wide+selection+of+movies+and+TV+shows+from+PrimeWire.ag.%0A%2A%2A%2AThis+addon+is+supported+at+%5BCOLOR+blue%5Dwww.tvaddons.ag%5B%2FCOLOR%5D%2C+%5BCOLOR+white%5D%5BB%5DNOT%5B%2FB%5D%5B%2FCOLOR%5D+%5BCOLOR+red%5Dxbmc.org%5B%2FCOLOR%5D.+%2A%2A%2A%26_options_sf&quot;,return)</favourite>
	<favourite name="VidTime" thumb="special://home/addons\plugin.video.VidTime\icon.png">ActivateWindow(10025,&quot;plugin://plugin.video.VidTime/&quot;,return)</favourite>
	<favourite name="Phoenix" thumb="https://addons.tvaddons.ag/cache/images/3880d90319b7722685146e8b356c08_icon.png">ActivateWindow(10025,&quot;plugin://plugin.video.phstreams/&quot;)</favourite>
	<favourite name="UKTurk" thumb="https://pbs.twimg.com/profile_images/683398103190351872/aqTkXqHf.jpg">ActivateWindow(10025,&quot;plugin://plugin.video.ukturk/?sf_options=desc%3DFree+Playlists+courtesy+of+%40uk_turk%26_options_sf&quot;,return)</favourite>
	<favourite name="Icefilms" thumb="https://raw.githubusercontent.com/Eldorados/eldorado-xbmc-addons/master/repo/plugin.video.icefilms/icon.png">ActivateWindow(10025,&quot;plugin://plugin.video.icefilms/&quot;)</favourite>
	<favourite name="iSTREAM" thumb="https://superrepo.org/static/images/icons/original/xplugin.video.xunity.png.pagespeed.ic.sSQEImr3sX.png">ActivateWindow(10025,&quot;plugin://script.icechannel?sf_options=fanart%3Dspecial%3A%2F%2Fhome%2Faddons%5Cscript.icechannel%5Cfanart.jpg%26desc%3DiSTREAM%26_options_sf&quot;,return)</favourite>
</favourites>