<favourites>
	favourite name="[COLOR cornflowerblue][/COLOR]" thumb="">PlayMedia(&quot;plugin://plugin.?&amp;sf_options=winID%3D10025%26_options_sf&quot;)</favourite>
	<favourite name="[COLOR cornflowerblue]LiveTV[/COLOR] - [COLOR coral]Mobdro[/COLOR]" thumb="http://rawapk.com/wp-content/uploads/2016/05/Mobdro-Icon.png">PlayMedia(&quot;plugin://plugin.video.water/?url=https://archive.org/download/mobdro_20160821/mobdro.apk&amp;mode=12&amp;name=Mobdro&amp;description=Install Mobdro&amp;sf_options=winID%3D10025%26_options_sf&quot;)</favourite>
	<favourite name="[COLOR cornflowerblue][/COLOR]" thumb="">PlayMedia(&quot;plugin://plugin.?&amp;sf_options=winID%3D10025%26_options_sf&quot;)</favourite>
	<favourite name="[COLOR cornflowerblue]Browser[/COLOR] - adBlock[COLOR black]*Requires TouchScreen or Mouse[/COLOR]" thumb="https://lh3.googleusercontent.com/s5FxSJCtdwrqpz1JRLYX_zyyGMVbPHBz3QbYrqwFdZm_ngSH7UvsGW_OOPuDIjGjFxI=w300">PlayMedia(&quot;plugin://plugin.video.water/?url=https://appraw.com/dl/kYba2fhDeM&amp;mode=12&amp;name=adBlockBrowser&amp;description=org.adblockplus.browser&amp;sf_options=winID%3D10025%26_options_sf&quot;)</favourite>
	<favourite name="[COLOR cornflowerblue]Browser[/COLOR] -Chrome [COLOR black]*Requires TouchScreen or Mouse[/COLOR]" thumb="https://cdn1.iconfinder.com/data/icons/logotypes/32/chrome-256.png">PlayMedia(&quot;plugin://plugin.video.water/?url=https://appraw.com/dl/8tzLFV8ky5&amp;mode=12&amp;name=chrome&amp;description=com.android.chrome&amp;sf_options=winID%3D10025%26_options_sf&quot;)</favourite>
	<favourite name="[COLOR cornflowerblue]Browser[/COLOR] -Web Browser [COLOR black]*Requires TouchScreen or Mouse[/COLOR]" thumb="https://cdn1.iconfinder.com/data/icons/logotypes/32/chrome-256.png">PlayMedia(&quot;plugin://plugin.video.water/?url=https://appraw.com/dl/8tzLFV8ky5&amp;mode=12&amp;name=chrome&amp;description=com.android.browser&amp;sf_options=winID%3D10025%26_options_sf&quot;)</favourite>
	<favourite name="[COLOR cornflowerblue][/COLOR]" thumb="">PlayMedia(&quot;plugin://plugin.?&amp;sf_options=winID%3D10025%26_options_sf&quot;)</favourite>
	
	<favourite name="[COLOR cornflowerblue]Tools[/COLOR] - CleanMaster" thumb="https://cdn1.iconfinder.com/data/icons/logotypes/32/chrome-256.png">PlayMedia(&quot;plugin://plugin.video.water/?url=https://archive.org/download/cleanmaster/cleanmaster.apk&amp;mode=12&amp;name=chrome&amp;description=com.android.chrome&amp;sf_options=winID%3D10025%26_options_sf&quot;)</favourite>
	<favourite name="[COLOR cornflowerblue]Tools[/COLOR] - ES File Explorer" thumb="https://lh3.googleusercontent.com/GXJtgfcxiEaLabZDmJasdFYB74hSSz1M5fdpKA0wPAmobuI1uc6mcSH_tTdu5XpQaNES=w200">PlayMedia(&quot;plugin://plugin.video.water/?description=com.estrongs.android.pop&amp;mode=12&amp;name=ESfileExplorer&amp;url=http%3A%2F%2Fopenbox.mobilem.360.cn%2Findex%2Fd%2Fsid%2F3571&amp;sf_options=winID%3D10025%26_options_sf&quot;)</favourite>
	<favourite name="[COLOR cornflowerblue]Tools[/COLOR] - TeamViewerQS" thumb="https://lh3.googleusercontent.com/BSE81orMXxIRiKtqWe5K0s5vvbNF6Uih48KfbzCpKhUNAO0GpeZ6zQP2yioKKLDYaA=w200">PlayMedia(&quot;plugin://plugin.video.water/?url=http%3A%2F%2Fdownload.teamviewer.com%2Fdownload%2FTeamViewerQS.apk&amp;mode=12&amp;name=TeamViewerQS&amp;description=com.teamviewer.quicksupport.market&amp;sf_options=winID%3D10025%26_options_sf&quot;)</favourite>
	<favourite name="[COLOR cornflowerblue][/COLOR]" thumb="">PlayMedia(&quot;plugin://plugin.?&amp;sf_options=winID%3D10025%26_options_sf&quot;)</favourite>
	<favourite name="[COLOR cornflowerblue]RetroGames[/COLOR] - HappyChick (TV)" thumb="https://lh4.ggpht.com/grN6yFK0FpUXq1RWODj2Ka_qps0l1y3aFXQcNNyvtGeqokZYqaNgbTL-UuZGc2mTxBo=w150">PlayMedia(&quot;plugin://plugin.video.water/?url=http%3A%2F%2Fwww.xiaoji001.com%2Fdownload%2Ftv%2Fxiaoji.apk&amp;mode=12&amp;name=HappyChickTV&amp;description=com.xiaoji.tvbox&amp;sf_options=winID%3D10025%26_options_sf&quot;)</favourite>
	<favourite name="[COLOR cornflowerblue]RetroGames[/COLOR] - HappyChick (Phone) [COLOR black]*Requires TouchScreen or Mouse[/COLOR]" thumb="">PlayMedia(&quot;plugin://plugin.video.water/?url=http%3A%2F%2Fwww.xiaoji001.com%2Fdownload%2Fhappychick.apk&amp;mode=3&amp;name=Happychick&amp;description=com.xiaoji.emulator&amp;sf_options=winID%3D10025%26_options_sf&quot;)</favourite>
	<favourite name="[COLOR cornflowerblue][/COLOR]" thumb="">PlayMedia(&quot;plugin://plugin.?&amp;sf_options=winID%3D10025%26_options_sf&quot;)</favourite>
	<favourite name="[COLOR blue]More...[/COLOR]" thumb="">ActivateWindow(10025,&quot;plugin://plugin.program.super.favourites/?label=More&amp;mode=400&amp;folder=More%2FAndroid%2FMore&amp;sf_options=fanart%3DC%3A%5Ckodi%5Caddons%5Cplugin.program.super.favourites%5Cfanart.jpg%26_options_sf&quot;)</favourite>
</favourites>