<favourites>
	<favourite name="TIME.com" thumb="C:\Users\Owner\AppData\Roaming\Kodi\addons\plugin.video.time_com\icon.png">ActivateWindow(10025,&quot;plugin://plugin.video.time_com/&amp;sf_options=&quot;,return)</favourite>
	<favourite name="TheHollywoodReporter" thumb="C:\Users\Owner\AppData\Roaming\Kodi\addons\plugin.video.hollywoodreporter\icon.png">ActivateWindow(10025,&quot;plugin://plugin.video.hollywoodreporter/&amp;sf_options=&quot;,return)</favourite>
	<favourite name="Infowars" thumb="C:\Users\Owner\AppData\Roaming\Kodi\addons\plugin.video.infowars\icon.png">ActivateWindow(10025,&quot;plugin://plugin.video.infowars/&amp;sf_options=&quot;,return)</favourite>
	<favourite name="[COLOR brown]TMZ[/COLOR]" thumb="C:\Users\Owner\AppData\Roaming\Kodi\addons\plugin.video.tmz\icon.png">ActivateWindow(10025,&quot;plugin://plugin.video.tmz/&amp;sf_options=&quot;,return)</favourite>
	<favourite name="[COLOR crimson]On Aol[/COLOR]" thumb="C:\Users\Owner\AppData\Roaming\Kodi\addons\plugin.video.on_aol\icon.png">ActivateWindow(10025,&quot;plugin://plugin.video.on_aol/&amp;sf_options=&quot;,return)</favourite>
	<favourite name="TWiT" thumb="C:\Users\Owner\AppData\Roaming\Kodi\addons\plugin.video.twit\icon.png">ActivateWindow(10025,&quot;plugin://plugin.video.twit/?content_type=video&amp;sf_options=&quot;,return)</favourite>
	<favourite name="Fox News" thumb="C:\Users\Owner\AppData\Roaming\Kodi\addons\plugin.video.fox.news\icon.png">ActivateWindow(10025,&quot;plugin://plugin.video.fox.news/&amp;sf_options=&quot;,return)</favourite>
	<favourite name="CBSnews.com" thumb="C:\Users\Owner\AppData\Roaming\Kodi\addons\plugin.video.cbsnews_com\icon.png">ActivateWindow(10025,&quot;plugin://plugin.video.cbsnews_com/&amp;sf_options=&quot;,return)</favourite>
	<favourite name="World News Live" thumb="C:\Users\Owner\AppData\Roaming\Kodi\addons\plugin.video.world.news.live\icon.png">ActivateWindow(10025,&quot;plugin://plugin.video.world.news.live/&amp;sf_options=&quot;,return)</favourite>
	<favourite name="News" thumb="special://home/addons\plugin.video.YouTube_Vault\resources\img\news.png">ActivateWindow(10025,&quot;plugin://plugin.video.YouTube_Vault/?mode=14&amp;name=News&amp;url=url&amp;sf_options=fanart%3Dspecial%3A%2F%2Fhome%2Faddons%5Cplugin.video.YouTube_Vault%5Cfanart.jpg%26_options_sf&quot;,return)</favourite>
</favourites>