<favourites>
	<favourite name="Movies" thumb="http://icons.iconarchive.com/icons/marcus-roberto/google-play/512/Google-Play-Movies-icon.png">ActivateWindow(10025,&quot;plugin://plugin.program.super.favourites/?folder=Movies&quot;)</favourite>
	<favourite name="TV Shows" thumb="http://googledrive.com/host/0B-bY5h-uWEgZQVJQZ0lzUTdBeFE/icons/tv3.png">ActivateWindow(10025,&quot;plugin://plugin.program.super.favourites/?folder=TV Shows&quot;)</favourite>
	<favourite name="Live TV" thumb="https://googledrive.com/host/0B-bY5h-uWEgZQVJQZ0lzUTdBeFE/icons/test/tvlive.png">ActivateWindow(10025,&quot;plugin://plugin.program.super.favourites/?folder=LiveTV&quot;)</favourite>
	<favourite name="News" thumb="https://moosocial.com/wp-content/uploads/2015/11/livenews-icon.png">ActivateWindow(10025,&quot;plugin://plugin.program.super.favourites/?folder=News&quot;)</favourite>
	<favourite name="Sports" thumb="http://googledrive.com/host/0B-bY5h-uWEgZQVJQZ0lzUTdBeFE/icons/sports/sports1.png">ActivateWindow(10025,&quot;plugin://plugin.program.super.favourites/?folder=Sports&quot;)</favourite>
	<favourite name="Music" thumb="http://icons.iconarchive.com/icons/wwalczyszyn/iwindows/128/Music-Library-icon.png">ActivateWindow(10025,&quot;plugin://plugin.program.super.favourites/?folder=More/Music&quot;,return)</favourite>
	<favourite name="YouTube" thumb="http://www.usacapitol.com/SiteAssets/stay-connected/youtube-logo.png">ActivateWindow(10025,&quot;plugin://plugin.video.youtube/&quot;)</favourite>
	<favourite name="MORE" thumb="http://googledrive.com/host/0B-bY5h-uWEgZQVJQZ0lzUTdBeFE/icons/more.png">ActivateWindow(10025,&quot;plugin://plugin.program.super.favourites/?folder=More&quot;)</favourite>
	<favourite name="Settings" thumb="http://googledrive.com/host/0B-bY5h-uWEgZQVJQZ0lzUTdBeFE/icons/settings.png">ActivateWindow(10025,&quot;plugin://plugin.program.super.favourites/?folder=More/Settings&quot;,return)</favourite>
</favourites>