<favourites>
	<favourite name="[COLOR blue]Sport365.live[/COLOR]" thumb="http://img.phone.baidu.com/public/uploads/store_10/8/7/2/e145061a53cfc8d643199aaeb87c74b3_130x130.png">ActivateWindow(10025,&quot;plugin://plugin.video.ZemTV-shani/?mode=56&amp;name=Sport365.live&amp;url=sss&quot;,return)</favourite>
	<favourite name="[COLOR blue]BT Sport 1[/COLOR] - mama" thumb="special://home/addons\plugin.video.SportsDevil\resources\images\channels/bt_sport_1.png">ActivateWindow(10025,&quot;plugin://plugin.video.SportsDevil/?item=title.tmp%3dBT%2bSport%2b2%26catcher%3dstreams%26title%3dBT%2bSport%2b2%26url%3dhttp%253A%252F%252Fmamahd.com%252Fwatch-bt-sport-1-live-stream-1.html%26videoTitle%3dBT%2bSport%2b2%26director%3dmamahd.com%26genre%3dTV%26referer%3dhttp%253A%252F%252Fmamahd.com%26definedIn%3dtv%252Fmamahd.com.cfg%26icon.tmp%3dhttp%253A%252F%252Fmamahd.com%252Fimages%252Fchannels%252Fbt.png%26type%3drss%26icon%3dC%253A%255Ckodi%255Cportable_data%255Caddons%255Cplugin.video.SportsDevil%255Cresources%255Cimages%255Cchannels%252Fbt_sport_2.png&amp;mode=1&quot;,return)</favourite>
	<favourite name="[COLOR blue]BT Sport 1[/COLOR] - UKTVnow" thumb="special://home/addons\plugin.video.SportsDevil\resources\images\channels/bt_sport_1.png">PlayMedia(&quot;plugin://plugin.video.wateriptv/?url=url&amp;mode=1002&amp;name=Bt+sports+1&amp;sf_options=winID%3D10025%26_options_sf&quot;)</favourite>
	<favourite name="[COLOR blue]BT Sport 1[/COLOR] - Zona*" thumb="special://home/addons\plugin.video.SportsDevil\resources\images\channels/bt_sport_1.png">PlayMedia(&quot;http://185.59.222.65:8080/MHAJbmmhhjPIAmbt1/index.m3u8?sf_options=winID%3D10025%26_options_sf&quot;)</favourite>
	<favourite name="[COLOR blue]BT Sport 1[/COLOR] - Turk" thumb="http://metalkettle.co/logos/logos1/BT%20Sport%201.png">PlayMedia(&quot;plugin://plugin.video.ukturk/?url=http%3A%2F%2Fukturk.offshorepastebin.com%2FUKTurk%2FSportsList.txt&amp;mode=5&amp;name=BT+Sport+1&amp;iconimage=http%3A%2F%2Fmetalkettle.co%2Flogos%2Flogos1%2FBT%2520Sport%25202.png&amp;description=BL&quot;)</favourite>
	<favourite name="[COLOR blue]BT Sport 1[/COLOR] - liveonlinetv247 SD" thumb="http://www.liveonlinetv247.info/images/btsport1.png">ActivateWindow(10025,&quot;plugin://plugin.video.SportsDevil/?item=definedIn%3dcustoms%252Fliveonlinetv247.net.cfg%26url.tmp%3d%252Fwatch.php%253Ftitle%253DBT%2bSport%2b2%2526channel%253Dbtsport1%26title%3dBT%2bSport%2b2%26url%3dhttp%253A%252F%252Fwww.liveonlinetv247.info%252Fwatch.php%253Ftitle%253DBT%2bSport%2b2%2526channel%253Dbtsport1%26cfg%3dliveonlinetv247.net.cfg%2540Streams%26videoTitle%3dBT%2bSport%2b2%26director%3dliveonlinetv247%26referer%3dhttp%253A%252F%252Fwww.liveonlinetv247.info%252Ftvchannels.php%26genre%3dLive%2bTV%26type%3drss%26icon%3dhttp%253A%252F%252Fwww.liveonlinetv247.info%252Fimages%252Fbtsport2.png&amp;mode=1&quot;,return)</favourite>
	<favourite name="[COLOR blue]BT Sport 1[/COLOR] - iBrod VT" thumb="">PlayMedia(&quot;plugin://plugin.video.VidTime/?url=http%3A%2F%2Fwww.ibrod.tv%2Fbtsports1.html&amp;icon=http%3A%2F%2Fs5.postimg.org%2F4vavhx43r%2FOnline_Sports_isn_t_it_Fun.jpg&amp;mode=UKSPORT&amp;name=BT+SPORTS+1+&amp;sf_options=winID%3D10025%26_options_sf&quot;)</favourite>
	<favourite name="[COLOR blue]BT Sport 1[/COLOR] - iBrod SD" thumb="">ActivateWindow(10025,&quot;plugin://plugin.video.SportsDevil/?item=plot%3dWatch%2bBT%2bsports%2b1%2bOnline%26catcher%3dstreams%26title%3dBT%2bSPORTS%2b1%26url%3dhttp%253A%252F%252Fibrod.tv%252Fbtsports1.html%26videoTitle%3dBT%2bSPORTS%2b2%26director%3dibrod.tv%26genre%3dLive%2bTV%26referer%3dhttp%253A%252F%252Fibrod.tv%252Fbtsports1.html%26definedIn%3dtv%252Fibrod.tv.cfg%26type%3drss%26icon%3dhttp%253A%252F%252Fibrod.tv%252Fimages%252Flogo.png&amp;mode=1&quot;,return)</favourite>
	<favourite name="[COLOR blue]BT Sport 1[/COLOR] - iBrod CW" thumb="">PlayMedia(&quot;plugin://plugin.video.castaway/?play=True&amp;img=C%3A%5Ckodi%5Cportable_data%5Caddons%5Cplugin.video.castaway%2Fresources%2Fmedia%2Fibrod.png&amp;title=BT+SPORTS+1&amp;url=http%3A%2F%2Fwww.ibrod.tv%2Fbtsports1.html&amp;site=ibrod&amp;mode=play_special&amp;sf_options=winID%3D10025%26_options_sf&quot;)</favourite>
	<favourite name="[COLOR blue]BT Sport 1[/COLOR] - ShadowNet SD" thumb="">ActivateWindow(10025,&quot;plugin://plugin.video.SportsDevil/?item=catcher%3dstreams%26title%3dBT%2bSport%2b2%26url%3dhttp%253A%252F%252Fwww.shadow-net.me%252Fchannels%252FBT-Sport-1.html%26cfg%3dshadownet.ro.cfg%2540Channels%26videoTitle%3dBT%2bSport%2b2%26director%3dShadowNet.ro%26genre%3dLive%2bTV%26referer%3dhttp%253A%252F%252Fwww.shadow-net.me%252Fchannels%252FBT-Sport-1.html%26definedIn%3dshadownet.ro.cfg%26icon.tmp%3dhttp%253A%252F%252Fwww.shadow-net.me%252Fproduct_images%252Fy%252F951%252Fbt_sport_1__63983_thumb.jpg%26type%3drss%26icon%3dhttp%253A%252F%252Fwww.shadow-net.me%252Fproduct_images%252Fy%252F951%252Fbt_sport_1__63983_thumb.jpg%257CReferer%253Dhttp%253A%252F%252Fwww.shadow-net.me%252F%2526User-Agent%253DMozilla%252F5.0%2b%2528Windows%2bNT%2b6.3%2529%2bAppleWebKit%252F537.36%2b%2528KHTML%252C%2blike%2bGecko%2529%2bChrome%252F50.0.2661.94%2bSafari%252F537.36&amp;mode=1&quot;,return)</favourite>
	<favourite name="[COLOR blue]BT Sport 1[/COLOR] - ShadowNet CW" thumb="">PlayMedia(&quot;plugin://plugin.video.castaway/?play=True&amp;img=http%3A%2F%2Fwww.shadow-net.me%2Fproduct_images%2Fy%2F951%2Fbt_sport_2__63983_thumb.jpg&amp;title=BT+Sport+1&amp;url=http%3A%2F%2Fwww.shadow-net.me%2Fchannels%2FBT-Sport-1.html&amp;site=shadownet&amp;mode=play_special&amp;sf_options=winID%3D10025%26_options_sf&quot;)</favourite>
	<favourite name="[COLOR blue]BT Sport 1[/COLOR] - ShowSport SD " thumb="">ActivateWindow(10025,&quot;plugin://plugin.video.SportsDevil/?item=title.tmp%3dBT%2bSport%2b2%2bFrance%2blive%2bstream%26catcher%3dstreams%26url.tmp%3d%252Fwatch%252Fbt-sport-1-live-stream%26title%3dBT%2bSport%2b2%2b%26url%3dhttp%253A%252F%252Fshowsport-tv.com%252Fwatch%252Fbt-sport-1-live-stream%26videoTitle%3dBT%2bSport%2b2%2b%26director%3dshowsport-tv.com%26genre%3dTV%26referer%3dhttp%253A%252F%252Fshowsport-tv.com%26definedIn%3dtv%252Fshowsport-tv.com.cfg%26icon.tmp%3d%252Fimages%252Fchannel%252Fbt1.png%26type%3drss%26icon%3dhttp%253A%252F%252Fshowsport-tv.com%252Fimages%252Fchannel%252Fbt1.png&amp;mode=1&quot;,return)</favourite>
	<favourite name="[COLOR blue]BT Sport 1[/COLOR] - stream2watch SD" thumb="">ActivateWindow(10025,&quot;plugin://plugin.video.SportsDevil/?item=definedIn%3ds2.cfg%26title%3dBT%2bSPORT%2b2%2bUK%26url%3dhttp%253A%252F%252Fwww.stream2watch.co%252Flive-now%252Flive-tv%252Fgb%252Fbt-sport-1-uk-live-stream%26cfg%3ds2.cfg%2540Streams%26videoTitle%3dBT%2bSPORT%2b2%2bUK%26director%3dS2%26genre%3dLive%2bTV%26type%3drss%26_icon%3dhttp%253A%252F%252Fwww.stream2watch.co%252Fimages%252Fthumbs%252Fbt2%252520live%252520stream.jpg%26icon%3dhttp%253A%252F%252Fwww.stream2watch.co%252Fimages%252Fthumbs%252Fbt2%252520live%252520stream.jpg%257CReferer%253Dhttp%253A%252F%252Fwww.stream2watch.co%252F%2526User-Agent%253DMozilla%252F5.0%2b%2528Windows%2bNT%2b6.3%2529%2bAppleWebKit%252F537.36%2b%2528KHTML%252C%2blike%2bGecko%2529%2bChrome%252F50.0.2661.94%2bSafari%252F537.36&amp;mode=1&quot;,return)</favourite>
	<favourite name="[COLOR blue]BT Sport 1[/COLOR] - serbiaplus CW" thumb="http://www.serbiaplus.club/images/BT%20SPORT%2011.jpg">PlayMedia(&quot;plugin://plugin.video.castaway/?play=True&amp;img=http%3A%2F%2Fwww.serbiaplus.club%2Fimages%2FBT%2520SPORT%252011.jpg&amp;title=BT+SPORT+1&amp;url=http%3A%2F%2Fwww.serbiaplus.club%2Fbtsport1sk.html&amp;site=serbiaplus&amp;mode=play_special&amp;sf_options=winID%3D10025%26_options_sf&quot;)</favourite>
	<favourite name="VT -  (Scroll Down)" thumb="http://s5.postimg.org/4vavhx43r/Online_Sports_isn_t_it_Fun.jpg">ActivateWindow(10025,&quot;plugin://plugin.video.VidTime/?icon=http%3a%2f%2fs5.postimg.org%2f4vavhx43r%2fOnline_Sports_isn_t_it_Fun.jpg&amp;mode=VT%20SPORTS&amp;sf_options=fanart%3Dspecial%3A%2F%2Fhome%2Faddons%5Cplugin.video.VidTime%5Cfanart.jpg%26_options_sf&quot;,return)</favourite>
	<favourite name="DimSports CW" thumb="special://home/addons\plugin.video.castaway\resources/media/icons/basketball.png">ActivateWindow(10025,&quot;plugin://plugin.video.castaway/?mode=open_sport_cat&amp;site=dimsport&amp;url=http%3a%2f%2fidimsports.eu%2fbasketball.html&quot;,return)</favourite>
</favourites>