<favourites>
	<favourite name="Family Guy" thumb="https://upload.wikimedia.org/wikipedia/en/thumb/a/aa/Family_Guy_Logo.svg/335px-Family_Guy_Logo.svg.png">PlayMedia(&quot;http://iptvnation.com/familyguy.mp4?sf_options=winID%3D10025%26_options_sf&quot;)</favourite>
	<favourite name="[COLOR FFFFFFFF]highspothorror105[/COLOR]" thumb="http://cdn.vaughnsoft.com/vaughnsoft/vaughn/img_profiles/highspothorror105_320.jpg">PlayMedia(&quot;plugin://plugin.stream.vaughnlive.tv/?sourcetype=auto&amp;img=http%3A%2F%2Fcdn.vaughnsoft.com%2Fvaughnsoft%2Fvaughn%2Fimg_profiles%2Fhighspothorror105_320.jpg&amp;title=highspothorror105&amp;url=http%3A%2F%2Fvaughnlive.tv%2Fhighspothorror105&amp;section=&amp;site=&amp;mode=PlayLiveStream&amp;fimg=http%3A%2F%2Fcdn.vaughnsoft.com%2Fvaughnsoft%2Fvaughnlive%2Fimg_backgrounds%2Fhighspothorror105.jpg&amp;channel=highspothorror105&amp;sf_options=fanart%3Dhttp%3A%2F%2Fcdn.vaughnsoft.com%2Fvaughnsoft%2Fvaughnlive%2Fimg_backgrounds%2Fhighspothorror105.jpg%26winID%3D10025%26_options_sf&quot;)</favourite>
	<favourite name="Simpsons" thumb="">PlayMedia(&quot;http://iptvnation.com/simpsons.mp4?sf_options=winID%3D10025%26_options_sf&quot;)</favourite>
	<favourite name="South Park" thumb="http://tvtvtv.ru/icons/logo_4527.png">PlayMedia(&quot;http://iptvnation.com/southpark.mp4?sf_options=winID%3D10025%26_options_sf&quot;)</favourite>
	<favourite name="Bobs Burgers" thumb="http://vignette3.wikia.nocookie.net/voiceacting/images/8/8e/Bob">PlayMedia(&quot;http://iptvnation.com/bobs.mp4?sf_options=winID%3D10025%26_options_sf&quot;)</favourite>
	<favourite name="the Simpsons 2" thumb="http://www.crystalxp.net/galerie/img/img-icons-a-png-the-simpsons-wizzer-6061.png">PlayMedia(&quot;http://veetle.com/index.php/hls/streamMbrfast/52dada61bdf13_/stream.m3u8?sf_options=winID%3D10025%26_options_sf&quot;)</favourite>
	<favourite name="South Park 2" thumb="http://images.enstarz.com/data/images/full/69642/south-park.jpg">PlayMedia(&quot;http://veetle.com/index.php/hls/streamMbrFast/541c316fe8423_/stream.m3u8?sf_options=winID%3D10025%26_options_sf&quot;)</favourite>
</favourites>