<favourites>
	<favourite name="Live Games - mamaHD" thumb="">ActivateWindow(&quot;10025&quot;,&quot;plugin://plugin.video.sportie/?fanart=&amp;iconimage=&amp;mode=310&amp;name=%5bB%5d%5bCOLOR%20white%5dMAMAHD%5b%2fB%5d%5b%2fCOLOR%5d&amp;url=yes&quot;,return)</favourite>
	<favourite name="Live Games - Soccer Streams" thumb="special://home/addons\plugin.video.soccerstreams\icon.png">ActivateWindow(10025,&quot;plugin://plugin.video.soccerstreams/&quot;,return)</favourite>
	<favourite name="Live Games - Soccer World" thumb="">ActivateWindow(10025,&quot;plugin://plugin.video.sportie/?fanart=&amp;iconimage=&amp;mode=307&amp;name=LIVE SOCCER&amp;url=null&quot;,return)</favourite>
	<favourite name="Live Games - HESGOAL" thumb="">ActivateWindow(10025,&quot;plugin://plugin.video.sportie/?fanart=&amp;iconimage=&amp;mode=205&amp;name=HESGOAL&amp;url=url&quot;,return)</favourite>
	<favourite name="Live Games - B-Streams" thumb="special://home/addons\plugin.video.SportsDevil\resources\images\bundesligastream.png">ActivateWindow(10025,&quot;plugin://plugin.video.SportsDevil/?item=title%3dBundesliga-Streams.net%26url%3dlivesports%252Fbundesliga-streams.net.cfg%26definedIn%3dlivesports.cfg%26director%3dbundesliga-streams.net%26genre%3dLive%2bSports%26type%3drss%26icon%3dC%253A%255Ckodi%255Cportable_data%255Caddons%255Cplugin.video.SportsDevil%255Cresources%255Cimages%255Cbundesligastream.png&amp;mode=1&quot;,return)</favourite>
	<favourite name="Live Games - StreamHunter" thumb="special://home/addons\plugin.video.SportsDevil\resources\images\lshunter_tv.png">ActivateWindow(10025,&quot;plugin://plugin.video.SportsDevil/?item=title%3dFootball%26url%3dhttp%253A%252F%252Fwww.batmanstream.com%252Ffootball-live-streaming-video-2016-3.html%26cfg%3dlshunter-new.cfg%2540Events%26definedIn%3dlivesports%252Flshunter-new.cfg%26director%3dLSHunter.tv%26genre%3dLive%2bSports%26type%3drss%26icon%3dC%253A%255Ckodi%255Cportable_data%255Caddons%255Cplugin.video.SportsDevil%255Cresources%255Cimages%255Clshunter_tv.png&amp;mode=1&quot;,return)</favourite>
	<favourite name="Live Games - CricFree" thumb="http://cricfree.tv/images/cricfree.png">ActivateWindow(10025,&quot;plugin://plugin.video.SportsDevil/?item=title%3d%252ASchedule%252A%26url%3dhttp%253A%252F%252Fcricfree.sc%26cfg%3dcricfree.tv.cfg%2540Schedule%26definedIn%3dtv%252Fcricfree.tv.cfg%26director%3dcricfree.tv%26genre%3dTV%26type%3donce%26icon%3dhttp%253A%252F%252Fcricfree.tv%252Fimages%252Fcricfree.png&amp;mode=1&quot;,return)</favourite>
	<favourite name="Live Games - HDfree.tv" thumb="special://home/addons\plugin.video.SportsDevil\resources\images\hdfree.png">ActivateWindow(10025,&quot;plugin://plugin.video.SportsDevil/?item=title%3d%252ASchedule%252A%26url%3dhttp%253A%252F%252Ffreehdsport.com%26cfg%3dfreesport.cfg%2540Schedule%26definedIn%3dtv%252Ffreesport.cfg%26director%3dHDFree.tv%26genre%3dTV%26type%3drss%26icon%3dC%253A%255Ckodi%255Cportable_data%255Caddons%255Cplugin.video.SportsDevil%255Cresources%255Cimages%255Chdfree.png&amp;mode=1&quot;,return)</favourite>
	<favourite name="Live Games - ProSport" thumb="DefaultFolder.png">ActivateWindow(10025,&quot;plugin://plugin.video.prosport/?mode=topics&amp;next_url&amp;url=soccerstreams&amp;sf_options=meta%3Dlabel%253D%25255BCOLOR%25253DFF00FF00%25255D%25255B%252BSOCCERSTREAMS%252B%25255D%25255B%25252FCOLOR%25255D%2526userrating%253DListItem.userrating%2526title%253D%25255BCOLOR%25253DFF00FF00%25255D%25255B%252BSOCCERSTREAMS%252B%25255D%25255B%25252FCOLOR%25255D%26_options_sf&quot;,return)</favourite>
	<favourite name="" thumb="">ActivateWindow(10025,&quot;plugin://plugin.video.&quot;,return)</favourite>
	<favourite name="Highlights" thumb="">ActivateWindow(10025,&quot;plugin://plugin.video.footballreplays/?iconimage&amp;mode=5&amp;name=Highlights&amp;page=1&amp;url=url&quot;,return)</favourite>
	<favourite name="LIVE SCORES" thumb="">ActivateWindow(10025,&quot;plugin://plugin.video.sportie/?fanart=&amp;iconimage=&amp;mode=80&amp;name=Live Scores&amp;url=url&quot;,return)</favourite>
	<favourite name="" thumb="">ActivateWindow(10025,&quot;plugin://plugin.video.&quot;,return)</favourite>
	<favourite name="Soccer Replays" thumb="http://3dhub.netne.net/images/projectd-football.jpg">ActivateWindow(10025,&quot;plugin://plugin.video.projectm/?fanart=http%3a%2f%2f3dhub.netne.net%2fimages%2fproject-d-large.jpg&amp;mode=1&amp;name=%5bB%5d%5bCOLOR%20deepskyblue%5dFOOTBALL%20REPLAYS%5b%2fCOLOR%5d%5b%2fB%5d&amp;url=http%3a%2f%2f3dhub.netne.net%2fprojectd%2ffootball.xml&quot;,return)</favourite>
	<favourite name="Soccer Highlights" thumb="">ActivateWindow(10025,&quot;plugin://plugin.video.matchreplays/&quot;,return)</favourite>
	<favourite name="Soccer Replays &amp; Highlights" thumb="special://home/addons\plugin.video.footballreplays\icon.png">ActivateWindow(10025,&quot;plugin://plugin.video.footballreplays/&quot;,return)</favourite>
</favourites>