   <favourites>
  
    <favourite name="NFL" thumb="C:\kodi\portable_data\addons\plugin.video.SportsDevil\resources\images\sports/American Football.png">ActivateWindow(10025,&quot;plugin://plugin.video.SportsDevil/?item=title%3dAmerican%2bFootball%26url%3dhttp%253A%252F%252Fwww.idimsports.eu%252Famerican-football.html%26cfg%3ddimsports.eu.links.cfg%26definedIn%3dlivesports%252Fdimsports.eu.cfg%26director%3ddimsports.eu%26genre%3dLive%2bSports%26type%3drss%26icon%3dC%253A%255Ckodi%255Cportable_data%255Caddons%255Cplugin.video.SportsDevil%255Cresources%255Cimages%255Csports%252FAmerican%2bFootball.png&amp;mode=1&quot;,return)</favourite>
    <favourite name="NFL" thumb="C:\kodi\portable_data\addons\plugin.video.SportsDevil\resources\images\sports/American Football.png">ActivateWindow(10025,&quot;plugin://plugin.video.SportsDevil/?item=title%3dAmerican%2bFootball%26url%3dhttp%253A%252F%252Fwww.thefeed2all.eu%252Ftype%252Famerican-football.html%26cfg%3dfirstrowsports.eu.links.cfg%26definedIn%3dlivesports%252Ffirstrowsports.eu.cfg%26director%3dFirstRowSports.eu%26genre%3dLive%2bSports%26type%3drss%26icon%3dC%253A%255Ckodi%255Cportable_data%255Caddons%255Cplugin.video.SportsDevil%255Cresources%255Cimages%255Csports%252FAmerican%2bFootball.png&amp;mode=1&quot;,return)</favourite>
    <favourite name="NFL" thumb="C:\kodi\portable_data\addons\plugin.video.SportsDevil\resources\images\sports/American Football.png">ActivateWindow(10025,&quot;plugin://plugin.video.SportsDevil/?item=title%3dAmerican%2bFootball%26url%3dhttp%253A%252F%252Ffirstrowsports.ge%252Findex.php%253Fgame%253Damerican-football%26cfg%3dfirstrowsports.ge.links.cfg%26definedIn%3dlivesports%252Ffirstrowsports.ge.cfg%26director%3dFirstRowSports.ge%26genre%3dLive%2bSports%26type%3drss%26icon%3dC%253A%255Ckodi%255Cportable_data%255Caddons%255Cplugin.video.SportsDevil%255Cresources%255Cimages%255Csports%252FAmerican%2bFootball.png&amp;mode=1&quot;,return)</favourite>
    <favourite name="NFL" thumb="C:\kodi\portable_data\addons\plugin.video.SportsDevil\resources\images\sports/American Football.png">ActivateWindow(10025,&quot;plugin://plugin.video.SportsDevil/?item=title%3dNFL%26url%3dhttp%253A%252F%252Fwww.realstreamunited.com%252Fnfl-live-streaming-video.html%26cfg%3dlshunter.tv.days.cfg%2540http%253A%252F%252Fwww.realstreamunited.com%252Fnfl-live-streaming-video.html%26definedIn%3dlivesports%252Flshunter.tv.cfg%26director%3dLSHunter.tv%26genre%3dLive%2bSports%26type%3drss%26icon%3dC%253A%255Ckodi%255Cportable_data%255Caddons%255Cplugin.video.SportsDevil%255Cresources%255Cimages%255Csports%252FAmerican%2bFootball.png&amp;mode=1&quot;,return)</favourite>
    <favourite name="NFL" thumb="C:\kodi\portable_data\addons\plugin.video.SportsDevil\resources\images\sports/American Football.png">ActivateWindow(10025,&quot;plugin://plugin.video.SportsDevil/?item=title%3dAmerican%2bFootball%26url%3dhttp%253A%252F%252Fwww.vipleague.is%252Fsports%252Famerican-football.html%26cfg%3dvipbox.tv.events.cfg%26definedIn%3dlivesports%252Fvipbox.tv.cfg%26director%3dVipBox.tv%26genre%3dLive%2bSports%26type%3drss%26icon%3dC%253A%255Ckodi%255Cportable_data%255Caddons%255Cplugin.video.SportsDevil%255Cresources%255Cimages%255Csports%252FAmerican%2bFootball.png&amp;mode=1&quot;,return)</favourite>
  
	</favourites>