<favourites>
	<favourite name="[B]First Aid[/B]" thumb="http://i.imgur.com/wYtQP2B.png">ActivateWindow(10025,&quot;plugin://plugin.video.Evolve/?description&amp;fanart=http%3a%2f%2fi.imgur.com%2fOgd1Uxf.png&amp;mode=2&amp;name=%5bB%5dFirst%20Aid%5b%2fB%5d&amp;url=https%3a%2f%2fwww.youtube.com%2fplaylist%3flist%3dPLvd0isBh6beQJ1YrlssqzKoXY_aw-qvoW&amp;sf_options=fanart%3Dhttp%3A%2F%2Fi.imgur.com%2FOgd1Uxf.png%26_options_sf&quot;,return)</favourite>
	<favourite name="[B]DIY Tips &amp; Tutorials[/B]" thumb="http://i.imgur.com/90lWLTO.png">ActivateWindow(10025,&quot;plugin://plugin.video.Evolve/?description&amp;fanart=http%3a%2f%2fi.imgur.com%2fOgd1Uxf.png&amp;mode=1&amp;name=%5bB%5dDIY%20Tips%20%26%20Tutorials%5b%2fB%5d&amp;url=http%3a%2f%2fpastebin.com%2fraw%2fwhPZzHrW&amp;sf_options=fanart%3Dhttp%3A%2F%2Fi.imgur.com%2FOgd1Uxf.png%26_options_sf&quot;,return)</favourite>
	<favourite name="[B]Diet Central[/B]" thumb="http://i.imgur.com/RIAA7zZ.png">ActivateWindow(10025,&quot;plugin://plugin.video.Evolve/?description&amp;fanart=http%3a%2f%2fi.imgur.com%2fOgd1Uxf.png&amp;mode=1&amp;name=%5bB%5dDiet%20Central%5b%2fB%5d&amp;url=http%3a%2f%2fpastebin.com%2fraw%2fR9XJkSUr&amp;sf_options=fanart%3Dhttp%3A%2F%2Fi.imgur.com%2FOgd1Uxf.png%26_options_sf&quot;,return)</favourite>
	<favourite name="Fitness" thumb="http://metalkettle.co/UKTurk18022016/thumbs/new/Uk%20turk%20thumbnails%20fitness.jpg">ActivateWindow(10025,&quot;plugin://plugin.video.ukturk/?description&amp;iconimage=http%3a%2f%2fmetalkettle.co%2fUKTurk18022016%2fthumbs%2fnew%2fUk%2520turk%2520thumbnails%2520fitness.jpg&amp;mode=1&amp;name=Fitness&amp;url=http%3a%2f%2fmetalkettle.co%2fUKTurk18022016%2fFitness%2520Videos.txt&amp;sf_options=fanart%3Dspecial%3A%2F%2Fhome%2Faddons%5Cplugin.video.ukturk%5Cfanart.jpg%26_options_sf&quot;,return)</favourite>
	<favourite name="Ultimate Guitar" thumb="special://home/addons\plugin.video.ultimateguitar\icon.png">ActivateWindow(10025,&quot;plugin://plugin.video.ultimateguitar?sf_options=fanart%3Dspecial%3A%2F%2Fhome%2Faddons%5Cplugin.video.ultimateguitar%5Cfanart.jpg%26desc%3DA+complete+guitar+course+from+Justin+Sandercoe%2C+for+beginners+to+advanced+players%26_options_sf&quot;,return)</favourite>
	<favourite name="VIM Tutorials" thumb="special://home/addons\plugin.video.vimcasts\icon.png">ActivateWindow(10025,&quot;plugin://plugin.video.vimcasts/&quot;,return)</favourite>
	<favourite name="GFX Tutorials" thumb="special://home/addons\plugin.video.videocopilot\icon.png">ActivateWindow(10025,&quot;plugin://plugin.video.videocopilot/&quot;,return)</favourite>
	<favourite name="Railscasts" thumb="special://home/addons\plugin.video.railscasts\icon.png">ActivateWindow(10025,&quot;plugin://plugin.video.railscasts/?sf_options=desc%3DRailsCasts+is+produced+by+Ryan+Bates+%28rbates+on+Twitter+and+ryanb+on+GitHub%29.+A+free+episode+will+be+released+every+other+week+featuring+tips+and+tricks+with+Ruby+on+Rails.+The+screencasts+are+short+and+focus+on+one+technique+so+you+can+quickly+move+on+to+applying+it+to+your+own+project.+The+topics+target+the+intermediate+Rails+developer%2C+but+beginners+and+experts+will+get+something+out+of+it+as+well.+This+add-on+is+unofficial%2C+in+case+of+any+support+contact+the+author+directly+%28via+http%3A%2F%2Fgithub.com%2Fhrwath%29%26_options_sf&quot;,return)</favourite>
</favourites>