<favourites>
	<favourite name="BEST SERVER" thumb="http://icons.iconarchive.com/icons/designcontest/ecommerce-business/128/bar-chart-icon.png">ActivateWindow(10025,&quot;plugin://plugin.video.origin2/?action=movies&amp;url=trending&quot;,return)</favourite>
	<favourite name="Server 3[COLOR black]- one[/COLOR]" thumb="https://i.imgsafe.org/b396b5d.jpg">ActivateWindow(10025,&quot;plugin://plugin.video.phstreams/?action=directory&amp;url=http%3a%2f%2fone242415.offshorepastebin.com%2fMovies%2fLatestRelease.xml&quot;,return)</favourite>
	<favourite name="Server 4[COLOR black]- ph[/COLOR]" thumb="http://media.reeoo.com/MovieQuest-icon.png!icon180">ActivateWindow(10025,&quot;plugin://plugin.video.phstreams/?action=directory&amp;url=http%3a%2f%2fphoenixtv.offshorepastebin.com%2freleases%2fmain.xml&quot;,return)</favourite>
	<favourite name="Server 2[COLOR black]- bob[/COLOR]" thumb="http://www.norestrictions.club/main/mainicons/NewReleases.jpg">ActivateWindow(10025,&quot;plugin://plugin.video.phstreams/?action=directory&amp;content=0&amp;url=http%3a%2f%2fnorestrictions.club%2fnorestrictions.club%2fmain%2fnewreleases.xml&quot;,return)</favourite>
	<favourite name="Server 1[COLOR black]- val[/COLOR]" thumb="http://i.imgur.com/8Mxn3jA.jpg">ActivateWindow(10025,&quot;plugin://plugin.video.phstreams/?action=directory&amp;content=0&amp;url=http%3a%2f%2fnorestrictions.club%2fnorestrictions.club%2fvalhalla%2fHot.xml&quot;,return)</favourite>
	<favourite name="" thumb="">PlayMedia(&quot;plugin://plugin.video.none?sf_options=winID%3D10025%26_options_sf&quot;,return)</favourite>
	<favourite name="Server 5[COLOR black]- salts[/COLOR]" thumb="special://home/addons\plugin.video.salts\art\themes\Shine\trending.png">ActivateWindow(10025,&quot;plugin://plugin.video.salts/?mode=trending&amp;section=Movies&amp;sf_options=fanart%3Dspecial%3A%2F%2Fhome%2Faddons%5Cplugin.video.salts%5Cfanart.jpg%26_options_sf&quot;,return)</favourite>
	<favourite name="Server 6[COLOR black]- primewire[/COLOR]" thumb="https://firestixz.files.wordpress.com/2015/07/1channel-icon.jpg">ActivateWindow(10025,&quot;plugin://plugin.video.1channel/?mode=GetFilteredResults&amp;section=movie&amp;sort=featured&amp;sf_options=&quot;,return)</favourite>
	<favourite name="[COLOR orangered][B]New Releases[/B][/COLOR]" thumb="http://alphareborn.offshorepastebin.com/arb/images/newreleases.png">ActivateWindow(10025,&quot;plugin://plugin.video.phstreams/?action=directory&amp;content=0&amp;url=http%3a%2f%2falphareborn.offshorepastebin.com%2farb%2fnewreleases%2fnewreleases.xml&amp;sf_options=fanart%3Dhttp%3A%2F%2Falphareborn.offshorepastebin.com%2Farb%2Fimages%2Fnewreleases.jpg%26meta%3Duserrating%253DListItem.userrating%2526label%253D%25255BCOLOR%252Borangered%25255D%25255BB%25255DNew%252BReleases%25255B%25252FB%25255D%25255B%25252FCOLOR%25255D%26_options_sf&quot;,return)</favourite>
	<favourite name="Supremacy Recent Movies" thumb="http://www.stephen-builds.co.uk/wizard/icon.png">ActivateWindow(10025,&quot;plugin://plugin.video.sanctuary/?description&amp;extra&amp;fanart=C%3a%5ckodi%5cportable_data%5caddons%5cplugin.video.sanctuary%5cfanart.jpg&amp;iconimage=http%3a%2f%2fwww.stephen-builds.co.uk%2fwizard%2ficon.png&amp;mode=1101&amp;name=Supremacy%20Recent%20Movies&amp;url=https%3a%2f%2fsimplekore.com%2fwp-content%2fuploads%2ffile-manager%2fsteboy11%2fNew%2520Releases%2fNew%2520Releases.txt&amp;sf_options=fanart%3Dspecial%3A%2F%2Fhome%2Faddons%5Cplugin.video.sanctuary%5Cfanart.jpg%26meta%3Dlabel%253DSupremacy%252BRecent%252BMovies%2526userrating%253DListItem.userrating%2526title%253DSupremacy%252BRecent%252BMovies%26_options_sf&quot;,return)</favourite>
</favourites>