<favourites>
	<favourite name="Live Games" thumb="http://content.sportslogos.net/logos/4/490/full/1986.gif">ActivateWindow(10025,&quot;plugin://plugin.video.prosport/&amp;?away&amp;home&amp;mode=mlb&amp;url&quot;,return)</favourite>
	<favourite name="Baseball - DimSports" thumb="special://home/addons\plugin.video.SportsDevil\resources\images\sports/Baseball.png">ActivateWindow(10025,&quot;plugin://plugin.video.SportsDevil/?item=title%3dBaseball%26url%3dhttp%253A%252F%252Fwww.idimsports.eu%252Fbaseball.html%26cfg%3ddimsports.eu.links.cfg%26definedIn%3dlivesports%252Fdimsports.eu.cfg%26director%3ddimsports.eu%26genre%3dLive%2bSports%26type%3drss%26icon%3dC%253A%255Ckodi%255Cportable_data%255Caddons%255Cplugin.video.SportsDevil%255Cresources%255Cimages%255Csports%252FBaseball.png&amp;mode=1&quot;,return)</favourite>
	<favourite name="Baseball - LSHunter" thumb="special://home/addons\plugin.video.SportsDevil\resources\images\lshunter_tv.png">ActivateWindow(10025,&quot;plugin://plugin.video.SportsDevil/?item=title%3dBaseball%26url%3dhttp%253A%252F%252Fwww.batmanstream.com%252Fbaseball-live-streaming-video.html%26cfg%3dlshunter-new.cfg%2540Events%26definedIn%3dlivesports%252Flshunter-new.cfg%26director%3dLSHunter.tv%26genre%3dLive%2bSports%26type%3drss%26icon%3dC%253A%255Ckodi%255Cportable_data%255Caddons%255Cplugin.video.SportsDevil%255Cresources%255Cimages%255Clshunter_tv.png&amp;mode=1&quot;,return)</favourite>
	<favourite name="Baseball - WizHD" thumb="special://home/addons\plugin.video.castaway\resources/media/icons/baseball.png">ActivateWindow(10025,&quot;plugin://plugin.video.castaway/?mode=open_sport_cat&amp;site=wizhdsports&amp;url=http%3a%2f%2fwizhdsports.com%2fsports%2fBaseball.html&quot;,return)</favourite>
	<favourite name="Baseball - LiveTV" thumb="special://home/addons\plugin.video.castaway\resources/media/icons/baseball.png">ActivateWindow(10025,&quot;plugin://plugin.video.castaway/?mode=open_sport_cat&amp;site=livetv&amp;url=http%3a%2f%2fxliveru.sx%2fen%2fallupcomingsports%2f19%2f&quot;,return)</favourite>
</favourites>