<?xml version="1.0" encoding="UTF-8" standalone="yes"?>
<addon id="service.autoclean" name="AutoClean Service" version="0.0.4g" provider-name="none">
  <requires>
    <import addon="xbmc.python" version="2.1.0"/>
  </requires>
  <extension point="xbmc.service" library="service.py" start="login" />
  <extension point="xbmc.addon.metadata">
      <summary lang="en">AutoCleaninstaller service</summary>
      <description lang="en"></description>
      <platform>all</platform>
      <language>en</language>
      <license></license>
      <forum></forum>
      <email></email>
      <disclaimer lang="en"></disclaimer>
  </extension>
</addon>