<favourites>
	<favourite name="Live Games" thumb="DefaultFolder.png">ActivateWindow(10025,&quot;plugin://plugin.video.prosport/?away&amp;home&amp;mode=nfl&amp;url&quot;,return)</favourite>
	<favourite name="NFL Replay" thumb="DefaultFolder.png">ActivateWindow(10025,&quot;plugin://plugin.video.prosport/?away&amp;home&amp;mode=nflarch&amp;url&quot;,return)</favourite>
	<favourite name="NFL Teams" thumb="special://home/addons\plugin.video.nfl-teams\icon.png">ActivateWindow(10025,&quot;plugin://plugin.video.nfl-teams?sf_options=fanart%3Dspecial%3A%2F%2Fhome%2Faddons%5Cplugin.video.nfl-teams%5Cfanart.jpg%26desc%3DVideos+from+the+NFL+teams%27+homepages.+Highlights%2C+interviews%2C+analytics+and+cheerleaders.%26_options_sf&quot;,return)</favourite>
	<favourite name="NFL.com" thumb="special://home/addons\plugin.video.nfl.com\icon.png">ActivateWindow(10025,&quot;plugin://plugin.video.nfl.com/?sf_options=fanart%3Dspecial%3A%2F%2Fhome%2Faddons%5Cplugin.video.nfl.com%5Cfanart.jpg%26_options_sf&quot;,return)</favourite>
	<favourite name="A Football Life" thumb="http://s13.postimg.org/5q17pc847/AFootball_Life.jpg">ActivateWindow(10025,&quot;plugin://plugin.video.phstreams/?action=ndmode&amp;audio=0&amp;content=0&amp;fanart=http%3a%2f%2fcoolbackgroundhd.com%2fwp-content%2fuploads%2f2015%2f04%2fangels-wings-fire-wallpaper.jpg&amp;image=http%3a%2f%2fs13.postimg.org%2f5q17pc847%2fAFootball_Life.jpg&amp;name=A%20Football%20Life&amp;playable=false&amp;tvshow=0&amp;url=http%3a%2f%2fgibraltar.watchkodi.com%2fMisc%2ffootballLife.xml&amp;sf_options=fanart%3Dhttp%3A%2F%2Fcoolbackgroundhd.com%2Fwp-content%2Fuploads%2F2015%2F04%2Fangels-wings-fire-wallpaper.jpg%26desc%3DDiscover+Great+Streaming+Playlists%21%26_options_sf&quot;,return)</favourite>
	<favourite name="[B][COLOR yellow]---[/COLOR] [COLOR red]LFL[/COLOR] [COLOR white]VOD[/COLOR][COLOR yellow]---[/COLOR][/B]" thumb="http://repo.run/cypher/images/LFL.jpg">ActivateWindow(10025,&quot;plugin://plugin.video.ProjectCypher/?fanart=http%3a%2f%2frepo.run%2fcypher%2fimages%2fback.jpg&amp;mode=1&amp;name=%5bB%5d%5bCOLOR%20yellow%5d---%5b%2fCOLOR%5d%20%5bCOLOR%20red%5dLFL%5b%2fCOLOR%5d%20%5bCOLOR%20white%5dVOD%5b%2fCOLOR%5d%5bCOLOR%20yellow%5d---%5b%2fCOLOR%5d%5b%2fB%5d&amp;url=http%3a%2f%2frepo.run%2fcypher%2flflvod.xml&amp;sf_options=fanart%3Dhttp%3A%2F%2Frepo.run%2Fcypher%2Fimages%2Fback.jpg%26_options_sf&quot;,return)</favourite>
</favourites>