<favourites>
	<favourite name="Velocity" thumb="special://home/addons\plugin.video.velocity\icon.png">ActivateWindow(10025,&quot;plugin://plugin.video.velocity/&quot;,return)</favourite>
	<favourite name="2 Movies Evolved" thumb="https://superrepo.org/static/images/icons/original/xplugin.video.twomovies.png.pagespeed.ic.1t193NtJce.jpg">ActivateWindow(10025,&quot;plugin://plugin.video.twomovies?sf_options=fanart%3Dspecial%3A%2F%2Fhome%2Faddons%5Cplugin.video.twomovies%5Cfanart.jpg%26desc%3D-+GFX+by+%3AMarquerite++A+deep+database+of+Movies+%2C+TV+Shows.+Downloading+to+your+library+has+never+been+easier.%26_options_sf&quot;,return)</favourite>
	<favourite name="The Royal We" thumb="http://addons.tvaddons.ag/cache/images/fbc27244f313440eed96f25d61f6dd_icon.png">ActivateWindow(10025,&quot;plugin://plugin.video.theroyalwe?sf_options=fanart%3Dspecial%3A%2F%2Fhome%2Faddons%5Cplugin.video.theroyalwe%5Cfanart.jpg%26desc%3DThe+Royal+We+is+getting+better+then+ever.+It%27s+all+about+simplicity+and+lots+of+sources.+No+settings.+No+configuration+%28except+for+a+Trakt.tv+account+if+you+have+one%29.%26_options_sf&quot;,return)</favourite>
	<favourite name="MorePower" thumb="special://home/addons\plugin.video.morepower\icon.png">ActivateWindow(10025,&quot;plugin://plugin.video.morepower/&quot;,return)</favourite>
	<favourite name="MD Sports Extra" thumb="special://home/addons\plugin.video.mdsportsextra\icon.png">ActivateWindow(10025,&quot;plugin://plugin.video.mdsportsextra/&quot;,return)</favourite>
	<favourite name="Movies3s" thumb="special://home/addons\plugin.video.movies3sER\icon.png">ActivateWindow(10025,&quot;plugin://plugin.video.movies3sER/&quot;,return)</favourite>
	<favourite name="Prime Links" thumb="special://home/addons\plugin.video.myvideolinks\icon.png">ActivateWindow(10025,&quot;plugin://plugin.video.myvideolinks/&quot;,return)</favourite>
	<favourite name="StreamThis.Tv" thumb="special://home/addons\plugin.video.streamthisER\icon.png">ActivateWindow(10025,&quot;plugin://plugin.video.streamthisER/&quot;,return)</favourite>
	<favourite name="Cartoons8" thumb="special://home/addons\plugin.video.cartoons8\icon.png">ActivateWindow(10025,&quot;plugin://plugin.video.cartoons8?sf_options=fanart%3Dspecial%3A%2F%2Fhome%2Faddons%5Cplugin.video.cartoons8%5Cfanart.jpg%26_options_sf&quot;,return)</favourite>
	<favourite name="KidsFlix" thumb="special://home/addons\plugin.video.kidsflix\icon.png">ActivateWindow(10025,&quot;plugin://plugin.video.kidsflix/&quot;,return)</favourite>
	<favourite name="Cartoon HD" thumb="special://home/addons\plugin.video.cartoonhd\icon.png">ActivateWindow(10025,&quot;plugin://plugin.video.cartoonhd/&quot;,return)</favourite>
	<favourite name="Starkiller" thumb="special://home/addons\plugin.video.starkiller\icon.png">ActivateWindow(10025,&quot;plugin://plugin.video.starkiller/&quot;,return)</favourite>
</favourites>