<favourites>
	<favourite name="[COLOR blue]UFC Replays[/COLOR]" thumb="">ActivateWindow(10025,&quot;plugin://plugin.program.super.favourites/?label=UFC Replays&amp;mode=400&amp;folder=Sports%2FUFC%2FUFC%20Replays&amp;sf_options=fanart%3DC%3A%5Ckodi%5Caddons%5Cplugin.program.super.favourites%5Cfanart.jpg%26_options_sf&quot;)</favourite>
	<favourite name="UFC TV" thumb="https://yt3.ggpht.com/-QeD1gcM_f7k/AAAAAAAAAAI/AAAAAAAAAAA/RrU6oF2FBU0/s240-c-k-no/photo.jpg">ActivateWindow(10025,&quot;plugin://plugin.video.youtube/channel/UCvgfXK4nTYKudb0rFR6noLA/&quot;,return)</favourite>
	<favourite name="UFC ON FOX" thumb="https://yt3.ggpht.com/-lj8-zSzRk4E/AAAAAAAAAAI/AAAAAAAAAAA/7PEm8PTojB8/s240-c-k-no/photo.jpg">ActivateWindow(10025,&quot;plugin://plugin.video.youtube/channel/UCv_s-FKXBwsq1zy4GCR3Ycw/&quot;,return)</favourite>
	<favourite name="Ultimate Fighter" thumb="http://dkrepo.netai.net/UltimateUfc/UFC%20Art/Other/Ultimate.png">ActivateWindow(10025,&quot;plugin://plugin.video.ufc-finest/?description&amp;fanart=http%3a%2f%2fdkrepo.netai.net%2fUltimateUfc%2fUFC%2520Art%2fOther%2fUltimate.jpg&amp;mode=1&amp;name=%5bCOLOR%20white%5d%5bB%5dUltimate%5b%2fB%5d%5b%2fCOLOR%5d%20%5bCOLOR%20red%5d%5bB%5dFighter%5b%2fB%5d%5b%2fCOLOR%5d&amp;url=http%3a%2f%2fdkrepo.netai.net%2fUltimateUfc%2fUltimate.xml&quot;,return)</favourite>
	<favourite name="[COLOR black]Replay - BACKUP[/COLOR]" thumb="http://s14.postimg.org/os4vwebfl/replays.jpg">ActivateWindow(10025,&quot;plugin://plugin.program.super.favourites/?label=[COLOR black]Replay - BACKUP[/COLOR]&amp;mode=400&amp;path=special%3A%2F%2Fhome%2Faddons%2Fscript.supafav%2FSuper%20Favourites%5CSports%5CUFC%5CReplay%20-%20BACKUP&amp;sf_options=fanart%3Dhttp%3A%2F%2Fwww.schoolsplus.co.uk%2Fharrispurley%2Fwp-content%2Fuploads%2Fsites%2F20%2F2014%2F08%2FSP-Harris-Purley-Pitch2.jpg%26_options_sf&quot;)</favourite>
</favourites>