<favourites>
	<favourite name="Cartoons" thumb="">ActivateWindow(10025,&quot;plugin://script.supafav/?url=null&amp;mode=83&quot;,return)</favourite>
	 
	<favourite name="Kids Channel" thumb="http://icons.iconarchive.com/icons/sirubico/movie-genre/256/Children-icon.png">PlayMedia(&quot;plugin://plugin.video.ccloudtv/?url=http%3A%2F%2F94.23.35.42%2FcCloudTv%2Fparser.php%3Fsurl%3Dhttps%3A%2F%2Fwww.arconaitv.me%2Fanimation%2F%7CUser-Agent%3DMozilla%252F5.0%2520%28Windows%2520NT%25206.1%253B%2520WOW64%29%2520AppleWebKit%252F537.36%2520%28KHTML%252C%2520like%2520Gecko%29%2520Chrome%252F47.0.2526.106%2520Safari%252F537.36&amp;mode=1&amp;name=Animated+Movie+Channel&amp;sf_options=winID%3D10025%26_options_sf&quot;)</favourite>
	
	<favourite name="Bob's Kids" thumb="http://norestrictions.club/norestrictions.club/blue/icons/Bob/bobkids.jpg">ActivateWindow(10025,&quot;plugin://plugin.video.bob/?action=directory&amp;content=0&amp;url=http%3a%2f%2fnorestrictions.club%2fnorestrictions.club%2fmain%2fkidsmain.xml&quot;,return)</favourite>
	
	<favourite name="TNPB KIDS" thumb="">ActivateWindow(10025,&quot;plugin://plugin.video.bob/?action=directory&amp;content=0&amp;url=http%3a%2f%2fnorestrictions.club%2fnorestrictions.club%2ftnpb%2fDirectories%2fMain%2520Directory%2fKids%2520Main.xml&quot;,return)</favourite>
	<favourite name="Angry Birds : Toons TV" thumb="">ActivateWindow(10025,&quot;plugin://plugin.video.toonstv/&quot;,return)</favourite>
	<favourite name="Animal TV" thumb="">ActivateWindow(10025,&quot;plugin://plugin.video.animaltv/&quot;,return)</favourite>
	<favourite name="[COLOR black]SORT[/COLOR]" thumb="">ActivateWindow(10025,&quot;plugin://plugin.program.super.favourites/?label=&amp;mode=400&amp;mode=400&amp;path=special%3A%2F%2Fhome%2Faddons%2Fscript.supafav%2FSuper%20Favourites/more%5CKidsTV%5CSORT&amp;sf_options=fanart%3DNULL%26_options_sf&quot;,return)</favourite>
</favourites>