<favourites>
	<favourite name="Veetle" thumb="https://googledrive.com/host/0B-bY5h-uWEgZQVJQZ0lzUTdBeFE/icons/apps/veetle.jpg">ActivateWindow(10025,&quot;plugin://plugin.video.veetle/?category=20&amp;sf_options=&quot;)</favourite>
	<favourite name="Vaughn" thumb="special://home/addons\plugin.stream.vaughnlive.tv\art\misc.jpg">ActivateWindow(10025,&quot;plugin://plugin.stream.vaughnlive.tv/?cat=misc&amp;mode=BrowseCat3&amp;site&amp;type=php&amp;sf_options=fanart%3Dspecial%3A%2F%2Fhome%2Faddons%5Cplugin.stream.vaughnlive.tv%5Cfanart.jpg%26_options_sf&amp;sf_options=&quot;)</favourite>
	<favourite name="LMShows.com" thumb="special://home/addons\plugin.video.castaway\resources/media/lmshows.jpg">ActivateWindow(10025,&quot;plugin://plugin.video.castaway/?mode=open_live_tv&amp;site=lmshows&amp;sf_options=fanart%3Dspecial%3A%2F%2Fhome%2Faddons%5Cplugin.video.castaway%2Ffanart.jpg%26_options_sf&quot;,return)</favourite>
	<favourite name="TGun" thumb="special://home/addons\plugin.video.tgun/icons/newtv.png">ActivateWindow(10025,&quot;plugin://plugin.video.tgun/?mode=tvchannels&amp;page_num=1&amp;url=http%3a%2f%2fwww.tgun.tv%2fmenus%2fshows%2fchmenu.php&amp;sf_options=&quot;)</favourite>
</favourites>