<?xml version="1.0" encoding="UTF-8" standalone="yes"?>
<addon id="repo.water.3rdparty" name="Unoffical Third Party Repo" version="1.0.5" provider-name="3rdI">
	<extension point="xbmc.addon.repository" name="Unoffical Third Party Repo">
		<info compressed="false">http://www-drv.com/site/zixgn5sczdylyupuetybdw/REPO/_addons2/plugins</info>
		<checksum>http://www-drv.com/site/zixgn5sczdylyupuetybdw/REPO/_addons2/plugins.hash</checksum>
		<datadir zip="true">https://www-drv.com/site/zixgn5sczdylyupuetybdw/REPO/_addons2/</datadir>
		<dir>
		        <info compressed="false">https://raw.githubusercontent.com/noobsandnerds/noobsandnerds/master/zips/addons.xml</info>
		        <checksum>https://raw.githubusercontent.com/noobsandnerds/noobsandnerds/master/zips/addons.xml.md5</checksum>
		        <datadir zip="true">https://raw.githubusercontent.com/noobsandnerds/noobsandnerds/master/zips/</datadir>
		</dir>
		<dir>
				<info compressed="false">http://www-drv.com/site/zixgn5sczdylyupuetybdw/REPO/priv/plugins</info>
		        <checksum>http://www-drv.com/site/zixgn5sczdylyupuetybdw/REPO/priv/plugins.hash</checksum>
		        <datadir zip="true">https://www-drv.com/site/zixgn5sczdylyupuetybdw/REPO/priv/</datadir>
		</dir>		
	<extension point="xbmc.addon.metadata">
		<summary></summary>
		<description></description>
		<platform>all</platform>
	</extension>
</addon>
