<favourites>
	<favourite name="DVR" thumb="1http://a256.phobos.apple.com/us/r1000/117/Purple/v4/d8/9c/bf/d89cbf5c-ddd2-9ed6-823d-eac626bca32b/mzl.niiptuxr.png">ActivateWindow(10025,&quot;plugin://plugin.video.salts/?mode=my_calendar&amp;sf_options=fanart%3Dspecial%3A%2F%2Fhome%2Faddons%5Cplugin.video.salts%5Cart%5Cthemes%5CIconic%5Cfanart.jpg%26_options_sf&quot;,return)</favourite>
	<favourite name="" thumb="">ActivateWindow(10025,&quot;plugin://plugin.program.null/&quot;,return)</favourite>
	<favourite name="Movie Watchlist" thumb="DefaultMovies.png">ActivateWindow(10025,&quot;plugin://plugin.video.origin2/?action=movies&amp;url=traktwatchlist&quot;,return)</favourite>
	<favourite name="TV Watchlist" thumb="DefaultTVShows.png">ActivateWindow(10025,&quot;plugin://plugin.video.origin2/?action=tvshows&amp;url=traktwatchlist&quot;,return)</favourite>
	<favourite name="Movie Collection" thumb="DefaultMovies.png">ActivateWindow(10025,&quot;plugin://plugin.video.origin2/?action=movies&amp;url=traktcollection&quot;,return)</favourite>
	<favourite name="TV Collection" thumb="DefaultTVShows.png">ActivateWindow(10025,&quot;plugin://plugin.video.origin2/?action=tvshows&amp;url=traktcollection&quot;,return)</favourite>
	<favourite name="Movie Lists" thumb="DefaultMovies.png">ActivateWindow(10025,&quot;plugin://plugin.video.origin2/?action=movieUserlists&quot;,return)</favourite>
	<favourite name="TV Show Lists" thumb="DefaultTVShows.png">ActivateWindow(10025,&quot;plugin://plugin.video.origin2/?action=tvUserlists&quot;,return)</favourite>
	<favourite name="Episode Lists" thumb="DefaultTVShows.png">ActivateWindow(10025,&quot;plugin://plugin.video.origin2/?action=episodeUserlists&quot;,return)</favourite>
	<favourite name="[B]Login[/B]" thumb="DefaultTVShows.png">ActivateWindow(10025,&quot;plugin://plugin.video.origin2/?action=authTrakt&quot;,return)</favourite>
	<favourite name="Login DVR" thumb="1http://a256.phobos.apple.com/us/r1000/117/Purple/v4/d8/9c/bf/d89cbf5c-ddd2-9ed6-823d-eac626bca32b/mzl.niiptuxr.png">RunPlugin(plugin://plugin.video.salts/?mode=auth_trakt)</favourite>
</favourites>