<favourites>
	<favourite name="PPV - Cypher" thumb="http://repo.run/cypher/images/ppv.png">ActivateWindow(10025,&quot;plugin://plugin.video.ProjectCypher/&amp;?fanart=http%3a%2f%2frepo.run%2fcypher%2fimages%2fback.jpg&amp;mode=1&amp;name=%5bB%5d%5bCOLOR%20yellow%5d---%5b%2fCOLOR%5d%20%5bCOLOR%20red%5dFREE%5b%2fCOLOR%5d%20%5bCOLOR%20white%5dPPV%5b%2fCOLOR%5d%5bCOLOR%20yellow%5d---%5b%2fCOLOR%5d%5b%2fB%5d&amp;url=http%3a%2f%2frepo.run%2fcypher%2fppv.xml&quot;,return)</favourite>
	<favourite name="UFC HD" thumb="http://s22.postimg.org/vwcyjosz5/mma.png">ActivateWindow(10025,&quot;plugin://plugin.video.phstreams/?action=Huddle_Sites&amp;fanart=http%3a%2f%2fs22.postimg.org%2fgb0owuncd%2fHuddle_fanart.jpg&amp;image=http%3a%2f%2fs22.postimg.org%2fvwcyjosz5%2fmma.png&amp;url=MMA&amp;sf_options=fanart%3Dhttp%3A%2F%2Fs22.postimg.org%2Fgb0owuncd%2FHuddle_fanart.jpg%26_options_sf&quot;,return)</favourite>
	<favourite name="UFC - VIPbox.tv" thumb="special://home/addons\plugin.video.SportsDevil\resources\images\sports/Boxing.png">ActivateWindow(10025,&quot;plugin://plugin.video.SportsDevil/?item=title%3dBoxing%2b%252F%2bWWE%2b%252F%2bUFC%26url%3dhttp%253A%252F%252Fwww.vipleague.is%252Fsports%252Fboxing-wwe-ufc.html%26cfg%3dvipbox.tv.events.cfg%26definedIn%3dlivesports%252Fvipbox.tv.cfg%26director%3dVipBox.tv%26genre%3dLive%2bSports%26type%3drss%26icon%3dC%253A%255Ckodi%255Cportable_data%255Caddons%255Cplugin.video.SportsDevil%255Cresources%255Cimages%255Csports%252FBoxing.png&amp;mode=1&quot;,return)</favourite>
	<favourite name="UFC - VipLeauge" thumb="special://home/addons\plugin.video.castaway\resources/media/icons/fighting.png">ActivateWindow(10025,&quot;plugin://plugin.video.castaway/?mode=open_sport_cat&amp;site=vipbox&amp;url=http%3a%2f%2fwww.vipleague.me%2fsports%2fufc.html&quot;,return)</favourite>
	<favourite name="UFC - LiveRU" thumb="special://home/addons\plugin.video.castaway\resources/media/icons/fighting.png">ActivateWindow(10025,&quot;plugin://plugin.video.castaway/?mode=open_sport_cat&amp;site=livetv&amp;url=http%3a%2f%2fxliveru.sx%2fen%2fallupcomingsports%2f75%2f&quot;,return)</favourite>
	<favourite name="MoneySports" thumb="special://home/addons\plugin.video.MoneySports\icon.png">ActivateWindow(10025,&quot;plugin://plugin.video.MoneySports/&amp;sf_options=&quot;,return)</favourite>
	<favourite name="[COLOR blue]Live Events[/COLOR]" thumb="https://blog-blogmediainc.netdna-ssl.com/upload/SportsBlogcom/8533199/0700052001449483723_filepicker.png">ActivateWindow(10025,&quot;plugin://plugin.program.super.favourites/?label=[COLOR aliceblue]Live Events[/COLOR]&amp;mode=400&amp;path=special%3A%2F%2Fhome%2Faddons%2Fscript.supafav%2FSuper%20Favourites%2FSports%2FChannels%5CLive%20Events&amp;sf_options=fanart%3Dspecial%3A%2F%2Fhome%2Faddons%5Cplugin.video.castaway%2Ffanart.jpg%26_options_sf&quot;)</favourite>
</favourites>