<favourites>
	<favourite name="Kids Movies links" thumb="https://walter.trakt.us/images/movies/000/007/229/fanarts/original/75b32c169e.jpg">ActivateWindow(10025,&quot;plugin://plugin.video.phstreams/?action=ndmode&amp;audio=0&amp;content=movies&amp;fanart=http%3a%2f%2fs6.postimg.org%2f6tj6zom81%2fkids4.png&amp;image=https%3a%2f%2fwalter.trakt.us%2fimages%2fmovies%2f000%2f007%2f229%2ffanarts%2foriginal%2f75b32c169e.jpg&amp;name=%5bCOLOR%20hotpink%5dKids%20Live%20Action%5b%2fCOLOR%5d&amp;playable=true&amp;tvshow=0&amp;url=http%3a%2f%2fhonolulu.watchkodi.com%2fPlaylists%2fKids%2520Live%2520Action.xml&amp;sf_options=fanart%3Dhttp%3A%2F%2Fs6.postimg.org%2F6tj6zom81%2Fkids4.png%26desc%3DDiscover+Great+Streaming+Playlists%21%26_options_sf&quot;,return)</favourite>
	<favourite name="[COLOR darkorange]Animation[/COLOR] links" thumb="http://createapk.com/project/2014/09/afrizaldarwin/the-minions-despicable-me-wallpaper/icon.png">ActivateWindow(10025,&quot;plugin://plugin.video.phstreams/?action=ndmode&amp;audio=0&amp;content=movies&amp;fanart=http%3a%2f%2fs6.postimg.org%2f6tj6zom81%2fkids4.png&amp;image=http%3a%2f%2fcreateapk.com%2fproject%2f2014%2f09%2fafrizaldarwin%2fthe-minions-despicable-me-wallpaper%2ficon.png&amp;name=%5bCOLOR%20hotpink%5dKids%5b%2fCOLOR%5d&amp;playable=true&amp;tvshow=0&amp;url=http%3a%2f%2fhonolulu.watchkodi.com%2fPlaylists%2fKids.xml&amp;sf_options=fanart%3Dhttp%3A%2F%2Fs6.postimg.org%2F6tj6zom81%2Fkids4.png%26desc%3DDiscover+Great+Streaming+Playlists%21%26_options_sf&quot;,return)</favourite>
	<favourite name="Family - GEN" thumb="special://home/addons\plugin.video.genesis\resources/art\4orbs\genres_movies.jpg">ActivateWindow(10025,&quot;plugin://plugin.video.origin2/?action=movies&amp;url=http%3a%2f%2fwww.imdb.com%2fsearch%2ftitle%3ftitle_type%3dfeature%2ctv_movie%26sort%3dboxoffice_gross_us%26count%3d25%26start%3d1%26genres%3dfamily&amp;sf_options=&quot;)</favourite>
	<favourite name="Animation 1 links" thumb="http://i.imgur.com/YXaY4BI.png">ActivateWindow(10025,&quot;plugin://plugin.video.phstreams/?action=ndmode&amp;audio=0&amp;content=0&amp;fanart=http%3a%2f%2fi.imgur.com%2fW7qRvEq.png&amp;image=http%3a%2f%2fi.imgur.com%2fYXaY4BI.png&amp;name=kids%20%26%20animation%201&amp;playable=false&amp;tvshow=0&amp;url=http%3a%2f%2ftuzla.watchkodi.com%2fkids_animation.xml&amp;sf_options=fanart%3Dhttp%3A%2F%2Fi.imgur.com%2FW7qRvEq.png%26desc%3DDiscover+Great+Streaming+Playlists%21%26_options_sf&quot;,return)</favourite>
</favourites>