<favourites>
	<favourite name="LIVE SPORTS 24/7" thumb="https://news.minitex.umn.edu/sites/news.minitex.umn.edu/files/styles/full_content/public/6087456626_7d85b75b62_b.jpg?itok=YxoBbL4i">ActivateWindow(10025,&quot;plugin://plugin.video.MoneySports/?fanart=http%3a%2f%2fwww.schoolsplus.co.uk%2fharrispurley%2fwp-content%2fuploads%2fsites%2f20%2f2014%2f08%2fSP-Harris-Purley-Pitch2.jpg&amp;mode=1&amp;name=LIVE%20SPORTS%2024%2f7&amp;url=http%3a%2f%2fis.gd%2fLIVESPORTS247&amp;sf_options=fanart%3Dhttp%3A%2F%2Fwww.schoolsplus.co.uk%2Fharrispurley%2Fwp-content%2Fuploads%2Fsites%2F20%2F2014%2F08%2FSP-Harris-Purley-Pitch2.jpg%26_options_sf&quot;,return)</favourite>
	<favourite name="VIP" thumb="http://static6.depositphotos.com/1023799/629/v/950/depositphotos_6298823-Vip-golden-icon-with-diamondsvector.jpg">ActivateWindow(10025,&quot;plugin://plugin.video.MoneySports/?fanart=http%3a%2f%2fhabits.gss.us%2fwcegmem%2fhhg%2f51561_gif.jpg&amp;mode=1&amp;name=VIP&amp;url=http%3a%2f%2fwww.4legends.co.uk%2fMoneySports%2fVIP.XML&amp;sf_options=fanart%3Dhttp%3A%2F%2Fhabits.gss.us%2Fwcegmem%2Fhhg%2F51561_gif.jpg%26_options_sf&quot;,return)</favourite>
	<favourite name="[B]---===[COLOR red]EXTRA[/COLOR][COLOR blue] TIME[/COLOR]===---[/B]" thumb="http://dallas-mp7static.mlsdigital.net/mp6/Extra%20time%20Intro.mov_.Still001.jpg">ActivateWindow(10025,&quot;plugin://plugin.video.NJMSoccer/?fanart&amp;mode=1&amp;name=%5bB%5d---%3d%3d%3d%5bCOLOR%20red%5dEXTRA%5b%2fCOLOR%5d%5bCOLOR%20blue%5d%20TIME%5b%2fCOLOR%5d%3d%3d%3d---%5b%2fB%5d&amp;url=http%3a%2f%2fnjmsoccer.kodistream.info%2fSiv7for21_NJMSoccer.xml&quot;,return)</favourite>
	<favourite name="Streams" thumb="DefaultFolder.png">ActivateWindow(10025,&quot;plugin://plugin.video.ZemTV-shani/?mode=39&amp;name=Streams&amp;url=sss&quot;,return)</favourite>
</favourites>