<favourites>
	<favourite name="Recently Added - ViewMovies" thumb="special://home/addons\plugin.video.viewmovies\icon.png">ActivateWindow(10025,&quot;plugin://plugin.video.viewmovies/?description&amp;mode=1&amp;name=Recently%20Added%20Movies&amp;url=http%3a%2f%2fwww.viewmovies.is%2fcategory%2fmovies%2f%3ffiltre%3ddate&amp;sf_options=fanart%3Dspecial%3A%2F%2Fhome%2Faddons%5Cplugin.video.viewmovies%5Cfanart.jpg%26_options_sf&quot;,return)</favourite>
	<favourite name="Recently Added - PfTV" thumb="">ActivateWindow(10025,&quot;plugin://plugin.video.pftvso/?foldername=movies&amp;mode=latest_movies&amp;page=1&quot;,return)</favourite>
	<favourite name="Recently Added - PrimeWire" thumb="special://home/addons\script.1channel.themepak\art\themes\primewire\date_added.png">ActivateWindow(10025,&quot;plugin://plugin.video.1channel/?mode=GetFilteredResults&amp;section=movie&amp;sort=date&amp;sf_options=fanart%3Dspecial%3A%2F%2Fhome%2Faddons%5Cscript.1channel.themepak%5Cart%5Cthemes%5CGlossy_Black%5Cfanart.png%26_options_sf&quot;,return)</favourite>
	<favourite name="Recently Added - SALTS" thumb="special://home/addons\plugin.video.salts\icon.png">ActivateWindow(10025,&quot;plugin://plugin.video.salts/?mode=recent&amp;section=Movies&amp;sf_options=fanart%3Dspecial%3A%2F%2Fhome%2Faddons%5Cplugin.video.salts%5Cfanart.jpg%26_options_sf&quot;,return)</favourite>
	<favourite name="Recently Added - FilmDictator" thumb="special://home/addons\plugin.video.filmdictator\icon.png">ActivateWindow(10025,&quot;plugin://plugin.video.filmdictator/?description&amp;mode=1&amp;name=Recently%20Added&amp;url=http%3a%2f%2ffilmdictator.com%2f%3ffiltre%3ddate%26cat%3d0&amp;sf_options=fanart%3Dspecial%3A%2F%2Fhome%2Faddons%5Cplugin.video.filmdictator%5Cfanart.jpg%26_options_sf&quot;,return)</favourite>
</favourites>