<favourites>
	<favourite name="Phoenix" thumb="special://home/addons\plugin.video.phstreams\icon.png">ActivateWindow(10025,&quot;plugin://plugin.video.phstreams/&quot;,return)</favourite>
	<favourite name="[COLOR clear].[/COLOR]TheAlpha" thumb="special://home/addons\plugin.video.AlphaMovies\icon.png">ActivateWindow(10025,&quot;plugin://plugin.video.AlphaMovies/&quot;,return)</favourite>
	<favourite name="GoodFellas 2.0" thumb="special://home/addons\plugin.video.goodfellas\icon.png">ActivateWindow(10025,&quot;plugin://plugin.video.goodfellas/&quot;,return)</favourite>
	<favourite name="DaHenchmen" thumb="special://home/addons\plugin.video.dahenchmen\icon.png">ActivateWindow(10025,&quot;plugin://plugin.video.dahenchmen/&quot;,return)</favourite>
	<favourite name="The Pyramid" thumb="special://home/addons\plugin.video.thepyramid-1.22\icon.png">ActivateWindow(10025,&quot;plugin://plugin.video.thepyramid/&quot;,return)</favourite>
	<favourite name="Cosmix" thumb="http://cosmix.offshorepastebin.com/Weblinks/icons/CosmixIconNew.png">ActivateWindow(10025,&quot;plugin://plugin.video.phstreams/?action=directory&amp;content=0&amp;url=http%3a%2f%2fcosmix.offshorepastebin.com%2fWeblinks%2fCosmixPHLinks.xml&quot;,return)</favourite>
	<favourite name="Evolve" thumb="special://home/addons\plugin.video.Evolve\icon.png">ActivateWindow(10025,&quot;plugin://plugin.video.Evolve/&quot;,return)</favourite>
	<favourite name="VidTime" thumb="special://home/addons\plugin.video.VidTime\icon.png">ActivateWindow(10025,&quot;plugin://plugin.video.VidTime/&quot;,return)</favourite>
	<favourite name="Titan" thumb="special://home/addons\plugin.video.titan\icon.png">ActivateWindow(10025,&quot;plugin://plugin.video.titan/?sf_options=fanart%3Dspecial%3A%2F%2Fhome%2Faddons%5Cplugin.video.titan%5Cfanart.jpg%26desc%3DWatch+from+a+huge+selection+of+Movies+Tv+Shows+and+Collections...+Credits+to+Lambda+for+some+resolvers+used+in+this+addon%26_options_sf&quot;,return)</favourite>
</favourites>