<favourites>
	<favourite name="Featured" thumb="http://icons.iconarchive.com/icons/custom-icon-design/pretty-office-8/128/Eye-icon.png">ActivateWindow(10025,&quot;plugin://script.supafav/?url=null&amp;mode=71&quot;,return)</favourite>
	<favourite name="In Theaters" thumb="http://icons.iconarchive.com/icons/custom-icon-design/pretty-office-8/128/Eye-icon.png">ActivateWindow(10025,&quot;plugin://script.supafav/?url=null&amp;mode=74&quot;,return)</favourite>
	<--! favourite name="Popular This Month" thumb="http://icons.iconarchive.com/icons/designcontest/ecommerce-business/128/bar-chart-icon.png">ActivateWindow(10025,&quot;plugin://plugin.video.origin2/?action=movies&amp;url=popular&amp;sf_options=&quot;,return)</favourite>
	<--! favourite name="Popular This Year" thumb="https://alumni.depaul.edu/Content/Areas/Home/Images/2015%20calendar.png">ActivateWindow(10025,&quot;plugin://plugin.video.origin2/?action=movies&amp;url=http%3a%2f%2fwww.imdb.com%2fsearch%2ftitle%3ftitle_type%3dfeature%2ctv_movie%26sort%3dboxoffice_gross_us%26count%3d25%26start%3d1%26year%3d2017%2c2017&quot;,return)</favourite>
	<favourite name="Popular All-Time" thumb="https://googledrive.com/host/0B-bY5h-uWEgZQVJQZ0lzUTdBeFE/icons/fav.png">ActivateWindow(10025,&quot;plugin://script.supafav/?url=null&amp;mode=73&quot;,return)</favourite>
	<--! favourite name="People&apos;s Choice" thumb="https://googledrive.com/host/0B-bY5h-uWEgZQVJQZ0lzUTdBeFE/icons/voted.png">ActivateWindow(10025,&quot;plugin://plugin.video.origin2/?action=movies&amp;url=views&amp;sf_options=&quot;,return)</favourite>
	<favourite name="Oscar Winners" thumb="https://cdn3.iconfinder.com/data/icons/Iconshock_cinema/png/256/oscar.png">ActivateWindow(10025,&quot;plugin://script.supafav/?url=null&amp;mode=72&quot;,return)</favourite>
	<--! favourite name="BoxSets" thumb="http://coppergoose.com/static/uploaded/eggs/fruits-basket-box-set-manga-1.png">ActivateWindow(10025,&quot;plugin://plugin.video.phstreams/?action=directory&amp;content=0&amp;url=http%3a%2f%2fnorestrictions.club%2fnorestrictions.club%2ftnpb%2fDirectories%2fMain%2520Directory%2fAll%2520Boxsets%2520Directory.xml&quot;,return)</favourite>
</favourites>