<favourites>
	<favourite name="Current Movies" thumb="http://s5.postimg.org/7myi619vr/Current_Movies.jpg">ActivateWindow(10025,&quot;plugin://plugin.video.phstreams/?action=ndmode&amp;audio=0&amp;content=0&amp;fanart=http%3a%2f%2fs5.postimg.org%2fn5fv921c7%2fFan_art.png&amp;image=http%3a%2f%2fs5.postimg.org%2f7myi619vr%2fCurrent_Movies.jpg&amp;name=%5bCOLOR%20yellow%5dCurrent%20Movies%5b%2fCOLOR%5d&amp;playable=false&amp;tvshow=0&amp;url=http%3a%2f%2fyork.watchkodi.com%2fPlaylists%2fCurrent%2520Movies.xml&amp;sf_options=fanart%3Dhttp%3A%2F%2Fs5.postimg.org%2Fn5fv921c7%2FFan_art.png%26desc%3DDiscover+Great+Streaming+Playlists%21%26_options_sf&quot;,return)</favourite>
	<favourite name="New Releases" thumb="http://s3.postimg.org/58uxtll6r/New_Releases.jpg">ActivateWindow(10025,&quot;plugin://plugin.video.phstreams/?action=ndmode&amp;audio=0&amp;content=0&amp;fanart=http%3a%2f%2fimg05.deviantart.net%2f6db8%2fi%2f2013%2f337%2fb%2ff%2fuprising_of_the_mockingjay_by_sikundoto-d6wm4rz.jpg&amp;image=http%3a%2f%2fs3.postimg.org%2f58uxtll6r%2fNew_Releases.jpg&amp;name=New%20Releases&amp;playable=false&amp;tvshow=0&amp;url=http%3a%2f%2fgibraltar.watchkodi.com%2fMovies%2fLatestRelease.xml&amp;sf_options=fanart%3Dhttp%3A%2F%2Fimg05.deviantart.net%2F6db8%2Fi%2F2013%2F337%2Fb%2Ff%2Fuprising_of_the_mockingjay_by_sikundoto-d6wm4rz.jpg%26desc%3DDiscover+Great+Streaming+Playlists%21%26_options_sf&quot;,return)</favourite>
	<favourite name="New in HD" thumb="http://powerschool.mmhsbulldogs.org/pincludes/new%20(2).png">ActivateWindow(10025,&quot;plugin://plugin.video.phstreams/?action=ndmode&amp;audio=0&amp;content=0&amp;fanart=http%3a%2f%2fi.imgur.com%2fW7qRvEq.png&amp;image=http%3a%2f%2fi.imgur.com%2ftgiZgd3.png&amp;name=2015%20HD%20movies&amp;playable=false&amp;tvshow=0&amp;url=http%3a%2f%2ftuzla.watchkodi.com%2f2015%2520HD.xml&amp;sf_options=fanart%3Dhttp%3A%2F%2Fi.imgur.com%2FW7qRvEq.png%26desc%3DDiscover+Great+Streaming+Playlists%21%26_options_sf&quot;,return)</favourite>
	<favourite name="[COLOR blue]XMovies8[/COLOR]" thumb="special://home/addons\plugin.video.xmovies8\icon.png">ActivateWindow(10025,&quot;plugin://plugin.video.xmovies8/?description&amp;iconimage=C%3a%5ckodi%5cportable_data%5caddons%5cplugin.video.xmovies8%5cicon.png&amp;mode=1&amp;name=New%20Movies&amp;url=http%3a%2f%2fxmovies8.tv%2fnew%2fpage%2f1&amp;sf_options=fanart%3Dspecial%3A%2F%2Fhome%2Faddons%5Cplugin.video.xmovies8%5Cfanart.jpg%26_options_sf&quot;,return)</favourite>
	<favourite name="[COLOR blue]Movie Night[/COLOR]" thumb="special://home/addons\plugin.video.movienight\icon.png">ActivateWindow(10025,&quot;plugin://plugin.video.movienight/?description&amp;mode=1&amp;name=New%20Releases&amp;url=http%3a%2f%2fmovienight.ws%2f&amp;sf_options=fanart%3Dspecial%3A%2F%2Fhome%2Faddons%5Cplugin.video.movienight%5Cfanart.jpg%26_options_sf&quot;,return)</favourite>
	<favourite name="[COLOR blue]FilmDictator[/COLOR]" thumb="special://home/addons\plugin.video.filmdictator\icon.png">ActivateWindow(10025,&quot;plugin://plugin.video.filmdictator/?description&amp;mode=1&amp;name=Recently%20Added&amp;url=http%3a%2f%2ffilmdictator.com%2f%3ffiltre%3ddate%26cat%3d0&amp;sf_options=fanart%3Dspecial%3A%2F%2Fhome%2Faddons%5Cplugin.video.filmdictator%5Cfanart.jpg%26_options_sf&quot;,return)</favourite>
	<favourite name="[COLOR blue]HuluBox[/COLOR]" thumb="special://home/addons\plugin.video.hulubox\icon.png">ActivateWindow(10025,&quot;plugin://plugin.video.hulubox/?description&amp;iconimage=C%3a%5ckodi%5cportable_data%5caddons%5cplugin.video.hulubox%5cicon.png&amp;mode=1&amp;name=Recently%20Added&amp;url=http%3a%2f%2fwww.hulubox.com%2fcategory%2fall%2f&amp;sf_options=fanart%3Dspecial%3A%2F%2Fhome%2Faddons%5Cplugin.video.hulubox%5Cfanart.jpg%26_options_sf&quot;,return)</favourite>
	<favourite name="LatestDude" thumb="special://home/addons\plugin.video.lmER/icons/lm.png">ActivateWindow(10025,&quot;plugin://plugin.video.lmER/?mode=GetTitles&amp;numOfPages=1&amp;section=ALL&amp;startPage=1&amp;url=http%3a%2f%2flatestdude.com%2f%2fcategory%2fenglish%2f&amp;sf_options=fanart%3Dhttp%3A%2F%2Fwww.htbackdrops.org%2Fv2%2Falbums%2Fuserpics%2F10097%2Forig_oefg_kino_im_kesselhaus.jpg%26_options_sf&quot;,return)</favourite>
	<favourite name="123Movies" thumb="special://home/addons\plugin.video.md123movies\icon.png">ActivateWindow(10025,&quot;plugin://plugin.video.md123movies/?description&amp;iconimage=C%3a%5ckodi%5cportable_data%5caddons%5cplugin.video.md123movies%5cicon.png&amp;mode=1&amp;name=%5bB%5d%5bCOLOR%20white%5dLatest%5b%2fCOLOR%5d%5b%2fB%5d&amp;url=http%3a%2f%2f123movies.to%2f%2fmovie%2ffilter%2fall%2flatest%2fall%2fall%2fall&amp;sf_options=fanart%3Dspecial%3A%2F%2Fhome%2Faddons%5Cplugin.video.md123movies%5Cfanart.jpg%26_options_sf&quot;,return)</favourite>
</favourites>