<favourites>
	<favourite name="Recently Added" thumb="https://github.com/jurialmunkey/skin.eminence.2/blob/master/extras/icons/recent.png?raw=true">ActivateWindow(10025,&quot;plugin://plugin.program.menu/?label=nul&amp;sf_options=&amp;mode=400&amp;folder=TV%20Shows%2FRecently%20Added&amp;sf_options=&quot;,return)</favourite>
	<favourite name="New Shows" thumb="https://github.com/jurialmunkey/skin.eminence.2/blob/master/extras/icons/recentlyadded.png?raw=true">ActivateWindow(10025,&quot;plugin://plugin.video.origin2/?action=tvshows&amp;url=premiere&amp;sf_options=&quot;,return)</favourite>
	<favourite name="Popular" thumb="https://www.materialui.co/materialIcons/action/trending_up_white_192x192.png">ActivateWindow(10025,&quot;plugin://plugin.video.origin2/?action=tvshows&amp;url=trending&amp;sf_options=&quot;,return)</favourite>
	<favourite name="By Network" thumb="https://github.com/jurialmunkey/skin.eminence.2/raw/master/extras/icons/network.png">ActivateWindow(10025,&quot;plugin://plugin.program.super.favourites/?folder=TV Shows/Networks&quot;,return)</favourite>
	<favourite name="By Genre" thumb="https://github.com/jurialmunkey/skin.eminence.2/blob/master/extras/icons/genre.png?raw=true">ActivateWindow(10025,&quot;plugin://plugin.video.origin2/?action=tvGenres&amp;sf_options=&quot;,return)</favourite>
	<favourite name="My TV" thumb="https://github.com/jurialmunkey/skin.eminence.2/blob/master/extras/icons/trakttv.png?raw=true">ActivateWindow(10025,&quot;plugin://plugin.program.menu/?label=My TV&amp;mode=400&amp;folder=TV%20shows%2FMy%20TV&amp;sf_options=fanart%3Dspecial%3A%2F%2Fhome%2Faddons%5Cplugin.program.super.favourites%5Cfanart.jpg%26_options_sf&quot;)</favourite>
	<favourite name="Search TV Shows" thumb="https://github.com/jurialmunkey/skin.eminence.2/blob/master/extras/icons/search.png?raw=true">ActivateWindow(10025,&quot;plugin://plugin.program.menu/?mode=400&amp;folder=TV%20Shows%5CSearch&amp;sf_options=&quot;,return)</favourite>
</favourites>