<favourites>
	<favourite name="Wiz1.net *" thumb="special://home/addons\plugin.video.castaway\resources/media/wiz1.png">ActivateWindow(10025,&quot;plugin://plugin.video.castaway/?mode=open_live_sport&amp;site=wiz1&amp;sf_options=fanart%3Dspecial%3A%2F%2Fhome%2Faddons%5Cplugin.video.castaway%2Ffanart.jpg%26_options_sf&quot;,return)</favourite>
	<favourite name="Zunox.hk *" thumb="special://home/addons\plugin.video.castaway\resources/media/zunox.jpg">ActivateWindow(10025,&quot;plugin://plugin.video.castaway/?mode=open_live_sport&amp;site=zunox&quot;,return)</favourite>
	<favourite name="VT Sports *" thumb="">ActivateWindow(10025,&quot;plugin://plugin.video.VidTime/?icon=http%3a%2f%2fs5.postimg.org%2f4vavhx43r%2fOnline_Sports_isn_t_it_Fun.jpg&amp;mode=VT%20SPORTS&quot;,return)</favourite>
	<favourite name="[COLOR blue]More...[/COLOR]" thumb="special://home/addons\plugin.video.NJMSoccer\icon.png">ActivateWindow(10025,&quot;plugin://plugin.program.super.favourites/?label=More&amp;mode=400&amp;folder=Sports%2F%2FOther%2FMore&amp;sf_options=fanart%3DC%3A%5Ckodi%5Caddons%5Cplugin.program.super.favourites%5Cfanart.jpg%26_options_sf&quot;)</favourite>
	<favourite name="Anonymous StreamsPro" thumb="special://home/addons\plugin.video.sports.anonymouspk-1.0.7\icon.png">ActivateWindow(10025,&quot;plugin://plugin.video.sports.anonymouspk/&quot;,return)</favourite>
	<favourite name="" thumb="">ActivateWindow(10025,&quot;plugin://plugin.video.null&quot;)</favourite>
	<favourite name="Sport365.live" thumb="DefaultFolder.png">ActivateWindow(10025,&quot;plugin://plugin.video.ZemTV-shani/?mode=56&amp;name=Sport365.live&amp;url=sss&quot;,return)</favourite>
	<favourite name="Dimsports.eu" thumb="special://home/addons\plugin.video.castaway\resources/media/dimsport.png">ActivateWindow(10025,&quot;plugin://plugin.video.castaway/?mode=open_live_sport&amp;site=dimsport&quot;,return)</favourite>
	<favourite name="wizhdsports.com" thumb="special://home/addons\plugin.video.castaway\resources/media/wizhdsports.jpg">ActivateWindow(10025,&quot;plugin://plugin.video.castaway/?mode=open_live_sport&amp;site=wizhdsports&quot;,return)</favourite>
	<favourite name="Bundesliga-Streams.net" thumb="special://home/addons\plugin.video.SportsDevil\resources\images\bundesligastream.png">ActivateWindow(10025,&quot;plugin://plugin.video.SportsDevil/?item=title%3dBundesliga-Streams.net%26url%3dlivesports%252Fbundesliga-streams.net.cfg%26definedIn%3dlivesports.cfg%26director%3dbundesliga-streams.net%26genre%3dLive%2bSports%26type%3drss%26icon%3dC%253A%255Ckodi%255Cportable_data%255Caddons%255Cplugin.video.SportsDevil%255Cresources%255Cimages%255Cbundesligastream.png&amp;mode=1&quot;,return)</favourite>
	<favourite name="LSHunter.tv" thumb="special://home/addons\plugin.video.SportsDevil\resources\images\lshunter_tv.png">ActivateWindow(10025,&quot;plugin://plugin.video.SportsDevil/?item=title%3dLSHunter.tv%26url%3dlivesports%252Flshunter-new.cfg%26definedIn%3dlivesports.cfg%26director%3dLSHunter.tv%26genre%3dLive%2bSports%26type%3drss%26icon%3dC%253A%255Ckodi%255Cportable_data%255Caddons%255Cplugin.video.SportsDevil%255Cresources%255Cimages%255Clshunter_tv.png&amp;mode=1&quot;,return)</favourite>
	<favourite name="Cricket" thumb="http://theclipartwizard.com/images/Cricket.png">ActivateWindow(10025,&quot;plugin://plugin.video.SportsDevil/?item=title%3dCricket%26url%3dtv%252Fcricket.cfg%26definedIn%3dtv.cfg%26director%3dCricket%26genre%3dTV%26type%3drss%26icon%3dhttp%253A%252F%252Ftheclipartwizard.com%252Fimages%252FCricket.png&amp;mode=1&amp;sf_options=fanart%3Dspecial%3A%2F%2Fhome%2Faddons%5Cplugin.video.SportsDevil%5Cfanart.jpg%26_options_sf&amp;sf_options=&quot;,)</favourite>
</favourites>