<favourites>
		<favourite name="American Dad" thumb="http://thetvdb.com/banners/_cache/posters/73141-8.jpg">ActivateWindow(10025,&quot;plugin://plugin.program.super.favourites/?label=American Dad&amp;mode=400&amp;folder=LiveTV%2FShows%2FAmerican%20Dad&amp;sf_options=fanart%3DNULL%26_options_sf&quot;)</favourite>
	<favourite name="Bobs Burgers" thumb="http://thetvdb.com/banners/_cache/posters/194031-3.jpg">ActivateWindow(10025,&quot;plugin://plugin.program.super.favourites/?label=Bobs Burgers&amp;mode=400&amp;folder=LiveTV%2FShows%2FBobs%20Burgers&amp;sf_options=fanart%3DNULL%26_options_sf&quot;)</favourite>

	<favourite name="Family Guy" thumb="http://thetvdb.com/banners/_cache/posters/75978-13.jpg">ActivateWindow(10025,&quot;plugin://plugin.program.super.favourites/?label=Family Guy&amp;mode=400&amp;folder=LiveTV%2FShows%2FFamily%20Guy&amp;sf_options=fanart%3DNULL%26_options_sf&quot;)</favourite>
	<favourite name="Futurama" thumb="https://www.arconaitv.me/wp-content/uploads/2015/06/9.png">ActivateWindow(10025,&quot;plugin://plugin.program.super.favourites/?label=Futurama&amp;mode=400&amp;folder=LiveTV%2FShows%2FFuturama&amp;sf_options=fanart%3DNULL%26_options_sf&quot;)</favourite>
	<favourite name="the Simpsons" thumb="http://thetvdb.com/banners/_cache/posters/71663-10.jpg">ActivateWindow(10025,&quot;plugin://plugin.program.super.favourites/?label=the Simpsons&amp;mode=400&amp;folder=LiveTV%2FShows%2Fthe%20Simpsons&amp;sf_options=fanart%3DNULL%26_options_sf&quot;)</favourite>
	<favourite name="South Park" thumb="http://thetvdb.com/banners/_cache/posters/75897-5.jpg">ActivateWindow(10025,&quot;plugin://plugin.program.super.favourites/?label=South Park&amp;mode=400&amp;folder=LiveTV%2FShows%2FSouth%20Park&amp;sf_options=fanart%3DNULL%26_options_sf&quot;)</favourite>
	
	<favourite name="Shark Tank" thumb="http://thetvdb.com/banners/_cache/posters/100981-2.jpg">PlayMedia(&quot;plugin://plugin.video.ccloudtv/?url=http%3A%2F%2F94.23.35.42%2FcCloudTv%2Fparser.php%3Fsurl%3Dhttps%3A%2F%2Fwww.arconaitv.me%2Fst%2F%7CUser-Agent%3DMozilla%252F5.0%2520%28Windows%2520NT%25206.1%253B%2520WOW64%29%2520AppleWebKit%252F537.36%2520%28KHTML%252C%2520like%2520Gecko%29%2520Chrome%252F47.0.2526.106%2520Safari%252F537.36&amp;mode=1&amp;name=SharkTank&amp;iconimage=&amp;sf_options=winID%3D10025%26_options_sf&quot;,return)</favourite>
	
	
	<favourite name="Ali G: Show" thumb="http://thetvdb.com/banners/_cache/posters/72359-1.jpg">PlayMedia(&quot;plugin://plugin.stream.vaughnlive.tv/?sourcetype=auto&amp;title=aligshow&amp;url=http%3A%2F%2Fvaughnlive.tv%2Faligshow&amp;mode=PlayLiveStream&amp;channel=aligshow&amp;sf_options=winID%3D10025%26_options_sf&quot;)</favourite>
	<favourite name="That 70&apos;s Show *" thumb="http://thetvdb.com/banners/_cache/posters/73787-3.jpg">PlayMedia(&quot;plugin://plugin.video.ccloudtv/?url=http%3A%2F%2F94.23.35.42%2FcCloudTv%2Fparser.php%3Fsurl%3Dhttps%3A%2F%2Fwww.arconaitv.me%2F70s%2F%7CUser-Agent%3DMozilla%252F5.0%2520%28Windows%2520NT%25206.1%253B%2520WOW64%29%2520AppleWebKit%252F537.36%2520%28KHTML%252C%2520like%2520Gecko%29%2520Chrome%252F47.0.2526.106%2520Safari%252F537.36&amp;mode=1&amp;name=70s+Show&amp;iconimage=&amp;sf_options=winID%3D10025%26_options_sf&quot;,return)</favourite>
	<favourite name="Two and a Half Men *" thumb="http://thetvdb.com/banners/_cache/posters/72227-11.jpg">PlayMedia(&quot;http://iptvnation.com/two.mp4?sf_options=winID%3D10025%26_options_sf&quot;)</favourite>
	<favourite name="Fresh Prince of Bel Air" thumb="https://www.arconaitv.me/wp-content/uploads/2015/11/fresh-prince-2.jpg">PlayMedia(&quot;plugin://plugin.video.ccloudtv/?url=http%3A%2F%2F94.23.35.42%2FcCloudTv%2Fparser.php%3Fsurl%3Dhttps%3A%2F%2Fwww.arconaitv.me%2Ffpb%2F%7CUser-Agent%3DMozilla%252F5.0%2520%28Windows%2520NT%25206.1%253B%2520WOW64%29%2520AppleWebKit%252F537.36%2520%28KHTML%252C%2520like%2520Gecko%29%2520Chrome%252F47.0.2526.106%2520Safari%252F537.36&amp;mode=1&amp;name=FreshPrince&amp;iconimage=&amp;sf_options=winID%3D10025%26_options_sf&quot;,return)</favourite>
	<favourite name="Friends *" thumb="http://thetvdb.com/banners/_cache/posters/79168-11.jpg">PlayMedia(&quot;plugin://plugin.video.ccloudtv/?url=http%3A%2F%2F94.23.35.42%2FcCloudTv%2Fparser.php%3Fsurl%3Dhttps%3A%2F%2Fwww.arconaitv.me%2Ffriendships%2F%7CUser-Agent%3DMozilla%252F5.0%2520%28Windows%2520NT%25206.1%253B%2520WOW64%29%2520AppleWebKit%252F537.36%2520%28KHTML%252C%2520like%2520Gecko%29%2520Chrome%252F47.0.2526.106%2520Safari%252F537.36&amp;mode=1&amp;name=Friends&amp;iconimage=&amp;sf_options=winID%3D10025%26_options_sf&quot;,return)</favourite>
<favourite name="Home Improvement *" thumb="http://thetvdb.com/banners/_cache/posters/77537-1.jpg">PlayMedia(&quot;plugin://plugin.stream.vaughnlive.tv/?sourcetype=auto&amp;title=vaughn&amp;url=http%3A%2F%2Fvaughnlive.tv%2Flmshows_hi&amp;section=&amp;site=&amp;mode=PlayLiveStream&amp;channel=lmshows_hi&amp;sf_options=winID%3D10025%26_options_sf&quot;)</favourite>
<favourite name="Married With Children" thumb="http://thetvdb.com/banners/_cache/posters/76385-10.jpg">PlayMedia(&quot;plugin://plugin.stream.vaughnlive.tv/?sourcetype=auto&amp;title=vaughn&amp;url=http%3A%2F%2Fvaughnlive.tv%2Flmshows_mwc&amp;section=&amp;site=&amp;mode=PlayLiveStream&amp;channel=lmshows_mwc&amp;sf_options=winID%3D10025%26_options_sf&quot;)</favourite>
	<favourite name="the Office *" thumb="http://thetvdb.com/banners/_cache/posters/73244-13.jpg">PlayMedia(&quot;plugin://plugin.video.ccloudtv/?url=http%3A%2F%2F94.23.35.42%2FcCloudTv%2Fparser.php%3Fsurl%3Dhttps%3A%2F%2Fwww.arconaitv.me%2Fto%2F%7CUser-Agent%3DMozilla%252F5.0%2520%28Windows%2520NT%25206.1%253B%2520WOW64%29%2520AppleWebKit%252F537.36%2520%28KHTML%252C%2520like%2520Gecko%29%2520Chrome%252F47.0.2526.106%2520Safari%252F537.36&amp;mode=1&amp;name=Office&amp;iconimage=&amp;sf_options=winID%3D10025%26_options_sf&quot;,return)</favourite>
	<favourite name="Raymond..." thumb="http://thetvdb.com/banners/_cache/posters/73663-2.jpg">PlayMedia(&quot;plugin://plugin.stream.vaughnlive.tv/?sourcetype=auto&amp;title=improv+comedy2&amp;url=http%3A%2F%2Fvaughnlive.tv%2Fimprov_comedy2&amp;mode=PlayLiveStream&amp;fimg=http%3A%2F%2Fcdn.vaughnsoft.com%2Fvaughnsoft%2Fvaughnlive%2Fimg_backgrounds%2Fimprov_comedy2.jpg&amp;channel=improv_comedy2&amp;sf_options=winID%3D10025%26_options_sf&quot;)</favourite>
	<favourite name="Seinfeld *" thumb="http://thetvdb.com/banners/_cache/posters/79169-5.jpg">PlayMedia(&quot;plugin://plugin.video.ccloudtv/?url=http%3A%2F%2F94.23.35.42%2FcCloudTv%2Fparser.php%3Fsurl%3Dhttps%3A%2F%2Fwww.arconaitv.me%2Fsf%2F%7CUser-Agent%3DMozilla%252F5.0%2520%28Windows%2520NT%25206.1%253B%2520WOW64%29%2520AppleWebKit%252F537.36%2520%28KHTML%252C%2520like%2520Gecko%29%2520Chrome%252F47.0.2526.106%2520Safari%252F537.36&amp;mode=1&amp;name=Seinfeld&amp;iconimage=http%3A%2F%2Fimg.sharetv.com%2Fshows%2Fstandard%2Fseinfeld.jpg&amp;sf_options=winID%3D10025%26_options_sf&quot;,return)</favourite>
	

<favourite name="Fraiser *" thumb="http://thetvdb.com/banners/_cache/posters/77811-4.jpg">PlayMedia(&quot;plugin://plugin.video.ccloudtv/?url=http%3A%2F%2F94.23.35.42%2FcCloudTv%2Fparser.php%3Fsurl%3Dhttps%3A%2F%2Fwww.arconaitv.me%2Ffraizer%2F%7CUser-Agent%3DMozilla%252F5.0%2520%28Windows%2520NT%25206.1%253B%2520WOW64%29%2520AppleWebKit%252F537.36%2520%28KHTML%252C%2520like%2520Gecko%29%2520Chrome%252F47.0.2526.106%2520Safari%252F537.36&amp;mode=1&amp;name=Office&amp;iconimage=&amp;sf_options=winID%3D10025%26_options_sf&quot;,return)</favourite>

	
<favourite name="Duck Dynasty" thumb="http://thetvdb.com/banners/_cache/posters/256825-3.jpg">PlayMedia(&quot;plugin://plugin.stream.vaughnlive.tv/?sourcetype=auto&amp;title=vaughn&amp;url=http%3A%2F%2Fvaughnlive.tv%2Flmshows_dd&amp;section=&amp;site=&amp;mode=PlayLiveStream&amp;channel=lmshows_dd&amp;sf_options=winID%3D10025%26_options_sf&quot;)</favourite>	
	<favourite name="Impractical Jokers" thumb="http://thetvdb.com/banners/_cache/posters/254243-6.jpg">PlayMedia(&quot;plugin://plugin.stream.vaughnlive.tv/?sourcetype=auto&amp;title=vaughn&amp;url=http%3A%2F%2Fvaughnlive.tv%2Flmshows_ij&amp;section=&amp;site=&amp;mode=PlayLiveStream&amp;channel=lmshows_ij&amp;sf_options=winID%3D10025%26_options_sf&quot;)</favourite>
	<favourite name="Scrubs *" thumb="http://thetvdb.com/banners/_cache/posters/76156-6.jpg">PlayMedia(&quot;plugin://plugin.video.ccloudtv/?url=http%3A%2F%2F94.23.35.42%2FcCloudTv%2Fparser.php%3Fsurl%3Dhttps%3A%2F%2Fwww.arconaitv.me%2Fscroobs%2F%7CUser-Agent%3DMozilla%252F5.0%2520%28Windows%2520NT%25206.1%253B%2520WOW64%29%2520AppleWebKit%252F537.36%2520%28KHTML%252C%2520like%2520Gecko%29%2520Chrome%252F47.0.2526.106%2520Safari%252F537.36&amp;mode=1&amp;name=Office&amp;iconimage=&amp;sf_options=winID%3D10025%26_options_sf&quot;,return)</favourite>
	
	
	

	
	
	
	
	
		
	
	
	
	<favourite name="Big Bang Theory *" thumb="http://thetvdb.com/banners/_cache/posters/80379-39.jpg">PlayMedia(&quot;plugin://plugin.video.ccloudtv/?url=http%3A%2F%2F94.23.35.42%2FcCloudTv%2Fparser.php%3Fsurl%3Dhttps%3A%2F%2Fwww.arconaitv.me%2Ftbbt%2F%7CUser-Agent%3DMozilla%252F5.0%2520%28Windows%2520NT%25206.1%253B%2520WOW64%29%2520AppleWebKit%252F537.36%2520%28KHTML%252C%2520like%2520Gecko%29%2520Chrome%252F47.0.2526.106%2520Safari%252F537.36&amp;mode=1&amp;name=Big+Bang&amp;iconimage=&amp;sf_options=winID%3D10025%26_options_sf&quot;,return)</favourite>
	<favourite name="Community *" thumb="http://thetvdb.com/banners/_cache/posters/94571-7.jpg">PlayMedia(&quot;plugin://plugin.video.ccloudtv/?url=http%3A%2F%2F94.23.35.42%2FcCloudTv%2Fparser.php%3Fsurl%3Dhttps%3A%2F%2Fwww.arconaitv.me%2Fcom%2F%7CUser-Agent%3DMozilla%252F5.0%2520%28Windows%2520NT%25206.1%253B%2520WOW64%29%2520AppleWebKit%252F537.36%2520%28KHTML%252C%2520like%2520Gecko%29%2520Chrome%252F47.0.2526.106%2520Safari%252F537.36&amp;mode=1&amp;name=Community&amp;iconimage=&amp;sf_options=winID%3D10025%26_options_sf&quot;,return)</favourite>
	<favourite name="Curb your Enthusiasm *" thumb="https://www.arconaitv.me/wp-content/uploads/2015/11/curb-your.jpg">PlayMedia(&quot;plugin://plugin.video.ccloudtv/?url=http%3A%2F%2F94.23.35.42%2FcCloudTv%2Fparser.php%3Fsurl%3Dhttps%3A%2F%2Fwww.arconaitv.me%2Fcye%2F%7CUser-Agent%3DMozilla%252F5.0%2520%28Windows%2520NT%25206.1%253B%2520WOW64%29%2520AppleWebKit%252F537.36%2520%28KHTML%252C%2520like%2520Gecko%29%2520Chrome%252F47.0.2526.106%2520Safari%252F537.36&amp;mode=1&amp;name=Curb+Your+Enthusiasm&amp;iconimage=&amp;sf_options=winID%3D10025%26_options_sf&quot;,return)</favourite>
	<favourite name="Its Always Sunny In Philadelphia *" thumb="https://www.arconaitv.me/wp-content/uploads/2015/06/10.png">PlayMedia(&quot;plugin://plugin.video.ccloudtv/?url=http%3A%2F%2F94.23.35.42%2FcCloudTv%2Fparser.php%3Fsurl%3Dhttps%3A%2F%2Fwww.arconaitv.me%2Fasip%2F%7CUser-Agent%3DMozilla%252F5.0%2520%28Windows%2520NT%25206.1%253B%2520WOW64%29%2520AppleWebKit%252F537.36%2520%28KHTML%252C%2520like%2520Gecko%29%2520Chrome%252F47.0.2526.106%2520Safari%252F537.36&amp;mode=1&amp;name=Always+Sunny+In+Philadelphia&amp;iconimage=&amp;sf_options=winID%3D10025%26_options_sf&quot;,return)</favourite>
	
	
	<favourite name="Movie Channel" thumb="http://www.tastingbeers.com/media/tastings/newreleases_logo.jpg">PlayMedia(&quot;plugin://plugin.video.ccloudtv/?url=http%3A%2F%2F94.23.35.42%2FcCloudTv%2Fparser.php%3Fsurl%3Dhttps%3A%2F%2Fwww.arconaitv.me%2Fmoovaye%2F%7CUser-Agent%3DMozilla%252F5.0%2520%28Windows%2520NT%25206.1%253B%2520WOW64%29%2520AppleWebKit%252F537.36%2520%28KHTML%252C%2520like%2520Gecko%29%2520Chrome%252F47.0.2526.106%2520Safari%252F537.36&amp;mode=1&amp;name=New+Movie+Releases+%28RandomAirTime+24%2F7%29+%28US%29+%28English%29&amp;iconimage=http%3A%2F%2Fwww.tastingbeers.com%2Fmedia%2Ftastings%2Fnewreleases_logo.jpg&amp;sf_options=winID%3D10025%26_options_sf&quot;)</favourite>
	<favourite name="COPS" thumb="http://thetvdb.com/banners/_cache/posters/74709-1.jpg">PlayMedia(&quot;plugin://plugin.stream.vaughnlive.tv/?sourcetype=auto&amp;title=vaughn&amp;url=http%3A%2F%2Fvaughnlive.tv%2Fprofe3196&amp;section=&amp;site=&amp;mode=PlayLiveStream&amp;channel=profe3196&amp;sf_options=winID%3D10025%26_options_sf&quot;)</favourite>
	<favourite name="MasterChef" thumb="http://thetvdb.com/banners/_cache/posters/167751-7.jpg">PlayMedia(&quot;plugin://plugin.stream.vaughnlive.tv/?sourcetype=auto&amp;img=http%3A%2F%2Fcdn.vaughnsoft.com%2Fvaughnsoft%2Fvaughn%2Fimg_profiles%2Fchangoxpr_320.jpg&amp;title=changoxpr&amp;url=http%3A%2F%2Fvaughnlive.tv%2Fchangoxpr&amp;section=&amp;site=&amp;mode=PlayLiveStream&amp;fimg=http%3A%2F%2Fcdn.vaughnsoft.com%2Fvaughnsoft%2Fvaughnlive%2Fimg_backgrounds%2Fchangoxpr.jpg&amp;channel=changoxpr&amp;sf_options=winID%3D10025%26_options_sf&quot;)</favourite>
	<favourite name="Cartoon Network" thumb="https://upload.wikimedia.org/wikipedia/commons/thumb/2/2c/Cartoon_Network_2004_logo.svg/220px-Cartoon_Network_2004_logo.svg.png">ActivateWindow(10025,&quot;plugin://plugin.program.super.favourites/?label=Cartoon Network&amp;mode=400&amp;folder=LiveTV%2FShows%2FCartoon%20Network&amp;sf_options=fanart%3DNULL%26_options_sf&quot;)</favourite>
	
	<favourite name="Ren and Stimpy" thumb="https://www.arconaitv.me/wp-content/uploads/2015/11/Ren-and-Stimpy.jpg">PlayMedia(&quot;plugin://plugin.video.ccloudtv/?url=http%3A%2F%2F94.23.35.42%2FcCloudTv%2Fparser.php%3Fsurl%3Dhttps%3A%2F%2Fwww.arconaitv.me%2Frenstimp%2F%7CUser-Agent%3DMozilla%252F5.0%2520%28Windows%2520NT%25206.1%253B%2520WOW64%29%2520AppleWebKit%252F537.36%2520%28KHTML%252C%2520like%2520Gecko%29%2520Chrome%252F47.0.2526.106%2520Safari%252F537.36&amp;mode=1&amp;name=RenNStimpty&amp;sf_options=winID%3D10025%26_options_sf&quot;,return)</favourite>
	
	<favourite name="Better Call Saul *" thumb="https://www.arconaitv.me/wp-content/uploads/2015/06/5.png">PlayMedia(&quot;plugin://plugin.video.ccloudtv/?url=http%3A%2F%2F94.23.35.42%2FcCloudTv%2Fparser.php%3Fsurl%3Dhttps%3A%2F%2Fwww.arconaitv.me%2Fbcs%2F%7CUser-Agent%3DMozilla%252F5.0%2520%28Windows%2520NT%25206.1%253B%2520WOW64%29%2520AppleWebKit%252F537.36%2520%28KHTML%252C%2520like%2520Gecko%29%2520Chrome%252F47.0.2526.106%2520Safari%252F537.36&amp;mode=1&amp;name=Better+Call+Saul&amp;iconimage=&amp;sf_options=winID%3D10025%26_options_sf&quot;,return)</favourite>
	
	<favourite name="Sopranos *" thumb="http://thetvdb.com/banners/_cache/posters/75299-4.jpg">PlayMedia(&quot;plugin://plugin.video.ccloudtv/?url=http%3A%2F%2F94.23.35.42%2FcCloudTv%2Fparser.php%3Fsurl%3Dhttps%3A%2F%2Fwww.arconaitv.me%2Fsoapnos%2F%7CUser-Agent%3DMozilla%252F5.0%2520%28Windows%2520NT%25206.1%253B%2520WOW64%29%2520AppleWebKit%252F537.36%2520%28KHTML%252C%2520like%2520Gecko%29%2520Chrome%252F47.0.2526.106%2520Safari%252F537.36&amp;mode=1&amp;name=Sopranos&amp;iconimage=&amp;sf_options=winID%3D10025%26_options_sf&quot;,return)</favourite>
	<favourite name="Game of Thrones *" thumb="https://www.arconaitv.me/wp-content/uploads/2015/11/game-off-thrones.jpg">PlayMedia(&quot;plugin://plugin.video.ccloudtv/?url=http%3A%2F%2F94.23.35.42%2FcCloudTv%2Fparser.php%3Fsurl%3Dhttps%3A%2F%2Fwww.arconaitv.me%2Fgot%2F%7CUser-Agent%3DMozilla%252F5.0%2520%28Windows%2520NT%25206.1%253B%2520WOW64%29%2520AppleWebKit%252F537.36%2520%28KHTML%252C%2520like%2520Gecko%29%2520Chrome%252F47.0.2526.106%2520Safari%252F537.36&amp;mode=1&amp;name=Game+of+Thrones&amp;iconimage=&amp;sf_options=winID%3D10025%26_options_sf&quot;,return)</favourite>
	<favourite name="Bones *" thumb="http://thetvdb.com/banners/_cache/posters/75682-17.jpg">PlayMedia(&quot;http://iptvnation.com/bones.mp4?sf_options=winID%3D10025%26_options_sf&quot;)</favourite>
	<favourite name="Arrow *" thumb="http://thetvdb.com/banners/_cache/posters/257655-27.jpg">PlayMedia(&quot;http://iptvnation.com/arrow.mp4?sf_options=winID%3D10025%26_options_sf&quot;)</favourite>
	<favourite name="Grimm *" thumb="http://thetvdb.com/banners/_cache/posters/248736-13.jpg">PlayMedia(&quot;http://iptvnation.com/grimm.mp4?sf_options=winID%3D10025%26_options_sf&quot;)</favourite>
	<favourite name="Mentalist *" thumb="http://thetvdb.com/banners/_cache/posters/82459-6.jpg">PlayMedia(&quot;http://iptvnation.com/mentalist.mp4?sf_options=winID%3D10025%26_options_sf&quot;)</favourite>
	<favourite name="Criminal Minds" thumb="http://thetvdb.com/banners/_cache/posters/75710-6.jpg">PlayMedia(&quot;http://iptvnation.com/criminal.mp4?sf_options=winID%3D10025%26_options_sf&quot;)</favourite>
	<favourite name="CSI Miami" thumb="http://thetvdb.com/banners/_cache/posters/78310-7.jpg">PlayMedia(&quot;http://iptvnation.com/csimiami.mp4?sf_options=winID%3D10025%26_options_sf&quot;)</favourite>
	<favourite name="More" thumb="http://cdn.vaughnsoft.com/vaughnsoft/vaughn/img_profiles/castlehawkthorne_320.jpg">ActivateWindow(10025,&quot;plugin://plugin.program.super.favourites/?label=More&amp;mode=400&amp;folder=LiveTV%2FShows%2FMore&amp;sf_options=fanart%3DNULL%26_options_sf&quot;)</favourite>
	<favourite name="Websites" thumb="http://www.communityinformaticsprojects.org/prairienet2/images/Internet-Explorer-Icon.png">ActivateWindow(10025,&quot;plugin://plugin.program.super.favourites/?label=Websites&amp;mode=400&amp;folder=LiveTV%2FShows%2FWebsites&amp;sf_options=fanart%3Dspecial%3A%2F%2Fhome%2Faddons%5Cplugin.stream.vaughnlive.tv%5Cfanart.jpg%26_options_sf&quot;)</favourite>
</favourites>