<favourites>
	<favourite name="Movies OnDemand" thumb="http://googledrive.com/host/0B-bY5h-uWEgZQVJQZ0lzUTdBeFE/icons/apps/ondemand.jpg">ActivateWindow(10025,&quot;plugin://plugin.program.super.favourites/?folder=Movies/Movies OnDemand&quot;,return)</favourite>
	<favourite name="New Movies" thumb="http://icons.iconarchive.com/icons/custom-icon-design/pretty-office-11/512/new-icon.png">ActivateWindow(10025,&quot;plugin://plugin.program.super.favourites/?folder=Movies/New&quot;,return)</favourite>
	<favourite name="Feature Films" thumb="http://googledrive.com/host/0B-bY5h-uWEgZQVJQZ0lzUTdBeFE/icons/theaters5.png">ActivateWindow(10025,&quot;plugin://plugin.video.origin2/?action=movies&amp;url=featured&quot;,return)</favourite>
	<favourite name="X-Mas Movies" thumb="http://cdn0.iconfinder.com//design/images/blog/2/31.png">ActivateWindow(10025,&quot;plugin://plugin.video.phstreams/?action=ndmode&amp;audio=0&amp;content=0&amp;fanart=http%3a%2f%2fimg05.deviantart.net%2f6db8%2fi%2f2013%2f337%2fb%2ff%2fuprising_of_the_mockingjay_by_sikundoto-d6wm4rz.jpg&amp;image=http%3a%2f%2fs2.postimg.org%2ftaos3lyw9%2fChristmas_List.jpg&amp;name=%5bCOLOR%20yellow%5dNEW%3a%20The%20Christmas%20Collection%5b%2fCOLOR%5d&amp;playable=false&amp;tvshow=0&amp;url=http%3a%2f%2fgibraltar.watchkodi.com%2fCollections%2fxmas.xml&quot;,return)</favourite>
	<favourite name="Popular" thumb="https://www.globalstudentnetwork.com/billing/images/most-popular.png">ActivateWindow(10025,&quot;plugin://plugin.program.super.favourites/?folder=Movies/Popular&quot;,return)</favourite>
	<favourite name="In Theaters" thumb="http://www.iconeasy.com/icon/png/Movie%20%26%20TV/Curtains/TheatreSpotlights.png">ActivateWindow(10025,&quot;plugin://plugin.video.origin2/?action=movies&amp;url=theaters&quot;,return)</favourite>
	<favourite name="BoxSets" thumb="http://media.christianproductsdirect.com.au/media/catalog/product/cache/1/image/310x/9df78eab33525d08d6e5fb8d27136e95/c/a/cache_92_167_3_fle-12-fle-collection.png">ActivateWindow(10025,&quot;plugin://plugin.video.phstreams/?action=ndmode&amp;audio=0&amp;content=0&amp;fanart=http%3a%2f%2fs6.postimg.org%2f4ph8mo5q9%2fBackdrop.png&amp;image=http%3a%2f%2fs6.postimg.org%2fvls13i9s1%2fBoxsets.png&amp;name=%5bCOLOR%20orangered%5dB%5b%2fCOLOR%5d%5bCOLOR%20white%5dOXSETS%5b%2fCOLOR%5d&amp;playable=false&amp;tvshow=0&amp;url=http%3a%2f%2fzenica.watchkodi.com%2fDirectories%2fMovies%2520Directories%2fBoxsets%2520Directory.xml&amp;sf_options=fanart%3Dhttp%3A%2F%2Fs6.postimg.org%2F4ph8mo5q9%2FBackdrop.png%26desc%3DDiscover+Great+Streaming+Playlists%21%26_options_sf&quot;,return)</favourite>
	<favourite name="By Genre" thumb="http://thumbs.dreamstime.com/t/film-genre-squared-app-icon-set-flat-style-vector-illustrations-long-shadows-49654570.jpg">ActivateWindow(10025,&quot;plugin://plugin.video.pftvso/?foldername=movies&amp;mode=movies_genre&amp;sf_options=fanart%3Dspecial%3A%2F%2Fhome%2Faddons%5Cplugin.video.pftvso%2Fart%2Fthemes%2FBlue%2Ffanart.jpg%26_options_sf&quot;,return)</favourite>
	<favourite name="By Year" thumb="http://googledrive.com/host/0B-bY5h-uWEgZQVJQZ0lzUTdBeFE/icons/year.png">ActivateWindow(10025,&quot;plugin://plugin.video.origin2/?action=movieYears&quot;,return)</favourite>
	<favourite name="By Actor" thumb="http://googledrive.com/host/0B-bY5h-uWEgZQVJQZ0lzUTdBeFE/icons/test/actors.png">ActivateWindow(10025,&quot;plugin://plugin.video.origin2/?action=moviePersons&amp;sf_options=fanart%3Dspecial%3A%2F%2Fhome%2Faddons%5Cplugin.video.genesis%5Cresources%5Cmedia%5Cgone%5Cfanart.jpg%26_options_sf&quot;,return)</favourite>
	<favourite name="Search Actors" thumb="http://googledrive.com/host/0B-bY5h-uWEgZQVJQZ0lzUTdBeFE/icons/test2/search_user.png">ActivateWindow(10025,&quot;plugin://plugin.video.origin2/?action=moviePerson&quot;,return)</favourite>
	<favourite name="Search" thumb="http://googledrive.com/host/0B-bY5h-uWEgZQVJQZ0lzUTdBeFE/icons/search-movies.png">ActivateWindow(10025,&quot;plugin://plugin.video.origin2/?action=movieSearch&quot;,return)</favourite>
</favourites>