{
 "name"         : "Explore [COLOR FF0084FF]-[/COLOR] Salts ([COLOR FF0084FF]Q[/COLOR])",
 "repository"   : "repository.tknorris.release",
 "plugin"       : "plugin.video.salts",
 "priority"     : 500,
 "id"           : "explore.salts.q",
 "filters"      : {},
 "postprocess"  : "",
 "movies"       : [
  [
   {
    "link"      : "plugin://plugin.video.salts/?query={title}&section=Movies&mode=search_results",
    "steps"     : [],
    "action"    : "ACTIVATE"
   }
  ]
 ],
 "tvshows"      : [
  [
   {
    "link"      : "plugin://plugin.video.salts/?season={season}&trakt_id={trakt}&mode=episodes",
    "steps"     : [],
    "action"    : "ACTIVATE"
   }
  ]
 ],
 "musicvideos"  : [],
 "music"        : [],
 "live"         : []
}
