<favourites>
	<favourite name="Android apps" thumb="DefaultProgram.png">ActivateWindow(10001,&quot;androidapp://sources/apps/&quot;,return)</favourite>
	<favourite name="Aptoide TV" thumb="androidapp://sources/apps/cm.aptoidetv.pt.png">StartAndroidActivity(&quot;cm.aptoidetv.pt&quot;)</favourite>
	<favourite name="Browser" thumb="androidapp://sources/apps/com.android.browser.png">StartAndroidActivity(&quot;com.android.browser&quot;)</favourite>
	<favourite name="Fast Reboot" thumb="androidapp://sources/apps/com.greatbytes.fastreboot.png">StartAndroidActivity(&quot;com.greatbytes.fastreboot&quot;)</favourite>
	<favourite name="Google Now Launcher" thumb="androidapp://sources/apps/com.google.android.launcher.png">StartAndroidActivity(&quot;com.google.android.launcher&quot;)</favourite>
	<favourite name="Mobdro" thumb="androidapp://sources/apps/com.mobdro.android.png">StartAndroidActivity(&quot;com.mobdro.android&quot;)</favourite>
	<favourite name="QuickSupport" thumb="androidapp://sources/apps/com.teamviewer.quicksupport.market.png">StartAndroidActivity(&quot;com.teamviewer.quicksupport.market&quot;)</favourite>
	<favourite name="Speedtest" thumb="androidapp://sources/apps/org.zwanoo.android.speedtest.png">StartAndroidActivity(&quot;org.zwanoo.android.speedtest&quot;)</favourite>
	<favourite name="YouTube" thumb="androidapp://sources/apps/com.google.android.youtube.png">StartAndroidActivity(&quot;com.google.android.youtube&quot;)</favourite>
	<favourite name="YouTube" thumb="androidapp://sources/apps/com.google.android.youtube.tv.png">StartAndroidActivity(&quot;com.google.android.youtube.tv&quot;)</favourite>
	<favourite name="Aptoide" thumb="androidapp://sources/apps/cm.aptoide.pt.png">StartAndroidActivity(&quot;cm.aptoide.pt&quot;)</favourite>
	<favourite name="Program add-ons" thumb="DefaultAddonProgram.png">ActivateWindow(10001,&quot;addons://sources/executable/&quot;,return)</favourite>
</favourites>