<favourites>


	<favourite name="[COLOR blue]Live[/COLOR] Games [COLOR black] - zunox[/COLOR]" thumb="">ActivateWindow(10025,&quot;plugin://plugin.video.SportsDevil/?item=title%3dZunox.hk%26url%3dlivesports%252Fslipstreamtv.co.cfg%26definedIn%3dlivesports.cfg%26director%3dzunox.hk%26genre%3dLive%2bSports%26type%3drss%26icon%3d&amp;mode=1&quot;,return)</favourite>
	<favourite name="[COLOR blue]Live[/COLOR] Games [COLOR black]- 10livestreams[/COLOR]" thumb="">ActivateWindow(10025,&quot;plugin://plugin.program.super.favourites/?mode=400&amp;folder=Sports%5CNHL%5C10livestreams&amp;sf_options=&quot;,return)</favourite>
	<--! favourite name="[COLOR blue]Live[/COLOR] Games [COLOR black]- Cricfree[/COLOR]" thumb="http://cricfree.tv/images/cricfree.png">ActivateWindow(10025,&quot;plugin://plugin.video.SportsDevil/?item=title%3d%252ASchedule%252A%26url%3dhttp%3A%2F%2Fcricfree.sc%2Fhockey-live-stream%26cfg%3dcricfree.tv.cfg%2540Schedule%26definedIn%3dtv%252Fcricfree.tv.cfg%26director%3dcricfree.tv%26genre%3dTV%26type%3donce%26icon%3dhttp%253A%252F%252Fcricfree.tv%252Fimages%252Fcricfree.png&amp;mode=1&quot;,return)</favourite>
	
	<favourite name="[COLOR blue]Live[/COLOR] Games [COLOR black] - StreamHunter[/COLOR]" thumb="http://img13.deviantart.net/1ece/i/2005/332/7/1/nhl_logo_by_smilersmiles.png">ActivateWindow(10025,&quot;plugin://plugin.video.SportsDevil/?item=title%3dHockey%26url%3dhttp%253A%252F%252Fwww.batmanstream.com%252Fhockey-live-streaming-video-2015.html%26cfg%3dlshunter-new.cfg%2540Events%26definedIn%3dlivesports%252Flshunter-new.cfg%26director%3dLSHunter.tv%26genre%3dLive%2bSports%26type%3drss%26icon%3d&amp;mode=1&quot;,return)</favourite>
	
	
	 <favourite name="[COLOR blue]Live[/COLOR] Games [COLOR black] - [COLOR black]livetv.ru[/COLOR]" thumb="">ActivateWindow(10025,&quot;plugin://plugin.video.SportsDevil/?item=count.tmp%3d10%26title.tmp%3dIce%2bHockey%26ticon.tmp%3d%252F%252Fcdn.livetvcdn.net%252Fimg%252Fsport%252F2.gif%26url%3dhttp%253A%252F%252Flivetv123.net%252Fenx%252Fallupcomingsports%252F2%252F%26cfg%3dlivetv.ru.videos.cfg%2540CATEGORY%25402%26definedIn%3dlivesports%252Flivetv.ru.cfg%26director%3dLiveTV.ru%26id.tmp%3d2%26referer%3dhttp%253A%252F%252Flivetv123.net%252Fen%252Fallupcoming%26genre%3dLive%2bSports%26title%3dIce%2bHockey%2b%252810%2529%26icon.tmp%3d%26type%3drss%26icon%3d%252F%252F&amp;mode=1&quot;,return)</favourite>
	
	<favourite name="[COLOR blue]Live[/COLOR] Games [COLOR black] - B-Streams[/COLOR]" thumb="http://img13.deviantart.net/1ece/i/2005/332/7/1/nhl_logo_by_smilersmiles.png">ActivateWindow(10025,&quot;plugin://plugin.video.SportsDevil/?item=title%3dBundesliga-Streams.net%26url%3dlivesports%252Fbundesliga-streams.net.cfg%26definedIn%3dlivesports.cfg%26director%3dbundesliga-streams.net%26genre%3dLive%2bSports%26type%3drss%26icon%3d&amp;mode=1&quot;,return)</favourite>
	<favourite name="[COLOR blue]Live[/COLOR] Games [COLOR black] - DimSports[/COLOR]" thumb="http://img13.deviantart.net/1ece/i/2005/332/7/1/nhl_logo_by_smilersmiles.png">ActivateWindow(10025,&quot;plugin://plugin.video.SportsDevil/?item=title%3dIce%2bHockey%26url%3dhttp%253A%252F%252Fwww.idimsports.eu%252Fice-hockey.html%26cfg%3ddimsports.eu.links.cfg%26definedIn%3dlivesports%252Fdimsports.eu.cfg%26director%3ddimsports.eu%26genre%3dLive%2bSports%26type%3drss%26icon%3d&amp;mode=1&quot;,return)</favourite>
	
	 
	
	<--! favourite name="[COLOR blue]Live[/COLOR] Games [COLOR black] - mamaHD[/COLOR]" thumb="">ActivateWindow(10025,&quot;plugin://plugin.video.ufc-finest/?description&amp;fanart=&amp;mode=11&amp;name=NHL Live&amp;url=http%3a%2f%2fmamahd.com%2fhockey-live-stream.html&quot;,return)</favourite>
	

	
	
	
</favourites>