<favourites>
	<favourite name="TV Mix" thumb="special://home/addons\plugin.video.tvmix\icon.png">ActivateWindow(10025,&quot;plugin://plugin.video.tvmix/&quot;,return)</favourite>
	<favourite name="TeeVee" thumb="special://home/addons\plugin.video.teevee\icon.png">ActivateWindow(10025,&quot;plugin://plugin.video.teevee/?sf_options=fanart%3Dspecial%3A%2F%2Fhome%2Faddons%5Cplugin.video.teevee%5Cfanart.jpg%26desc%3DWatch+your+favourite+TV+Shows%21%26_options_sf&quot;,return)</favourite>
	<favourite name="Rlseries" thumb="special://home/addons\plugin.video.rlseriesER\icon.png">ActivateWindow(10025,&quot;plugin://plugin.video.rlseriesER/&quot;,return)</favourite>
	<favourite name="USTV VoD" thumb="special://home/addons\plugin.video.ustvvod\icon.png">ActivateWindow(10025,&quot;plugin://plugin.video.ustvvod/?sf_options=desc%3DYour+Video-on-Demand+streaming+platform+from+US+TV+Networks%26_options_sf&quot;,return)</favourite>
	<favourite name="WABC Programs" thumb="https://raw.githubusercontent.com/moneymaker365/plugin.video.ustvvod/master/resources/images/abcchannel.png">ActivateWindow(10025,&quot;plugin://plugin.video.wabc/?sf_options=desc%3DWABC+Programs+in+1080+from+the+flagship+ABC+station+in+New+York.%26_options_sf&quot;,return)</favourite>
	<favourite name="WNBC Programs" thumb="https://raw.githubusercontent.com/moneymaker365/plugin.video.ustvvod/master/resources/images/nbc.png">ActivateWindow(10025,&quot;plugin://plugin.video.wnbc/?sf_options=desc%3DWNBC+Programs+from+the+flagship+NBC+station+in+New+York.+Programs+include%3A+The+Tonight+Show%2C+NBC+News+and+NBC+Classic+TV.%26_options_sf&quot;,return)</favourite>
	<favourite name="WCBS Programs" thumb="https://raw.githubusercontent.com/moneymaker365/plugin.video.ustvvod/master/resources/images/cbs.png">ActivateWindow(10025,&quot;plugin://plugin.video.wral/?sf_options=desc%3DGet+current+CBS+News%2C+current+and+classic+CBS+programs.%26_options_sf&quot;,return)</favourite>
	<favourite name="[COLOR blue]Cosmix Tv Shows(exodus)[/COLOR]" thumb="http://cosmix.offshorepastebin.com/Weblinks/icons/shows.png">ActivateWindow(10025,&quot;plugin://plugin.video.origin2/?action=tvshows&amp;url=http%3a%2f%2fwww.imdb.com%2flist%2fls063861397%2f%3fstart%3d1%26view%3ddetail%26sort%3dtitle%3aasc%26defaults%3d1%26lists%3dls063861397%26defaults%3d1%26lists%3dls063861397%26scb%3d0.3521301850986706&quot;,return)</favourite>
	<favourite name="Crackle" thumb="https://raw.githubusercontent.com/moneymaker365/plugin.video.ustvvod/master/resources/images/crackle.png">ActivateWindow(10025,&quot;plugin://plugin.video.ustvvod/?fanart=%22C%3a%5ckodi2%5cportable_data%5caddons%5cplugin.video.ustvvod%5cfanart.jpg%22&amp;mode=%22crackle%22&amp;name=%22Crackle%22&amp;sitemode=%22rootlist%22&amp;thumb=%22C%3a%5ckodi2%5cportable_data%5caddons%5cplugin.video.ustvvod%5cresources%5cimages%5ccrackle.png%22&amp;url=%22%22&amp;sf_options=&quot;)</favourite>
	<favourite name="Sundance TV" thumb="special://home/addons\plugin.video.sundance\icon.png">ActivateWindow(10025,&quot;plugin://plugin.video.sundance?sf_options=fanart%3Dspecial%3A%2F%2Fhome%2Faddons%5Cplugin.video.sundance%5Cfanart.jpg%26desc%3DFind+the+best+in+independent+film%2C+original+series%2C+blogs+and+original+web+content+focusing+on+indie+culture.%26_options_sf&quot;,return)</favourite>
	<favourite name="ABC Family" thumb="https://raw.githubusercontent.com/moneymaker365/plugin.video.ustvvod/master/resources/images/abcfamily.png">ActivateWindow(10025,&quot;plugin://plugin.video.abcfamily/&quot;,return)</favourite>
	<favourite name="Cooking Channel" thumb="http://static01.uverse.com/web_files/NEXTGEN/web_files/images/Network%20Logos/network-page/cooking_channel_277x85.png">ActivateWindow(10025,&quot;plugin://plugin.video.cook/&amp;sf_options=&quot;)</favourite>
	<favourite name="Food Network" thumb="https://upload.wikimedia.org/wikipedia/commons/thumb/d/d8/Food_Network.svg/135px-Food_Network.svg.png">ActivateWindow(10025,&quot;plugin://plugin.video.foodnetwork/&amp;sf_options=&quot;)</favourite>
	<favourite name="DIY Network " thumb="http://cdn.ulive.com/88/cc/a2d6350a4fcdbbcf946c50ad0ac1/diy-logo-source.png">ActivateWindow(10025,&quot;plugin://plugin.video.diy/&amp;sf_options=&quot;)</favourite>
	<favourite name="HGTV" thumb="http://cdn.ulive.com/d6/3b/3d1c2f7e41a289f7d55ba7f55349/hgtv-logo-source-page.png">ActivateWindow(10025,&quot;plugin://plugin.video.hgtv/&amp;sf_options=&quot;)</favourite>
	<favourite name="PBS ThinkTV" thumb="special://home/addons\plugin.video.thinktv\icon.png">ActivateWindow(10025,&quot;plugin://plugin.video.thinktv/&quot;,return)</favourite>
	<favourite name="Smithsonian Channel" thumb="http://www.apk20.com/image/icon-253745">ActivateWindow(10025,&quot;plugin://plugin.video.smithsonian/&quot;)</favourite>
	<favourite name="Crackler" thumb="special://home/addons\plugin.video.crackler\icon.png">ActivateWindow(10025,&quot;plugin://plugin.video.crackler/&quot;,return)</favourite>
</favourites>