<favourites>
	<favourite name="MoneySports" thumb="special://home/addons\plugin.video.MoneySports\icon.png">ActivateWindow(10025,&quot;plugin://plugin.video.MoneySports/&amp;&quot;,return)</favourite>
	<favourite name="Pro Sport" thumb="special://home/addons\plugin.video.prosport\icon.png">ActivateWindow(10025,&quot;plugin://plugin.video.prosport/&amp;&quot;,return)</favourite>
	<favourite name="NJM-Soccer" thumb="special://home/addons\plugin.video.NJMSoccer\icon.png">ActivateWindow(10025,&quot;plugin://plugin.video.NJMSoccer/&amp;&quot;,return)</favourite>
	<favourite name="Halow LIVE  TV " thumb="special://home/addons\plugin.video.Test\icon.png">ActivateWindow(10025,&quot;plugin://plugin.video.Test/&amp;&quot;,return)</favourite>
	<favourite name="Operation Robocop" thumb="special://home/addons\plugin.video.Operation_RobocopUltimate\icon.png">ActivateWindow(10025,&quot;plugin://plugin.video.Operation_RobocopUltimate?sf_options=fanart%3Dspecial%3A%2F%2Fhome%2Faddons%5Cplugin.video.Operation_RobocopUltimate%5Cfanart.jpg%26desc%3DFind+us+at+our+Facebook+Group+https%3A%2F%2Fwww.facebook.com%2Fgroups%2F1551875625033019%2F%26_options_sf&quot;,return)</favourite>
	<favourite name="ProjectCypher" thumb="special://home/addons\plugin.video.ProjectCypher\icon.png">ActivateWindow(10025,&quot;plugin://plugin.video.ProjectCypher/&amp;&quot;,return)</favourite>
	<favourite name="ZemTV.com" thumb="special://home/addons\plugin.video.ZemTV-shani\icon.png">ActivateWindow(10025,&quot;plugin://plugin.video.ZemTV-shani/&amp;&quot;,return)</favourite>
	<favourite name="Castaway" thumb="special://home/addons\plugin.video.castaway\icon.png">ActivateWindow(10025,&quot;plugin://plugin.video.castaway?sf_options=fanart%3Dspecial%3A%2F%2Fhome%2Faddons%5Cplugin.video.castaway%5Cfanart.jpg%26desc%3DProvides+access+to+live+content+from+many+sites.%26_options_sf&quot;,return)</favourite>
	<favourite name="SportsDevil" thumb="https://www.tvaddons.ag/wp-content/uploads/2015/11/sportsdevil_icon.jpg">ActivateWindow(10025,&quot;plugin://plugin.video.SportsDevil/?sf_options=fanart%3Dspecial%3A%2F%2Fhome%2Faddons%5Cplugin.video.SportsDevil%5Cfanart.jpg%26_options_sf&quot;,return)</favourite>
	<favourite name="GenieTV" thumb="http://architects.x10host.com/GenieArt/english.png">ActivateWindow(10025,&quot;plugin://plugin.video.GenieTv/?description&amp;fanart=C%3a%5ckodi%5cportable_data%5caddons%5cplugin.video.GenieTv%5cfanart.jpg&amp;iconimage=http%3a%2f%2farchitects.x10host.com%2fGenieArt%2fenglish.png&amp;mode=9021&amp;name=%5bCOLORgreen%5dLive%20Tv%5b%2fCOLOR%5d&amp;url=http%3a%2f%2farchitects.x10host.com&amp;sf_options=fanart%3Dspecial%3A%2F%2Fhome%2Faddons%5Cplugin.video.GenieTv%5Cfanart.jpg%26_options_sf&quot;,return)</favourite>
</favourites>