<favourites>
<favourite name="Teenage Mutant Ninja Turtles" thumb="http://www.b99.tv/wp-content/uploads/2015/09/teenage-mutant-ninja-turtle-320x240.jpg">ActivateWindow(10025,&quot;plugin://plugin.video.kidz/?fanart=C%3a%5cKodi%5cportable_data%5caddons%5cplugin.video.kidz%5cfanart.jpg&amp;iconimage=http%3a%2f%2fwww.b99.tv%2fwp-content%2fuploads%2f2015%2f09%2fteenage-mutant-ninja-turtle-320x240.jpg&amp;mode=1&amp;name=Teenage%20Mutant%20Ninja%20Turtles&amp;url=http%3a%2f%2fwww.b99.tv%2fvideos_categories%2fteenage-mutant-ninja-turtles%2f&quot;,return)</favourite>
	<favourite name="Captain Planet" thumb="http://epguides.com/CaptainPlanet/cast.jpg">ActivateWindow(10025,&quot;plugin://plugin.video.funniermoments/?image=C%3a%5ckodi15f%5cportable_data%5caddons%5cplugin.video.funniermoments%5cicon.png&amp;mode=500&amp;page=1&amp;title=Captain%20Planet%20(26%20videos)&amp;url=http%3a%2f%2fwww.funniermoments.com%2fbrowse-captainplanet-videos-1-date.html&amp;sf_options=&quot;,return)</favourite>
	<favourite name="C.O.P.S Cartoon" thumb="http://www.funniermoments.com/uploads/tm_category_img/68_category_img_th.jpg">ActivateWindow(10025,&quot;plugin://plugin.video.funniermoments/?image=C%3a%5ckodi15f%5cportable_data%5caddons%5cplugin.video.funniermoments%5cicon.png&amp;mode=500&amp;page=1&amp;title=C.O.P.S%20(1988)%20(65%20videos)&amp;url=http%3a%2f%2fwww.funniermoments.com%2fbrowse-cops-videos-1-date.html&amp;sf_options=&quot;,return)</favourite>
	<favourite name="Robocop" thumb="  ">ActivateWindow(10025,&quot;plugin://plugin.video.funniermoments/?image=C%3a%5ckodi15f%5cportable_data%5caddons%5cplugin.video.funniermoments%5cicon.png&amp;mode=500&amp;page=1&amp;title=Robocop%20%5bThe%20Animated%20Series%5d%20(12%20videos)&amp;url=http%3a%2f%2fwww.funniermoments.com%2fbrowse-robocop-videos-1-date.html&amp;sf_options=&quot;,return)</favourite>
	<favourite name="Street Sharks" thumb="http://www.funniermoments.com/uploads/tm_category_img/93_category_img_th.jpg">ActivateWindow(10025,&quot;plugin://plugin.video.funniermoments/?image=C%3a%5ckodi151%5cportable_data%5caddons%5cplugin.video.funniermoments%5cicon.png&amp;mode=500&amp;page=1&amp;title=Street%20Sharks%20(40%20videos)&amp;url=http%3a%2f%2fwww.funniermoments.com%2fbrowse-streetsharks-videos-1-date.html&amp;sf_options=&quot;,return)</favourite>
	<favourite name="The Tick" thumb="http://www.funniermoments.com/uploads/tm_category_img/85_category_img_th.jpg">ActivateWindow(10025,&quot;plugin://plugin.video.funniermoments/?image=C%3a%5ckodi151%5cportable_data%5caddons%5cplugin.video.funniermoments%5cicon.png&amp;mode=500&amp;page=1&amp;title=The%20Tick%20(36%20videos)&amp;url=http%3a%2f%2fwww.funniermoments.com%2fbrowse-tick-videos-1-date.html&amp;sf_options=&quot;,return)</favourite>
	<favourite name="[COLOR blue]Legend of Zelda[/COLOR]" thumb="http://imghost.device.screenmedia.net/playlist_images/Zelda_SeriesArt_214x306.jpg">ActivateWindow(10025,&quot;plugin://plugin.video.popcornflix/?mode=GM&amp;url=%2fseries%2ff3a2c41a-70bd-00be-d434-64443a9146f0&amp;sf_options=&quot;,return)</favourite>
	 <favourite name="He-Man and the Masters of the Universe" thumb="http://www.b99.tv/wp-content/uploads/2015/10/he-man_and_the_masters-320x240.jpg">ActivateWindow(10025,&quot;plugin://plugin.video.b99tv_gw/?description&amp;iconimage=http%3a%2f%2fwww.b99.tv%2fwp-content%2fuploads%2f2015%2f10%2fhe-man_and_the_masters-320x240.jpg&amp;mode=1&amp;name=%5bB%5d%5bCOLOR%20white%5dHe-Man%20and%20the%20Masters%20of%20the%20Universe%5b%2fCOLOR%5d%5b%2fB%5d&amp;url=http%3a%2f%2fwww.b99.tv%2fvideos_categories%2fhe-man-and-the-masters-of-the-universe%2f&quot;,return)</favourite>
    <favourite name="Earthworm Jim" thumb="http://www.b99.tv/wp-content/uploads/2015/10/earthworm-jim-320x240.jpg">ActivateWindow(10025,&quot;plugin://plugin.video.b99tv_gw/?description&amp;iconimage=http%3a%2f%2fwww.b99.tv%2fwp-content%2fuploads%2f2015%2f10%2fearthworm-jim-320x240.jpg&amp;mode=1&amp;name=%5bB%5d%5bCOLOR%20white%5dEarthworm%20Jim%5b%2fCOLOR%5d%5b%2fB%5d&amp;url=http%3a%2f%2fwww.b99.tv%2fvideos_categories%2fearthworm-jim%2f&quot;,return)</favourite>
    <favourite name="Superman" thumb="http://www.b99.tv/wp-content/uploads/2015/09/Superman-The-Animated-Serie-320x240.jpg">ActivateWindow(10025,&quot;plugin://plugin.video.b99tv_gw/?description&amp;iconimage=http%3a%2f%2fwww.b99.tv%2fwp-content%2fuploads%2f2015%2f09%2fSuperman-The-Animated-Serie-320x240.jpg&amp;mode=1&amp;name=%5bB%5d%5bCOLOR%20white%5dSuperman%3a%20The%20Animated%20Series%5b%2fCOLOR%5d%5b%2fB%5d&amp;url=http%3a%2f%2fwww.b99.tv%2fvideos_categories%2fsuperman-the-animated-series%2f&quot;,return)</favourite> 

	  
    <favourite name="Gargoyles">ActivateWindow(10025,&quot;plugin://plugin.video.watchcartoon_gw/?description&amp;iconimage&amp;mode=20&amp;name=Gargoyles&amp;url=https%3a%2f%2fwww.watchcartoononline.io%2fanime%2fgargoyles&quot;,return)</favourite>
</favourites>