<favourites>
	<favourite name="Perviy Kanal" thumb="http://static.filmon.com/assets/channels/1735/big_logo.png">ActivateWindow(10025,&quot;plugin://plugin.video.SportsDevil/?item=definedIn%3dfilmon.com.cfg%26url.tmp%3d%252Fchannel%252Fperviy-kanal-europa%26title%3dPerviy%2bkanal%2bEuropa%26url%3dhttp%253A%252F%252Fwww.filmon.com%252Fchannel%252Fperviy-kanal-europa%26cfg%3dfilmon.com.cfg%2540Streams%26videoTitle%3dPerviy%2bkanal%2bEuropa%26director%3dfilmon.com%26genre%3dLive%2bTV%26type%3drss%26icon%3dhttp%253A%252F%252Fstatic.filmon.com%252Fassets%252Fchannels%252F1735%252Fbig_logo.png&amp;mode=1&amp;sf_options=fanart%3Dspecial%3A%2F%2Fhome%2Faddons%5Cplugin.video.SportsDevil%5Cfanart.jpg%26_options_sf&quot;,return)</favourite>
	<favourite name="Russia 24" thumb="http://static.filmon.com/assets/channels/1744/big_logo.png">ActivateWindow(10025,&quot;plugin://plugin.video.SportsDevil/?item=definedIn%3dfilmon.com.cfg%26url.tmp%3d%252Fchannel%252Frossiya-24%26title%3dRossiya%2b24%26url%3dhttp%253A%252F%252Fwww.filmon.com%252Fchannel%252Frossiya-24%26cfg%3dfilmon.com.cfg%2540Streams%26videoTitle%3dRossiya%2b24%26director%3dfilmon.com%26genre%3dLive%2bTV%26type%3drss%26icon%3dhttp%253A%252F%252Fstatic.filmon.com%252Fassets%252Fchannels%252F1744%252Fbig_logo.png&amp;mode=1&amp;sf_options=fanart%3Dspecial%3A%2F%2Fhome%2Faddons%5Cplugin.video.SportsDevil%5Cfanart.jpg%26_options_sf&quot;,return)</favourite>
	<favourite name="RTR Planeta" thumb="http://static.filmon.com/assets/channels/1738/big_logo.png">ActivateWindow(10025,&quot;plugin://plugin.video.SportsDevil/?item=definedIn%3dfilmon.com.cfg%26url.tmp%3d%252Fchannel%252Frtr-planeta%26title%3dRTR%2bPlaneta%26url%3dhttp%253A%252F%252Fwww.filmon.com%252Fchannel%252Frtr-planeta%26cfg%3dfilmon.com.cfg%2540Streams%26videoTitle%3dRTR%2bPlaneta%26director%3dfilmon.com%26genre%3dLive%2bTV%26type%3drss%26icon%3dhttp%253A%252F%252Fstatic.filmon.com%252Fassets%252Fchannels%252F1738%252Fbig_logo.png&amp;mode=1&amp;sf_options=fanart%3Dspecial%3A%2F%2Fhome%2Faddons%5Cplugin.video.SportsDevil%5Cfanart.jpg%26_options_sf&quot;,return)</favourite>
	<favourite name="[COLOR blue]Russian TV - IsraelLive[/COLOR]" thumb="DefaultFolder.png">ActivateWindow(10025,&quot;plugin://plugin.video.israelive/?categoryid=10556&amp;description&amp;displayname=10763&amp;iconimage&amp;mode=2&amp;name=%5bCOLOR%20blue%5d%5bB%5d%5bRussia%20-%20%d7%a8%d7%95%d7%a1%d7%99%d7%94%5d%5b%2fB%5d%5b%2fCOLOR%5d&amp;url&amp;sf_options=fanart%3Dhttp%3A%2F%2Fwww.icangiveyouhouse.com%2Faudio%2F2010%2F09%2Fworld-in-black-and-white-hands-1.jpg%26_options_sf&quot;,return)</favourite>
	<favourite name="[COLOR blue]Russian TV - Tivix.net[/COLOR]" thumb="special://home/addons\plugin.video.tivix.net\icon.png">ActivateWindow(10025,&quot;plugin://plugin.video.tivix.net/?sf_options=fanart%3Dspecial%3A%2F%2Fhome%2Faddons%5Cplugin.video.tivix.net%5Cfanart.jpg%26_options_sf&quot;,return)</favourite>
	<favourite name="[COLOR gold][B]Russian/Ukrainan[/B][/COLOR]" thumb="DefaultFolder.png">ActivateWindow(10025,&quot;plugin://plugin.video.kodilivetv/?description&amp;iconimage&amp;mode=2&amp;name=%5bCOLOR%20gold%5d%5bB%5dRussian%2fUkrainan%5b%2fB%5d%5b%2fCOLOR%5d&amp;url=http%3a%2f%2fkodilive.eu%2fiptv%2fraw2.php%3fl%3dru&amp;sf_options=&quot;,return)</favourite>
	<favourite name="[COLOR black]TESTING[/COLOR]" thumb="special://home/addons\plugin.video.videomore.ru\icon.png">ActivateWindow(10025,&quot;plugin://plugin.program.super.favourites/?label=[COLOR black]TESTING[/COLOR]&amp;mode=400&amp;path=special%3A%2F%2Fhome%2Faddons%2Fscript.supafav%2FSuper%20Favourites%5CLivetv%2FForegin%5CRussian%5CTESTING&amp;sf_options=fanart%3Dspecial%3A%2F%2Fhome%2Faddons%5Cplugin.video.videomore.ru%5Cfanart.jpg%26_options_sf&quot;)</favourite>
</favourites>