<favourites>
	<favourite name="Smithsonian Channel" thumb="http://www.apk20.com/image/icon-253745">ActivateWindow(10025,&quot;plugin://plugin.video.smithsonian/&quot;)</favourite>
	<favourite name="Shows" thumb="https://solutionsmedia.cbcrc.ca/Pictures/chaineslogos/CBC_documentary_blanc_15.png">ActivateWindow(10025,&quot;plugin://plugin.video.phstreams/?action=directory&amp;audio=0&amp;content=0&amp;fanart=http%3a%2f%2fs6.postimg.org%2f4ph8mo5q9%2fBackdrop.png&amp;image=http%3a%2f%2fs6.postimg.org%2f99ytnv01t%2fSeries.png&amp;name=%5bCOLOR%20orangered%5dD%5b%2fCOLOR%5d%5bCOLOR%20white%5dOCU-%5b%2fCOLOR%5d%5bCOLOR%20orangered%5dS%5b%2fCOLOR%5d%5bCOLOR%20white%5dERIES%5b%2fCOLOR%5d&amp;playable=false&amp;tvshow=0&amp;url=http%3a%2f%2fzenica.watchkodi.com%2fDirectories%2fDocs%2520Directories%2fDocu%2520Series%2520Directory.xml&amp;sf_options=fanart%3Dhttp%3A%2F%2Fs6.postimg.org%2F4ph8mo5q9%2FBackdrop.png%26desc%3DDiscover+Great+Streaming+Playlists%21%26_options_sf&quot;,return)</favourite>
	<favourite name="History" thumb="http://a3.mzstatic.com/us/r30/Purple7/v4/2c/26/4d/2c264df5-bd10-e0f4-bd07-a6f4772f0a4f/icon175x175.png">ActivateWindow(10025,&quot;plugin://plugin.video.historytube/?sf_options=desc%3DThousands+of+documentary+videos+on+YouTube.%26_options_sf&quot;,return)</favourite>
	<favourite name="NatGeo" thumb="http://bluecop-xbmc-repo.googlecode.com/svn/trunk/plugin.video.free.cable/resources/images/natgeo.png">ActivateWindow(10025,&quot;plugin://plugin.video.documentarytube&quot;)</favourite>
	<favourite name="Crime" thumb="https://pbs.twimg.com/profile_images/556805890817658881/iMsru_J2_400x400.jpeg">ActivateWindow(10025,&quot;plugin://plugin.video.yt-crime&quot;,return)</favourite>
	<favourite name="Addons" thumb="https://f.vimeocdn.com/images_v6/awards/category_icons/vfa_icon_encap_series.png">ActivateWindow(10025,&quot;plugin://plugin.program.super.favourites/?mode=400&amp;path=special%3A%2F%2Fhome%2Faddons%2Fscript.supafav%2FSuper%20Favourites/More\Documentaries\Addons&amp;sf_options=&quot;,return)</favourite>
</favourites>