<favourites>
	<favourite name="Pro Sport" thumb="special://home/addons\plugin.video.prosport\icon.png">ActivateWindow(10025,&quot;plugin://plugin.video.prosport/&quot;,return)</favourite>
	<favourite name="Sport365.live" thumb="http://img.phone.baidu.com/public/uploads/store_10/8/7/2/e145061a53cfc8d643199aaeb87c74b3_130x130.png">ActivateWindow(10025,&quot;plugin://plugin.video.ZemTV-shani/?mode=56&amp;name=Sport365.live&amp;url=sss&quot;,return)</favourite>
	<favourite name="CastAway Sports" thumb="special://home/addons\plugin.video.castaway\resources/media/live_sport.jpg">ActivateWindow(10025,&quot;plugin://plugin.video.castaway/?mode=live_sport&amp;sf_options=fanart%3Dspecial%3A%2F%2Fhome%2Faddons%5Cplugin.video.castaway%2Ffanart.jpg%26_options_sf&quot;,return)</favourite>
	<favourite name="Sports Devil Sports" thumb="special://home/addons\plugin.video.SportsDevil\resources\images\livesports.png">ActivateWindow(10025,&quot;plugin://plugin.video.SportsDevil/?item=title%3dLive%2bSports%26url%3dlivesports.cfg%26definedIn%3dmainMenu.cfg%26director%3dSportsDevil%26genre%3dLive%2bSports%26type%3drss%26icon%3dC%253A%255Ckodi%255Cportable_data%255Caddons%255Cplugin.video.SportsDevil%255Cresources%255Cimages%255Clivesports.png&amp;mode=1&amp;sf_options=fanart%3Dspecial%3A%2F%2Fhome%2Faddons%5Cplugin.video.SportsDevil%5Cfanart.jpg%26_options_sf&quot;,return)</favourite>
	<favourite name="One Events" thumb="http://static.euronews.com/newmedia/twitter/vignette_twitter_card_live_streaming.jpg">ActivateWindow(10025,&quot;plugin://plugin.video.phstreams/?action=directory&amp;url=http%3a%2f%2fgibraltar.watchkodi.com%2fLIVESTREAM%2fLive.xml&quot;,return)</favourite>
	<favourite name="One Events 2" thumb="http://phoenixtv.offshorepastebin.com/art/tv/oneeventsicon.jpg">ActivateWindow(10025,&quot;plugin://plugin.video.phstreams/?action=directory&amp;url=http%3a%2f%2fone242415.offshorepastebin.com%2fLIVESTREAM%2fOneSports.xml&amp;sf_options=fanart%3Dspecial%3A%2F%2Fhome%2Faddons%5Cplugin.video.phstreams%5Cfanart.jpg%26_options_sf&quot;,return)</favourite>
	<favourite name="VC Events" thumb="http://phoenixtv.offshorepastebin.com/art/tv/vceventsicon.jpg">ActivateWindow(10025,&quot;plugin://plugin.video.phstreams/?action=directory&amp;url=http%3a%2f%2fvalhalla.offshorepastebin.com%2fVCc%2fVC%2520events.xml&quot;,return)</favourite>
	<favourite name="VT Sports *" thumb="">ActivateWindow(10025,&quot;plugin://plugin.video.VidTime/?icon=http%3a%2f%2fs5.postimg.org%2f4vavhx43r%2fOnline_Sports_isn_t_it_Fun.jpg&amp;mode=VT%20SPORTS&quot;,return)</favourite>
</favourites>