<favourites>
	<favourite name="Atlas" thumb="https://lh6.ggpht.com/ETWGei9wrkkFyb2k2b7Sd7dM0fci97lDp6SjXfXLmLetOiP4cNwfy21QaHaQEud_YDk=w300">PlayMedia(&quot;plugin://plugin.video.apkdownload/?url=http%3A%2F%2Flink.appsapk.com%2Fdownloads%2F92014%2FAtlas%20Web%20Browser.apk&amp;mode=1&amp;name=Atlas&amp;description=&quot;,return)</favourite>
	
	<favourite name="Dolphin Browser HD" thumb="https://lh3.ggpht.com/EdSxKeiKPfx58K7UnmND1S-4Q12PaTgB9zZs3X8vjcGCrHBr_FW2cK9mFjcG0vcFSUI=w300">PlayMedia(&quot;plugin://plugin.video.apkdownload/?url=http://dl.apktops.com/app/201206/Dolphin_Browser_HD_8.5.1.apk&amp;mode=1&amp;name=Dolphin+Browser+HD&amp;description=&quot;,return)</favourite>
	<favourite name="Adobe Flash Player 11.1" thumb="https://pbs.twimg.com/profile_images/2533017668/v8ito6v8ndvjc2wyqhk4.png">PlayMedia(&quot;plugin://plugin.video.apkdownload/?url=http://download.macromedia.com/pub/flashplayer/installers/archive/android/11.1.115.81/install_flash_player_ics.apk&amp;mode=1&amp;name=Adobe+Flash&amp;description=&quot;,return)</favourite>
	
	<favourite name="Chrome 47.0.2526.83-5.1" thumb="http://www.iconarchive.com/download/i61935/appicns/simplified-app/appicns-Chrome.ico">PlayMedia(&quot;plugin://plugin.video.apkdownload/?url=http://dl1.revdownload.com/dl1/2015/1501/Chrome_Browser_Google_v47.0.2526.83_(5.1)_Revdl.com.apk&amp;mode=1&amp;name=Chrome+47&amp;description=&quot;,return)</favourite>
	<favourite name="Chrome (BETA)" thumb="http://icons.iconarchive.com/icons/dtafalonso/android-l/512/Chrome-Beta-icon.png">PlayMedia(&quot;plugin://plugin.video.apkdownload/?url=http://file.appsapk.com/wp-content/uploads/apps-3/Chrome%20Beta.apk&amp;mode=1&amp;name=Chrome+Beta&amp;description=&quot;,return)</favourite>
	
	<favourite name="Chrome 45" thumb="">PlayMedia(&quot;plugin://plugin.video.apkdownload/?url=http://dl2.melidownload.com/android/Chrome.45.0.2454.94.%285.0%29_MeliDL.com.apk&amp;mode=1&amp;name=Chrome45&amp;description=&amp;sf_options=&quot;)</favourite>
</favourites>