<favourites>
	<favourite name="AppStarter" thumb="https://raw.githubusercontent.com/sphinx02/AppStarter/master/Screenshots/appstarter-logo_small.png">PlayMedia(&quot;plugin://plugin.video.water/?url=https%3A%2F%2Fgithub.com%2Fsphinx02%2FAppStarter%2Freleases%2Fdownload%2Fv4.0%2FAppStarter-v4.0.apk&amp;mode=3&amp;name=FireStopper&amp;description=Install AppStarter&amp;sf_options=winID%3D10001%26_options_sf&quot;)</favourite>
	<favourite name="FireStopper" thumb="https://raw.githubusercontent.com/sphinx02/AppStarter/master/Screenshots/appstarter-logo_small.png">PlayMedia(&quot;plugin://plugin.video.water/?url=http%3A%2F%2Fforum.xda-developers.com%2Fattachment.php%3Fattachmentid%3D3709025%26d%3D1459908921&amp;mode=3&amp;name=FireStopper&amp;description=Install FireStopper&amp;sf_options=winID%3D10001%26_options_sf&quot;)</favourite>
	<favourite name="NovaLauncher" thumb="http://novalauncher.com/nova_assets/img/icon_256x256.png">PlayMedia(&quot;plugin://plugin.video.water/?url=http%3A%2F%2Fteslacoilsw.com%2Ftesladirect%2Fdownload.pl%3FpackageName%3Dcom.teslacoilsw.launcher&amp;mode=12&amp;name=NovaLauncher&amp;description=Install Nova Launcher&amp;sf_options=winID%3D10001%26_options_sf&quot;)</favourite>
	<favourite name="SideLoad Launcher" thumb="">PlayMedia(&quot;plugin://plugin.video.water/?url=http%3A%2F%2Fforum.xda-developers.com%2Fattachment.php%3Fattachmentid%3D3204194%26d%3D1426022897&amp;mode=12&amp;name=SideLoadLauncher&amp;description=com.nvidia.valvesoftware.halflife2&amp;sf_options=winID%3D10001%26_options_sf&quot;)</favourite>
	<favourite name="XBMCLauncher" thumb="">PlayMedia(&quot;plugin://plugin.video.water/?url=https://archive.org/download/XBMCLauncherV2.5/klaunch&amp;mode=12&amp;name=XBMCLauncher&amp;description=se.blunden.xbmclauncher&amp;sf_options=winID%3D10001%26_options_sf&quot;)</favourite>
</favourites>