<favourites>
	<favourite name="Live Games - ProSports" thumb="http://content.sportslogos.net/logos/4/490/full/1986.gif">ActivateWindow(10025,&quot;plugin://plugin.video.prosport/?away&amp;home&amp;mode=mlb&amp;url&quot;,return)</favourite>
	<favourite name="Live Games - B-Streams" thumb="special://home/addons\plugin.video.SportsDevil\resources\images\bundesligastream.png">ActivateWindow(10025,&quot;plugin://plugin.video.SportsDevil/?item=title%3dBundesliga-Streams.net%26url%3dlivesports%252Fbundesliga-streams.net.cfg%26definedIn%3dlivesports.cfg%26director%3dbundesliga-streams.net%26genre%3dLive%2bSports%26type%3drss%26icon%3dC%253A%255Ckodi%255Cportable_data%255Caddons%255Cplugin.video.SportsDevil%255Cresources%255Cimages%255Cbundesligastream.png&amp;mode=1&quot;,return)</favourite>
	<favourite name="Live Games - StreamHunter" thumb="special://home/addons\plugin.video.SportsDevil\resources\images\lshunter_tv.png">ActivateWindow(10025,&quot;plugin://plugin.video.SportsDevil/?item=title%3dBaseball%26url%3dhttp%253A%252F%252Fwww.batmanstream.com%252Fbaseball-live-streaming-video.html%26cfg%3dlshunter-new.cfg%2540Events%26definedIn%3dlivesports%252Flshunter-new.cfg%26director%3dLSHunter.tv%26genre%3dLive%2bSports%26type%3drss%26icon%3dC%253A%255Ckodi%255Cportable_data%255Caddons%255Cplugin.video.SportsDevil%255Cresources%255Cimages%255Clshunter_tv.png&amp;mode=1&quot;,return)</favourite>
	<favourite name="[COLOR blue]MLB Replay[/COLOR]" thumb="">ActivateWindow(10025,&quot;plugin://plugin.video.VidTime/?base=https%3a%2f%2fwww.dropbox.com%2fs%2fdvldj5bpwjs9fik%2fMLB.xml%3fraw%3dtrue&amp;mode=XML&amp;name=%5bCOLOR%20red%5dMLB%5b%2fCOLOR%5d&quot;,return)</favourite>
</favourites>