<favourites>
	<favourite name="Pro Sport" thumb="special://home/addons\plugin.video.prosport\icon.png">ActivateWindow(10025,&quot;plugin://plugin.video.prosport/&quot;,return)</favourite>
	<favourite name="Castaway" thumb="https://offshoregit.com/natko1412/zips/plugin.video.castaway/icon.png">ActivateWindow(10025,&quot;plugin://plugin.video.castaway?sf_options=fanart%3Dspecial%3A%2F%2Fhome%2Faddons%5Cplugin.video.castaway%5Cfanart.jpg%26desc%3DProvides+access+to+live+content+from+many+sites.%26_options_sf&quot;,return)</favourite>
	<favourite name="SportsDevil" thumb="http://icons.iconarchive.com/icons/pixelpirate/futurama/128/Robot-Devil-icon.png">ActivateWindow(10025,&quot;plugin://plugin.video.SportsDevil&quot;)</favourite>
	<favourite name="NJM-Soccer" thumb="special://home/addons\plugin.video.NJMSoccer\icon.png">ActivateWindow(10025,&quot;plugin://plugin.video.NJMSoccer/&quot;,return)</favourite>
	<favourite name="MoneySports" thumb="special://home/addons\plugin.video.MoneySports\icon.png">ActivateWindow(10025,&quot;plugin://plugin.video.MoneySports/&quot;,return)</favourite>
	<favourite name="Phoenix Sports" thumb="http://phoenixtv.offshorepastebin.com/art/main/DRAGONsports.jpg">ActivateWindow(10025,&quot;plugin://plugin.video.phstreams/?action=directory&amp;url=http%3a%2f%2fphoenixtv.offshorepastebin.com%2ftv%2fevents.xml&quot;,return)</favourite>
	<favourite name="ZemTV Sports" thumb="DefaultFolder.png">ActivateWindow(10025,&quot;plugin://plugin.video.ZemTV-shani/?mode=13&amp;name=Sports&amp;url=Live&amp;sf_options=&quot;,return)</favourite>
	<favourite name="UK Turk Playlists" thumb="special://home/addons\plugin.video.ukturk\icon.png">ActivateWindow(10025,&quot;plugin://plugin.video.ukturk/&quot;,return)</favourite>
	<favourite name="cCloud Sport" thumb="special://home/addons\plugin.video.ccloudtv\resources/icons//sports.png">ActivateWindow(10025,&quot;plugin://plugin.video.ccloudtv/?iconimage=C%3a%5ckodi%5cportable_data%5caddons%5cplugin.video.ccloudtv%5cresources%2ficons%2f%2fsports.png&amp;mode=52&amp;name=%5bCOLOR%20royalblue%5d%5bB%5dSports%5b%2fB%5d%5b%2fCOLOR%5d&amp;url=sports&quot;,return)</favourite>
	<favourite name="[B]PERCH PICKS[/B]" thumb="http://s28.postimg.org/70srmubcd/sport.png">ActivateWindow(10025,&quot;plugin://plugin.video.VidTime/?base=https%3a%2f%2fwww.dropbox.com%2fs%2f1umf2yje2shoo14%2fMain.xml%3fraw%3dtrue&amp;mode=XML&amp;sf_options=fanart%3Dspecial%3A%2F%2Fhome%2Faddons%5Cplugin.video.VidTime%5Cfanart.jpg%26_options_sf&quot;,return)</favourite>
	<favourite name="Anonymous StreamsPro" thumb="special://home/addons\plugin.video.sports.anonymouspk-1.0.7\icon.png">ActivateWindow(10025,&quot;plugin://plugin.video.sports.anonymouspk/&quot;,return)</favourite>
</favourites>