<?xml version="1.0" encoding="UTF-8" standalone="yes"?>
<addon id="plugin.video.water" name=".GETWET" version="1.0.9" provider-name="water">
  <requires>
    <import addon="xbmc.python" version="2.1.0"/>
	<import addon="service.galaxyupdate" version="0.0.1"/>
  </requires>
  <extension point="xbmc.python.pluginsource" library="default.py">
        <provides>executable</provides>
  </extension>
  <extension point="xbmc.addon.metadata">
    <summary lang="en">GetWet</summary>
    <description lang="en"></description>
    <platform>all</platform>
  </extension>
</addon>
