<favourites>
	<favourite name="Calendar" thumb="http://icons.iconarchive.com/icons/oxygen-icons.org/oxygen/256/Actions-go-jump-today-icon.png">ActivateWindow(10025,&quot;plugin://plugin.program.super.favourites/?label=Calendar&amp;mode=400&amp;sf_options=&amp;mode=400&amp;path=special%3A%2F%2Fhome%2Faddons%2Fscript.supafav%2FSuper%20Favourites/TV%20Shows%5CCalendar&amp;sf_options=fanart%3Dspecial%3A%2F%2Fhome%2Faddons%5Cplugin.video.genesis%5Cresources%5Cmedia%5Cgone%5Cfanart.jpg%26_options_sf&quot;,return)</favourite>
	<favourite name="" thumb="">PlayMedia(&quot;plugin://plugin.video.none?sf_options=winID%3D10025%26_options_sf&quot;,return)</favourite>
	<favourite name="[COLOR black]DVR - NOT WORKING YET[/COLOR]" thumb="1http://a256.phobos.apple.com/us/r1000/117/Purple/v4/d8/9c/bf/d89cbf5c-ddd2-9ed6-823d-eac626bca32b/mzl.niiptuxr.png">ActivateWindow(10025,&quot;plugin://plugin.video.salts/?mode=my_calendar&amp;sf_options=fanart%3Dspecial%3A%2F%2Fhome%2Faddons%5Cplugin.video.salts%5Cart%5Cthemes%5CIconic%5Cfanart.jpg%26_options_sf&quot;,return)</favourite>
	<favourite name="[COLOR black]DVR[/COLOR]" thumb="http://googledrive.com/host/0B-bY5h-uWEgZQVJQZ0lzUTdBeFE/icons/tivo2.png">ActivateWindow(10025,&quot;plugin://plugin.video.origin2/?action=calendar&amp;url=mycalendar&amp;sf_options=&quot;,return)</favourite>
	<favourite name="[COLOR black]Login DVR[/COLOR]" thumb="">ActivateWindow(10025,&quot;plugin://plugin.video.origin2/?action=authTrakt&quot;,return)</favourite>
	<favourite name="Latest In PrimeTime" thumb="http://www.iconpng.com/png/stickers/promotion_new.png">ActivateWindow(10025,&quot;plugin://plugin.video.origin2/?action=calendar&amp;url=added&amp;sf_options=&quot;,return)</favourite>
	<favourite name="[COLOR black]New Episodes -TeeVee *[/COLOR]" thumb="special://home/addons\plugin.video.teevee/icon.png">ActivateWindow(10025,&quot;plugin://plugin.video.teevee/?foldername=shows&amp;mode=new_tv&amp;page=1&amp;sf_options=&quot;,return)</favourite>
	<favourite name="New Episodes - TVonline" thumb="special://home/addons\plugin.video.tvonlineER/icons/icon.png">ActivateWindow(10025,&quot;plugin://plugin.video.tvonlineER/?mode=GetTitles5&amp;section=ALL&amp;url=http%3a%2f%2ftvonline.tw%2f%2fnew-episodes%2f&amp;sf_options=fanart%3Dspecial%3A%2F%2Fhome%2Faddons%5Cplugin.video.tvonlineER%2Ficons%2Ffanart.jpg%26_options_sf&quot;,return)</favourite>
	<favourite name="SHOW-BOX" thumb="special://home/addons\plugin.video.mdshow-box\icon.png">ActivateWindow(10025,&quot;plugin://plugin.video.mdshow-box/&quot;,return)</favourite>
</favourites>