<favourites>

	<favourite name="The First 48" thumb="https://i.ytimg.com/i/LMcX3o6FFXWsoalzX6S95Q/mq1.jpg">ActivateWindow(10025,&quot;plugin://plugin.video.youtube/playlist/PLyicTY7J3bULdNAG8fCZOMTM_PeOsomR0/&quot;,return)</favourite>
    <favourite name="A&amp;E The First 48 (&amp; After the First 48)Clips" thumb="https://yt3.ggpht.com/-x7nvFKXjVwg/AAAAAAAAAAI/AAAAAAAAAAA/tpJcCWlTsWo/s100-c-k-no/photo.jpg">ActivateWindow(10025,&quot;plugin://plugin.video.youtube/playlist/PLcviVtB85dLxNwXqdrnKGSIAg8uL3JKuO/&quot;,return)</favourite>
    <favourite name="Serial Killer World Wide II" thumb="https://yt3.ggpht.com/-yikz4PmGifk/AAAAAAAAAAI/AAAAAAAAAAA/_1I6j0Qllag/s100-c-k-no/photo.jpg">ActivateWindow(10025,&quot;plugin://plugin.video.youtube/channel/UCLUn8uOXZXEJMoLFxons1sw/&quot;,return)</favourite>
    <favourite name="Darkest Hour" thumb="https://yt3.ggpht.com/-HhEa5O3_cHQ/AAAAAAAAAAI/AAAAAAAAAAA/NtCPT_ZQJKI/s100-c-k-no/photo.jpg">ActivateWindow(10025,&quot;plugin://plugin.video.youtube/channel/UCXRPr7_0bnIKFVFQRODAV2g/&quot;,return)</favourite>
    <favourite name="Killer Instincts" thumb="https://yt3.ggpht.com/-lPDxfTTqCIM/AAAAAAAAAAI/AAAAAAAAAAA/lKr2IBLyINc/s100-c-k-no/photo.jpg">ActivateWindow(10025,&quot;plugin://plugin.video.youtube/channel/UCg_jR8pdBfrsw3fPOApWsxw/&quot;,return)</favourite>
    <favourite name="Uk True Crime Docs" thumb="https://yt3.ggpht.com/-CCvSwUqp7gE/AAAAAAAAAAI/AAAAAAAAAAA/njuoaovJd0I/s100-c-k-no/photo.jpg">ActivateWindow(10025,&quot;plugin://plugin.video.youtube/playlist/PL4HLZHMq05jAiYLlIxWiwoXmEDBbIavBK/&quot;,return)</favourite>
    <favourite name="Juiciest True Crime Shows" thumb="https://i.ytimg.com/vi/RkZ8Q5za_P8/default.jpg">ActivateWindow(10025,&quot;plugin://plugin.video.youtube/playlist/PL30kO8oVeDkpdNVGciv4YPyL1k4IXiEIF/&quot;,return)</favourite>
    <favourite name="True Crime With Aphrodite Jones" thumb="https://i.ytimg.com/i/nV6raSmQQA4lj-RcIqJqnA/mq1.jpg">ActivateWindow(10025,&quot;plugin://plugin.video.youtube/playlist/PLdiXEhyBHpfWCGocPNSk5Mhtjsh41PsUS/&quot;,return)</favourite>
    <favourite name="On The Case With Paula Zahn" thumb="https://i.ytimg.com/i/G57gDyiKKDStpzYWD_vc4A/mq1.jpg">ActivateWindow(10025,&quot;plugin://plugin.video.youtube/playlist/PLy7mi56uNHSm1UtIlJB4vppyKf2SvNLIL/&quot;,return)</favourite>
    <favourite name="Homicide Hunter" thumb="https://i.ytimg.com/i/26fxU9YT9taL-UofF4ciQw/mq1.jpg">ActivateWindow(10025,&quot;plugin://plugin.video.youtube/playlist/PLD75qpSXCKDDuxGAlwIKoWT08FbSImWLv/&quot;,return)</favourite>
    <favourite name="Deadly Women" thumb="https://i.ytimg.com/i/pLjYXnVxBEHSF77K-C7lFA/mq1.jpg">ActivateWindow(10025,&quot;plugin://plugin.video.youtube/playlist/PLEi83IaZq0XWJ0tKfSQ1QnRRFm5Tn2Hfv/&quot;,return)</favourite>
    <favourite name="Deadly Affairs" thumb="https://i.ytimg.com/i/nrOXSVdLLwD2dtTZihnIRw/mq1.jpg">ActivateWindow(10025,&quot;plugin://plugin.video.youtube/playlist/PLSNE-2y4IBXjJe8SFBK2xXhBwLesTKHk-/&quot;,return)</favourite>
    <favourite name="Nightmare Next Door" thumb="https://i.ytimg.com/i/DS55SJzIdnJ-L2UV3nCzGw/mq1.jpg">ActivateWindow(10025,&quot;plugin://plugin.video.youtube/playlist/PLaTIGMOvay0V4nP9DL_Pyrxwb3nTSO4nw/&quot;,return)</favourite>
    <favourite name="Evil Kin" thumb="https://i.ytimg.com/i/CAaJXD6KVAaJ9CVGyzwkbA/mq1.jpg">ActivateWindow(10025,&quot;plugin://plugin.video.youtube/playlist/PLS7E6enfYOvwG7sGj6Ep8HGwIRJBCInBM/&quot;,return)</favourite>
    <favourite name="Surviving Evil" thumb="https://i.ytimg.com/i/TqNYHSrUkV8CEz0RZLvC7w/mq1.jpg">ActivateWindow(10025,&quot;plugin://plugin.video.youtube/playlist/PLosYISkcFffb18AY3Nqu4WisNPOofHeRr/&quot;,return)</favourite>
    <favourite name="Who The Bleep Did I Marry" thumb="https://i.ytimg.com/i/lbbg7ktw4_vp2zHVDmG47g/mq1.jpg">ActivateWindow(10025,&quot;plugin://plugin.video.youtube/playlist/PLDrNp9S9i6UTr--BQeDzxKczdh7ri15GD/&quot;,return)</favourite>
    <favourite name="Fatal Vows" thumb="https://i.ytimg.com/i/fekTW2K9F5uWUs2LM8JwUg/mq1.jpg">ActivateWindow(10025,&quot;plugin://plugin.video.youtube/playlist/PL1T-A-PVavLLc9-gnyzVmcnpqMUilPe5C/&quot;,return)</favourite>
    <favourite name="Wives with Knives" thumb="https://i.ytimg.com/i/XRCXAKHsjdpeP-8o7KzQXA/mq1.jpg">ActivateWindow(10025,&quot;plugin://plugin.video.youtube/playlist/PLPXjjzBAKhFOa5F-S9qAYWDc7SfQzWXm4/&quot;,return)</favourite>
    <favourite name="Wicked Attraction" thumb="https://i.ytimg.com/i/EK7WzBR9KYsA-751KDMo9g/mq1.jpg">ActivateWindow(10025,&quot;plugin://plugin.video.youtube/playlist/PL152bjytsMC4BOcSOdvFFuJZwWXam8FZF/&quot;,return)</favourite>
    <favourite name="Cold Case Files" thumb="https://i.ytimg.com/i/pj-owbX6RPX26-snvu3Z-g/mq1.jpg">ActivateWindow(10025,&quot;plugin://plugin.video.youtube/playlist/PLdegvhPRrKSuKuqI4IH7nWk-_SCAH9VyX/&quot;,return)</favourite>
    <favourite name="Forensic Files (check playlists)" thumb="https://yt3.ggpht.com/-KQgZxaYcLJY/AAAAAAAAAAI/AAAAAAAAAAA/LsYKB4ZuTDA/s100-c-k-no/photo.jpg">ActivateWindow(10025,&quot;plugin://plugin.video.youtube/channel/UCPar4XXTkknIRtj-JSjiddw/&quot;,return)</favourite>
    <favourite name="True Crime" thumb="https://yt3.ggpht.com/-1EXMbWLNi0M/AAAAAAAAAAI/AAAAAAAAAAA/vZEr1-vk6eM/s100-c-k-no/photo.jpg">ActivateWindow(10025,&quot;plugin://plugin.video.youtube/playlist/PL48544492E92EEE46/&quot;,return)</favourite>
    <favourite name="Solved" thumb="https://i.ytimg.com/i/UPASRpt-YH7_QuzyXIqY7g/mq1.jpg">ActivateWindow(10025,&quot;plugin://plugin.video.youtube/playlist/PL152bjytsMC5IEbzo4L3uddop8YvCyeXw/&quot;,return)</favourite>
    <favourite name="Dr. G - Medical Examiner" thumb="https://i.ytimg.com/i/XkjiR2jxRh3ug-79JC9fJg/mq1.jpg">ActivateWindow(10025,&quot;plugin://plugin.video.youtube/playlist/PLuiMMfezGgfZ9R0gXNosCAB63YcZ4N1IG/&quot;,return)</favourite>
    <favourite name="Sins and Secrets" thumb="https://i.ytimg.com/i/sM-1ZQR_N2t8R43unwlFRA/mq1.jpg">ActivateWindow(10025,&quot;plugin://plugin.video.youtube/playlist/PL6jkDCwMt49kGNtYI5ZiqexAuTaa7xdqP/&quot;,return)</favourite>
    <favourite name="Behind Mansion Walls" thumb="https://i.ytimg.com/i/DZq1kEpWNTGzXiDG1-7X3w/mq1.jpg">ActivateWindow(10025,&quot;plugin://plugin.video.youtube/playlist/PLUQCcRUCOfXbn5ushxnuWKRm8wZ2ZLtRA/&quot;,return)</favourite>
    <favourite name="I Almost Got Away With It" thumb="https://i.ytimg.com/i/c42gnH1KH4EfTBmPw7mbtA/mq1.jpg">ActivateWindow(10025,&quot;plugin://plugin.video.youtube/playlist/PLMJCZB0MS5-N1ZvlfGRvEVCLjTWa4j_mI/&quot;,return)</favourite>
    <favourite name="America&apos;s Most Wanted" thumb="https://i.ytimg.com/i/ySHuxK6q64qJkMb0r-eFzA/mq1.jpg">ActivateWindow(10025,&quot;plugin://plugin.video.youtube/playlist/PLFp4v4wRLrbyYlimv-IU7MlOjHkWdWO1T/&quot;,return)</favourite>
    <favourite name="FilmRise True Crime (check playlists)" thumb="https://yt3.ggpht.com/-HE_576ROmGc/AAAAAAAAAAI/AAAAAAAAAAA/LpK4lKvntfQ/s100-c-k-no/photo.jpg">ActivateWindow(10025,&quot;plugin://plugin.video.youtube/channel/UCU4BHh9Dwfd7-I_xTZ5037Q/&quot;,return)</favourite>
    <favourite name="Forensic Spider" thumb="https://yt3.ggpht.com/-qaRlf8kAR78/AAAAAAAAAAI/AAAAAAAAAAA/x-UZXiWA-dM/s100-c-k-no/photo.jpg">ActivateWindow(10025,&quot;plugin://plugin.video.youtube/channel/UCdTD-C4s538Z-VGfaaeYh4w/&quot;,return)</favourite>
    <favourite name="Medical Detectives (check playlists)" thumb="https://yt3.ggpht.com/-bq84y35JFGI/AAAAAAAAAAI/AAAAAAAAAAA/9XP96zHgkfQ/s100-c-k-no/photo.jpg">ActivateWindow(10025,&quot;plugin://plugin.video.youtube/channel/UCVBTlb6_rQkWY99ZKi2oBMw/&quot;,return)</favourite>
    <favourite name="Sensing Murder" thumb="https://i.ytimg.com/i/-oxIrwJDGuGsgbDAfWDK4w/mq1.jpg">ActivateWindow(10025,&quot;plugin://plugin.video.youtube/playlist/PL3E3xn5BmG284rjx3DWakZgXOM4RTj6nJ/&quot;,return)</favourite>
    <favourite name="Body of Evidence" thumb="https://yt3.ggpht.com/-c-GnDb1iXBc/AAAAAAAAAAI/AAAAAAAAAAA/ab9Mk96nt8g/s100-c-k-no/photo.jpg">ActivateWindow(10025,&quot;plugin://plugin.video.youtube/playlist/PLuDCbxChmO1jpI3cVtJ7YYwwmUfcJvxPU/&quot;,return)</favourite>
    <favourite name="The FBI Files" thumb="http://www.detectiveconanworld.com/wiki/images/e/e1/FBI_logo.png">ActivateWindow(10025,&quot;plugin://plugin.video.youtube/playlist/PLC4mqmKvz1IYJGKCi6Vt7vojtGs5XJMIU/&quot;,return)</favourite>
    <favourite name="The New Detectives" thumb="http://www.iconshock.com/img_vista/XMac/jobs/jpg/private_detective_icon.jpg">ActivateWindow(10025,&quot;plugin://plugin.video.youtube/playlist/PLC4mqmKvz1IZdPoh205LYYS4w8mi2ZoR1/&quot;,return)</favourite>
    <favourite name="Crime Investigation Australia" thumb="https://yt3.ggpht.com/-b5GuTl9pLm8/AAAAAAAAAAI/AAAAAAAAAAA/syxbwasgk1A/s100-c-k-no/photo.jpg">ActivateWindow(10025,&quot;plugin://plugin.video.youtube/channel/UCGVD7nbWNm6iQecr41f29zQ/&quot;,return)</favourite>
    <favourite name="CRIME Inc. Crime shows" thumb="http://www.eyeonannapolis.net/wp-content/uploads/2009/10/crime-icon.jpg">ActivateWindow(10025,&quot;plugin://plugin.video.youtube/playlist/PL2OZWqbCOozITQXWNd2R4mrPq502d41v0/&quot;,return)</favourite>
    <favourite name="Real Crime" thumb="https://yt3.ggpht.com/-KJ5zq4CVj_E/AAAAAAAAAAI/AAAAAAAAAAA/EYyRhdBsrEs/s100-c-k-no/photo.jpg">ActivateWindow(10025,&quot;plugin://plugin.video.youtube/playlist/PL152bjytsMC4oS3P5jAh8PrDLSaYHFV17/&quot;,return)</favourite>
    <favourite name="True Crime" thumb="https://yt3.ggpht.com/-KJ5zq4CVj_E/AAAAAAAAAAI/AAAAAAAAAAA/EYyRhdBsrEs/s100-c-k-no/photo.jpg">ActivateWindow(10025,&quot;plugin://plugin.video.youtube/playlist/PL152bjytsMC7Zz0dZN6-x2xNscGts5bpi/&quot;,return)</favourite>
</favourites>
