<favourites>
	<favourite name="SportsMix" thumb="">ActivateWindow(10025,&quot;plugin://plugin.video.sportsmix/&quot;,return)</favourite>
	<favourite name="NJM-Soccer" thumb="special://home/addons\plugin.video.NJMSoccer\icon.png">ActivateWindow(10025,&quot;plugin://plugin.video.NJMSoccer/&quot;,return)</favourite>
	<favourite name="MoneySports" thumb="special://home/addons\plugin.video.MoneySports\icon.png">ActivateWindow(10025,&quot;plugin://plugin.video.MoneySports/&quot;,return)</favourite>
	<favourite name="Pro Sport" thumb="special://home/addons\plugin.video.prosport\icon.png">ActivateWindow(10025,&quot;plugin://plugin.video.prosport/&quot;,return)</favourite>
	<favourite name="ZonaSports" thumb="">ActivateWindow(10025,&quot;plugin://plugin.video.ZemTV-shani/?mode=68&amp;name=Mona&amp;url=sss&quot;,return)</favourite>
	<favourite name="[COLOR aqua]Channels[/COLOR]" thumb="https://lh3.ggpht.com/SIUMgUFGwAeTPpbM3Dkld_9us-puS3feyY4fjqVyo6w7XeJ5csix1t7L9eQjCGzbRPM=w300">ActivateWindow(10025,&quot;plugin://plugin.program.super.favourites/?label=Channels&amp;mode=400&amp;folder=Sports%2FChannels&amp;sf_options=fanart%3DC%3A%5Ckodi%5Caddons%5Cplugin.program.super.favourites%5Cfanart.jpg%26_options_sf&quot;,return)</favourite>
	<favourite name="[B]BT Sports[/B]" thumb="http://static.trustedreviews.com/94/0000286fc/7300/BT-Sport.jpg">ActivateWindow(10025,&quot;plugin://plugin.video.AlphaMovies/?fanart=https%3a%2f%2fb13cab4e7da1629821ed5d4f8efff86a521c0a80.googledrive.com%2fhost%2f0B_wmPHe0B1PFV0dWUEEycm9DT2M%2f4K%2520Ghosts%2520II.jpg&amp;mode=1&amp;name=%5bB%5dBT%20Sports%5b%2fB%5d&amp;url=https%3a%2f%2fe3c55643dd2984aba81c55cfefefe66154af4424.googledrive.com%2fhost%2f0B0-Dtcj4ShdyamlyYk8tTDhod2c%2fBt%2520Sports.txt&quot;,return)</favourite>
	<favourite name="[B]Sky Sports[/B]" thumb="http://www.skysports.com/core/img/channels/Sky-Sports-Logo.png">ActivateWindow(10025,&quot;plugin://plugin.video.AlphaMovies/?fanart=https%3a%2f%2fb13cab4e7da1629821ed5d4f8efff86a521c0a80.googledrive.com%2fhost%2f0B_wmPHe0B1PFV0dWUEEycm9DT2M%2f4K%2520Ghosts%2520II.jpg&amp;mode=1&amp;name=%5bB%5dSky%20Sports%5b%2fB%5d&amp;url=https%3a%2f%2fe3c55643dd2984aba81c55cfefefe66154af4424.googledrive.com%2fhost%2f0B0-Dtcj4ShdyamlyYk8tTDhod2c%2fSky%2520Sports.txt&quot;,return)</favourite>
	<favourite name="Channels - Alpha" thumb="http://alphaaddon.comli.com/alphardeventz.jpg">ActivateWindow(10025,&quot;plugin://plugin.video.AlphaMovies/?fanart&amp;mode=1&amp;name=%5bCOLOR%20lawngreen%5d%5bB%5dRD%20Eventz%5b%2fCOLOR%5d%5b%2fB%5d&amp;url=https%3a%2f%2fe3c55643dd2984aba81c55cfefefe66154af4424.googledrive.com%2fhost%2f0B0-Dtcj4ShdyamlyYk8tTDhod2c%2fmain.txt&quot;,return)</favourite>
	<favourite name="More Channels" thumb="http://sports24hour.com/wp-content/uploads/2015/10/sky-sports-broadcast-live-telecast-of-ram-slam-t20-online.png">ActivateWindow(10025,&quot;plugin://plugin.program.super.favourites/?label=More Channels&amp;mode=400&amp;folder=Sports%2FChannels%2FMore%20Channels&amp;sf_options=fanart%3Dspecial%3A%2F%2Fhome%2Faddons%5Cplugin.video.SportsDevil%5Cfanart.jpg%26_options_sf&quot;,return)</favourite>
	<favourite name="Sport365.live [GeoBlocked]" thumb="">ActivateWindow(10025,&quot;plugin://plugin.video.ZemTV-shani/?mode=56&amp;name=Sport365.live%20%5bGeoBlocked%5d&amp;url=sss&quot;,return)</favourite>
</favourites>