<favourites>
	<favourite name="DesiZone" thumb="special://home/addons\plugin.video.tvondesizonexl\icon.png">RunScript(&quot;plugin.video.tvondesizonexl&quot;,return)</favourite>
	<favourite name="ZemTV.com" thumb="special://home/addons\plugin.video.ZemTV-shani\icon.png">ActivateWindow(10025,&quot;plugin://plugin.video.ZemTV-shani/?sf_options=desc%3DWatch+ZemTV.com+on+your+XBMC.+This+plugin+fetches+the+video+sources+from+ZemTV.com+and+play+on+XBMC+compatible+plateforms%26_options_sf&quot;,return)</favourite>
	<favourite name="Pak India Live" thumb="http://2.bp.blogspot.com/-ho4UCYKGiRU/VcXV4j75mUI/AAAAAAAAN1s/DgM6Ymd35G0/s1600/Pak%2BIndia%2BLive%2BAdd-ons%2BFor%2BKodi%2BXBMC%2B4.png">ActivateWindow(10025,&quot;plugin://plugin.video.pakindia/?sf_options=desc%3DWatch+All+Your+Favourite+Live+Tv+From+India+Plus+Uk+Sports%26_options_sf&quot;,return)</favourite>
	<favourite name="[COLOR blue]Enable Indian Content[/COLOR]" thumb="">PlayMedia(&quot;plugin://plugin.video.water/?url=http%3A%2F%2Fgoogledrive.com%2Fhost%2F0B-bY5h-uWEgZbndYVGZVYmJvb0E%2Fbuild%2Findianrepos.zip&amp;mode=5&amp;name=indianrepo&quot;,return)</favourite>
</favourites>