<favourites>
	<favourite name="Soccer - dimsport" thumb="special://home/addons\plugin.video.castaway\resources/media/icons/soccer.png">ActivateWindow(10025,&quot;plugin://plugin.video.castaway/?mode=open_sport_cat&amp;site=dimsport&amp;url=http%3a%2f%2fidimsports.eu%2ffootball.html&quot;,return)</favourite>
	<favourite name="Soccer - livetv" thumb="special://home/addons\plugin.video.castaway\resources/media/icons/soccer.png">ActivateWindow(10025,&quot;plugin://plugin.video.castaway/?mode=open_sport_cat&amp;site=livetv&amp;url=http%3a%2f%2fxliveru.sx%2fen%2fallupcomingsports%2f1%2f&quot;,return)</favourite>
	<favourite name="Soccer - stream2watch" thumb="special://home/addons\plugin.video.castaway\resources/media/icons/soccer.png">ActivateWindow(10025,&quot;plugin://plugin.video.castaway/?mode=open_sport_cat&amp;site=stream2watch&amp;url=http%3a%2f%2fwww.stream2watch.co%2fsports%2fsoccer&quot;,return)</favourite>
	<favourite name="Soccer - vipleague" thumb="special://home/addons\plugin.video.castaway\resources/media/icons/soccer.png">ActivateWindow(10025,&quot;plugin://plugin.video.castaway/?mode=open_sport_cat&amp;site=vipbox&amp;url=http%3a%2f%2fwww.vipleague.me%2fsports%2ffootball.html&quot;,return)</favourite>
</favourites>