<favourites>
	<favourite name="iSearch" thumb="special://home/addons\plugin.program.super.favourites\resources\media\search.png">ActivateWindow(10025,&quot;plugin://plugin.program.super.favourites/?label=iSearch&amp;mode=0&amp;keyword=__iSearch__&quot;)</favourite>
	<favourite name="iPlay - Kodi playlist manager" thumb="DefaultVideoPlaylists.png">ActivateWindow(10025,&quot;plugin://plugin.program.super.favourites/?label=iPlay%20-%20Kodi%20playlist%20manager&amp;mode=3200&amp;image=DefaultVideoPlaylists.png&quot;,return)</favourite>
	<favourite name="iExplore" thumb="DefaultFolder.png">ActivateWindow(10025,&quot;plugin://plugin.program.super.favourites/?label=iExplore&amp;mode=5100&amp;image=DefaultFolder.png&amp;fanart=NULL&amp;sf_options=fanart%3DNULL%26_options_sf&quot;,return)</favourite>
	<favourite name="[COLOR red][COLOR white]FITNESS[COLOR red] [COLOR lime][/COLOR][/COLOR]" thumb="http://i1295.photobucket.com/albums/b636/beatbox8501/FITNESS_zpsef9go3z1.png">ActivateWindow(10025,&quot;plugin://plugin.video.streamengine/?date&amp;description&amp;iconimage=http%3a%2f%2fi1295.photobucket.com%2falbums%2fb636%2fbeatbox8501%2fFITNESS_zpsef9go3z1.png&amp;mode=1&amp;name=%5bCOLOR%20red%5d%5bCOLOR%20white%5dFITNESS%5bCOLOR%20red%5d%20%5bCOLOR%20lime%5d%5b%2fCOLOR%5d%5b%2fCOLOR%5d&amp;page&amp;play&amp;url=https%3a%2f%2fpastebin.com%2fraw.php%3fi%3dqTYGkdxm&amp;sf_options=fanart%3Dhttp%3A%2F%2Fi1295.photobucket.com%2Falbums%2Fb636%2Fbeatbox8501%2Fwallpaper_zpsopwvguho.jpg%26_options_sf&quot;,return)</favourite>
</favourites>