<favourites>
	<favourite name="Live Events" thumb="http://dkrepo.netai.net/UltimateUfc/UFC%20Art/UFCtv/tvicon.png">ActivateWindow(10025,&quot;plugin://plugin.video.ufc-finest/?description&amp;fanart=http%3a%2f%2fdkrepo.netai.net%2fUltimateUfc%2fUFC%2520Art%2fUFCtv%2fUFCtv.jpg&amp;mode=1&amp;name=%5bCOLOR%20white%5d%5bB%5dUFC%5b%2fB%5d%5b%2fCOLOR%5d%20%5bCOLOR%20red%5d%5bB%5dTV%5b%2fB%5d%5b%2fCOLOR%5d&amp;url=http%3a%2f%2fdkrepo.netai.net%2fUltimateUfc%2fUFCTv.xml&quot;,return)</favourite>
	<favourite name="DimSports" thumb="special://home/addons\plugin.video.castaway\resources/media/icons/fighting.png">ActivateWindow(10025,&quot;plugin://plugin.video.castaway/?mode=open_sport_cat&amp;site=dimsport&amp;url=http%3a%2f%2fidimsports.eu%2fboxing-wwe-ufc.html&quot;,return)</favourite>
	<favourite name="UFC - WizHD" thumb="special://home/addons\plugin.video.castaway\resources/media/icons/fighting.png">ActivateWindow(10025,&quot;plugin://plugin.video.castaway/?mode=open_sport_cat&amp;site=wizhdsports&amp;url=http%3a%2f%2fwizhdsports.com%2fsports%2fUFC.html&quot;,return)</favourite>
	<favourite name="UFC - LiveTV" thumb="special://home/addons\plugin.video.castaway\resources/media/icons/fighting.png">ActivateWindow(10025,&quot;plugin://plugin.video.castaway/?mode=open_sport_cat&amp;site=livetv&amp;url=http%3a%2f%2fxliveru.sx%2fen%2fallupcomingsports%2f75%2f&quot;,return)</favourite>
	<favourite name="BT Sport 2 - HD!" thumb="http://www.thelogodb.com/images/media/logo/vwxvty1433360911.png">PlayMedia(&quot;plugin://plugin.video.DCSports/?url=plugin%3A%2F%2Fplugin.video.f4mTester%2F%3Furl%3Dhttp%3A%2F%2F149.202.201.221%3A8000%2Flive%2Ffr443500%2F75019pa%2F281.ts%26streamtype%3DTSDOWNLOADER%3Bname%3DBTSports2+%23DCSPORTSADDON%7CUser-Agent%3DMozilla%2F5.0+%28iPad%3B+CPU+OS+6_0+like+Mac+OS+X%29+AppleWebKit%2F536.26+%28KHTML%2C+like+Gecko%29+Version%2F6.0+Mobile%2F10A5376e+Safari%2F8536.25%26swf%3B%3DNone%26auth%3B%26simpledownloader%3B%3Dfals%24use_proxy_for_chunks%3Dtrue%26streamtype%3B%3DTSDOWNLOADER%26maxbitrate%3B%3D0%26proxy%3B%3DNone%26url%3B&amp;mode=12&amp;sf_options=winID%3D10025%26_options_sf&quot;)</favourite>
	<favourite name="[COLOR chartreuse]BT Sport 2[/COLOR] - 720" thumb="http://dkrepo.netai.net/UltimateUfc/UFC%20Art/UFCtv/UFCtv.jpg">PlayMedia(&quot;plugin://plugin.video.ufc-finest/?url=plugin%3A%2F%2Fplugin.video.f4mTester%2F%3Fstreamtype%3DTSDOWNLOADER%26amp%3Burl%3Dhttp%3A%2F%2F158.69.54.54%3A8000%2Flive%2Fcmu.edit%40gmail.com%2F7eU1xWh5y2%2F883.ts%26amp%3Bstreamtype%3DTSDOWNLOADER%3Bname%3DBT+Sports+2&amp;mode=2&amp;name=%5BCOLOR+white%5DBT%5B%2FCOLOR%5D+%5BCOLOR+red%5DSports%5B%2FCOLOR%5D+%5BCOLOR+white%5D2%5B%2FCOLOR%5D+-+%5BCOLOR+red%5D720%5B%2FCOLOR%5D&amp;description=&amp;fanart=http%3A%2F%2Fdkrepo.netai.net%2FUltimateUfc%2FUFC%2520Art%2FUFCtv%2FUFCtv.jpg&amp;sf_options=winID%3D10025%26_options_sf&quot;)</favourite>
	<favourite name="[COLOR chartreuse]BT Sport 2[/COLOR] - SD" thumb="http://dkrepo.netai.net/UltimateUfc/UFC%20Art/UFCtv/UFCtv.jpg">PlayMedia(&quot;plugin://plugin.video.ufc-finest/?url=plugin%3A%2F%2Fplugin.video.f4mTester%2F%3Fstreamtype%3DTSDOWNLOADER%26amp%3Burl%3Dhttp%3A%2F%2F158.69.54.54%3A8000%2Flive%2Fcmu.edit%40gmail.com%2F7eU1xWh5y2%2F1042.ts%26amp%3Bstreamtype%3DTSDOWNLOADER%3Bname%3DBT+Sports+2&amp;mode=2&amp;name=%5BCOLOR+white%5DBT%5B%2FCOLOR%5D+%5BCOLOR+red%5DSports%5B%2FCOLOR%5D+%5BCOLOR+white%5D2%5B%2FCOLOR%5D+-+%5BCOLOR+red%5DSD%5B%2FCOLOR%5D&amp;description=&amp;fanart=http%3A%2F%2Fdkrepo.netai.net%2FUltimateUfc%2FUFC%2520Art%2FUFCtv%2FUFCtv.jpg&amp;sf_options=winID%3D10025%26_options_sf&quot;)</favourite>
	<favourite name="[COLOR chartreuse]BT Sport 2[/COLOR] - MamaHD" thumb="http://sports4u.pw/wp-content/uploads/bt2.png">ActivateWindow(10025,&quot;plugin://plugin.video.SportsDevil/?item=title.tmp%3d%26catcher%3dstreams%26title%3dBT%2bSport%2b2%26url%3dhttp%253A%252F%252Fsports4u.pw%252Fchannel%252Fbt-sport-2-live-streaming-online-hd%252F%26videoTitle%3dBT%2bSport%2b2%26director%3dsports4u.tv%26genre%3dTV%26referer%3dhttp%253A%252F%252Fsports4u.tv%252F%26definedIn%3dtv%252Fsports4u.tv.cfg%26type%3drss%26icon%3dhttp%253A%252F%252Fsports4u.pw%252Fwp-content%252Fuploads%252Fbt2.png&amp;mode=1&quot;,return)</favourite>
	<favourite name="[COLOR blue]BT Sport 2[/COLOR] - iBrod SD" thumb="http://ibrod.tv/images/logo.png">ActivateWindow(10025,&quot;plugin://plugin.video.SportsDevil/?item=plot%3dWatch%2bBT%2bsports%2b2%2bOnline%26catcher%3dstreams%26title%3dBT%2bSPORTS%2b2%26url%3dhttp%253A%252F%252Fibrod.tv%252Fbtsports2.html%26videoTitle%3dBT%2bSPORTS%2b2%26director%3dibrod.tv%26genre%3dLive%2bTV%26referer%3dhttp%253A%252F%252Fibrod.tv%252Fbtsports2.html%26definedIn%3dtv%252Fibrod.tv.cfg%26type%3drss%26icon%3dhttp%253A%252F%252Fibrod.tv%252Fimages%252Flogo.png&amp;mode=1&quot;,return)</favourite>
	<favourite name="[COLOR chartreuse]BT Sport 2[/COLOR] - HDCric" thumb="http://www.hdcric.com/other-sports-live-streaming">PlayMedia(&quot;plugin://plugin.video.ZemTV-shani/?url=http%3A%2F%2Fwatch.hdcric.com%2Fbt-sport-2-live-streaming&amp;mode=27&amp;name=Bt2&amp;sf_options=winID%3D10025%26_options_sf&quot;)</favourite>
	<favourite name="BT Sport 2 - HDfree.tv" thumb="http://hdfree.tv/images/channels/bt2.jpg|Referer=http://hdfree.tv/&amp;User-Agent=Mozilla/5.0 (Windows NT 6.3) AppleWebKit/537.36 (KHTML, like Gecko) Chrome/50.0.2661.102 Safari/537.36">ActivateWindow(10025,&quot;plugin://plugin.video.SportsDevil/?item=_img%3d%252Fimages%252Fchannels%252Fbt2.jpg%26catcher%3dstreams%26title%3dBT%2bSport%2b2%26url%3dhttp%253A%252F%252Fhdfree.tv%252Fwatch%252F9%252Fbt-sport-2-live-stream-online.html%26videoTitle%3dBT%2bSport%2b2%26director%3dHDFree.tv%26genre%3dTV%26referer%3dhttp%253A%252F%252Fhdfree.tv%252Ftvlogos.html%26definedIn%3dtv%252Fhdfree.tv.cfg%26type%3drss%26icon%3dhttp%253A%252F%252Fhdfree.tv%252Fimages%252Fchannels%252Fbt2.jpg%257CReferer%253Dhttp%253A%252F%252Fhdfree.tv%252F%2526User-Agent%253DMozilla%252F5.0%2b%2528Windows%2bNT%2b6.3%2529%2bAppleWebKit%252F537.36%2b%2528KHTML%252C%2blike%2bGecko%2529%2bChrome%252F50.0.2661.102%2bSafari%252F537.36&amp;mode=1&quot;,return)</favourite>
	<favourite name="[COLOR blue]BT Sport 2[/COLOR] - ShadowNet CW" thumb="http://www.shadow-net.me/product_images/y/951/bt_sport_2__63983_thumb.jpg">PlayMedia(&quot;plugin://plugin.video.castaway/?play=True&amp;img=http%3A%2F%2Fwww.shadow-net.me%2Fproduct_images%2Fy%2F951%2Fbt_sport_2__63983_thumb.jpg&amp;title=BT+Sport+2&amp;url=http%3A%2F%2Fwww.shadow-net.me%2Fchannels%2FBT-Sport-2.html&amp;site=shadownet&amp;mode=play_special&amp;sf_options=winID%3D10025%26_options_sf&quot;)</favourite>
	<favourite name="BT Sport 2- Goo" thumb="http://www.streamgaroo.com/images/streams/93/stm/145926040161.jpg">ActivateWindow(10025,&quot;plugin://plugin.video.castaway/?img=http%3a%2f%2fwww.streamgaroo.com%2fimages%2fstreams%2f93%2fstm%2f145926040161.jpg&amp;mode=get_tv_event&amp;site=streamgaroo&amp;title=BT%20SPORT%202%20UK&amp;url=http%3a%2f%2fwww.streamgaroo.com%2flive-television%2funited-kingdom%2fbt-sport-2-uk-live-stream&quot;,return)</favourite>
	<favourite name="[COLOR blue]BT Sport 2[/COLOR] - Turk" thumb="http://metalkettle.co/logos/logos1/BT%20Sport%202.png">PlayMedia(&quot;plugin://plugin.video.ukturk/?url=http%3A%2F%2Fmetalkettle.co%2FUKTurk18022016%2FSportsList.txt&amp;mode=5&amp;name=BT+Sport+2&amp;iconimage=http%3A%2F%2Fmetalkettle.co%2Flogos%2Flogos1%2FBT%2520Sport%25202.png&amp;description=BTSPORT2&amp;sf_options=winID%3D10025%26_options_sf&quot;)</favourite>
	<favourite name="[COLOR chartreuse]BT Sport 2[/COLOR] - Phoneix" thumb="http://www.lyngsat-logo.com/hires/bb/bt_sport_2.png">PlayMedia(&quot;plugin://plugin.video.phstreams/?action=play&amp;url=%3Csublink%3Ehttp%3A%2F%2Fwww.ibrod.tv%2Fbtsports2.html%3C%2Fsublink%3E%3Csublink%3Ehttp%3A%2F%2Fhdfree.tv%2Fwatch%2F9%2Fbt-sport-2-live-stream-online.html%3C%2Fsublink%3E%3Csublink%3Ehttp%3A%2F%2Fzunox.hk%2Fbtsport2frame.html%3C%2Fsublink%3E&amp;sf_options=winID%3D10025%26_options_sf&quot;)</favourite>
</favourites>