<favourites>
	<favourite name="FS Sport" thumb="special://home/addons\plugin.video.FSSport\icon.png">ActivateWindow(10025,&quot;plugin://plugin.video.FSSport/&quot;,return)</favourite>
	<favourite name="SportsMix" thumb="">ActivateWindow(10025,&quot;plugin://plugin.video.sportsmix/&quot;,return)</favourite>
	<favourite name="NJM-Soccer" thumb="special://home/addons\plugin.video.NJMSoccer\icon.png">ActivateWindow(10025,&quot;plugin://plugin.video.NJMSoccer/&quot;,return)</favourite>
	<favourite name="MoneySports" thumb="special://home/addons\plugin.video.MoneySports\icon.png">ActivateWindow(10025,&quot;plugin://plugin.video.MoneySports/&quot;,return)</favourite>
	<favourite name="Pro Sport" thumb="special://home/addons\plugin.video.prosport\icon.png">ActivateWindow(10025,&quot;plugin://plugin.video.prosport/&quot;,return)</favourite>
	<favourite name="ZonaSports" thumb="">ActivateWindow(10025,&quot;plugin://plugin.video.ZemTV-shani/?mode=68&amp;name=Mona&amp;url=sss&quot;,return)</favourite>
	<favourite name="[COLOR aqua]Channels[/COLOR]" thumb="https://lh3.ggpht.com/SIUMgUFGwAeTPpbM3Dkld_9us-puS3feyY4fjqVyo6w7XeJ5csix1t7L9eQjCGzbRPM=w300">ActivateWindow(10025,&quot;plugin://plugin.program.super.favourites/?label=Channels&amp;mode=400&amp;folder=Sports%2FChannels&amp;sf_options=fanart%3DC%3A%5Ckodi%5Caddons%5Cplugin.program.super.favourites%5Cfanart.jpg%26_options_sf&quot;,return)</favourite>
	<favourite name="[B]Sky Sports[/B]" thumb="http://www.skysports.com/core/img/channels/Sky-Sports-Logo.png">ActivateWindow(10025,&quot;plugin://plugin.video.AlphaMovies/?fanart=https%3a%2f%2fb13cab4e7da1629821ed5d4f8efff86a521c0a80.googledrive.com%2fhost%2f0B_wmPHe0B1PFV0dWUEEycm9DT2M%2f4K%2520Ghosts%2520II.jpg&amp;mode=1&amp;name=%5bB%5dSky%20Sports%5b%2fB%5d&amp;url=https%3a%2f%2fe3c55643dd2984aba81c55cfefefe66154af4424.googledrive.com%2fhost%2f0B0-Dtcj4ShdyamlyYk8tTDhod2c%2fSky%2520Sports.txt&quot;,return)</favourite>
</favourites>