<favourites>
	<favourite name="New Episodes - PrimeWire" thumb="https://firestixz.files.wordpress.com/2015/07/1channel-icon.jpg">ActivateWindow(10025,&quot;plugin://plugin.video.1channel/?mode=GetFilteredResults&amp;section=tv&amp;sort=date&quot;,return)</favourite>
	<favourite name="New Episodes - tvMix" thumb="">ActivateWindow(10025,&quot;plugin://plugin.video.tvmix/?description&amp;mode=1&amp;name=New%20Latest%20Episodes&amp;url=http%3a%2f%2fwww.watchepisodes1.com%2f&amp;sf_options=fanart%3Dspecial%3A%2F%2Fhome%2Faddons%5Cplugin.video.tvmix%5Cfanart.jpg%26meta%3Duserrating%253DListItem.userrating%2526label%253DNew%252BLatest%252BEpisodes%26_options_sf&quot;,return)</favourite>
	<favourite name="New Episodes - Origin2" thumb="">ActivateWindow(10025,&quot;plugin://plugin.video.origin2/?action=calendar&amp;url=added&quot;,return)</favourite>
	<favourite name="" thumb="">PlayMedia(&quot;plugin://plugin.&quot;,isdir)</favourite>
	<favourite name="[COLOR black]New on YouTube[/COLOR]" thumb="special://home/addons\plugin.video.youtube\resources\media\popular.png">PlayMedia(&quot;plugin://plugin.video.youtube/special/popular_right_now/&quot;,isdir)</favourite>
	<favourite name="[COLOR black]New on YouTube[/COLOR]" thumb="special://home/addons\plugin.video.youtube\resources\media\popular.png">PlayMedia(&quot;plugin://plugin.video.youtube/play/?playlist_id=PLrEnWoR732-BHrPp_Pm8_VleD68f9s14-&amp;order=default&amp;play=1&amp;sf_options=winID%3D10025%26_options_sf&quot;)</favourite>
	<favourite name="[COLOR black]New on YouTube List[/COLOR]" thumb="special://home/addons\plugin.video.youtube\resources\media\popular.png">ActivateWindow(10025,&quot;plugin://plugin.video.youtube/special/popular_right_now/&quot;,return)</favourite>
</favourites>