<favourites>
	<favourite name="30 Rock" thumb="http://thetvdb.com/banners/_cache/posters/79488-6.jpg">PlayMedia(&quot;plugin://plugin.video.phstreams/?action=play&amp;url=http%3A%2F%2Fwww.ibrod.tv%2F30rock.html&amp;sf_options=winID%3D10025%26_options_sf&quot;)</favourite>
	<favourite name="Star Trek" thumb="http://thetvdb.com/banners/_cache/posters/71470-5.jpg">ActivateWindow(10025,&quot;plugin://plugin.program.super.favourites/?label=Star Trek&amp;mode=400&amp;folder=LiveTV%2FShows%2FStar%20Trek&amp;sf_options=fanart%3DC%3A%5Ckodi%5Caddons%5Cplugin.program.super.favourites%5Cfanart.jpg%26_options_sf&quot;)</favourite>
	<favourite name="[COLOR blue]Movies[/COLOR]" thumb="http://www.tastingbeers.com/media/tastings/newreleases_logo.jpg">PlayMedia(&quot;plugin://plugin.program.super.favourites/?mode=5400&amp;folder=LiveTV/Shows/Movies&amp;sf_options=winID%3D10025%26_options_sf&quot;)</favourite>
	<favourite name="House" thumb="http://thetvdb.com/banners/_cache/posters/73255-24.jpg">ActivateWindow(10025,&quot;plugin://plugin.video.SportsDevil/?item=plot%3dWatch%2bHouse%2bfull%2btv%2bshow%26catcher%3dstreams%26title%3dHouse%26url%3dhttp%253A%252F%252Fibrod.tv%252Fhouse.html%26videoTitle%3dHouse%26director%3dibrod.tv%26genre%3dLive%2bTV%26referer%3dhttp%253A%252F%252Fibrod.tv%252Fhouse.html%26definedIn%3dtv%252Fibrod.tv.cfg%26type%3drss%26icon%3dhttp%253A%252F%252Fibrod.tv%252Fimages%252Flogo.png&amp;mode=1&quot;,return)</favourite>
	<favourite name="30 Rock" thumb="http://thetvdb.com/banners/_cache/posters/79488-6.jpg">ActivateWindow(10025,&quot;plugin://plugin.video.SportsDevil/?item=plot%3dWatch%2b30%2bRock%2bFull%2btv%2bshow.%26catcher%3dstreams%26title%3d30%2bRock%26url%3dhttp%253A%252F%252Fibrod.tv%252F30rock.html%26videoTitle%3d30%2bRock%26director%3dibrod.tv%26genre%3dLive%2bTV%26referer%3dhttp%253A%252F%252Fibrod.tv%252F30rock.html%26definedIn%3dtv%252Fibrod.tv.cfg%26type%3drss%26icon%3dhttp%253A%252F%252Fibrod.tv%252Fimages%252Flogo.png&amp;mode=1&quot;,return)</favourite>
	<favourite name="Dexter" thumb="http://thetvdb.com/banners/_cache/posters/79349-27.jpg">ActivateWindow(10025,&quot;plugin://plugin.video.SportsDevil/?item=plot%3dWatch%2bDexter%2bFull%2btv%2bshow.%26catcher%3dstreams%26title%3dDexter%26url%3dhttp%253A%252F%252Fibrod.tv%252Fdexter.html%26videoTitle%3dDexter%26director%3dibrod.tv%26genre%3dLive%2bTV%26referer%3dhttp%253A%252F%252Fibrod.tv%252Fdexter.html%26definedIn%3dtv%252Fibrod.tv.cfg%26type%3drss%26icon%3dhttp%253A%252F%252Fibrod.tv%252Fimages%252Flogo.png&amp;mode=1&quot;,return)</favourite>
	<favourite name="Chuck" thumb="http://thetvdb.com/banners/_cache/posters/80348-6.jpg">ActivateWindow(10025,&quot;plugin://plugin.video.SportsDevil/?item=plot%3dWatch%2bChuck%2bFull%2btv%2bshow.%26catcher%3dstreams%26title%3dChuck%26url%3dhttp%253A%252F%252Fibrod.tv%252Fchuck.html%26videoTitle%3dChuck%26director%3dibrod.tv%26genre%3dLive%2bTV%26referer%3dhttp%253A%252F%252Fibrod.tv%252Fchuck.html%26definedIn%3dtv%252Fibrod.tv.cfg%26type%3drss%26icon%3dhttp%253A%252F%252Fibrod.tv%252Fimages%252Flogo.png&amp;mode=1&quot;,return)</favourite>
	<favourite name="Fringe" thumb="http://thetvdb.com/banners/_cache/posters/82066-1.jpg">PlayMedia(&quot;plugin://plugin.video.phstreams/?action=play&amp;url=http%3A%2F%2Fwww.ibrod.tv%2Ffringe.html&amp;sf_options=winID%3D10025%26_options_sf&quot;)</favourite>
</favourites>