<favourites>
	<favourite name="NATGEO" thumb="http://cdn.vaughnsoft.com/vaughnsoft/vaughn/img_profiles/lmshows_ngbbc_320.jpg">PlayMedia(&quot;plugin://plugin.stream.vaughnlive.tv/?sourcetype=auto&amp;title=vaughn&amp;url=http%3A%2F%2Fvaughnlive.tv%2Flmshows_ngbbc&amp;section=&amp;site=&amp;mode=PlayLiveStream&amp;channel=lmshows_ngbbc&amp;sf_options=winID%3D10025%26_options_sf&quot;,return)</favourite>
	<favourite name="Science, History, Anthrapology" thumb="http://cdn.vaughnsoft.com/vaughnsoft/vaughn/img_profiles/historyscienceetc_320.jpg">PlayMedia(&quot;plugin://plugin.stream.vaughnlive.tv/?sourcetype=auto&amp;title=vaughn&amp;url=http%3A%2F%2Fvaughnlive.tv%2Fhistoryscienceetc&amp;section=&amp;site=&amp;mode=PlayLiveStream&amp;channel=historyscienceetc&amp;sf_options=winID%3D10025%26_options_sf&quot;,return)</favourite>
	<favourite name="Ancient Warriors, Cosmos, Wormhole, Mythbusters, Meteorite Men" thumb="http://cdn.vaughnsoft.com/vaughnsoft/vaughn/img_profiles/discoveryhouse_320.jpg">PlayMedia(&quot;plugin://plugin.stream.vaughnlive.tv/?sourcetype=auto&amp;title=vaughn&amp;url=http%3A%2F%2Fvaughnlive.tv%2Fdiscoveryhouse&amp;section=&amp;site=&amp;mode=PlayLiveStream&amp;channel=discoveryhouse&amp;sf_options=winID%3D10025%26_options_sf&quot;,return)</favourite>
	<favourite name="Man Vs Wild" thumb="http://cdn.vaughnsoft.com/vaughnsoft/vaughn/img_profiles/lmshows_mws_320.jpg">PlayMedia(&quot;plugin://plugin.stream.vaughnlive.tv/?sourcetype=auto&amp;title=vaughn&amp;url=http%3A%2F%2Fvaughnlive.tv%2Flmshows_mws&amp;section=&amp;site=&amp;mode=PlayLiveStream&amp;channel=lmshows_mws&amp;sf_options=winID%3D10025%26_options_sf&quot;,return)</favourite>
	<favourite name="Pawn Shows" thumb="http://cdn.vaughnsoft.com/vaughnsoft/vaughn/img_profiles/lmshows_hps_320.jpg">PlayMedia(&quot;plugin://plugin.stream.vaughnlive.tv/?sourcetype=auto&amp;title=vaughn&amp;url=http%3A%2F%2Fvaughnlive.tv%2Flmshows_hps&amp;section=&amp;site=&amp;mode=PlayLiveStream&amp;channel=lmshows_hps&amp;sf_options=winID%3D10025%26_options_sf&quot;,return)</favourite>
	<favourite name="UFC" thumb="http://www.interaksyon.com/interaktv/assets/2015/01/ufc-logo.jpg">PlayMedia(&quot;plugin://plugin.stream.vaughnlive.tv/?sourcetype=auto&amp;title=vaughn&amp;url=http%3A%2F%2Fvaughnlive.tv%2Fprofe3193&amp;section=&amp;site=&amp;mode=PlayLiveStream&amp;channel=profe3193&amp;sf_options=winID%3D10025%26_options_sf&quot;,return)</favourite>
	<favourite name="COPS" thumb="http://cdn.vaughnsoft.com/vaughnsoft/vaughn/img_profiles/profe3196_320.jpg">PlayMedia(&quot;plugin://plugin.stream.vaughnlive.tv/?sourcetype=auto&amp;title=vaughn&amp;url=http%3A%2F%2Fvaughnlive.tv%2Fprofe3196&amp;section=&amp;site=&amp;mode=PlayLiveStream&amp;channel=profe3196&amp;sf_options=winID%3D10025%26_options_sf&quot;,return)</favourite>
	<favourite name="Crime Shows 3" thumb="http://cdn.vaughnsoft.com/vaughnsoft/vaughn/img_profiles/profe3197_320.jpg">PlayMedia(&quot;plugin://plugin.stream.vaughnlive.tv/?sourcetype=auto&amp;title=vaughn&amp;url=http%3A%2F%2Fvaughnlive.tv%2Fprofe3197&amp;section=&amp;site=&amp;mode=PlayLiveStream&amp;channel=profe3197&amp;sf_options=winID%3D10025%26_options_sf&quot;,return)</favourite>
	<favourite name="Crime Shows" thumb="http://cdn.vaughnsoft.com/vaughnsoft/vaughn/img_profiles/crimecentral_320.jpg">PlayMedia(&quot;plugin://plugin.stream.vaughnlive.tv/?sourcetype=auto&amp;title=vaughn&amp;url=http%3A%2F%2Fvaughnlive.tv%2Fcrimecentral&amp;section=&amp;site=&amp;mode=PlayLiveStream&amp;channel=crimecentral&amp;sf_options=winID%3D10025%26_options_sf&quot;,return)</favourite>
</favourites>