<favourites>
	<favourite name="Vice Land" thumb="https://yt3.ggpht.com/-eHn3-vaOb3Y/AAAAAAAAAAI/AAAAAAAAAAA/2y3py4kCs5A/s240-c-k-no/photo.jpg">ActivateWindow(10025,plugin://plugin.video.origin2/?action=tvshows&amp;url=http%3a%2f%2fwww.tvmaze.com%2fnetworks%2f1006%2fviceland&quot;,return)</favourite>
	<favourite name="Vice News" thumb="http://a5.mzstatic.com/us/r30/Purple69/v4/8e/96/c7/8e96c725-6b07-6d16-877e-351b4ebcd5b6/icon175x175.png">ActivateWindow(10025,&quot;plugin://plugin.video.youtube/user/vicenews/&quot;,return)</favourite>
	<favourite name="Vice" thumb="http://www.vice.com/assets/images/vice/og/og-image.jpg">ActivateWindow(10025,&quot;plugin://plugin.video.youtube/channel/UCn8zNIfYAQNdrFRrr8oibKw/&quot;,return)</favourite>
	<favourite name="Broadly" thumb="https://yt3.ggpht.com/-vxsNK4Vcxtc/AAAAAAAAAAI/AAAAAAAAAAA/8Vzv_2qP1a4/s240-c-k-no/photo.jpg">ActivateWindow(10025,&quot;plugin://plugin.video.youtube/channel/UCfQDD-pbllOCXHYwiXxjJxA/&quot;,return)</favourite>
	<favourite name="Motherboard" thumb="https://yt3.ggpht.com/-Sm4Dnmn9Tkc/AAAAAAAAAAI/AAAAAAAAAAA/CMWV65I3zYc/s240-c-k-no-mo-rj-c0xffffff/photo.jpg">ActivateWindow(10025,&quot;plugin://plugin.video.youtube/channel/UCB6PV0cvJpzlcXRG7nz6PpQ/&quot;,return)</favourite>
	<favourite name="Noisey" thumb="https://yt3.ggpht.com/-WHdsTGMMGoo/AAAAAAAAAAI/AAAAAAAAAAA/YG6V1iqrJUg/s240-c-k-no/photo.jpg">ActivateWindow(10025,&quot;plugin://plugin.video.youtube/channel/UC0iwHRFpv2_fpojZgQhElEQ/&quot;,return)</favourite>
	<favourite name="Munchies" thumb="https://yt3.ggpht.com/-VXDa5ce1Zr0/AAAAAAAAAAI/AAAAAAAAAAA/yLyEVhQzQIw/s240-c-k-no/photo.jpg">ActivateWindow(10025,&quot;plugin://plugin.video.youtube/channel/UCaLfMkkHhSA_LaCta0BzyhQ/&quot;,return)</favourite>
</favourites>