<favourites>
	<favourite name="Search Movies" thumb="http://www.filmgator.com/black/pics/tour_search.png">ActivateWindow(10025,&quot;plugin://plugin.video.origin2/?action=movieSearch&quot;,return)</favourite>
	<favourite name="Search By Actor" thumb="special://home/addons\plugin.video.origin2\resources\media\gone\moviePerson.jpg">ActivateWindow(10025,&quot;plugin://plugin.video.origin2/?action=moviePerson&quot;,return)</favourite>
	<favourite name="[COLOR gold]Search Movies - HD[/COLOR]" thumb="">ActivateWindow(10025,&quot;plugin://plugin.video.phstreams/?action=searchDirectory&amp;audio=0&amp;content=0&amp;fanart=C%3a%5ckodi%5cportable_data%5caddons%5cplugin.video.phstreams%5cfanart.jpg&amp;image=C%3a%5ckodi%5cportable_data%5caddons%5cplugin.video.phstreams%5cicon.png&amp;name=Search...&amp;playable=false&amp;tvshow=0&amp;url=0&amp;sf_options=fanart%3Dspecial%3A%2F%2Fhome%2Faddons%5Cplugin.video.phstreams%5Cfanart.jpg%26desc%3DDiscover+Great+Streaming+Playlists%21%26_options_sf&quot;,return)</favourite>
	<favourite name="Search Movies - SALTS" thumb="">ActivateWindow(10025,&quot;plugin://plugin.video.salts/?mode=search&amp;section=Movies&quot;,return)</favourite>
	<favourite name="Search Movies - PrimeWire" thumb="">PlayMedia(&quot;plugin://plugin.video.1channel/?section=movie&amp;mode=GetSearchQuery&amp;next_mode=Search&amp;sf_options=winID%3D10025%26_options_sf&quot;)</favourite>
</favourites>