<favourites>
	
	<favourite name="NATGEO" thumb="http://cdn.vaughnsoft.com/vaughnsoft/vaughn/img_profiles/lmshows_ngbbc_320.jpg">PlayMedia(&quot;plugin://plugin.stream.vaughnlive.tv/?sourcetype=auto&amp;title=vaughn&amp;url=http%3A%2F%2Fvaughnlive.tv%2Flmshows_ngbbc&amp;section=&amp;site=&amp;mode=PlayLiveStream&amp;channel=lmshows_ngbbc&amp;sf_options=winID%3D10025%26_options_sf&quot;)</favourite>
	<favourite name="Miltary History" thumb="http://cdn.vaughnsoft.com/vaughnsoft/vaughn/img_profiles/military_history_320.jpg">PlayMedia(&quot;plugin://plugin.stream.vaughnlive.tv/?sourcetype=auto&amp;title=vaughn&amp;url=http%3A%2F%2Fvaughnlive.tv%2Fmilitary_history&amp;section=&amp;site=&amp;mode=PlayLiveStream&amp;channel=military_history&amp;sf_options=winID%3D10025%26_options_sf&quot;)</favourite>
	<favourite name="Ancient Warriors, Cosmos, Wormhole, Mythbusters, Meteorite Men" thumb="http://cdn.vaughnsoft.com/vaughnsoft/vaughn/img_profiles/discoveryhouse_320.jpg">PlayMedia(&quot;plugin://plugin.stream.vaughnlive.tv/?sourcetype=auto&amp;title=vaughn&amp;url=http%3A%2F%2Fvaughnlive.tv%2Fdiscoveryhouse&amp;section=&amp;site=&amp;mode=PlayLiveStream&amp;channel=discoveryhouse&amp;sf_options=winID%3D10025%26_options_sf&quot;)</favourite>
	<favourite name="Science, History, Anthrapology" thumb="http://cdn.vaughnsoft.com/vaughnsoft/vaughn/img_profiles/historyscienceetc_320.jpg">PlayMedia(&quot;plugin://plugin.stream.vaughnlive.tv/?sourcetype=auto&amp;title=vaughn&amp;url=http%3A%2F%2Fvaughnlive.tv%2Fhistoryscienceetc&amp;section=&amp;site=&amp;mode=PlayLiveStream&amp;channel=historyscienceetc&amp;sf_options=winID%3D10025%26_options_sf&quot;)</favourite>
	
</favourites>