<favourites>
	<favourite name="Half Life EP2" thumb="">PlayMedia(&quot;plugin://plugin.video.water/?url=http%3A%2F%2Fwww.aptoidedl.tk%2Findex.php%3Fid%3DbVC&amp;name=Half Life EP2&amp;description=&amp;mode=12&quot;)</favourite>
	<favourite name="Half Life EP1" thumb="">PlayMedia(&quot;plugin://plugin.video.water/?url=http%3A%2F%2Fwww.aptoidedl.tk%2Findex.php%3Fid%3DbVD&amp;name=Half Life EP1&amp;description=&amp;mode=12&quot;)</favourite>
	<favourite name="NBA Jam" thumb="">PlayMedia(&quot;plugin://plugin.video.water/?url=http%3A%2F%2Fwww.aptoidedl.tk%2Findex.php%3Fid%3bV5&amp;name=NBA Jam&amp;description=&amp;mode=12&quot;)</favourite>
	<favourite name="Super Slam Dunk Touchdown" thumb="">PlayMedia(&quot;plugin://plugin.video.water/?url=http%3A%2F%2Fwww.aptoidedl.tk%2Findex.php%3Fid%3bV7&amp;name=Super Slam Dunk Touchdown&amp;description=&amp;mode=12&quot;)</favourite>
	<favourite name="This Was Is Mine" thumb="">PlayMedia(&quot;plugin://plugin.video.water/?url=http%3A%2F%2Fwww.aptoidedl.tk%2Findex.php%3Fid%3bVF&amp;name=This Was Is Mine&amp;description=&amp;mode=12&quot;)</favourite>
	<favourite name="Party Hard" thumb="">PlayMedia(&quot;plugin://plugin.video.water/?url=http%3A%2F%2Fwww.aptoidedl.tk%2Findex.php%3Fid%3bVI&amp;name=Party Hard&amp;description=&amp;mode=12&quot;)</favourite>
	<favourite name="Retro City Rampage" thumb="">PlayMedia(&quot;plugin://plugin.video.water/?url=http%3A%2F%2Fwww.aptoidedl.tk%2Findex.php%3Fid%3bVA&amp;name=Party Hard&amp;description=&amp;mode=12&quot;)</favourite>
	<favourite name="Q.U.B.E." thumb="">PlayMedia(&quot;plugin://plugin.video.water/?url=http%3A%2F%2Fwww.aptoidedl.tk%2Findex.php%3Fid%3bVJ&amp;name=Q.U.B.E.&amp;description=&amp;mode=12&quot;)</favourite>
	<favourite name="Space Marshalls" thumb="">PlayMedia(&quot;plugin://plugin.video.water/?url=http%3A%2F%2Fwww.aptoidedl.tk%2Findex.php%3Fid%3bVB&amp;name=Space Marshalls&amp;description=&amp;mode=12&quot;)</favourite>
	<favourite name="Grand Theft Auto San Andreas" thumb="">PlayMedia(&quot;plugin://plugin.video.water/?url=http%3A%2F%2Fwww.aptoidedl.tk%2Findex.php%3Fid%3bV8&amp;name=Grand Theft Auto San Andreas&amp;description=&amp;mode=12&quot;)</favourite>
	

</favourites>