<favourites>
	<favourite name="ABC" thumb="https://app.uktvnow.net/images/channel_imgs/160116113057abc.jpg|User-Agent=Dalvik/2.1.0 (Linux; U; Android 5.1.1; SM-G920F Build/LMY47X)">PlayMedia(&quot;plugin://plugin.video.wateriptv/?url=url&amp;mode=2&amp;name=ABC&amp;description=&amp;sf_options=winID%3D10025%26_options_sf&quot;)</favourite>
	<favourite name="NBC" thumb="https://app.uktvnow.net/images/channel_imgs/200116020902nbc.jpg|User-Agent=Dalvik/2.1.0 (Linux; U; Android 5.1.1; SM-G920F Build/LMY47X)">PlayMedia(&quot;plugin://plugin.video.wateriptv/?url=url&amp;mode=2&amp;name=NBC&amp;description=&amp;sf_options=winID%3D10025%26_options_sf&quot;)</favourite>
	<favourite name="Fox" thumb="https://app.uktvnow.net/images/channel_imgs/190116045107fox.gif|User-Agent=Dalvik/2.1.0 (Linux; U; Android 5.1.1; SM-G920F Build/LMY47X)">PlayMedia(&quot;plugin://plugin.video.wateriptv/?url=url&amp;mode=2&amp;name=Fox&amp;description=&amp;sf_options=winID%3D10025%26_options_sf&quot;)</favourite>
	<favourite name="CBS" thumb="https://app.uktvnow.net/images/channel_imgs/160116115741cbs.png|User-Agent=Dalvik/2.1.0 (Linux; U; Android 5.1.1; SM-G920F Build/LMY47X)">PlayMedia(&quot;plugin://plugin.video.wateriptv/?url=url&amp;mode=2&amp;name=CBS&amp;description=&amp;sf_options=winID%3D10025%26_options_sf&quot;)</favourite>
	<favourite name="CW" thumb="https://app.uktvnow.net/images/channel_imgs/160116011155thecw.png|User-Agent=Dalvik/2.1.0 (Linux; U; Android 5.1.1; SM-G920F Build/LMY47X)">PlayMedia(&quot;plugin://plugin.video.wateriptv/?url=url&amp;mode=2&amp;name=CW.&amp;description=&amp;sf_options=winID%3D10025%26_options_sf&quot;)</favourite>
	<favourite name="PBS" thumb="https://app.uktvnow.net/images/channel_imgs/200116033816pbs.png|User-Agent=Dalvik/2.1.0 (Linux; U; Android 5.1.1; SM-G920F Build/LMY47X)">PlayMedia(&quot;plugin://plugin.video.wateriptv/?url=url&amp;mode=2&amp;name=PBS&amp;description=&amp;sf_options=winID%3D10025%26_options_sf&quot;)</favourite>
	
	
	<favourite name="A&amp;E" thumb="https://app.uktvnow.net/images/channel_imgs/160116112847ae.gif|User-Agent=Dalvik/2.1.0 (Linux; U; Android 5.1.1; SM-G920F Build/LMY47X)">PlayMedia(&quot;plugin://plugin.video.wateriptv/?url=url&amp;mode=2&amp;name=A%26E&amp;description=&amp;sf_options=winID%3D10025%26_options_sf&quot;)</favourite>
	<favourite name="AMC" thumb="https://app.uktvnow.net/images/channel_imgs/160116113647amc.png|User-Agent=Dalvik/2.1.0 (Linux; U; Android 5.1.1; SM-G920F Build/LMY47X)">PlayMedia(&quot;plugin://plugin.video.wateriptv/?url=url&amp;mode=2&amp;name=AMC&amp;description=&amp;sf_options=winID%3D10025%26_options_sf&quot;)</favourite>
	<favourite name="Animal Planet" thumb="https://app.uktvnow.net/images/channel_imgs/160116113807animal.PNG|User-Agent=Dalvik/2.1.0 (Linux; U; Android 5.1.1; SM-G920F Build/LMY47X)">PlayMedia(&quot;plugin://plugin.video.wateriptv/?url=url&amp;mode=2&amp;name=Animal+Planet&amp;description=&amp;sf_options=winID%3D10025%26_options_sf&quot;)</favourite>
	
	<favourite name="Animal Planet" thumb="https://app.uktvnow.net/images/channel_imgs/160116113836animal.PNG|User-Agent=Dalvik/2.1.0 (Linux; U; Android 5.1.1; SM-G920F Build/LMY47X)">PlayMedia(&quot;plugin://plugin.video.wateriptv/?url=url&amp;mode=2&amp;name=Animal+Planet.&amp;description=&amp;sf_options=winID%3D10025%26_options_sf&quot;)</favourite>
	<favourite name="Bravo" thumb="https://app.uktvnow.net/images/channel_imgs/160116115406bravo.png|User-Agent=Dalvik/2.1.0 (Linux; U; Android 5.1.1; SM-G920F Build/LMY47X)">PlayMedia(&quot;plugin://plugin.video.wateriptv/?url=url&amp;mode=2&amp;name=Bravo&amp;description=&amp;sf_options=winID%3D10025%26_options_sf&quot;)</favourite>
	
	
	<favourite name="FX" thumb="https://app.uktvnow.net/images/channel_imgs/190116045335fx.png|User-Agent=Dalvik/2.1.0 (Linux; U; Android 5.1.1; SM-G920F Build/LMY47X)">PlayMedia(&quot;plugin://plugin.video.wateriptv/?url=url&amp;mode=2&amp;name=FX.&amp;description=&amp;sf_options=winID%3D10025%26_options_sf&quot;)</favourite>
	<favourite name="Spike" thumb="https://app.uktvnow.net/images/channel_imgs/200116042042spi.gif|User-Agent=Dalvik/2.1.0 (Linux; U; Android 5.1.1; SM-G920F Build/LMY47X)">PlayMedia(&quot;plugin://plugin.video.wateriptv/?url=url&amp;mode=2&amp;name=Spike&amp;description=&amp;sf_options=winID%3D10025%26_options_sf&quot;)</favourite>
	<favourite name="Syfy" thumb="https://app.uktvnow.net/images/channel_imgs/200116042554sfy.png|User-Agent=Dalvik/2.1.0 (Linux; U; Android 5.1.1; SM-G920F Build/LMY47X)">PlayMedia(&quot;plugin://plugin.video.wateriptv/?url=url&amp;mode=2&amp;name=Syfy&amp;description=&amp;sf_options=winID%3D10025%26_options_sf&quot;)</favourite>
	<favourite name="TBS" thumb="https://app.uktvnow.net/images/channel_imgs/200116042625tbs.jpg|User-Agent=Dalvik/2.1.0 (Linux; U; Android 5.1.1; SM-G920F Build/LMY47X)">PlayMedia(&quot;plugin://plugin.video.wateriptv/?url=url&amp;mode=2&amp;name=TBS&amp;description=&amp;sf_options=winID%3D10025%26_options_sf&quot;)</favourite>
	<favourite name="TNT" thumb="https://app.uktvnow.net/images/channel_imgs/200116043043tnt.png|User-Agent=Dalvik/2.1.0 (Linux; U; Android 5.1.1; SM-G920F Build/LMY47X)">PlayMedia(&quot;plugin://plugin.video.wateriptv/?url=url&amp;mode=2&amp;name=TNT&amp;description=&amp;sf_options=winID%3D10025%26_options_sf&quot;)</favourite>
	<favourite name="USA-Network" thumb="https://app.uktvnow.net/images/channel_imgs/200116043501usaa.gif|User-Agent=Dalvik/2.1.0 (Linux; U; Android 5.1.1; SM-G920F Build/LMY47X)">PlayMedia(&quot;plugin://plugin.video.wateriptv/?url=url&amp;mode=2&amp;name=USA-Network&amp;description=&amp;sf_options=winID%3D10025%26_options_sf&quot;)</favourite>
	
	<favourite name="Lifetime" thumb="https://app.uktvnow.net/images/channel_imgs/200116013131life.png|User-Agent=Dalvik/2.1.0 (Linux; U; Android 5.1.1; SM-G920F Build/LMY47X)">PlayMedia(&quot;plugin://plugin.video.wateriptv/?url=url&amp;mode=2&amp;name=Lifetime&amp;description=&amp;sf_options=winID%3D10025%26_options_sf&quot;)</favourite>
	
	<favourite name="CNN" thumb="https://app.uktvnow.net/images/channel_imgs/160116010910cnn.jpg|User-Agent=Dalvik/2.1.0 (Linux; U; Android 5.1.1; SM-G920F Build/LMY47X)">PlayMedia(&quot;plugin://plugin.video.wateriptv/?url=url&amp;mode=2&amp;name=CNN.&amp;description=&amp;sf_options=winID%3D10025%26_options_sf&quot;)</favourite>
	<favourite name="CNN" thumb="https://app.uktvnow.net/images/channel_imgs/160116010851cnn.jpg|User-Agent=Dalvik/2.1.0 (Linux; U; Android 5.1.1; SM-G920F Build/LMY47X)">PlayMedia(&quot;plugin://plugin.video.wateriptv/?url=url&amp;mode=2&amp;name=CNN&amp;description=&amp;sf_options=winID%3D10025%26_options_sf&quot;)</favourite>
	<favourite name="CNBC" thumb="https://app.uktvnow.net/images/channel_imgs/160116010754cnbs.png|User-Agent=Dalvik/2.1.0 (Linux; U; Android 5.1.1; SM-G920F Build/LMY47X)">PlayMedia(&quot;plugin://plugin.video.wateriptv/?url=url&amp;mode=2&amp;name=CNBC&amp;description=&amp;sf_options=winID%3D10025%26_options_sf&quot;)</favourite>
	<favourite name="Fox News" thumb="https://app.uktvnow.net/images/channel_imgs/190116045208foxnew.png|User-Agent=Dalvik/2.1.0 (Linux; U; Android 5.1.1; SM-G920F Build/LMY47X)">PlayMedia(&quot;plugin://plugin.video.wateriptv/?url=url&amp;mode=2&amp;name=Fox+News&amp;description=&amp;sf_options=winID%3D10025%26_options_sf&quot;)</favourite>
	
	
	
	
	
	
	
	
	
	
	
	
	
	
</favourites>