<favourites>
	<favourite name="Phoenix" thumb="special://home/addons\plugin.video.phstreams\icon.png">ActivateWindow(10025,&quot;plugin://plugin.video.phstreams/&quot;,return)</favourite>
	<favourite name="VidTime" thumb="special://home/addons\plugin.video.VidTime\icon.png">ActivateWindow(10025,&quot;plugin://plugin.video.VidTime/&quot;,return)</favourite>
	<favourite name="GoodFellas 2.0" thumb="special://home/addons\plugin.video.goodfellas\icon.png">ActivateWindow(10025,&quot;plugin://plugin.video.goodfellas/&quot;,return)</favourite>
	<favourite name="[COLOR clear].[/COLOR]TheAlpha" thumb="special://home/addons\plugin.video.AlphaMovies\icon.png">ActivateWindow(10025,&quot;plugin://plugin.video.AlphaMovies/&quot;,return)</favourite>
	<favourite name="The Pyramid" thumb="special://home/addons\plugin.video.thepyramid-1.22\icon.png">ActivateWindow(10025,&quot;plugin://plugin.video.thepyramid/&quot;,return)</favourite>
	<favourite name="Evolve" thumb="special://home/addons\plugin.video.Evolve\icon.png">ActivateWindow(10025,&quot;plugin://plugin.video.Evolve/&quot;,return)</favourite>
</favourites>