<favourites>
	<favourite name="9-14" thumb="https://upload.wikimedia.org/wikipedia/ru/4/49/4-%D0%B9_%D0%BB%D0%BE%D0%B3%D0%BE%D1%82%D0%B8%D0%BF_Teen_TV.png">ActivateWindow(10025,&quot;plugin://plugin.video.phstreams/?action=ndmode&amp;audio=0&amp;content=0&amp;fanart=http%3a%2f%2fs6.postimg.org%2f4ph8mo5q9%2fBackdrop.png&amp;image=http%3a%2f%2fs6.postimg.org%2fdhtlwm1hd%2fKids_TV.png&amp;name=%5bCOLOR%20orangered%5dK%5b%2fCOLOR%5d%5bCOLOR%20white%5dIDS%5b%2fCOLOR%5d%20%5bCOLOR%20orangered%5dT%5b%2fCOLOR%5d%5bCOLOR%20white%5dV%5b%2fCOLOR%5d&amp;playable=false&amp;tvshow=0&amp;url=http%3a%2f%2fzenica.watchkodi.com%2fDirectories%2fKids%2520Directories%2fKids%2520TV%2520Directory.xml&amp;sf_options=fanart%3Dhttp%3A%2F%2Fs6.postimg.org%2F4ph8mo5q9%2FBackdrop.png%26desc%3DDiscover+Great+Streaming+Playlists%21%26_options_sf&quot;,return)</favourite>
	<favourite name="ToonMania" thumb="special://home/addons\plugin.video.toonmania\icon.png">ActivateWindow(10025,&quot;plugin://plugin.video.toonmania?sf_options=fanart%3Dspecial%3A%2F%2Fhome%2Faddons%5Cplugin.video.toonmania%5Cfanart.jpg%26_options_sf&quot;,return)</favourite>
	<favourite name="[COLOR blue]Family/Kids[/COLOR]" thumb="special://home/addons\plugin.video.popcornflix\icon.png">ActivateWindow(10025,&quot;plugin://plugin.video.popcornflix/?mode=GM&amp;name=%5bCOLOR%20blue%5dFamily%2fKids%5b%2fCOLOR%5d&amp;url=%2fFamily%2fKids-movies&amp;sf_options=fanart%3Dspecial%3A%2F%2Fhome%2Faddons%5Cplugin.video.popcornflix%5Cfanart.jpg%26_options_sf&quot;,return)</favourite>
	<favourite name="Kids and Family" thumb="special://home/addons\plugin.video.tubitv\icon.png">ActivateWindow(10025,&quot;plugin://plugin.video.tubitv/?mode=GS&amp;name=Kids%20and%20Family&amp;url=%2fcategory%3fid%3d1432&amp;sf_options=fanart%3Dspecial%3A%2F%2Fhome%2Faddons%5Cplugin.video.tubitv%5Cfanart.jpg%26_options_sf&quot;,return)</favourite>
	<favourite name="Kids and Family" thumb="https://staticviewlift-a.akamaihd.net/dims4/default/cbfc1d1/2147483647/thumbnail/132x195%3E/quality/90/?url=http%3A%2F%2Fsnagfilms-a.akamaihd.net%2Fc8%2F9e%2F9ba8f1034ad896047e84a32ee650%2Fkidsandfamily-214x317.jpg">ActivateWindow(10025,&quot;plugin://plugin.video.snagfilms/?mode=GT&amp;name=Kids%20and%20Family&amp;url=%2fmovies%2fkids_and_family%23https%3a%2f%2fstaticviewlift-a.akamaihd.net%2fdims4%2fdefault%2fcbfc1d1%2f2147483647%2fthumbnail%2f132x195%253E%2fquality%2f90%2f%3furl%3dhttp%253A%252F%252Fsnagfilms-a.akamaihd.net%252Fc8%252F9e%252F9ba8f1034ad896047e84a32ee650%252Fkidsandfamily-214x317.jpg&amp;sf_options=fanart%3Dspecial%3A%2F%2Fhome%2Faddons%5Cplugin.video.snagfilms%5Cfanart.jpg%26desc%3DKids%27+Cartoons+and+Family-Friendly+Movies%26_options_sf&quot;,return)</favourite>
</favourites>