<favourites>
	<favourite name="Android Settings" thumb="DefaultProgram.png">ActivateWindow(10001,&quot;androidsetting://sources/settings/&quot;,return)</favourite>
	<favourite name="Applications" thumb="DefaultProgram.png">StartAndroidActivity(,&quot;android.settings.APPLICATION_SETTINGS&quot;)</favourite>
	<favourite name="Date/Time" thumb="DefaultProgram.png">StartAndroidActivity(,&quot;android.settings.DATE_SETTINGS&quot;)</favourite>
	<favourite name="Device Info" thumb="DefaultProgram.png">StartAndroidActivity(,&quot;android.settings.DEVICE_INFO_SETTINGS&quot;)</favourite>
	<favourite name="Wifi" thumb="DefaultProgram.png">StartAndroidActivity(,&quot;android.settings.WIFI_SETTINGS&quot;)</favourite>
</favourites>