<favourites>
	<favourite name="FRENCH TV" thumb="http://static.filmon.com/assets/groups/27/big_logo.png">ActivateWindow(10025,&quot;plugin://plugin.video.SportsDevil/?item=url.tmp%3d%252Fgroup%252Ffrench-tv%26title%3dFRENCH%2bTV%26url%3dhttp%253A%252F%252Fwww.filmon.com%252Fgroup%252Ffrench-tv%26cfg%3dfilmon.com.cfg%2540Channels%26definedIn%3dcustoms%252Ffilmon.com.cfg%26director%3dfilmon.com%26genre%3dLive%2bTV%26type%3drss%26icon%3dhttp%253A%252F%252Fstatic.filmon.com%252Fassets%252Fgroups%252F27%252Fbig_logo.png&amp;mode=1&amp;sf_options=fanart%3Dspecial%3A%2F%2Fhome%2Faddons%5Cplugin.video.SportsDevil%5Cfanart.jpg%26_options_sf&quot;,return)</favourite>
	<favourite name="[COLOR chartreuse][B][France - צרפת][/B][/COLOR]" thumb="DefaultFolder.png">ActivateWindow(10025,&quot;plugin://plugin.video.israelive/?categoryid=10556&amp;description&amp;displayname=10608&amp;iconimage&amp;mode=2&amp;name=%5bCOLOR%20chartreuse%5d%5bB%5d%5bFrance%20-%20%d7%a6%d7%a8%d7%a4%d7%aa%5d%5b%2fB%5d%5b%2fCOLOR%5d&amp;url&amp;sf_options=fanart%3Dhttp%3A%2F%2Fwww.icangiveyouhouse.com%2Faudio%2F2010%2F09%2Fworld-in-black-and-white-hands-1.jpg%26_options_sf&quot;,return)</favourite>
	<favourite name="CINEMA FRANCAIS" thumb="http://s23.postimg.org/57ba7hkcb/Cinema_Francais2.jpg">ActivateWindow(10025,&quot;plugin://plugin.video.phstreams/?action=directory&amp;url=http%3a%2f%2fgibraltar.watchkodi.com%2fCollections%2ffrench.xml&quot;,return)</favourite>
	<favourite name="[COLOR red]NEW:[/COLOR] LIVE French TV" thumb="https://i.imgsafe.org/73e12bc.jpg">ActivateWindow(10025,&quot;plugin://plugin.video.phstreams/?action=directory&amp;url=http%3a%2f%2fgibraltar.watchkodi.com%2fCollections%2fFrenchTV.xml&quot;,return)</favourite>
</favourites>