<favourites>
	<favourite name="TV File Manager" thumb="https://lh3.ggpht.com/Cra813rH6N1eaOKU1wlWzvzqYg2kHdpnNwQDDLgAYAlMoU1OU2ocPbSySXnUDy05meku">PlayMedia(&quot;plugin://plugin.video.apkdownload/?url=http://www.xiaobaifile.com/xbfile.php&amp;mode=1&amp;name=TV+FileManager&amp;description=&amp;sf_options=winID%3D10025%26_options_sf&quot;)</favourite>
	<favourite name="ShowBox 4.08" thumb="https://lh3.googleusercontent.com/up4xPsDwNL53RBmmt7-CoIgdonytcXxLZ5iHBW8mGU39CEjI7C22Xvr4mLpIpsGVML0=w300">PlayMedia(&quot;plugin://plugin.video.apkdownload/?url=https://drive.google.com/uc?export=download&amp;id=0B0OWv9-CQsAGNTF2Zno5a3pKVUU&amp;mode=1&amp;name=ShowBox&amp;description=&amp;sf_options=winID%3D10025%26_options_sf&quot;)</favourite>
	<favourite name="Atlas" thumb="https://lh6.ggpht.com/ETWGei9wrkkFyb2k2b7Sd7dM0fci97lDp6SjXfXLmLetOiP4cNwfy21QaHaQEud_YDk=w300">PlayMedia(&quot;plugin://plugin.video.apkdownload/?url=http://link.appsapk.com/downloads/92014/Atlas%20Web%20Browser.apk&amp;mode=1&amp;name=Atlas&amp;description=&amp;sf_options=winID%3D10025%26_options_sf&quot;)</favourite>
	<favourite name="Chrome 47.0.2526.83-5.1" thumb="http://www.iconarchive.com/download/i61935/appicns/simplified-app/appicns-Chrome.ico">PlayMedia(&quot;plugin://plugin.video.apkdownload/?url=http://dl1.revdownload.com/dl1/2015/1501/Chrome_Browser_Google_v47.0.2526.83_(5.1)_Revdl.com.apk&amp;mode=1&amp;name=Chrome+Beta&amp;description=&amp;sf_options=winID%3D10025%26_options_sf&quot;)</favourite>
	<favourite name="Chrome (BETA)" thumb="http://icons.iconarchive.com/icons/dtafalonso/android-l/512/Chrome-Beta-icon.png">PlayMedia(&quot;plugin://plugin.video.apkdownload/?url=http://file.appsapk.com/wp-content/uploads/apps-3/Chrome%20Beta.apk&amp;mode=1&amp;name=Chrome+Beta&amp;description=&amp;sf_options=winID%3D10025%26_options_sf&quot;)</favourite>
	<favourite name="Dolphin Browser HD" thumb="https://lh3.ggpht.com/EdSxKeiKPfx58K7UnmND1S-4Q12PaTgB9zZs3X8vjcGCrHBr_FW2cK9mFjcG0vcFSUI=w300">PlayMedia(&quot;plugin://plugin.video.apkdownload/?url=http://dl.apktops.com/app/201206/Dolphin_Browser_HD_8.5.1.apk&amp;mode=1&amp;name=Dolphin+Browser+HD&amp;description=&amp;sf_options=winID%3D10025%26_options_sf&quot;)</favourite>
	<favourite name="Adobe Flash Player 11.1" thumb="https://pbs.twimg.com/profile_images/2533017668/v8ito6v8ndvjc2wyqhk4.png">PlayMedia(&quot;plugin://plugin.video.apkdownload/?url=http://download.macromedia.com/pub/flashplayer/installers/archive/android/11.1.115.81/install_flash_player_ics.apk&amp;mode=1&amp;name=Adobe+Flash&amp;description=&amp;sf_options=winID%3D10025%26_options_sf&quot;)</favourite>
	<favourite name="Amazon Underground" thumb="http://the-gadgeteer.com/wp-content/uploads/2015/09/amazon-underground.jpg">PlayMedia(&quot;plugin://plugin.video.apkdownload/?url=https://amazonadsi-a.akamaihd.net/public/snuffy/us_stable/default/us/Amazon_App.apk&amp;mode=1&amp;name=Amazon+Underground&amp;description=&amp;sf_options=winID%3D10025%26_options_sf&quot;)</favourite>
	<favourite name="More Apps..." thumb="http://2.bp.blogspot.com/-R1tyOQoBlG4/UtNjxfzsexI/AAAAAAAAEqg/n6oryF_qXz8/s1600/download-button-android-new.png">ActivateWindow(10025,&quot;plugin://plugin.video.apkdownload/&quot;)</favourite>
</favourites>