<favourites>
	<favourite name="USTVNow" thumb="https://github.com/jurialmunkey/skin.eminence.2/raw/master/extras/icons/ustvnow.png">ActivateWindow(10025,&quot;plugin://plugin.video.ustvnow.tva/?mode=live&quot;,return)</favourite>

	<favourite name="CableTV" thumb="https://github.com/jurialmunkey/skin.eminence.2/raw/master/extras/icons/tvguide.png">ActivateWindow(10025,&quot;plugin://plugin.video.playlistLoader/?iconimage&amp;index=0&amp;logos&amp;mode=2&amp;move=0&amp;name=PlayersKlub&amp;url=https://pastebin.com/raw/7SbS7vP5&quot;,return)</favourite>
	
	
	

	<favourite name="Mobdro [COLOR black](TV)[/COLOR]" thumb="http://rawapk.com/wp-content/uploads/2016/05/Mobdro-Icon.png">PlayMedia(&quot;plugin://plugin.video.water/?url=https://archive.org/download/hVdF2pUz/mobdro.apk&amp;mode=12&amp;name=Mobdro&amp;description=com.mobdro.android&amp;sf_options=winID%3D10001%26_options_sf&quot;)</favourite>
	
	<favourite name="UKLiveTV [COLOR black](TV)[/COLOR]" thumb="https://cdn6.aptoide.com/imgs/9/4/7/947c9686a9f69007b7d8dd66cdcd74b3.png">PlayMedia(&quot;plugin://plugin.video.water/?url=http://uktvnow.net/download/UKTVNowFirestick7.7.apk&amp;mode=12&amp;name=UKLiveTV&amp;description=com.livetv.android.apps.uktvnow.firestick&amp;sf_options=winID%3D10025%26_options_sf&quot;)</favourite>
</favourites><favourite name="[COLOR yellow][B]USA [/B][/COLOR][COLORdeepblue][B] TV[/B][/COLOR]" thumb="C:\kodi\portable_data\addons\plugin.video.playklub\resources\art\logo.png">