<favourites>
	<favourite name="[COLOR=FF00FF00][B] MMA  [/B][/COLOR]" thumb="http://s22.postimg.org/vwcyjosz5/mma.png">ActivateWindow(10025,&quot;plugin://plugin.video.phstreams/?action=Huddle_Sites&amp;fanart=http%3a%2f%2fs22.postimg.org%2fgb0owuncd%2fHuddle_fanart.jpg&amp;image=http%3a%2f%2fs22.postimg.org%2fvwcyjosz5%2fmma.png&amp;url=MMA&amp;sf_options=fanart%3Dhttp%3A%2F%2Fs22.postimg.org%2Fgb0owuncd%2FHuddle_fanart.jpg%26_options_sf&quot;,return)</favourite>
	<favourite name="Boxing / WWE / UFC - DimSports.eu" thumb="special://home/addons\plugin.video.SportsDevil\resources\images\sports/Boxing.png">ActivateWindow(10025,&quot;plugin://plugin.video.SportsDevil/?item=title%3dBoxing%2b%252F%2bWWE%2b%252F%2bUFC%26url%3dhttp%253A%252F%252Fwww.idimsports.eu%252Fboxing-wwe-ufc.html%26cfg%3ddimsports.eu.links.cfg%26definedIn%3dlivesports%252Fdimsports.eu.cfg%26director%3ddimsports.eu%26genre%3dLive%2bSports%26type%3drss%26icon%3dC%253A%255Ckodi%255Cportable_data%255Caddons%255Cplugin.video.SportsDevil%255Cresources%255Cimages%255Csports%252FBoxing.png&amp;mode=1&quot;,return)</favourite>
	<favourite name="Boxing / WWE / UFC - FirstRowSports.eu" thumb="special://home/addons\plugin.video.SportsDevil\resources\images\sports/Boxing.png">ActivateWindow(10025,&quot;plugin://plugin.video.SportsDevil/?item=title%3dBoxing%2b%252F%2bWWE%2b%252F%2bUFC%26url%3dhttp%253A%252F%252Fwww.thefeed2all.eu%252Ftype%252Fboxing-wwe-ufc.html%26cfg%3dfirstrowsports.eu.links.cfg%26definedIn%3dlivesports%252Ffirstrowsports.eu.cfg%26director%3dFirstRowSports.eu%26genre%3dLive%2bSports%26type%3drss%26icon%3dC%253A%255Ckodi%255Cportable_data%255Caddons%255Cplugin.video.SportsDevil%255Cresources%255Cimages%255Csports%252FBoxing.png&amp;mode=1&quot;,return)</favourite>
	<favourite name="Boxing / WWE / UFC - FirstRowSports.ge" thumb="special://home/addons\plugin.video.SportsDevil\resources\images\sports/Boxing.png">ActivateWindow(10025,&quot;plugin://plugin.video.SportsDevil/?item=title%3dBoxing%2b%252F%2bWWE%2b%252F%2bUFC%26url%3dhttp%253A%252F%252Ffirstrowsports.ge%252Findex.php%253Fgame%253Dboxing-wwe-ufc%26cfg%3dfirstrowsports.ge.links.cfg%26definedIn%3dlivesports%252Ffirstrowsports.ge.cfg%26director%3dFirstRowSports.ge%26genre%3dLive%2bSports%26type%3drss%26icon%3dC%253A%255Ckodi%255Cportable_data%255Caddons%255Cplugin.video.SportsDevil%255Cresources%255Cimages%255Csports%252FBoxing.png&amp;mode=1&quot;,return)</favourite>
	<favourite name="Boxing / WWE / UFC - VIPbox.tv" thumb="special://home/addons\plugin.video.SportsDevil\resources\images\sports/Boxing.png">ActivateWindow(10025,&quot;plugin://plugin.video.SportsDevil/?item=title%3dBoxing%2b%252F%2bWWE%2b%252F%2bUFC%26url%3dhttp%253A%252F%252Fwww.vipleague.is%252Fsports%252Fboxing-wwe-ufc.html%26cfg%3dvipbox.tv.events.cfg%26definedIn%3dlivesports%252Fvipbox.tv.cfg%26director%3dVipBox.tv%26genre%3dLive%2bSports%26type%3drss%26icon%3dC%253A%255Ckodi%255Cportable_data%255Caddons%255Cplugin.video.SportsDevil%255Cresources%255Cimages%255Csports%252FBoxing.png&amp;mode=1&quot;,return)</favourite>
	<favourite name="Bt Sports 2" thumb="http://architects.x10host.com/GenieArt/english.png">PlayMedia(&quot;plugin://plugin.video.GenieTv/?url=http%3A%2F%2F167.114.41.215%3A8080%2Fbtsp2_raf%2Fbtsp2_raf%2Findex.m3u8%7Cconnection%3Dkeep-alive&amp;mode=222&amp;name=Bt+Sports+2%0D&amp;sf_options=winID%3D10025%26_options_sf&quot;)</favourite>
</favourites>