<favourites>
	<favourite name="Sports Channels - Cricfree.tv" thumb="http://cricfree.tv/images/cricfree.png">ActivateWindow(10025,&quot;plugin://plugin.video.SportsDevil/?item=title%3dCricfree.tv%26url%3dtv%252Fcricfree.tv.cfg%26definedIn%3dtv.cfg%26director%3dcricfree.tv%26genre%3dTV%26type%3drss%26icon%3dhttp%253A%252F%252Fcricfree.tv%252Fimages%252Fcricfree.png&amp;mode=1&amp;sf_options=fanart%3Dspecial%3A%2F%2Fhome%2Faddons%5Cplugin.video.SportsDevil%5Cfanart.jpg%26_options_sf&quot;,return)</favourite>
	<favourite name="Sports Channels - CricHD.tv" thumb="http://crichd.tv/images/logo.png">ActivateWindow(10025,&quot;plugin://plugin.video.SportsDevil/?item=title%3dCricHD.tv%26url%3dtv%252Fcrichd.tv.cfg%26definedIn%3dtv.cfg%26director%3dcrichd.tv%26genre%3dTV%26type%3drss%26icon%3dhttp%253A%252F%252Fcrichd.tv%252Fimages%252Flogo.png&amp;mode=1&amp;sf_options=fanart%3Dspecial%3A%2F%2Fhome%2Faddons%5Cplugin.video.SportsDevil%5Cfanart.jpg%26_options_sf&quot;,return)</favourite>
	<favourite name="Streamer247.com" thumb="http://i.imgur.com/wi901BF.png">ActivateWindow(10025,&quot;plugin://plugin.video.SportsDevil/?item=title%3dStreamer247.com%26url%3dhttp%253A%252F%252Fc247.tv%26cfg%3dcricket.cfg%2540streamer247%26definedIn%3dtv%252Fcricket.cfg%26director%3dCricket%26genre%3dTV%26type%3drss%26icon%3dhttp%253A%252F%252Fi.imgur.com%252Fwi901BF.png&amp;mode=1&amp;sf_options=fanart%3Dspecial%3A%2F%2Fhome%2Faddons%5Cplugin.video.SportsDevil%5Cfanart.jpg%26_options_sf&quot;,return)</favourite>
	<favourite name="CricketEmbeds.com" thumb="http://www.cricketembeds.com/images/logo.png">ActivateWindow(10025,&quot;plugin://plugin.video.SportsDevil/?item=title%3dCricketEmbeds.com%26url%3dhttp%253A%252F%252Fwww.cricketembeds.com%252F%26cfg%3dcricket.cfg%2540cricketembed%26definedIn%3dtv%252Fcricket.cfg%26director%3dCricket%26genre%3dTV%26type%3drss%26icon%3dhttp%253A%252F%252Fwww.cricketembeds.com%252Fimages%252Flogo.png&amp;mode=1&amp;sf_options=fanart%3Dspecial%3A%2F%2Fhome%2Faddons%5Cplugin.video.SportsDevil%5Cfanart.jpg%26_options_sf&quot;,return)</favourite>
	<favourite name="Webcric" thumb="http://theclipartwizard.com/images/Cricket.png">ActivateWindow(10025,&quot;plugin://plugin.video.SportsDevil/?item=title%3dWebcric%26url%3dhttp%253A%252F%252Fwww.webcric.be%252F%26cfg%3dcricket.cfg%2540webcric%26definedIn%3dtv%252Fcricket.cfg%26director%3dCricket%26genre%3dTV%26type%3drss%26icon%3dhttp%253A%252F%252Ftheclipartwizard.com%252Fimages%252FCricket.png&amp;mode=1&amp;sf_options=fanart%3Dspecial%3A%2F%2Fhome%2Faddons%5Cplugin.video.SportsDevil%5Cfanart.jpg%26_options_sf&quot;,return)</favourite>
	<favourite name="More Links" thumb="http://theclipartwizard.com/images/Cricket.png">ActivateWindow(10025,&quot;plugin://plugin.video.SportsDevil/?item=title%3dMore%2bLinks%26url%3dcricket.cfg%2540ALL%26cfg%3dcricket.cfg%2540ALL%26definedIn%3dtv%252Fcricket.cfg%26director%3dCricket%26genre%3dTV%26type%3drss%26icon%3dhttp%253A%252F%252Ftheclipartwizard.com%252Fimages%252FCricket.png&amp;mode=1&amp;sf_options=fanart%3Dspecial%3A%2F%2Fhome%2Faddons%5Cplugin.video.SportsDevil%5Cfanart.jpg%26_options_sf&quot;,return)</favourite>
	<favourite name="[COLOR brown]Live Cricket - BlackTVlive.COM[/COLOR]" thumb="http://blacktvlive.com/logo/blacktvbannernew.jpg">ActivateWindow(10025,&quot;plugin://plugin.video.SportsDevil/?item=title%3dLive%2bCricket%26url%3dhttp%253A%252F%252Fblacktvlive.in%252Flive_cricket_menu.html%26cfg%3dblacktvlive.com.cfg%2540VIDEOS%26definedIn%3dcustoms%252Fblacktvlive.com.cfg%26director%3dblacktvlive.com%26genre%3dLive%2bTV%26type%3drss%26icon%3dhttp%253A%252F%252Fblacktvlive.com%252Flogo%252Fblacktvbannernew.jpg&amp;mode=1&amp;sf_options=fanart%3Dspecial%3A%2F%2Fhome%2Faddons%5Cplugin.video.SportsDevil%5Cfanart.jpg%26_options_sf&quot;,return)</favourite>
	<favourite name="Sports Channels - Cricket" thumb="http://theclipartwizard.com/images/Cricket.png">ActivateWindow(10025,&quot;plugin://plugin.video.SportsDevil/?item=title%3dCricket%26url%3dtv%252Fcricket.cfg%26definedIn%3dtv.cfg%26director%3dCricket%26genre%3dTV%26type%3drss%26icon%3dhttp%253A%252F%252Ftheclipartwizard.com%252Fimages%252FCricket.png&amp;mode=1&amp;sf_options=fanart%3Dspecial%3A%2F%2Fhome%2Faddons%5Cplugin.video.SportsDevil%5Cfanart.jpg%26_options_sf&quot;,return)</favourite>
</favourites>