<favourites>
	<favourite name="TV OnDemand" thumb="">ActivateWindow(10025,&quot;plugin://plugin.video.kaban.tva/?mode=CHLS&quot;,return)</favourite>
	<favourite name="[COLOR black]TESTING[/COLOR]" thumb="special://home/addons\plugin.video.videomore.ru\icon.png">ActivateWindow(10025,&quot;plugin://plugin.program.super.favourites/?label=[COLOR black]TESTING[/COLOR]&amp;mode=400&amp;path=special%3A%2F%2Fhome%2Faddons%2Fscript.supafav%2FSuper%20Favourites%5CLivetv%2FForegin%5CRussian%5CTESTING&amp;sf_options=fanart%3Dspecial%3A%2F%2Fhome%2Faddons%5Cplugin.video.videomore.ru%5Cfanart.jpg%26_options_sf&quot;)</favourite>
	<favourite name="Live TV" thumb="">ActivateWindow(10025,&quot;plugin://plugin.video.kaban.tva/?mode=PRLS&quot;,return)</favourite>
	<favourite name="Perviy Kanal" thumb="http://static.filmon.com/assets/channels/1735/big_logo.png">ActivateWindow(10025,&quot;plugin://plugin.video.SportsDevil/?item=definedIn%3dfilmon.com.cfg%26url.tmp%3d%252Fchannel%252Fperviy-kanal-europa%26title%3dPerviy%2bkanal%2bEuropa%26url%3dhttp%253A%252F%252Fwww.filmon.com%252Fchannel%252Fperviy-kanal-europa%26cfg%3dfilmon.com.cfg%2540Streams%26videoTitle%3dPerviy%2bkanal%2bEuropa%26director%3dfilmon.com%26genre%3dLive%2bTV%26type%3drss%26icon%3dhttp%253A%252F%252Fstatic.filmon.com%252Fassets%252Fchannels%252F1735%252Fbig_logo.png&amp;mode=1&amp;sf_options=fanart%3Dspecial%3A%2F%2Fhome%2Faddons%5Cplugin.video.SportsDevil%5Cfanart.jpg%26_options_sf&quot;,return)</favourite>
	<favourite name="[COLOR azure]Kino[/COLOR]" thumb="">ActivateWindow(10025,&quot;plugin://plugin.program.super.favourites/?label=TV1000&amp;mode=400&amp;folder=Livetv%2FForegin%2FRussian%2FMovies&amp;sf_options=fanart%3DNULL%26_options_sf&quot;)</favourite>
	<favourite name="[COLOR azure]Docu[/COLOR]" thumb="">ActivateWindow(10025,&quot;plugin://plugin.program.super.favourites/?label=Docu&amp;mode=400&amp;folder=Livetv%2FForegin%2FRussian%2FDocu&amp;sf_options=fanart%3DNULL%26_options_sf&quot;)</favourite>
	<favourite name="Россия 1" thumb="">PlayMedia(&quot;plugin://plugin.video.israelive/?url=rossija%3Fmode%3D21&amp;mode=10&amp;name=%5BCOLOR+turquoise%5D%5BB%5D%D0%A0%D0%BE%D1%81%D1%81%D0%B8%D1%8F+1%5B%2FB%5D%5B%2FCOLOR%5D&amp;iconimage=&amp;description=&amp;displayname=%D0%A0%D0%BE%D1%81%D1%81%D0%B8%D1%8F+1&amp;categoryid=10763&amp;sf_options=winID%3D10025%26_options_sf&quot;)</favourite>
	<favourite name="Россия 2" thumb="">PlayMedia(&quot;plugin://plugin.video.israelive/?url=sport%3Fmode%3D21&amp;mode=10&amp;name=%5BCOLOR+turquoise%5D%5BB%5D%D0%A0%D0%BE%D1%81%D1%81%D0%B8%D1%8F+2%5B%2FB%5D%5B%2FCOLOR%5D&amp;iconimage=&amp;description=&amp;displayname=%D0%A0%D0%BE%D1%81%D1%81%D0%B8%D1%8F+2&amp;categoryid=10763&amp;sf_options=winID%3D10025%26_options_sf&quot;)</favourite>
	<favourite name="Russia 24" thumb="http://static.filmon.com/assets/channels/1744/big_logo.png">ActivateWindow(10025,&quot;plugin://plugin.video.SportsDevil/?item=definedIn%3dfilmon.com.cfg%26url.tmp%3d%252Fchannel%252Frossiya-24%26title%3dRossiya%2b24%26url%3dhttp%253A%252F%252Fwww.filmon.com%252Fchannel%252Frossiya-24%26cfg%3dfilmon.com.cfg%2540Streams%26videoTitle%3dRossiya%2b24%26director%3dfilmon.com%26genre%3dLive%2bTV%26type%3drss%26icon%3dhttp%253A%252F%252Fstatic.filmon.com%252Fassets%252Fchannels%252F1744%252Fbig_logo.png&amp;mode=1&amp;sf_options=fanart%3Dspecial%3A%2F%2Fhome%2Faddons%5Cplugin.video.SportsDevil%5Cfanart.jpg%26_options_sf&quot;,return)</favourite>
	<favourite name="RTR Planeta" thumb="http://static.filmon.com/assets/channels/1738/big_logo.png">ActivateWindow(10025,&quot;plugin://plugin.video.SportsDevil/?item=definedIn%3dfilmon.com.cfg%26url.tmp%3d%252Fchannel%252Frtr-planeta%26title%3dRTR%2bPlaneta%26url%3dhttp%253A%252F%252Fwww.filmon.com%252Fchannel%252Frtr-planeta%26cfg%3dfilmon.com.cfg%2540Streams%26videoTitle%3dRTR%2bPlaneta%26director%3dfilmon.com%26genre%3dLive%2bTV%26type%3drss%26icon%3dhttp%253A%252F%252Fstatic.filmon.com%252Fassets%252Fchannels%252F1738%252Fbig_logo.png&amp;mode=1&amp;sf_options=fanart%3Dspecial%3A%2F%2Fhome%2Faddons%5Cplugin.video.SportsDevil%5Cfanart.jpg%26_options_sf&quot;,return)</favourite>
	<favourite name="ТВЦ" thumb="">PlayMedia(&quot;plugin://plugin.video.israelive/?url=tvc%3Fmode%3D21&amp;mode=10&amp;name=%5BCOLOR+turquoise%5D%5BB%5D%D0%A2%D0%92%D0%A6%5B%2FB%5D%5B%2FCOLOR%5D&amp;iconimage=&amp;description=&amp;displayname=%D0%A2%D0%92%D0%A6&amp;categoryid=10763&amp;sf_options=winID%3D10025%26_options_sf&quot;)</favourite>
	<favourite name="ОТС" thumb="">PlayMedia(&quot;plugin://plugin.video.israelive/?url=ots%3Fmode%3D21&amp;mode=10&amp;name=%5BCOLOR+turquoise%5D%5BB%5D%D0%9E%D0%A2%D0%A1%5B%2FB%5D%5B%2FCOLOR%5D&amp;iconimage=&amp;description=&amp;displayname=%D0%9E%D0%A2%D0%A1&amp;categoryid=10763&amp;sf_options=winID%3D10025%26_options_sf&quot;)</favourite>
	<favourite name="CTC" thumb="">PlayMedia(&quot;plugin://plugin.video.israelive/?url=1255-sts%3Fmode%3D28&amp;mode=10&amp;name=%5BCOLOR+turquoise%5D%5BB%5DCTC%5B%2FB%5D%5B%2FCOLOR%5D&amp;iconimage=&amp;description=&amp;displayname=CTC&amp;categoryid=10763&amp;sf_options=winID%3D10025%26_options_sf&quot;)</favourite>
	<favourite name="TB3" thumb="">PlayMedia(&quot;plugin://plugin.video.israelive/?url=tv3-tv-online%3Fmode%3D25&amp;mode=10&amp;name=%5BCOLOR+turquoise%5D%5BB%5DTV3%5B%2FB%5D%5B%2FCOLOR%5D&amp;iconimage=&amp;description=&amp;displayname=TV3&amp;categoryid=10763&amp;sf_options=winID%3D10025%26_options_sf&quot;)</favourite>
	<favourite name="TB3" thumb="">PlayMedia(&quot;plugin://plugin.video.israelive/?url=1642-tv-3%3Fmode%3D28&amp;mode=10&amp;name=%5BCOLOR+turquoise%5D%5BB%5DTB3%5B%2FB%5D%5B%2FCOLOR%5D&amp;iconimage=&amp;description=&amp;displayname=TB3&amp;categoryid=10763&amp;sf_options=winID%3D10025%26_options_sf&quot;)</favourite>
	<favourite name="THT" thumb="">PlayMedia(&quot;plugin://plugin.video.israelive/?url=1772-tnt%3Fmode%3D28&amp;mode=10&amp;name=%5BCOLOR+turquoise%5D%5BB%5DTHT%5B%2FB%5D%5B%2FCOLOR%5D&amp;iconimage=&amp;description=&amp;displayname=THT&amp;categoryid=10763&amp;sf_options=winID%3D10025%26_options_sf&quot;)</favourite>
	<favourite name="THT Comedy" thumb="">PlayMedia(&quot;plugin://plugin.video.israelive/?url=1262-comedy-tv%3Fmode%3D28&amp;mode=10&amp;name=%5BCOLOR+turquoise%5D%5BB%5DTHT+comedy%5B%2FB%5D%5B%2FCOLOR%5D&amp;iconimage=&amp;description=&amp;displayname=THT+comedy&amp;categoryid=10763&amp;sf_options=winID%3D10025%26_options_sf&quot;)</favourite>
	<favourite name="Boomerang" thumb="">PlayMedia(&quot;plugin://plugin.video.israelive/?url=156-boomerang%3Fmode%3D29&amp;mode=10&amp;name=%5BCOLOR+turquoise%5D%5BB%5Dboomerang%5B%2FB%5D%5B%2FCOLOR%5D&amp;iconimage=&amp;description=&amp;displayname=boomerang&amp;categoryid=10763&amp;sf_options=winID%3D10025%26_options_sf&quot;)</favourite>
	<favourite name="REN TV" thumb="">PlayMedia(&quot;plugin://plugin.video.israelive/?url=rentv-tv-online%3Fmode%3D25&amp;mode=10&amp;name=%5BCOLOR+turquoise%5D%5BB%5DREN+TV%5B%2FB%5D%5B%2FCOLOR%5D&amp;iconimage=&amp;description=&amp;displayname=REN+TV&amp;categoryid=10763&amp;sf_options=winID%3D10025%26_options_sf&quot;)</favourite>
	<favourite name="Perec TV" thumb="">PlayMedia(&quot;plugin://plugin.video.israelive/?url=1743-peretz-tv%3Fmode%3D28&amp;mode=10&amp;name=%5BCOLOR+turquoise%5D%5BB%5Dperetz+tv%5B%2FB%5D%5B%2FCOLOR%5D&amp;iconimage=&amp;description=&amp;displayname=peretz+tv&amp;categoryid=10763&amp;sf_options=winID%3D10025%26_options_sf&quot;)</favourite>
	<favourite name="Perec TV" thumb="">PlayMedia(&quot;plugin://plugin.video.israelive/?url=perec-tv-online%3Fmode%3D25&amp;mode=10&amp;name=%5BCOLOR+turquoise%5D%5BB%5DPerec+TV%5B%2FB%5D%5B%2FCOLOR%5D&amp;iconimage=&amp;description=&amp;displayname=Perec+TV&amp;categoryid=10763&amp;sf_options=winID%3D10025%26_options_sf&quot;)</favourite>
	<favourite name="Zvezda" thumb="">PlayMedia(&quot;plugin://plugin.video.israelive/?url=42-zvezda%3Fmode%3D28&amp;mode=10&amp;name=%5BCOLOR+turquoise%5D%5BB%5Dzvezda%5B%2FB%5D%5B%2FCOLOR%5D&amp;iconimage=&amp;description=&amp;displayname=zvezda&amp;categoryid=10763&amp;sf_options=winID%3D10025%26_options_sf&quot;)</favourite>
	<favourite name="TVXXI" thumb="">PlayMedia(&quot;plugin://plugin.video.israelive/?url=tv21%3Fmode%3D21&amp;mode=10&amp;name=%5BCOLOR+turquoise%5D%5BB%5DTVXXI%5B%2FB%5D%5B%2FCOLOR%5D&amp;iconimage=&amp;description=&amp;displayname=TVXXI&amp;categoryid=10763&amp;sf_options=winID%3D10025%26_options_sf&quot;)</favourite>
	<favourite name="TVXXI" thumb="">PlayMedia(&quot;plugin://plugin.video.israelive/?url=139-tv-xxi%3Fmode%3D29&amp;mode=10&amp;name=%5BCOLOR+turquoise%5D%5BB%5Dtv+xxi%5B%2FB%5D%5B%2FCOLOR%5D&amp;iconimage=&amp;description=&amp;displayname=tv+xxi&amp;categoryid=10763&amp;sf_options=winID%3D10025%26_options_sf&quot;)</favourite>
	<favourite name="Zоопарк" thumb="">PlayMedia(&quot;plugin://plugin.video.israelive/?url=zoopark%3Fmode%3D21&amp;mode=10&amp;name=%5BCOLOR+turquoise%5D%5BB%5DZ%D0%BE%D0%BE%D0%BF%D0%B0%D1%80%D0%BA%5B%2FB%5D%5B%2FCOLOR%5D&amp;iconimage=&amp;description=&amp;displayname=Z%D0%BE%D0%BE%D0%BF%D0%B0%D1%80%D0%BA&amp;categoryid=10763&amp;sf_options=winID%3D10025%26_options_sf&quot;)</favourite>
	<favourite name="ntv" thumb="">PlayMedia(&quot;plugin://plugin.video.israelive/?url=1256-ntv%3Fmode%3D28&amp;mode=10&amp;name=%5BCOLOR+turquoise%5D%5BB%5Dntv%5B%2FB%5D%5B%2FCOLOR%5D&amp;iconimage=&amp;description=&amp;displayname=ntv&amp;categoryid=10763&amp;sf_options=winID%3D10025%26_options_sf&quot;)</favourite>
	<favourite name="Живи" thumb="">PlayMedia(&quot;plugin://plugin.video.israelive/?url=jv%3Fmode%3D21&amp;mode=10&amp;name=%5BCOLOR+azure%5D%5BB%5D%D0%96%D0%B8%D0%B2%D0%B8%5B%2FB%5D%5B%2FCOLOR%5D&amp;iconimage=&amp;description=&amp;displayname=%D0%96%D0%B8%D0%B2%D0%B8&amp;categoryid=10763&amp;sf_options=winID%3D10025%26_options_sf&quot;)</favourite>
	<favourite name="[COLOR blue]Russian TV - IsraelLive[/COLOR]" thumb="DefaultFolder.png">ActivateWindow(10025,&quot;plugin://plugin.video.israelive/?categoryid=10556&amp;description&amp;displayname=10763&amp;iconimage&amp;mode=2&amp;name=%5bCOLOR%20blue%5d%5bB%5d%5bRussia%20-%20%d7%a8%d7%95%d7%a1%d7%99%d7%94%5d%5b%2fB%5d%5b%2fCOLOR%5d&amp;url&amp;sf_options=fanart%3Dhttp%3A%2F%2Fwww.icangiveyouhouse.com%2Faudio%2F2010%2F09%2Fworld-in-black-and-white-hands-1.jpg%26_options_sf&quot;,return)</favourite>
	<favourite name="[COLOR blue]Russian TV - Tivix.net[/COLOR]" thumb="special://home/addons\plugin.video.tivix.net\icon.png">ActivateWindow(10025,&quot;plugin://plugin.video.tivix.net/?sf_options=fanart%3Dspecial%3A%2F%2Fhome%2Faddons%5Cplugin.video.tivix.net%5Cfanart.jpg%26_options_sf&quot;,return)</favourite>
</favourites>