<favourites>
	<favourite name="Update Kodi to 16.1" thumb="https://s3.amazonaws.com/f.cl.ly/items/2o1p032L301o2l282w1I/androidtest.png">PlayMedia(&quot;plugin://plugin.video.water/?url=http%3A%2F%2Fmirrors.syringanetworks.net%2Fxbmc%2Freleases%2Fandroid%2Farm%2Fold%2Fkodi-16.1-Jarvis-armeabi-v7a.apk&amp;mode=12&amp;name=Kodi_161&amp;description=kodi&amp;sf_options=winID%3D10025%26_options_sf&quot;)</favourite>
	<favourite name="Update Kodi to 17.1" thumb="https://s3.amazonaws.com/f.cl.ly/items/2o1p032L301o2l282w1I/androidtest.png">PlayMedia(&quot;plugin://plugin.video.water/?url=http%3A%2F%2Fmirrors.syringanetworks.net%2Fxbmc%2Freleases%2Fandroid%2Farm%2Fkodi-17.1-Jarvis-armeabi-v7a.apk&amp;mode=12&amp;name=Kodi_161&amp;description=kodi&amp;sf_options=winID%3D10025%26_options_sf&quot;)</favourite>
	<favourite name="Update SPMC to 16.6" thumb="https://lh3.googleusercontent.com/qB5b-0UXb5Dk_m1sRAgnSYj7qmTO2lCKqUhOOksXq2XfrRLBxvQlF2Kl_WyVs_0JlGM=w175">PlayMedia(&quot;plugin://plugin.video.water/?url=https://github.com/koying/SPMC/releases/download/16.6.0-spmc/SPMC-16.6.0-spmc-68a86a2-armeabi-v7a.apk&amp;mode=12&amp;name=SPMC_166&amp;description=spmc&amp;sf_options=winID%3D10025%26_options_sf&quot;)</favourite>
	<favourite name="Click HERE if your not sure if you have [COLOR blue]Kodi/SPMC[/COLOR]" thumb="http://findicons.com/files/icons/1261/sticker_system/256/get_info.png">ActivateWindow(systeminfo)</favourite>
</favourites>