<favourites>
	<favourite name="Soccer" thumb="http://icons.iconarchive.com/icons/icons-land/sport/128/Soccer-Ball-icon.png">ActivateWindow(10025,&quot;plugin://plugin.program.super.favourites/?mode=400&amp;path=special%3A%2F%2Fhome%2Faddons%2Fscript.supafav%2FSuper%20Favourites%5CSports%5CSoccer&amp;sf_options=&quot;,return)</favourite>
	<favourite name="[COLOR clear].[/COLOR]ESPN" thumb="http://i.forbesimg.com/media/lists/companies/espn_416x416.jpg">PlayMedia(&quot;plugin://plugin.video.ccloudtv.helper/?url=http%3A%2F%2F94.23.35.42%2FcCloudTv%2Fparser.php%3Fsurl%3Dhttps%3A%2F%2Fwww.arconaitv.me%2Fsports%2F%7CUser-Agent%3DMozilla%252F5.0%2520%28Windows%2520NT%25206.1%253B%2520WOW64%29%2520AppleWebKit%252F537.36%2520%28KHTML%252C%2520like%2520Gecko%29%2520Chrome%252F57.0.2987.133%2520Safari%252F537.36&amp;mode=1&amp;name=ESPN&amp;iconimage=&amp;sf_options=winID%3D10025%26_options_sf&quot;,return)</favourite>
	<favourite name="NBC Golf" thumb="http://images.bwwstatic.com/columnpic7/216010CE4-98D9-AF3E-251224A0ED270B54.jpg">PlayMedia(&quot;http://tvegolf-i.Akamaihd.net/hls/live/218225/golfx/4296k/prog.m3u8?sf_options=winID%3D10025%26_options_sf&quot;)</favourite>
	<favourite name="[COLOR clear]Sports Addons[/COLOR]" thumb="">ActivateWindow(10025,&quot;plugin://plugin.program.super.favourites/?mode=400&amp;path=special://home/addons/script.supafav.test/Sports&amp;sf_options=&quot;,return)</favourite>
</favourites>