<favourites>
	<favourite name="MP3 Streams" thumb="http://googledrive.com/host/0B-bY5h-uWEgZQVJQZ0lzUTdBeFE/icons/apps/mp3streams.png">ActivateWindow(10501,&quot;plugin://plugin.audio.mp3streams/?sf_options=fanart%3Dspecial%3A%2F%2Fhome%2Faddons%5Cplugin.audio.mp3streams%5Cfanart.jpg%26_options_sf&quot;,return)</favourite>
	<favourite name="VEVO" thumb="http://www.androvid.de/images/icon/VEVO.png">ActivateWindow(10025,&quot;plugin://plugin.video.myvevo?sf_options=fanart%3Dspecial%3A%2F%2Fhome%2Faddons%5Cplugin.video.myvevo%5Cfanart.jpg%26desc%3DWatch+music+videos%2C+artist+videos%2C+and+original+shows+on+VEVO+and+VEVO+TV%26_options_sf&quot;,return)</favourite>
	<favourite name="Spotify Playlists" thumb="https://pbs.twimg.com/profile_images/2943884405/b53e48cbd9a2cd1e84b62236ae070e74.png">ActivateWindow(10501,&quot;plugin://plugin.video.spotitube/?limit&amp;mode=spotifyMain&amp;type&amp;url&amp;sf_options=&quot;,return)</favourite>
	<favourite name="SoundCloud" thumb="http://googledrive.com/host/0B-bY5h-uWEgZQVJQZ0lzUTdBeFE/icons/apps/soundcloud.jpg">ActivateWindow(10025,&quot;plugin://plugin.program.super.favourites/?label=SoundCloud&amp;mode=400&amp;folder=more%2FMusic%2FSoundCloud&amp;sf_options=fanart%3DC%3A%5Ckodi%5Caddons%5Cplugin.program.super.favourites%5Cfanart.jpg%26_options_sf&quot;)</favourite>
	<favourite name="YouTube" thumb="http://www.usacapitol.com/SiteAssets/stay-connected/youtube-logo.png">ActivateWindow(10025,&quot;plugin://plugin.video.youtube/&quot;,return)</favourite>
	<favourite name="[COLOR black]Audio[/COLOR]" thumb="http://googledrive.com/host/0B-bY5h-uWEgZQVJQZ0lzUTdBeFE/icons/apps/broadcastify.jpg">ActivateWindow(10025,&quot;plugin://plugin.program.super.favourites/?sf_options=&amp;mode=400&amp;path=special%3A%2F%2Fhome%2Faddons%2Fscript.supafav%2FSuper%20Favourites/More%2FMusic%5CAudio&amp;sf_options=fanart%3DNULL%26_options_sf&amp;sf_options=&quot;)</favourite>
	<favourite name="[COLOR black]BETA[/COLOR]" thumb="special://home/addons\plugin.audio.hypem_com\icon.png">ActivateWindow(10025,&quot;plugin://plugin.program.super.favourites/?sf_options=&amp;mode=400&amp;path=special%3A%2F%2Fhome%2Faddons%2Fscript.supafav%2FSuper%20Favourites/more%5CMusic%5CBETA&amp;sf_options=fanart%3DNULL%26_options_sf&amp;sf_options=&quot;)</favourite>
</favourites>