<favourites>
	<favourite name="Other" thumb="http://icons.iconarchive.com/icons/joker-design/3d-sports/128/sailing-ship-icon.png">ActivateWindow(10025,&quot;plugin://plugin.program.super.favourites/?folder=Sports/Sports OnDemand/Other&quot;)</favourite>
	<favourite name="Movies" thumb="http://s28.postimg.org/m39uqniy5/Sports_Films.jpg">ActivateWindow(10025,&quot;plugin://plugin.program.super.favourites/?folder=Sports/Sports OnDemand/Movies&quot;,return)</favourite>
	<favourite name="[COLOR dimgray]CBS Sports[/COLOR]" thumb="http://www.wreckedmagazine.com/blog/wp-content/uploads/2015/03/CBSsports.png">ActivateWindow(10025,&quot;plugin://plugin.video.wral/?mode=GBA&amp;url=sports&amp;sf_options=fanart%3Dspecial%3A%2F%2Fhome%2Faddons%5Cplugin.video.wral%5Cfanart.jpg%26_options_sf&quot;,return)</favourite>
	<favourite name="[COLOR dimgrey]Sports Illustrated[/COLOR]" thumb="https://d3rnbxvnd0hlox.cloudfront.net/images/channels/824532382/icons/on_color_large.png">ActivateWindow(10025,&quot;plugin://plugin.video.portico.tv/?fanart=C%3a%5ckodi14%5cportable_data%5caddons%5cplugin.video.portico.tv%5cfanart.jpg&amp;mode=GS&amp;name=Sports%20Illustrated&amp;poster=http%3a%2f%2fstatics.net2.tv%2fpepto%2fchannels%2fSports_Illustrated%2fsports_illustrated.png&amp;url=Time%2fSports_Illustrated&amp;sf_options=fanart%3Dspecial%3A%2F%2Fhome%2Faddons%5Cplugin.video.portico.tv%5Cfanart.jpg%26desc%3DBehind+the+scenes+and+the+highlights+of+every+sport%2C+with+in-depth+analysis+and+features+from+a+renowned+team+of+sports+journalists.%26_options_sf&quot;,return)</favourite>
</favourites>