<?xml version="1.0" encoding="UTF-8" standalone="yes"?>
<addon id="plugin.video.nhl-rewind" name="NHL Rewind" version="0.0.0.1" provider-name="MetalChris">
    <requires>
        <import addon="xbmc.python" version="2.1.0"/>
	<import addon="repository.metalchris" />  
    </requires>
    <extension point="xbmc.python.pluginsource"
               library="default.py">
        <provides>video</provides>
    </extension>
    <extension point="xbmc.addon.metadata">
        <platform>all</platform>
        <license>GPL 2.0 or Later</license>
        <summary lang="en"></summary>
        <description lang="en">Watch the latest videos from the NHL Network, NBC Sports, MSG Network, Fox Sports, SportsNet.ca, ESPN, and Comcast SportsNet.</description>
        <disclaimer lang="en">This addon is a project for entertainment purposes only.  Not affiliated with, or endorsed by the NHL in any way shape or form.</disclaimer>
    </extension>
</addon>
