<?xml version="1.0" encoding="UTF-8" standalone="yes"?>
<addon id="plugin.program.menu" name="Main Menu" version="2.0.52" provider-name="MOD by water OG by spoyser">
  <requires>
    <import addon="xbmc.python" version="2.14.0"/>
	<import addon="script.module.metahandler" optional="true" />
  </requires>


  <extension point="xbmc.python.pluginsource" library="default.py">
        <provides>video audio image executable</provides>
  </extension>

  
  <extension point="xbmc.service" library="service.py" start="startup" />

  
  <extension point="xbmc.addon.metadata">
    <summary lang="en"></summary>
    <description lang="en"></description>
    <platform>all</platform>
    <language>en</language>
    <license>GNU GENERAL PUBLIC LICENSE. Version 2, June 1991</license>
    <forum></forum>
    <website></website>
    <source></source>
    <email></email>
  </extension>


  <extension point="kodi.context.item">
    <menu id="kodi.core.main">

      <item library="capture.py">
        <label>30002</label>
        <visible>!IsEmpty(Window(10000).Property(SF_STD_CONTEXTMENU_ENABLED)) + !StringCompare(Container.PluginName,plugin.program.menu)</visible>
      </item>

      <item library="menu_addtofaves.py">
        <label>30047</label>
        <visible>!IsEmpty(Window(10000).Property(SF_STD_ADDTOFAVES_ENABLED)) + !StringCompare(Container.PluginName,plugin.program.menu)</visible>
      </item>

      <item library="menu_download.py">
        <label>30259</label>
        <visible>!IsEmpty(Window(10000).Property(SF_STD_DOWNLOAD_ENABLED)) + Player.IsInternetStream</visible>
      </item>

    </menu>
  </extension>

</addon>