<favourites>
	<favourite name="Break.com" thumb="http://googledrive.com/host/0B-bY5h-uWEgZQVJQZ0lzUTdBeFE/icons/apps/break.png">ActivateWindow(10025,&quot;plugin://plugin.video.break_com/&quot;,return)</favourite>
	<favourite name="eBaumsWorld" thumb="http://googledrive.com/host/0B-bY5h-uWEgZQVJQZ0lzUTdBeFE/icons/apps/ebaums.jpg">ActivateWindow(10025,&quot;plugin://plugin.video.ebaumsworld_com/&quot;)</favourite>
	<favourite name="LiveLeak" thumb="http://googledrive.com/host/0B-bY5h-uWEgZQVJQZ0lzUTdBeFE/icons/apps/liveleak.png">ActivateWindow(10025,&quot;plugin://plugin.video.liveleak/&quot;)</favourite>
	<favourite name="Watchmojo" thumb="http://mirrors.syringanetworks.net/xbmc/addons/helix/plugin.video.watchmojo/icon.png">ActivateWindow(10025,&quot;plugin://plugin.video.watchmojo/&quot;)</favourite>
	<favourite name="Wimp.com" thumb="http://cdn9.staztic.com/app/a/787/787278/wimpcom-official-tablet-app-376530-l-280x280.png">ActivateWindow(10025,&quot;plugin://plugin.video.wimp/&quot;)</favourite>
	<favourite name="Viewster" thumb="http://googledrive.com/host/0B-bY5h-uWEgZQVJQZ0lzUTdBeFE/icons/apps/viewster.png">ActivateWindow(10025,&quot;plugin://plugin.video.viewster/&quot;)</favourite>
	<favourite name="Vimeo" thumb="special://home/addons\plugin.video.vimeo\icon.png">ActivateWindow(10025,&quot;plugin://plugin.video.vimeo/?sf_options=fanart%3Dspecial%3A%2F%2Fhome%2Faddons%5Cplugin.video.vimeo%5Cfanart.jpg%26_options_sf&quot;)</favourite>
	<favourite name="Vine" thumb="http://googledrive.com/host/0B-bY5h-uWEgZQVJQZ0lzUTdBeFE/icons/apps/vine.jpg">ActivateWindow(10025,&quot;plugin://plugin.video.vine/?sf_options=fanart%3Dspecial%3A%2F%2Fhome%2Faddons%5Cplugin.video.vine%5Cfanart.jpg%26_options_sf&quot;)</favourite>
	<favourite name="World Star Hip Hop" thumb="http://i1242.photobucket.com/albums/gg523/4Gui/yfp/logo-1.png">ActivateWindow(10025,&quot;plugin://plugin.video.worldstarhiphop?sf_options=fanart%3Dspecial%3A%2F%2Fhome%2Faddons%5Cplugin.video.worldstarhiphop%5Cfanart.jpg%26desc%3DWorldstarhiphop+is+home+to+everything+entertainment+and+hip+hop%26_options_sf&quot;,return)</favourite>
	<favourite name="Reddit.com" thumb="http://googledrive.com/host/0B-bY5h-uWEgZQVJQZ0lzUTdBeFE/icons/apps/reddit3.png">ActivateWindow(10025,&quot;plugin://plugin.video.reddit_tv/&quot;)</favourite>
	<favourite name="Disclose.tv" thumb="special://home/addons\plugin.video.disclose_tv\icon.png">ActivateWindow(10025,&quot;plugin://plugin.video.disclose_tv/&quot;)</favourite>
	<favourite name="Portico.TV" thumb="http://googledrive.com/host/0B-bY5h-uWEgZQVJQZ0lzUTdBeFE/icons/apps/portico.png">ActivateWindow(10025,&quot;plugin://plugin.video.portico.tv/&quot;)</favourite>
	<favourite name="videobash" thumb="http://googledrive.com/host/0B-bY5h-uWEgZQVJQZ0lzUTdBeFE/icons/apps/videobash.png">ActivateWindow(10025,&quot;plugin://plugin.video.videobash_com/&quot;,return)</favourite>
	<favourite name="Funny Videos" thumb="http://googledrive.com/host/0B-bY5h-uWEgZQVJQZ0lzUTdBeFE/icons/apps/funny_videos.png">ActivateWindow(10025,&quot;plugin://plugin.video.freefunvid/&quot;,return)</favourite>
</favourites>