<favourites>
	<favourite name="New Releases - One" thumb="https://i.imgsafe.org/b396b5d.jpg">ActivateWindow(10025,&quot;plugin://plugin.video.phstreams/?action=directory&amp;url=http%3a%2f%2fone242415.offshorepastebin.com%2fMovies%2fLatestRelease.xml&quot;,return)</favourite>
	<favourite name="PrimeWire" thumb="art\themes\Classic\featured.jpg">10025_:_10025_:_10025_:_10025_:_10025_:_10025_:_10025_:_ActivateWindow(10025,&quot;plugin://plugin.video.1channel/?mode=GetFilteredResults&amp;section=movie&amp;sort=featured&amp;sf_options=&quot;,return)</favourite>
	<favourite name="SALTS" thumb="special://home/addons\plugin.video.salts\art\themes\Shine\trending.png">ActivateWindow(10025,&quot;plugin://plugin.video.salts/?mode=trending&amp;section=Movies&amp;sf_options=fanart%3Dspecial%3A%2F%2Fhome%2Faddons%5Cplugin.video.salts%5Cfanart.jpg%26_options_sf&quot;,return)</favourite>
	<favourite name="Latest Added" thumb="special://home/addons\plugin.video.origin2\resources\media\gone\moviesAdded.jpg">ActivateWindow(10025,&quot;plugin://plugin.video.origin2/?action=movies&amp;url=added&quot;,return)</favourite>
	<favourite name="1 Click Play (2)" thumb="special://home/addons\plugin.video.mdimperialstreams\resources\art\NEW_RELEASE_MOVIES.png">ActivateWindow(10025,&quot;plugin://plugin.video.mdimperialstreams/?description&amp;iconimage=C%3a%5ckodi%5cportable_data%5caddons%5cplugin.video.mdimperialstreams%5cresources%5cart%5cNEW_RELEASE_MOVIES.png&amp;mode=3&amp;name=%5bB%5d%5bCOLOR%20white%5dNew%20Release%20Movies%5b%2fCOLOR%5d%5b%2fB%5d&amp;url=http%3a%2f%2fimoviemax.se%2fmovies%2f&quot;,return)</favourite>
	<favourite name="1 Click Play" thumb="">ActivateWindow(10025,&quot;plugin://plugin.video.VidTime/?icon=http%3a%2f%2fs30.postimg.org%2f4c8auwuep%2ficon.png&amp;mode=NMR&quot;,return)</favourite>
</favourites>