<favourites>
	<favourite name="GamePad Assitant" thumb="">PlayMedia(&quot;plugin://plugin.video.water/?url=http%3A%2F%2Fforum.xda-developers.com%2Fattachment.php%3Fattachmentid%3D2846198%26d%3D1405108186&amp;mode=3&amp;name=GamePadAssitant&amp;description=Install GamePad Assitant&amp;sf_options=winID%3D10025%26_options_sf&quot;)</favourite>
	<favourite name="iPega Touch" thumb="">PlayMedia(&quot;plugin://plugin.video.water/?url=http%3A%2F%2Fforum.xda-developers.com%2Fattachment.php%3Fattachmentid%3D2846186%26d%3D1405107917&amp;mode=3&amp;name=iPegaTouch&amp;description=Install iPega Touch&amp;sf_options=winID%3D10025%26_options_sf&quot;)</favourite>
	<favourite name="iPega GameCentre" thumb="">PlayMedia(&quot;plugin://plugin.video.water/?url=http%3A%2F%2Fforum.xda-developers.com%2Fattachment.php%3Fattachmentid%3D2846185%26d%3D1405107904&amp;mode=3&amp;name=iPegaGameCentre&amp;description=Install iPega GameCentre&amp;sf_options=winID%3D10025%26_options_sf&quot;)</favourite>
	<favourite name="MiGamePad" thumb="">PlayMedia(&quot;plugin://plugin.video.water/?url=http://www.migamepad.com/Games/update/miyoupai.apk&amp;mode=3&amp;name=MiGamePad&amp;description=Install MiGamePad&amp;sf_options=winID%3D10025%26_options_sf&quot;)</favourite>
	<favourite name="BitGames Centre" thumb="">PlayMedia(&quot;plugin://plugin.video.water/?url=http%3A%2F%2Fforum.xda-developers.com%2Fattachment.php%3Fattachmentid%3D2846189%26d%3D1405107994&amp;mode=3&amp;name=BitGamesCentre&amp;description=BitGames Centre&amp;sf_options=winID%3D10025%26_options_sf&quot;)</favourite>
</favourites>